repository_name,date,commits_count,bug_fixes_count,contributor_emails,modifications_count,complexity_sum,complexity_count,maintainability_sum,maintainability_count
ray,2025-01-01,1,1,dev_x@example.com,17,51.0,17,1445.0,17
ray,2025-01-02,1,0,dev_x@example.com,25,75.0,25,2125.0,25
ray,2025-01-03,1,0,dev_x@example.com,25,75.0,25,2125.0,25
ray,2025-01-04,1,1,dev_x@example.com,17,51.0,17,1445.0,17
ray,2025-01-05,1,0,dev_x@example.com,25,75.0,25,2125.0,25
ray,2025-01-06,1,0,dev_x@example.com,25,75.0,25,2125.0,25
ray,2025-01-07,1,1,dev_x@example.com,9,27.0,9,765.0,9
ray,2025-01-08,1,0,dev_x@example.com,25,75.0,25,2125.0,25
ray,2025-01-09,1,0,dev_x@example.com,16,48.0,16,1360.0,16
ray,2025-01-10,1,1,dev_x@example.com,9,27.0,9,765.0,9
ray,2025-01-11,1,0,dev_x@example.com,16,48.0,16,1360.0,16
ray,2025-01-12,1,0,dev_x@example.com,16,48.0,16,1360.0,16
ray,2025-01-13,1,1,dev_x@example.com,9,27.0,9,765.0,9
ray,2025-01-14,1,0,dev_x@example.com,8,24.0,8,680.0,8
ray,2025-01-15,1,0,dev_x@example.com,8,24.0,8,680.0,8
ray,2025-01-16,1,1,dev_x@example.com,0,0.0,0,0.0,0
ray,2025-01-17,1,0,dev_x@example.com,0,0.0,0,0.0,0
ray,2025-01-18,1,0,dev_x@example.com,0,0.0,0,0.0,0
ray,2025-01-19,1,1,dev_x@example.com,0,0.0,0,0.0,0
ray,2025-01-20,1,0,dev_x@example.com,0,0.0,0,0.0,0
ray,2025-01-21,1,0,dev_x@example.com,0,0.0,0,0.0,0
ray,2025-01-22,1,1,dev_x@example.com,0,0.0,0,0.0,0
ray,2025-01-23,1,0,dev_x@example.com,0,0.0,0,0.0,0
ray,2025-01-24,1,0,dev_x@example.com,0,0.0,0,0.0,0
ray,2025-01-25,1,1,dev_x@example.com,0,0.0,0,0.0,0
ray,2025-01-26,1,0,dev_x@example.com,0,0.0,0,0.0,0
ray,2025-01-27,1,0,dev_x@example.com,0,0.0,0,0.0,0
ray,2025-01-28,1,1,dev_x@example.com,0,0.0,0,0.0,0
ray,2025-01-29,1,0,dev_x@example.com,0,0.0,0,0.0,0
ray,2025-01-30,1,0,dev_x@example.com,0,0.0,0,0.0,0
ray,2025-01-31,1,1,dev_x@example.com,0,0.0,0,0.0,0
ray,2025-02-01,1,0,dev_x@example.com,0,0.0,0,0.0,0
ray,2025-02-02,1,0,dev_x@example.com,0,0.0,0,0.0,0
ray,2025-02-03,1,1,dev_x@example.com,0,0.0,0,0.0,0
ray,2025-02-04,1,0,dev_x@example.com,0,0.0,0,0.0,0
ray,2025-02-05,1,0,dev_x@example.com,0,0.0,0,0.0,0
ray,2025-02-06,1,1,dev_x@example.com,0,0.0,0,0.0,0
ray,2025-02-07,1,0,dev_x@example.com,0,0.0,0,0.0,0
ray,2025-02-08,1,0,dev_x@example.com,0,0.0,0,0.0,0
ray,2025-02-09,1,1,dev_x@example.com,0,0.0,0,0.0,0
ray,2025-02-10,1,0,dev_x@example.com,0,0.0,0,0.0,0
ray,2025-02-11,1,0,dev_x@example.com,0,0.0,0,0.0,0
ray,2025-02-12,1,1,dev_x@example.com,0,0.0,0,0.0,0
ray,2025-02-13,1,0,dev_x@example.com,0,0.0,0,0.0,0
ray,2025-02-14,1,0,dev_x@example.com,0,0.0,0,0.0,0
ray,2025-02-15,1,1,dev_x@example.com,0,0.0,0,0.0,0
ray,2025-02-16,1,0,dev_x@example.com,0,0.0,0,0.0,0
ray,2025-02-17,1,0,dev_x@example.com,0,0.0,0,0.0,0
ray,2025-02-18,1,1,dev_x@example.com,0,0.0,0,0.0,0
ray,2025-02-19,1,0,dev_x@example.com,0,0.0,0,0.0,0
ray,2025-02-20,1,0,dev_x@example.com,0,0.0,0,0.0,0
ray,2025-02-21,1,1,dev_x@example.com,0,0.0,0,0.0,0
ray,2025-02-22,1,0,dev_x@example.com,0,0.0,0,0.0,0
ray,2025-02-23,1,0,dev_x@example.com,0,0.0,0,0.0,0
ray,2025-02-24,1,1,dev_x@example.com,0,0.0,0,0.0,0
ray,2025-02-25,1,0,dev_x@example.com,0,0.0,0,0.0,0
ray,2025-02-26,1,0,dev_x@example.com,0,0.0,0,0.0,0
ray,2025-02-27,1,1,dev_x@example.com,0,0.0,0,0.0,0
ray,2025-02-28,1,0,dev_x@example.com,0,0.0,0,0.0,0
ray,2025-03-01,1,0,dev_x@example.com,0,0.0,0,0.0,0
ray,2025-03-02,1,1,dev_x@example.com,0,0.0,0,0.0,0
ray,2025-03-03,1,0,dev_x@example.com,0,0.0,0,0.0,0
ray,2025-03-04,1,0,dev_x@example.com,0,0.0,0,0.0,0
ray,2025-03-05,1,1,dev_x@example.com,0,0.0,0,0.0,0
ray,2025-03-06,1,0,dev_x@example.com,0,0.0,0,0.0,0
ray,2025-03-07,1,0,dev_x@example.com,0,0.0,0,0.0,0
ray,2025-03-08,1,1,dev_x@example.com,0,0.0,0,0.0,0
ray,2025-03-09,1,0,dev_x@example.com,0,0.0,0,0.0,0
ray,2025-03-10,1,0,dev_x@example.com,0,0.0,0,0.0,0
ray,2025-03-11,1,1,dev_x@example.com,0,0.0,0,0.0,0
ray,2025-03-12,1,0,dev_x@example.com,0,0.0,0,0.0,0
ray,2025-03-13,1,0,dev_x@example.com,0,0.0,0,0.0,0
ray,2025-03-14,1,1,dev_x@example.com,0,0.0,0,0.0,0
ray,2025-03-15,1,0,dev_x@example.com,0,0.0,0,0.0,0
ray,2025-03-16,1,0,dev_x@example.com,0,0.0,0,0.0,0
ray,2025-03-17,1,1,dev_x@example.com,0,0.0,0,0.0,0
ray,2025-03-18,1,0,dev_x@example.com,0,0.0,0,0.0,0
ray,2025-03-19,1,0,dev_x@example.com,0,0.0,0,0.0,0
ray,2025-03-20,1,1,dev_x@example.com,0,0.0,0,0.0,0
ray,2025-03-21,1,0,dev_x@example.com,0,0.0,0,0.0,0
ray,2025-03-22,1,0,dev_x@example.com,0,0.0,0,0.0,0
ray,2025-03-23,1,1,dev_x@example.com,0,0.0,0,0.0,0
ray,2025-03-24,1,0,dev_x@example.com,0,0.0,0,0.0,0
ray,2025-03-25,1,0,dev_x@example.com,0,0.0,0,0.0,0
ray,2025-03-26,1,1,dev_x@example.com,0,0.0,0,0.0,0
ray,2025-03-27,1,0,dev_x@example.com,0,0.0,0,0.0,0
ray,2025-03-28,1,0,dev_x@example.com,0,0.0,0,0.0,0
ray,2025-03-29,1,1,dev_x@example.com,0,0.0,0,0.0,0
ray,2025-03-30,1,0,dev_x@example.com,0,0.0,0,0.0,0
ray,2025-03-31,1,0,dev_x@example.com,0,0.0,0,0.0,0
ray,2025-04-01,1,1,dev_x@example.com,0,0.0,0,0.0,0
ray,2025-04-02,1,0,dev_x@example.com,0,0.0,0,0.0,0
ray,2025-04-03,1,0,dev_x@example.com,0,0.0,0,0.0,0
ray,2025-04-04,1,1,dev_x@example.com,0,0.0,0,0.0,0
ray,2025-04-05,1,0,dev_x@example.com,0,0.0,0,0.0,0
ray,2025-04-06,1,0,dev_x@example.com,0,0.0,0,0.0,0
ray,2025-04-07,1,1,dev_x@example.com,0,0.0,0,0.0,0
ray,2025-04-08,1,0,dev_x@example.com,0,0.0,0,0.0,0
ray,2025-04-09,1,0,dev_x@example.com,0,0.0,0,0.0,0
ray,2025-04-10,1,1,dev_x@example.com,0,0.0,0,0.0,0
ray,2025-04-11,1,0,dev_x@example.com,0,0.0,0,0.0,0
ray,2025-04-12,1,0,dev_x@example.com,0,0.0,0,0.0,0
ray,2025-04-13,1,1,dev_x@example.com,0,0.0,0,0.0,0
ray,2025-04-14,1,0,dev_x@example.com,0,0.0,0,0.0,0
ray,2025-04-15,1,0,dev_x@example.com,0,0.0,0,0.0,0
ray,2025-04-16,1,1,dev_x@example.com,0,0.0,0,0.0,0
ray,2025-04-17,1,0,dev_x@example.com,0,0.0,0,0.0,0
ray,2025-04-18,1,0,dev_x@example.com,0,0.0,0,0.0,0
ray,2025-04-19,1,1,dev_x@example.com,0,0.0,0,0.0,0
ray,2025-04-20,1,0,dev_x@example.com,0,0.0,0,0.0,0
ray,2025-04-21,1,0,dev_x@example.com,0,0.0,0,0.0,0
ray,2025-04-22,1,1,dev_x@example.com,0,0.0,0,0.0,0
ray,2025-04-23,1,0,dev_x@example.com,0,0.0,0,0.0,0
ray,2025-04-24,1,0,dev_x@example.com,0,0.0,0,0.0,0
ray,2025-04-25,1,1,dev_x@example.com,0,0.0,0,0.0,0
ray,2025-04-26,1,0,dev_x@example.com,0,0.0,0,0.0,0
ray,2025-04-27,1,0,dev_x@example.com,0,0.0,0,0.0,0
ray,2025-04-28,1,1,dev_x@example.com,0,0.0,0,0.0,0
ray,2025-04-29,1,0,dev_x@example.com,0,0.0,0,0.0,0
ray,2025-04-30,1,0,dev_x@example.com,0,0.0,0,0.0,0
ray,2025-05-01,1,1,dev_x@example.com,0,0.0,0,0.0,0
ray,2025-05-02,1,0,dev_x@example.com,0,0.0,0,0.0,0
ray,2025-05-03,1,0,dev_x@example.com,0,0.0,0,0.0,0
ray,2025-05-04,1,1,dev_x@example.com,0,0.0,0,0.0,0
ray,2025-05-05,1,0,dev_x@example.com,0,0.0,0,0.0,0
ray,2025-05-06,1,0,dev_x@example.com,0,0.0,0,0.0,0
ray,2025-05-07,1,1,dev_x@example.com,0,0.0,0,0.0,0
ray,2025-05-08,1,0,dev_x@example.com,0,0.0,0,0.0,0
ray,2025-05-09,1,0,dev_x@example.com,0,0.0,0,0.0,0
ray,2025-05-10,1,1,dev_x@example.com,0,0.0,0,0.0,0
ray,2025-05-11,1,0,dev_x@example.com,0,0.0,0,0.0,0
ray,2025-05-12,1,0,dev_x@example.com,0,0.0,0,0.0,0
ray,2025-05-13,1,1,dev_x@example.com,0,0.0,0,0.0,0
ray,2025-05-14,1,0,dev_x@example.com,0,0.0,0,0.0,0
ray,2025-05-15,1,0,dev_x@example.com,0,0.0,0,0.0,0
ray,2025-05-16,1,1,dev_x@example.com,0,0.0,0,0.0,0
ray,2025-05-17,1,0,dev_x@example.com,0,0.0,0,0.0,0
ray,2025-05-18,1,0,dev_x@example.com,0,0.0,0,0.0,0
ray,2025-05-19,1,1,dev_x@example.com,0,0.0,0,0.0,0
ray,2025-05-20,1,0,dev_x@example.com,0,0.0,0,0.0,0
ray,2025-05-21,1,0,dev_x@example.com,0,0.0,0,0.0,0
ray,2025-05-22,1,1,dev_x@example.com,0,0.0,0,0.0,0
ray,2025-05-23,1,0,dev_x@example.com,0,0.0,0,0.0,0
ray,2025-05-24,1,0,dev_x@example.com,0,0.0,0,0.0,0
ray,2025-05-25,1,1,dev_x@example.com,0,0.0,0,0.0,0
ray,2025-05-26,1,0,dev_x@example.com,0,0.0,0,0.0,0
ray,2025-05-27,1,0,dev_x@example.com,0,0.0,0,0.0,0
ray,2025-05-28,1,1,dev_x@example.com,0,0.0,0,0.0,0
ray,2025-05-29,1,0,dev_x@example.com,0,0.0,0,0.0,0
ray,2025-05-30,1,0,dev_x@example.com,0,0.0,0,0.0,0
ray,2025-05-31,1,1,dev_x@example.com,0,0.0,0,0.0,0
ray,2025-06-01,1,0,dev_x@example.com,0,0.0,0,0.0,0
ray,2025-06-02,1,0,dev_x@example.com,0,0.0,0,0.0,0
ray,2025-06-03,1,1,dev_x@example.com,0,0.0,0,0.0,0
ray,2025-06-04,1,0,dev_x@example.com,0,0.0,0,0.0,0
ray,2025-06-05,1,0,dev_x@example.com,0,0.0,0,0.0,0
ray,2025-06-06,1,1,dev_x@example.com,0,0.0,0,0.0,0
ray,2025-06-07,1,0,dev_x@example.com,0,0.0,0,0.0,0
ray,2025-06-08,1,0,dev_x@example.com,0,0.0,0,0.0,0
ray,2025-06-09,1,1,dev_x@example.com,0,0.0,0,0.0,0
ray,2025-06-10,1,0,dev_x@example.com,0,0.0,0,0.0,0
ray,2025-06-11,1,0,dev_x@example.com,0,0.0,0,0.0,0
ray,2025-06-12,1,1,dev_x@example.com,0,0.0,0,0.0,0
ray,2025-06-13,1,0,dev_x@example.com,0,0.0,0,0.0,0
ray,2025-06-14,1,0,dev_x@example.com,0,0.0,0,0.0,0
ray,2025-06-15,1,1,dev_x@example.com,0,0.0,0,0.0,0
ray,2025-06-16,1,0,dev_x@example.com,0,0.0,0,0.0,0
ray,2025-06-17,1,0,dev_x@example.com,0,0.0,0,0.0,0
ray,2025-06-18,1,1,dev_x@example.com,0,0.0,0,0.0,0
ray,2025-06-19,1,0,dev_x@example.com,0,0.0,0,0.0,0
ray,2025-06-20,1,0,dev_x@example.com,0,0.0,0,0.0,0
ray,2025-06-21,1,1,dev_x@example.com,0,0.0,0,0.0,0
ray,2025-06-22,1,0,dev_x@example.com,0,0.0,0,0.0,0
ray,2025-06-23,1,0,dev_x@example.com,0,0.0,0,0.0,0
ray,2025-06-24,1,1,dev_x@example.com,0,0.0,0,0.0,0
ray,2025-06-25,1,0,dev_x@example.com,0,0.0,0,0.0,0
ray,2025-06-26,1,0,dev_x@example.com,0,0.0,0,0.0,0
ray,2025-06-27,1,1,dev_x@example.com,0,0.0,0,0.0,0
ray,2025-06-28,1,0,dev_x@example.com,0,0.0,0,0.0,0
ray,2025-06-29,1,0,dev_x@example.com,0,0.0,0,0.0,0
ray,2025-06-30,1,1,dev_x@example.com,0,0.0,0,0.0,0
ray,2025-07-01,1,0,dev_x@example.com,0,0.0,0,0.0,0
ray,2025-07-02,1,0,dev_x@example.com,0,0.0,0,0.0,0
ray,2025-07-03,1,1,dev_x@example.com,0,0.0,0,0.0,0
ray,2025-07-04,1,0,dev_x@example.com,0,0.0,0,0.0,0
ray,2025-07-05,1,0,dev_x@example.com,0,0.0,0,0.0,0
ray,2025-07-06,1,1,dev_x@example.com,0,0.0,0,0.0,0
ray,2025-07-07,1,0,dev_x@example.com,0,0.0,0,0.0,0
ray,2025-07-08,1,0,dev_x@example.com,0,0.0,0,0.0,0
ray,2025-07-09,1,1,dev_x@example.com,0,0.0,0,0.0,0
ray,2025-07-10,1,0,dev_x@example.com,0,0.0,0,0.0,0
ray,2025-07-11,1,0,dev_x@example.com,0,0.0,0,0.0,0
ray,2025-07-12,1,1,dev_x@example.com,0,0.0,0,0.0,0
ray,2025-07-13,1,0,dev_x@example.com,0,0.0,0,0.0,0
ray,2025-07-14,1,0,dev_x@example.com,0,0.0,0,0.0,0
ray,2025-07-15,1,1,dev_x@example.com,0,0.0,0,0.0,0
ray,2025-07-16,1,0,dev_x@example.com,0,0.0,0,0.0,0
ray,2025-07-17,1,0,dev_x@example.com,0,0.0,0,0.0,0
ray,2025-07-18,1,1,dev_x@example.com,0,0.0,0,0.0,0
ray,2025-07-19,1,0,dev_x@example.com,0,0.0,0,0.0,0
prefect,2025-01-01,1,1,dev_x@example.com,17,51.0,17,1445.0,17
prefect,2025-01-02,1,0,dev_x@example.com,25,75.0,25,2125.0,25
prefect,2025-01-03,1,0,dev_x@example.com,25,75.0,25,2125.0,25
prefect,2025-01-04,1,1,dev_x@example.com,17,51.0,17,1445.0,17
prefect,2025-01-05,1,0,dev_x@example.com,25,75.0,25,2125.0,25
prefect,2025-01-06,1,0,dev_x@example.com,25,75.0,25,2125.0,25
prefect,2025-01-07,1,1,dev_x@example.com,9,27.0,9,765.0,9
prefect,2025-01-08,1,0,dev_x@example.com,25,75.0,25,2125.0,25
prefect,2025-01-09,1,0,dev_x@example.com,16,48.0,16,1360.0,16
prefect,2025-01-10,1,1,dev_x@example.com,9,27.0,9,765.0,9
prefect,2025-01-11,1,0,dev_x@example.com,16,48.0,16,1360.0,16
prefect,2025-01-12,1,0,dev_x@example.com,16,48.0,16,1360.0,16
prefect,2025-01-13,1,1,dev_x@example.com,9,27.0,9,765.0,9
prefect,2025-01-14,1,0,dev_x@example.com,8,24.0,8,680.0,8
prefect,2025-01-15,1,0,dev_x@example.com,8,24.0,8,680.0,8
prefect,2025-01-16,1,1,dev_x@example.com,0,0.0,0,0.0,0
prefect,2025-01-17,1,0,dev_x@example.com,0,0.0,0,0.0,0
prefect,2025-01-18,1,0,dev_x@example.com,0,0.0,0,0.0,0
prefect,2025-01-19,1,1,dev_x@example.com,0,0.0,0,0.0,0
prefect,2025-01-20,1,0,dev_x@example.com,0,0.0,0,0.0,0
prefect,2025-01-21,1,0,dev_x@example.com,0,0.0,0,0.0,0
prefect,2025-01-22,1,1,dev_x@example.com,0,0.0,0,0.0,0
prefect,2025-01-23,1,0,dev_x@example.com,0,0.0,0,0.0,0
prefect,2025-01-24,1,0,dev_x@example.com,0,0.0,0,0.0,0
prefect,2025-01-25,1,1,dev_x@example.com,0,0.0,0,0.0,0
prefect,2025-01-26,1,0,dev_x@example.com,0,0.0,0,0.0,0
prefect,2025-01-27,1,0,dev_x@example.com,0,0.0,0,0.0,0
prefect,2025-01-28,1,1,dev_x@example.com,0,0.0,0,0.0,0
prefect,2025-01-29,1,0,dev_x@example.com,0,0.0,0,0.0,0
prefect,2025-01-30,1,0,dev_x@example.com,0,0.0,0,0.0,0
prefect,2025-01-31,1,1,dev_x@example.com,0,0.0,0,0.0,0
prefect,2025-02-01,1,0,dev_x@example.com,0,0.0,0,0.0,0
prefect,2025-02-02,1,0,dev_x@example.com,0,0.0,0,0.0,0
prefect,2025-02-03,1,1,dev_x@example.com,0,0.0,0,0.0,0
prefect,2025-02-04,1,0,dev_x@example.com,0,0.0,0,0.0,0
prefect,2025-02-05,1,0,dev_x@example.com,0,0.0,0,0.0,0
prefect,2025-02-06,1,1,dev_x@example.com,0,0.0,0,0.0,0
prefect,2025-02-07,1,0,dev_x@example.com,0,0.0,0,0.0,0
prefect,2025-02-08,1,0,dev_x@example.com,0,0.0,0,0.0,0
prefect,2025-02-09,1,1,dev_x@example.com,0,0.0,0,0.0,0
prefect,2025-02-10,1,0,dev_x@example.com,0,0.0,0,0.0,0
prefect,2025-02-11,1,0,dev_x@example.com,0,0.0,0,0.0,0
prefect,2025-02-12,1,1,dev_x@example.com,0,0.0,0,0.0,0
prefect,2025-02-13,1,0,dev_x@example.com,0,0.0,0,0.0,0
prefect,2025-02-14,1,0,dev_x@example.com,0,0.0,0,0.0,0
prefect,2025-02-15,1,1,dev_x@example.com,0,0.0,0,0.0,0
prefect,2025-02-16,1,0,dev_x@example.com,0,0.0,0,0.0,0
prefect,2025-02-17,1,0,dev_x@example.com,0,0.0,0,0.0,0
prefect,2025-02-18,1,1,dev_x@example.com,0,0.0,0,0.0,0
prefect,2025-02-19,1,0,dev_x@example.com,0,0.0,0,0.0,0
prefect,2025-02-20,1,0,dev_x@example.com,0,0.0,0,0.0,0
prefect,2025-02-21,1,1,dev_x@example.com,0,0.0,0,0.0,0
prefect,2025-02-22,1,0,dev_x@example.com,0,0.0,0,0.0,0
prefect,2025-02-23,1,0,dev_x@example.com,0,0.0,0,0.0,0
prefect,2025-02-24,1,1,dev_x@example.com,0,0.0,0,0.0,0
prefect,2025-02-25,1,0,dev_x@example.com,0,0.0,0,0.0,0
prefect,2025-02-26,1,0,dev_x@example.com,0,0.0,0,0.0,0
prefect,2025-02-27,1,1,dev_x@example.com,0,0.0,0,0.0,0
prefect,2025-02-28,1,0,dev_x@example.com,0,0.0,0,0.0,0
prefect,2025-03-01,1,0,dev_x@example.com,0,0.0,0,0.0,0
prefect,2025-03-02,1,1,dev_x@example.com,0,0.0,0,0.0,0
prefect,2025-03-03,1,0,dev_x@example.com,0,0.0,0,0.0,0
prefect,2025-03-04,1,0,dev_x@example.com,0,0.0,0,0.0,0
prefect,2025-03-05,1,1,dev_x@example.com,0,0.0,0,0.0,0
prefect,2025-03-06,1,0,dev_x@example.com,0,0.0,0,0.0,0
prefect,2025-03-07,1,0,dev_x@example.com,0,0.0,0,0.0,0
prefect,2025-03-08,1,1,dev_x@example.com,0,0.0,0,0.0,0
prefect,2025-03-09,1,0,dev_x@example.com,0,0.0,0,0.0,0
prefect,2025-03-10,1,0,dev_x@example.com,0,0.0,0,0.0,0
prefect,2025-03-11,1,1,dev_x@example.com,0,0.0,0,0.0,0
prefect,2025-03-12,1,0,dev_x@example.com,0,0.0,0,0.0,0
prefect,2025-03-13,1,0,dev_x@example.com,0,0.0,0,0.0,0
prefect,2025-03-14,1,1,dev_x@example.com,0,0.0,0,0.0,0
prefect,2025-03-15,1,0,dev_x@example.com,0,0.0,0,0.0,0
prefect,2025-03-16,1,0,dev_x@example.com,0,0.0,0,0.0,0
prefect,2025-03-17,1,1,dev_x@example.com,0,0.0,0,0.0,0
prefect,2025-03-18,1,0,dev_x@example.com,0,0.0,0,0.0,0
prefect,2025-03-19,1,0,dev_x@example.com,0,0.0,0,0.0,0
prefect,2025-03-20,1,1,dev_x@example.com,0,0.0,0,0.0,0
prefect,2025-03-21,1,0,dev_x@example.com,0,0.0,0,0.0,0
prefect,2025-03-22,1,0,dev_x@example.com,0,0.0,0,0.0,0
prefect,2025-03-23,1,1,dev_x@example.com,0,0.0,0,0.0,0
prefect,2025-03-24,1,0,dev_x@example.com,0,0.0,0,0.0,0
prefect,2025-03-25,1,0,dev_x@example.com,0,0.0,0,0.0,0
prefect,2025-03-26,1,1,dev_x@example.com,0,0.0,0,0.0,0
prefect,2025-03-27,1,0,dev_x@example.com,0,0.0,0,0.0,0
prefect,2025-03-28,1,0,dev_x@example.com,0,0.0,0,0.0,0
prefect,2025-03-29,1,1,dev_x@example.com,0,0.0,0,0.0,0
prefect,2025-03-30,1,0,dev_x@example.com,0,0.0,0,0.0,0
prefect,2025-03-31,1,0,dev_x@example.com,0,0.0,0,0.0,0
prefect,2025-04-01,1,1,dev_x@example.com,0,0.0,0,0.0,0
prefect,2025-04-02,1,0,dev_x@example.com,0,0.0,0,0.0,0
prefect,2025-04-03,1,0,dev_x@example.com,0,0.0,0,0.0,0
prefect,2025-04-04,1,1,dev_x@example.com,0,0.0,0,0.0,0
prefect,2025-04-05,1,0,dev_x@example.com,0,0.0,0,0.0,0
prefect,2025-04-06,1,0,dev_x@example.com,0,0.0,0,0.0,0
prefect,2025-04-07,1,1,dev_x@example.com,0,0.0,0,0.0,0
prefect,2025-04-08,1,0,dev_x@example.com,0,0.0,0,0.0,0
prefect,2025-04-09,1,0,dev_x@example.com,0,0.0,0,0.0,0
prefect,2025-04-10,1,1,dev_x@example.com,0,0.0,0,0.0,0
prefect,2025-04-11,1,0,dev_x@example.com,0,0.0,0,0.0,0
prefect,2025-04-12,1,0,dev_x@example.com,0,0.0,0,0.0,0
prefect,2025-04-13,1,1,dev_x@example.com,0,0.0,0,0.0,0
prefect,2025-04-14,1,0,dev_x@example.com,0,0.0,0,0.0,0
prefect,2025-04-15,1,0,dev_x@example.com,0,0.0,0,0.0,0
prefect,2025-04-16,1,1,dev_x@example.com,0,0.0,0,0.0,0
prefect,2025-04-17,1,0,dev_x@example.com,0,0.0,0,0.0,0
prefect,2025-04-18,1,0,dev_x@example.com,0,0.0,0,0.0,0
prefect,2025-04-19,1,1,dev_x@example.com,0,0.0,0,0.0,0
prefect,2025-04-20,1,0,dev_x@example.com,0,0.0,0,0.0,0
prefect,2025-04-21,1,0,dev_x@example.com,0,0.0,0,0.0,0
prefect,2025-04-22,1,1,dev_x@example.com,0,0.0,0,0.0,0
prefect,2025-04-23,1,0,dev_x@example.com,0,0.0,0,0.0,0
prefect,2025-04-24,1,0,dev_x@example.com,0,0.0,0,0.0,0
prefect,2025-04-25,1,1,dev_x@example.com,0,0.0,0,0.0,0
prefect,2025-04-26,1,0,dev_x@example.com,0,0.0,0,0.0,0
prefect,2025-04-27,1,0,dev_x@example.com,0,0.0,0,0.0,0
prefect,2025-04-28,1,1,dev_x@example.com,0,0.0,0,0.0,0
prefect,2025-04-29,1,0,dev_x@example.com,0,0.0,0,0.0,0
prefect,2025-04-30,1,0,dev_x@example.com,0,0.0,0,0.0,0
prefect,2025-05-01,1,1,dev_x@example.com,0,0.0,0,0.0,0
prefect,2025-05-02,1,0,dev_x@example.com,0,0.0,0,0.0,0
prefect,2025-05-03,1,0,dev_x@example.com,0,0.0,0,0.0,0
prefect,2025-05-04,1,1,dev_x@example.com,0,0.0,0,0.0,0
prefect,2025-05-05,1,0,dev_x@example.com,0,0.0,0,0.0,0
prefect,2025-05-06,1,0,dev_x@example.com,0,0.0,0,0.0,0
prefect,2025-05-07,1,1,dev_x@example.com,0,0.0,0,0.0,0
prefect,2025-05-08,1,0,dev_x@example.com,0,0.0,0,0.0,0
prefect,2025-05-09,1,0,dev_x@example.com,0,0.0,0,0.0,0
prefect,2025-05-10,1,1,dev_x@example.com,0,0.0,0,0.0,0
prefect,2025-05-11,1,0,dev_x@example.com,0,0.0,0,0.0,0
prefect,2025-05-12,1,0,dev_x@example.com,0,0.0,0,0.0,0
prefect,2025-05-13,1,1,dev_x@example.com,0,0.0,0,0.0,0
prefect,2025-05-14,1,0,dev_x@example.com,0,0.0,0,0.0,0
prefect,2025-05-15,1,0,dev_x@example.com,0,0.0,0,0.0,0
prefect,2025-05-16,1,1,dev_x@example.com,0,0.0,0,0.0,0
prefect,2025-05-17,1,0,dev_x@example.com,0,0.0,0,0.0,0
prefect,2025-05-18,1,0,dev_x@example.com,0,0.0,0,0.0,0
prefect,2025-05-19,1,1,dev_x@example.com,0,0.0,0,0.0,0
prefect,2025-05-20,1,0,dev_x@example.com,0,0.0,0,0.0,0
prefect,2025-05-21,1,0,dev_x@example.com,0,0.0,0,0.0,0
prefect,2025-05-22,1,1,dev_x@example.com,0,0.0,0,0.0,0
prefect,2025-05-23,1,0,dev_x@example.com,0,0.0,0,0.0,0
prefect,2025-05-24,1,0,dev_x@example.com,0,0.0,0,0.0,0
prefect,2025-05-25,1,1,dev_x@example.com,0,0.0,0,0.0,0
prefect,2025-05-26,1,0,dev_x@example.com,0,0.0,0,0.0,0
prefect,2025-05-27,1,0,dev_x@example.com,0,0.0,0,0.0,0
prefect,2025-05-28,1,1,dev_x@example.com,0,0.0,0,0.0,0
prefect,2025-05-29,1,0,dev_x@example.com,0,0.0,0,0.0,0
prefect,2025-05-30,1,0,dev_x@example.com,0,0.0,0,0.0,0
prefect,2025-05-31,1,1,dev_x@example.com,0,0.0,0,0.0,0
prefect,2025-06-01,1,0,dev_x@example.com,0,0.0,0,0.0,0
prefect,2025-06-02,1,0,dev_x@example.com,0,0.0,0,0.0,0
prefect,2025-06-03,1,1,dev_x@example.com,0,0.0,0,0.0,0
prefect,2025-06-04,1,0,dev_x@example.com,0,0.0,0,0.0,0
prefect,2025-06-05,1,0,dev_x@example.com,0,0.0,0,0.0,0
prefect,2025-06-06,1,1,dev_x@example.com,0,0.0,0,0.0,0
prefect,2025-06-07,1,0,dev_x@example.com,0,0.0,0,0.0,0
prefect,2025-06-08,1,0,dev_x@example.com,0,0.0,0,0.0,0
prefect,2025-06-09,1,1,dev_x@example.com,0,0.0,0,0.0,0
prefect,2025-06-10,1,0,dev_x@example.com,0,0.0,0,0.0,0
prefect,2025-06-11,1,0,dev_x@example.com,0,0.0,0,0.0,0
prefect,2025-06-12,1,1,dev_x@example.com,0,0.0,0,0.0,0
prefect,2025-06-13,1,0,dev_x@example.com,0,0.0,0,0.0,0
prefect,2025-06-14,1,0,dev_x@example.com,0,0.0,0,0.0,0
prefect,2025-06-15,1,1,dev_x@example.com,0,0.0,0,0.0,0
prefect,2025-06-16,1,0,dev_x@example.com,0,0.0,0,0.0,0
prefect,2025-06-17,1,0,dev_x@example.com,0,0.0,0,0.0,0
prefect,2025-06-18,1,1,dev_x@example.com,0,0.0,0,0.0,0
prefect,2025-06-19,1,0,dev_x@example.com,0,0.0,0,0.0,0
prefect,2025-06-20,1,0,dev_x@example.com,0,0.0,0,0.0,0
prefect,2025-06-21,1,1,dev_x@example.com,0,0.0,0,0.0,0
prefect,2025-06-22,1,0,dev_x@example.com,0,0.0,0,0.0,0
prefect,2025-06-23,1,0,dev_x@example.com,0,0.0,0,0.0,0
prefect,2025-06-24,1,1,dev_x@example.com,0,0.0,0,0.0,0
prefect,2025-06-25,1,0,dev_x@example.com,0,0.0,0,0.0,0
prefect,2025-06-26,1,0,dev_x@example.com,0,0.0,0,0.0,0
prefect,2025-06-27,1,1,dev_x@example.com,0,0.0,0,0.0,0
prefect,2025-06-28,1,0,dev_x@example.com,0,0.0,0,0.0,0
prefect,2025-06-29,1,0,dev_x@example.com,0,0.0,0,0.0,0
prefect,2025-06-30,1,1,dev_x@example.com,0,0.0,0,0.0,0
prefect,2025-07-01,1,0,dev_x@example.com,0,0.0,0,0.0,0
prefect,2025-07-02,1,0,dev_x@example.com,0,0.0,0,0.0,0
prefect,2025-07-03,1,1,dev_x@example.com,0,0.0,0,0.0,0
prefect,2025-07-04,1,0,dev_x@example.com,0,0.0,0,0.0,0
prefect,2025-07-05,1,0,dev_x@example.com,0,0.0,0,0.0,0
prefect,2025-07-06,1,1,dev_x@example.com,0,0.0,0,0.0,0
prefect,2025-07-07,1,0,dev_x@example.com,0,0.0,0,0.0,0
prefect,2025-07-08,1,0,dev_x@example.com,0,0.0,0,0.0,0
prefect,2025-07-09,1,1,dev_x@example.com,0,0.0,0,0.0,0
prefect,2025-07-10,1,0,dev_x@example.com,0,0.0,0,0.0,0
prefect,2025-07-11,1,0,dev_x@example.com,0,0.0,0,0.0,0
prefect,2025-07-12,1,1,dev_x@example.com,0,0.0,0,0.0,0
prefect,2025-07-13,1,0,dev_x@example.com,0,0.0,0,0.0,0
prefect,2025-07-14,1,0,dev_x@example.com,0,0.0,0,0.0,0
prefect,2025-07-15,1,1,dev_x@example.com,0,0.0,0,0.0,0
prefect,2025-07-16,1,0,dev_x@example.com,0,0.0,0,0.0,0
prefect,2025-07-17,1,0,dev_x@example.com,0,0.0,0,0.0,0
prefect,2025-07-18,1,1,dev_x@example.com,0,0.0,0,0.0,0
prefect,2025-07-19,1,0,dev_x@example.com,0,0.0,0,0.0,0
svelte,2025-01-01,1,1,dev_x@example.com,17,51.0,17,-17.0,17
svelte,2025-01-02,1,0,dev_x@example.com,25,75.0,25,-25.0,25
svelte,2025-01-03,1,0,dev_x@example.com,25,75.0,25,-25.0,25
svelte,2025-01-04,1,1,dev_x@example.com,17,51.0,17,-17.0,17
svelte,2025-01-05,1,0,dev_x@example.com,25,75.0,25,-25.0,25
svelte,2025-01-06,1,0,dev_x@example.com,25,75.0,25,-25.0,25
svelte,2025-01-07,1,1,dev_x@example.com,9,27.0,9,-9.0,9
svelte,2025-01-08,1,0,dev_x@example.com,25,75.0,25,-25.0,25
svelte,2025-01-09,1,0,dev_x@example.com,16,48.0,16,-16.0,16
svelte,2025-01-10,1,1,dev_x@example.com,9,27.0,9,-9.0,9
svelte,2025-01-11,1,0,dev_x@example.com,16,48.0,16,-16.0,16
svelte,2025-01-12,1,0,dev_x@example.com,16,48.0,16,-16.0,16
svelte,2025-01-13,1,1,dev_x@example.com,9,27.0,9,-9.0,9
svelte,2025-01-14,1,0,dev_x@example.com,8,24.0,8,-8.0,8
svelte,2025-01-15,1,0,dev_x@example.com,8,24.0,8,-8.0,8
svelte,2025-01-16,1,1,dev_x@example.com,0,0.0,0,0.0,0
svelte,2025-01-17,1,0,dev_x@example.com,0,0.0,0,0.0,0
svelte,2025-01-18,1,0,dev_x@example.com,0,0.0,0,0.0,0
svelte,2025-01-19,1,1,dev_x@example.com,0,0.0,0,0.0,0
svelte,2025-01-20,1,0,dev_x@example.com,0,0.0,0,0.0,0
svelte,2025-01-21,1,0,dev_x@example.com,0,0.0,0,0.0,0
svelte,2025-01-22,1,1,dev_x@example.com,0,0.0,0,0.0,0
svelte,2025-01-23,1,0,dev_x@example.com,0,0.0,0,0.0,0
svelte,2025-01-24,1,0,dev_x@example.com,0,0.0,0,0.0,0
svelte,2025-01-25,1,1,dev_x@example.com,0,0.0,0,0.0,0
svelte,2025-01-26,1,0,dev_x@example.com,0,0.0,0,0.0,0
svelte,2025-01-27,1,0,dev_x@example.com,0,0.0,0,0.0,0
svelte,2025-01-28,1,1,dev_x@example.com,0,0.0,0,0.0,0
svelte,2025-01-29,1,0,dev_x@example.com,0,0.0,0,0.0,0
svelte,2025-01-30,1,0,dev_x@example.com,0,0.0,0,0.0,0
svelte,2025-01-31,1,1,dev_x@example.com,0,0.0,0,0.0,0
svelte,2025-02-01,1,0,dev_x@example.com,0,0.0,0,0.0,0
svelte,2025-02-02,1,0,dev_x@example.com,0,0.0,0,0.0,0
svelte,2025-02-03,1,1,dev_x@example.com,0,0.0,0,0.0,0
svelte,2025-02-04,1,0,dev_x@example.com,0,0.0,0,0.0,0
svelte,2025-02-05,1,0,dev_x@example.com,0,0.0,0,0.0,0
svelte,2025-02-06,1,1,dev_x@example.com,0,0.0,0,0.0,0
svelte,2025-02-07,1,0,dev_x@example.com,0,0.0,0,0.0,0
svelte,2025-02-08,1,0,dev_x@example.com,0,0.0,0,0.0,0
svelte,2025-02-09,1,1,dev_x@example.com,0,0.0,0,0.0,0
svelte,2025-02-10,1,0,dev_x@example.com,0,0.0,0,0.0,0
svelte,2025-02-11,1,0,dev_x@example.com,0,0.0,0,0.0,0
svelte,2025-02-12,1,1,dev_x@example.com,0,0.0,0,0.0,0
svelte,2025-02-13,1,0,dev_x@example.com,0,0.0,0,0.0,0
svelte,2025-02-14,1,0,dev_x@example.com,0,0.0,0,0.0,0
svelte,2025-02-15,1,1,dev_x@example.com,0,0.0,0,0.0,0
svelte,2025-02-16,1,0,dev_x@example.com,0,0.0,0,0.0,0
svelte,2025-02-17,1,0,dev_x@example.com,0,0.0,0,0.0,0
svelte,2025-02-18,1,1,dev_x@example.com,0,0.0,0,0.0,0
svelte,2025-02-19,1,0,dev_x@example.com,0,0.0,0,0.0,0
svelte,2025-02-20,1,0,dev_x@example.com,0,0.0,0,0.0,0
svelte,2025-02-21,1,1,dev_x@example.com,0,0.0,0,0.0,0
svelte,2025-02-22,1,0,dev_x@example.com,0,0.0,0,0.0,0
svelte,2025-02-23,1,0,dev_x@example.com,0,0.0,0,0.0,0
svelte,2025-02-24,1,1,dev_x@example.com,0,0.0,0,0.0,0
svelte,2025-02-25,1,0,dev_x@example.com,0,0.0,0,0.0,0
svelte,2025-02-26,1,0,dev_x@example.com,0,0.0,0,0.0,0
svelte,2025-02-27,1,1,dev_x@example.com,0,0.0,0,0.0,0
svelte,2025-02-28,1,0,dev_x@example.com,0,0.0,0,0.0,0
svelte,2025-03-01,1,0,dev_x@example.com,0,0.0,0,0.0,0
svelte,2025-03-02,1,1,dev_x@example.com,0,0.0,0,0.0,0
svelte,2025-03-03,1,0,dev_x@example.com,0,0.0,0,0.0,0
svelte,2025-03-04,1,0,dev_x@example.com,0,0.0,0,0.0,0
svelte,2025-03-05,1,1,dev_x@example.com,0,0.0,0,0.0,0
svelte,2025-03-06,1,0,dev_x@example.com,0,0.0,0,0.0,0
svelte,2025-03-07,1,0,dev_x@example.com,0,0.0,0,0.0,0
svelte,2025-03-08,1,1,dev_x@example.com,0,0.0,0,0.0,0
svelte,2025-03-09,1,0,dev_x@example.com,0,0.0,0,0.0,0
svelte,2025-03-10,1,0,dev_x@example.com,0,0.0,0,0.0,0
svelte,2025-03-11,1,1,dev_x@example.com,0,0.0,0,0.0,0
svelte,2025-03-12,1,0,dev_x@example.com,0,0.0,0,0.0,0
svelte,2025-03-13,1,0,dev_x@example.com,0,0.0,0,0.0,0
svelte,2025-03-14,1,1,dev_x@example.com,0,0.0,0,0.0,0
svelte,2025-03-15,1,0,dev_x@example.com,0,0.0,0,0.0,0
svelte,2025-03-16,1,0,dev_x@example.com,0,0.0,0,0.0,0
svelte,2025-03-17,1,1,dev_x@example.com,0,0.0,0,0.0,0
svelte,2025-03-18,1,0,dev_x@example.com,0,0.0,0,0.0,0
svelte,2025-03-19,1,0,dev_x@example.com,0,0.0,0,0.0,0
svelte,2025-03-20,1,1,dev_x@example.com,0,0.0,0,0.0,0
svelte,2025-03-21,1,0,dev_x@example.com,0,0.0,0,0.0,0
svelte,2025-03-22,1,0,dev_x@example.com,0,0.0,0,0.0,0
svelte,2025-03-23,1,1,dev_x@example.com,0,0.0,0,0.0,0
svelte,2025-03-24,1,0,dev_x@example.com,0,0.0,0,0.0,0
svelte,2025-03-25,1,0,dev_x@example.com,0,0.0,0,0.0,0
svelte,2025-03-26,1,1,dev_x@example.com,0,0.0,0,0.0,0
svelte,2025-03-27,1,0,dev_x@example.com,0,0.0,0,0.0,0
svelte,2025-03-28,1,0,dev_x@example.com,0,0.0,0,0.0,0
svelte,2025-03-29,1,1,dev_x@example.com,0,0.0,0,0.0,0
svelte,2025-03-30,1,0,dev_x@example.com,0,0.0,0,0.0,0
svelte,2025-03-31,1,0,dev_x@example.com,0,0.0,0,0.0,0
svelte,2025-04-01,1,1,dev_x@example.com,0,0.0,0,0.0,0
svelte,2025-04-02,1,0,dev_x@example.com,0,0.0,0,0.0,0
svelte,2025-04-03,1,0,dev_x@example.com,0,0.0,0,0.0,0
svelte,2025-04-04,1,1,dev_x@example.com,0,0.0,0,0.0,0
svelte,2025-04-05,1,0,dev_x@example.com,0,0.0,0,0.0,0
svelte,2025-04-06,1,0,dev_x@example.com,0,0.0,0,0.0,0
svelte,2025-04-07,1,1,dev_x@example.com,0,0.0,0,0.0,0
svelte,2025-04-08,1,0,dev_x@example.com,0,0.0,0,0.0,0
svelte,2025-04-09,1,0,dev_x@example.com,0,0.0,0,0.0,0
svelte,2025-04-10,1,1,dev_x@example.com,0,0.0,0,0.0,0
svelte,2025-04-11,1,0,dev_x@example.com,0,0.0,0,0.0,0
svelte,2025-04-12,1,0,dev_x@example.com,0,0.0,0,0.0,0
svelte,2025-04-13,1,1,dev_x@example.com,0,0.0,0,0.0,0
svelte,2025-04-14,1,0,dev_x@example.com,0,0.0,0,0.0,0
svelte,2025-04-15,1,0,dev_x@example.com,0,0.0,0,0.0,0
svelte,2025-04-16,1,1,dev_x@example.com,0,0.0,0,0.0,0
svelte,2025-04-17,1,0,dev_x@example.com,0,0.0,0,0.0,0
svelte,2025-04-18,1,0,dev_x@example.com,0,0.0,0,0.0,0
svelte,2025-04-19,1,1,dev_x@example.com,0,0.0,0,0.0,0
svelte,2025-04-20,1,0,dev_x@example.com,0,0.0,0,0.0,0
svelte,2025-04-21,1,0,dev_x@example.com,0,0.0,0,0.0,0
svelte,2025-04-22,1,1,dev_x@example.com,0,0.0,0,0.0,0
svelte,2025-04-23,1,0,dev_x@example.com,0,0.0,0,0.0,0
svelte,2025-04-24,1,0,dev_x@example.com,0,0.0,0,0.0,0
svelte,2025-04-25,1,1,dev_x@example.com,0,0.0,0,0.0,0
svelte,2025-04-26,1,0,dev_x@example.com,0,0.0,0,0.0,0
svelte,2025-04-27,1,0,dev_x@example.com,0,0.0,0,0.0,0
svelte,2025-04-28,1,1,dev_x@example.com,0,0.0,0,0.0,0
svelte,2025-04-29,1,0,dev_x@example.com,0,0.0,0,0.0,0
svelte,2025-04-30,1,0,dev_x@example.com,0,0.0,0,0.0,0
svelte,2025-05-01,1,1,dev_x@example.com,0,0.0,0,0.0,0
svelte,2025-05-02,1,0,dev_x@example.com,0,0.0,0,0.0,0
svelte,2025-05-03,1,0,dev_x@example.com,0,0.0,0,0.0,0
svelte,2025-05-04,1,1,dev_x@example.com,0,0.0,0,0.0,0
svelte,2025-05-05,1,0,dev_x@example.com,0,0.0,0,0.0,0
svelte,2025-05-06,1,0,dev_x@example.com,0,0.0,0,0.0,0
svelte,2025-05-07,1,1,dev_x@example.com,0,0.0,0,0.0,0
svelte,2025-05-08,1,0,dev_x@example.com,0,0.0,0,0.0,0
svelte,2025-05-09,1,0,dev_x@example.com,0,0.0,0,0.0,0
svelte,2025-05-10,1,1,dev_x@example.com,0,0.0,0,0.0,0
svelte,2025-05-11,1,0,dev_x@example.com,0,0.0,0,0.0,0
svelte,2025-05-12,1,0,dev_x@example.com,0,0.0,0,0.0,0
svelte,2025-05-13,1,1,dev_x@example.com,0,0.0,0,0.0,0
svelte,2025-05-14,1,0,dev_x@example.com,0,0.0,0,0.0,0
svelte,2025-05-15,1,0,dev_x@example.com,0,0.0,0,0.0,0
svelte,2025-05-16,1,1,dev_x@example.com,0,0.0,0,0.0,0
svelte,2025-05-17,1,0,dev_x@example.com,0,0.0,0,0.0,0
svelte,2025-05-18,1,0,dev_x@example.com,0,0.0,0,0.0,0
svelte,2025-05-19,1,1,dev_x@example.com,0,0.0,0,0.0,0
svelte,2025-05-20,1,0,dev_x@example.com,0,0.0,0,0.0,0
svelte,2025-05-21,1,0,dev_x@example.com,0,0.0,0,0.0,0
svelte,2025-05-22,1,1,dev_x@example.com,0,0.0,0,0.0,0
svelte,2025-05-23,1,0,dev_x@example.com,0,0.0,0,0.0,0
svelte,2025-05-24,1,0,dev_x@example.com,0,0.0,0,0.0,0
svelte,2025-05-25,1,1,dev_x@example.com,0,0.0,0,0.0,0
svelte,2025-05-26,1,0,dev_x@example.com,0,0.0,0,0.0,0
svelte,2025-05-27,1,0,dev_x@example.com,0,0.0,0,0.0,0
svelte,2025-05-28,1,1,dev_x@example.com,0,0.0,0,0.0,0
svelte,2025-05-29,1,0,dev_x@example.com,0,0.0,0,0.0,0
svelte,2025-05-30,1,0,dev_x@example.com,0,0.0,0,0.0,0
svelte,2025-05-31,1,1,dev_x@example.com,0,0.0,0,0.0,0
svelte,2025-06-01,1,0,dev_x@example.com,0,0.0,0,0.0,0
svelte,2025-06-02,1,0,dev_x@example.com,0,0.0,0,0.0,0
svelte,2025-06-03,1,1,dev_x@example.com,0,0.0,0,0.0,0
svelte,2025-06-04,1,0,dev_x@example.com,0,0.0,0,0.0,0
svelte,2025-06-05,1,0,dev_x@example.com,0,0.0,0,0.0,0
svelte,2025-06-06,1,1,dev_x@example.com,0,0.0,0,0.0,0
svelte,2025-06-07,1,0,dev_x@example.com,0,0.0,0,0.0,0
svelte,2025-06-08,1,0,dev_x@example.com,0,0.0,0,0.0,0
svelte,2025-06-09,1,1,dev_x@example.com,0,0.0,0,0.0,0
svelte,2025-06-10,1,0,dev_x@example.com,0,0.0,0,0.0,0
svelte,2025-06-11,1,0,dev_x@example.com,0,0.0,0,0.0,0
svelte,2025-06-12,1,1,dev_x@example.com,0,0.0,0,0.0,0
svelte,2025-06-13,1,0,dev_x@example.com,0,0.0,0,0.0,0
svelte,2025-06-14,1,0,dev_x@example.com,0,0.0,0,0.0,0
svelte,2025-06-15,1,1,dev_x@example.com,0,0.0,0,0.0,0
svelte,2025-06-16,1,0,dev_x@example.com,0,0.0,0,0.0,0
svelte,2025-06-17,1,0,dev_x@example.com,0,0.0,0,0.0,0
svelte,2025-06-18,1,1,dev_x@example.com,0,0.0,0,0.0,0
svelte,2025-06-19,1,0,dev_x@example.com,0,0.0,0,0.0,0
svelte,2025-06-20,1,0,dev_x@example.com,0,0.0,0,0.0,0
svelte,2025-06-21,1,1,dev_x@example.com,0,0.0,0,0.0,0
svelte,2025-06-22,1,0,dev_x@example.com,0,0.0,0,0.0,0
svelte,2025-06-23,1,0,dev_x@example.com,0,0.0,0,0.0,0
svelte,2025-06-24,1,1,dev_x@example.com,0,0.0,0,0.0,0
svelte,2025-06-25,1,0,dev_x@example.com,0,0.0,0,0.0,0
svelte,2025-06-26,1,0,dev_x@example.com,0,0.0,0,0.0,0
svelte,2025-06-27,1,1,dev_x@example.com,0,0.0,0,0.0,0
svelte,2025-06-28,1,0,dev_x@example.com,0,0.0,0,0.0,0
svelte,2025-06-29,1,0,dev_x@example.com,0,0.0,0,0.0,0
svelte,2025-06-30,1,1,dev_x@example.com,0,0.0,0,0.0,0
svelte,2025-07-01,1,0,dev_x@example.com,0,0.0,0,0.0,0
svelte,2025-07-02,1,0,dev_x@example.com,0,0.0,0,0.0,0
svelte,2025-07-03,1,1,dev_x@example.com,0,0.0,0,0.0,0
svelte,2025-07-04,1,0,dev_x@example.com,0,0.0,0,0.0,0
svelte,2025-07-05,1,0,dev_x@example.com,0,0.0,0,0.0,0
svelte,2025-07-06,1,1,dev_x@example.com,0,0.0,0,0.0,0
svelte,2025-07-07,1,0,dev_x@example.com,0,0.0,0,0.0,0
svelte,2025-07-08,1,0,dev_x@example.com,0,0.0,0,0.0,0
svelte,2025-07-09,1,1,dev_x@example.com,0,0.0,0,0.0,0
svelte,2025-07-10,1,0,dev_x@example.com,0,0.0,0,0.0,0
svelte,2025-07-11,1,0,dev_x@example.com,0,0.0,0,0.0,0
svelte,2025-07-12,1,1,dev_x@example.com,0,0.0,0,0.0,0
svelte,2025-07-13,1,0,dev_x@example.com,0,0.0,0,0.0,0
svelte,2025-07-14,1,0,dev_x@example.com,0,0.0,0,0.0,0
svelte,2025-07-15,1,1,dev_x@example.com,0,0.0,0,0.0,0
svelte,2025-07-16,1,0,dev_x@example.com,0,0.0,0,0.0,0
svelte,2025-07-17,1,0,dev_x@example.com,0,0.0,0,0.0,0
svelte,2025-07-18,1,1,dev_x@example.com,0,0.0,0,0.0,0
svelte,2025-07-19,1,0,dev_x@example.com,0,0.0,0,0.0,0
click,2025-01-01,1,1,dev_x@example.com,17,51.0,17,1445.0,17
click,2025-01-02,1,0,dev_x@example.com,25,75.0,25,2125.0,25
click,2025-01-03,1,0,dev_x@example.com,25,75.0,25,2125.0,25
click,2025-01-04,1,1,dev_x@example.com,17,51.0,17,1445.0,17
click,2025-01-05,1,0,dev_x@example.com,25,75.0,25,2125.0,25
click,2025-01-06,1,0,dev_x@example.com,25,75.0,25,2125.0,25
click,2025-01-07,1,1,dev_x@example.com,9,27.0,9,765.0,9
click,2025-01-08,1,0,dev_x@example.com,25,75.0,25,2125.0,25
click,2025-01-09,1,0,dev_x@example.com,16,48.0,16,1360.0,16
click,2025-01-10,1,1,dev_x@example.com,9,27.0,9,765.0,9
click,2025-01-11,1,0,dev_x@example.com,16,48.0,16,1360.0,16
click,2025-01-12,1,0,dev_x@example.com,16,48.0,16,1360.0,16
click,2025-01-13,1,1,dev_x@example.com,9,27.0,9,765.0,9
click,2025-01-14,1,0,dev_x@example.com,8,24.0,8,680.0,8
click,2025-01-15,1,0,dev_x@example.com,8,24.0,8,680.0,8
click,2025-01-16,1,1,dev_x@example.com,0,0.0,0,0.0,0
click,2025-01-17,1,0,dev_x@example.com,0,0.0,0,0.0,0
click,2025-01-18,1,0,dev_x@example.com,0,0.0,0,0.0,0
click,2025-01-19,1,1,dev_x@example.com,0,0.0,0,0.0,0
click,2025-01-20,1,0,dev_x@example.com,0,0.0,0,0.0,0
click,2025-01-21,1,0,dev_x@example.com,0,0.0,0,0.0,0
click,2025-01-22,1,1,dev_x@example.com,0,0.0,0,0.0,0
click,2025-01-23,1,0,dev_x@example.com,0,0.0,0,0.0,0
click,2025-01-24,1,0,dev_x@example.com,0,0.0,0,0.0,0
click,2025-01-25,1,1,dev_x@example.com,0,0.0,0,0.0,0
click,2025-01-26,1,0,dev_x@example.com,0,0.0,0,0.0,0
click,2025-01-27,1,0,dev_x@example.com,0,0.0,0,0.0,0
click,2025-01-28,1,1,dev_x@example.com,0,0.0,0,0.0,0
click,2025-01-29,1,0,dev_x@example.com,0,0.0,0,0.0,0
click,2025-01-30,1,0,dev_x@example.com,0,0.0,0,0.0,0
click,2025-01-31,1,1,dev_x@example.com,0,0.0,0,0.0,0
click,2025-02-01,1,0,dev_x@example.com,0,0.0,0,0.0,0
click,2025-02-02,1,0,dev_x@example.com,0,0.0,0,0.0,0
click,2025-02-03,1,1,dev_x@example.com,0,0.0,0,0.0,0
click,2025-02-04,1,0,dev_x@example.com,0,0.0,0,0.0,0
click,2025-02-05,1,0,dev_x@example.com,0,0.0,0,0.0,0
click,2025-02-06,1,1,dev_x@example.com,0,0.0,0,0.0,0
click,2025-02-07,1,0,dev_x@example.com,0,0.0,0,0.0,0
click,2025-02-08,1,0,dev_x@example.com,0,0.0,0,0.0,0
click,2025-02-09,1,1,dev_x@example.com,0,0.0,0,0.0,0
click,2025-02-10,1,0,dev_x@example.com,0,0.0,0,0.0,0
click,2025-02-11,1,0,dev_x@example.com,0,0.0,0,0.0,0
click,2025-02-12,1,1,dev_x@example.com,0,0.0,0,0.0,0
click,2025-02-13,1,0,dev_x@example.com,0,0.0,0,0.0,0
click,2025-02-14,1,0,dev_x@example.com,0,0.0,0,0.0,0
click,2025-02-15,1,1,dev_x@example.com,0,0.0,0,0.0,0
click,2025-02-16,1,0,dev_x@example.com,0,0.0,0,0.0,0
click,2025-02-17,1,0,dev_x@example.com,0,0.0,0,0.0,0
click,2025-02-18,1,1,dev_x@example.com,0,0.0,0,0.0,0
click,2025-02-19,1,0,dev_x@example.com,0,0.0,0,0.0,0
click,2025-02-20,1,0,dev_x@example.com,0,0.0,0,0.0,0
click,2025-02-21,1,1,dev_x@example.com,0,0.0,0,0.0,0
click,2025-02-22,1,0,dev_x@example.com,0,0.0,0,0.0,0
click,2025-02-23,1,0,dev_x@example.com,0,0.0,0,0.0,0
click,2025-02-24,1,1,dev_x@example.com,0,0.0,0,0.0,0
click,2025-02-25,1,0,dev_x@example.com,0,0.0,0,0.0,0
click,2025-02-26,1,0,dev_x@example.com,0,0.0,0,0.0,0
click,2025-02-27,1,1,dev_x@example.com,0,0.0,0,0.0,0
click,2025-02-28,1,0,dev_x@example.com,0,0.0,0,0.0,0
click,2025-03-01,1,0,dev_x@example.com,0,0.0,0,0.0,0
click,2025-03-02,1,1,dev_x@example.com,0,0.0,0,0.0,0
click,2025-03-03,1,0,dev_x@example.com,0,0.0,0,0.0,0
click,2025-03-04,1,0,dev_x@example.com,0,0.0,0,0.0,0
click,2025-03-05,1,1,dev_x@example.com,0,0.0,0,0.0,0
click,2025-03-06,1,0,dev_x@example.com,0,0.0,0,0.0,0
click,2025-03-07,1,0,dev_x@example.com,0,0.0,0,0.0,0
click,2025-03-08,1,1,dev_x@example.com,0,0.0,0,0.0,0
click,2025-03-09,1,0,dev_x@example.com,0,0.0,0,0.0,0
click,2025-03-10,1,0,dev_x@example.com,0,0.0,0,0.0,0
click,2025-03-11,1,1,dev_x@example.com,0,0.0,0,0.0,0
click,2025-03-12,1,0,dev_x@example.com,0,0.0,0,0.0,0
click,2025-03-13,1,0,dev_x@example.com,0,0.0,0,0.0,0
click,2025-03-14,1,1,dev_x@example.com,0,0.0,0,0.0,0
click,2025-03-15,1,0,dev_x@example.com,0,0.0,0,0.0,0
click,2025-03-16,1,0,dev_x@example.com,0,0.0,0,0.0,0
click,2025-03-17,1,1,dev_x@example.com,0,0.0,0,0.0,0
click,2025-03-18,1,0,dev_x@example.com,0,0.0,0,0.0,0
click,2025-03-19,1,0,dev_x@example.com,0,0.0,0,0.0,0
click,2025-03-20,1,1,dev_x@example.com,0,0.0,0,0.0,0
click,2025-03-21,1,0,dev_x@example.com,0,0.0,0,0.0,0
click,2025-03-22,1,0,dev_x@example.com,0,0.0,0,0.0,0
click,2025-03-23,1,1,dev_x@example.com,0,0.0,0,0.0,0
click,2025-03-24,1,0,dev_x@example.com,0,0.0,0,0.0,0
click,2025-03-25,1,0,dev_x@example.com,0,0.0,0,0.0,0
click,2025-03-26,1,1,dev_x@example.com,0,0.0,0,0.0,0
click,2025-03-27,1,0,dev_x@example.com,0,0.0,0,0.0,0
click,2025-03-28,1,0,dev_x@example.com,0,0.0,0,0.0,0
click,2025-03-29,1,1,dev_x@example.com,0,0.0,0,0.0,0
click,2025-03-30,1,0,dev_x@example.com,0,0.0,0,0.0,0
click,2025-03-31,1,0,dev_x@example.com,0,0.0,0,0.0,0
click,2025-04-01,1,1,dev_x@example.com,0,0.0,0,0.0,0
click,2025-04-02,1,0,dev_x@example.com,0,0.0,0,0.0,0
click,2025-04-03,1,0,dev_x@example.com,0,0.0,0,0.0,0
click,2025-04-04,1,1,dev_x@example.com,0,0.0,0,0.0,0
click,2025-04-05,1,0,dev_x@example.com,0,0.0,0,0.0,0
click,2025-04-06,1,0,dev_x@example.com,0,0.0,0,0.0,0
click,2025-04-07,1,1,dev_x@example.com,0,0.0,0,0.0,0
click,2025-04-08,1,0,dev_x@example.com,0,0.0,0,0.0,0
click,2025-04-09,1,0,dev_x@example.com,0,0.0,0,0.0,0
click,2025-04-10,1,1,dev_x@example.com,0,0.0,0,0.0,0
click,2025-04-11,1,0,dev_x@example.com,0,0.0,0,0.0,0
click,2025-04-12,1,0,dev_x@example.com,0,0.0,0,0.0,0
click,2025-04-13,1,1,dev_x@example.com,0,0.0,0,0.0,0
click,2025-04-14,1,0,dev_x@example.com,0,0.0,0,0.0,0
click,2025-04-15,1,0,dev_x@example.com,0,0.0,0,0.0,0
click,2025-04-16,1,1,dev_x@example.com,0,0.0,0,0.0,0
click,2025-04-17,1,0,dev_x@example.com,0,0.0,0,0.0,0
click,2025-04-18,1,0,dev_x@example.com,0,0.0,0,0.0,0
click,2025-04-19,1,1,dev_x@example.com,0,0.0,0,0.0,0
click,2025-04-20,1,0,dev_x@example.com,0,0.0,0,0.0,0
click,2025-04-21,1,0,dev_x@example.com,0,0.0,0,0.0,0
click,2025-04-22,1,1,dev_x@example.com,0,0.0,0,0.0,0
click,2025-04-23,1,0,dev_x@example.com,0,0.0,0,0.0,0
click,2025-04-24,1,0,dev_x@example.com,0,0.0,0,0.0,0
click,2025-04-25,1,1,dev_x@example.com,0,0.0,0,0.0,0
click,2025-04-26,1,0,dev_x@example.com,0,0.0,0,0.0,0
click,2025-04-27,1,0,dev_x@example.com,0,0.0,0,0.0,0
click,2025-04-28,1,1,dev_x@example.com,0,0.0,0,0.0,0
click,2025-04-29,1,0,dev_x@example.com,0,0.0,0,0.0,0
click,2025-04-30,1,0,dev_x@example.com,0,0.0,0,0.0,0
click,2025-05-01,1,1,dev_x@example.com,0,0.0,0,0.0,0
click,2025-05-02,1,0,dev_x@example.com,0,0.0,0,0.0,0
click,2025-05-03,1,0,dev_x@example.com,0,0.0,0,0.0,0
click,2025-05-04,1,1,dev_x@example.com,0,0.0,0,0.0,0
click,2025-05-05,1,0,dev_x@example.com,0,0.0,0,0.0,0
click,2025-05-06,1,0,dev_x@example.com,0,0.0,0,0.0,0
click,2025-05-07,1,1,dev_x@example.com,0,0.0,0,0.0,0
click,2025-05-08,1,0,dev_x@example.com,0,0.0,0,0.0,0
click,2025-05-09,1,0,dev_x@example.com,0,0.0,0,0.0,0
click,2025-05-10,1,1,dev_x@example.com,0,0.0,0,0.0,0
click,2025-05-11,1,0,dev_x@example.com,0,0.0,0,0.0,0
click,2025-05-12,1,0,dev_x@example.com,0,0.0,0,0.0,0
click,2025-05-13,1,1,dev_x@example.com,0,0.0,0,0.0,0
click,2025-05-14,1,0,dev_x@example.com,0,0.0,0,0.0,0
click,2025-05-15,1,0,dev_x@example.com,0,0.0,0,0.0,0
click,2025-05-16,1,1,dev_x@example.com,0,0.0,0,0.0,0
click,2025-05-17,1,0,dev_x@example.com,0,0.0,0,0.0,0
click,2025-05-18,1,0,dev_x@example.com,0,0.0,0,0.0,0
click,2025-05-19,1,1,dev_x@example.com,0,0.0,0,0.0,0
click,2025-05-20,1,0,dev_x@example.com,0,0.0,0,0.0,0
click,2025-05-21,1,0,dev_x@example.com,0,0.0,0,0.0,0
click,2025-05-22,1,1,dev_x@example.com,0,0.0,0,0.0,0
click,2025-05-23,1,0,dev_x@example.com,0,0.0,0,0.0,0
click,2025-05-24,1,0,dev_x@example.com,0,0.0,0,0.0,0
click,2025-05-25,1,1,dev_x@example.com,0,0.0,0,0.0,0
click,2025-05-26,1,0,dev_x@example.com,0,0.0,0,0.0,0
click,2025-05-27,1,0,dev_x@example.com,0,0.0,0,0.0,0
click,2025-05-28,1,1,dev_x@example.com,0,0.0,0,0.0,0
click,2025-05-29,1,0,dev_x@example.com,0,0.0,0,0.0,0
click,2025-05-30,1,0,dev_x@example.com,0,0.0,0,0.0,0
click,2025-05-31,1,1,dev_x@example.com,0,0.0,0,0.0,0
click,2025-06-01,1,0,dev_x@example.com,0,0.0,0,0.0,0
click,2025-06-02,1,0,dev_x@example.com,0,0.0,0,0.0,0
click,2025-06-03,1,1,dev_x@example.com,0,0.0,0,0.0,0
click,2025-06-04,1,0,dev_x@example.com,0,0.0,0,0.0,0
click,2025-06-05,1,0,dev_x@example.com,0,0.0,0,0.0,0
click,2025-06-06,1,1,dev_x@example.com,0,0.0,0,0.0,0
click,2025-06-07,1,0,dev_x@example.com,0,0.0,0,0.0,0
click,2025-06-08,1,0,dev_x@example.com,0,0.0,0,0.0,0
click,2025-06-09,1,1,dev_x@example.com,0,0.0,0,0.0,0
click,2025-06-10,1,0,dev_x@example.com,0,0.0,0,0.0,0
click,2025-06-11,1,0,dev_x@example.com,0,0.0,0,0.0,0
click,2025-06-12,1,1,dev_x@example.com,0,0.0,0,0.0,0
click,2025-06-13,1,0,dev_x@example.com,0,0.0,0,0.0,0
click,2025-06-14,1,0,dev_x@example.com,0,0.0,0,0.0,0
click,2025-06-15,1,1,dev_x@example.com,0,0.0,0,0.0,0
click,2025-06-16,1,0,dev_x@example.com,0,0.0,0,0.0,0
click,2025-06-17,1,0,dev_x@example.com,0,0.0,0,0.0,0
click,2025-06-18,1,1,dev_x@example.com,0,0.0,0,0.0,0
click,2025-06-19,1,0,dev_x@example.com,0,0.0,0,0.0,0
click,2025-06-20,1,0,dev_x@example.com,0,0.0,0,0.0,0
click,2025-06-21,1,1,dev_x@example.com,0,0.0,0,0.0,0
click,2025-06-22,1,0,dev_x@example.com,0,0.0,0,0.0,0
click,2025-06-23,1,0,dev_x@example.com,0,0.0,0,0.0,0
click,2025-06-24,1,1,dev_x@example.com,0,0.0,0,0.0,0
click,2025-06-25,1,0,dev_x@example.com,0,0.0,0,0.0,0
click,2025-06-26,1,0,dev_x@example.com,0,0.0,0,0.0,0
click,2025-06-27,1,1,dev_x@example.com,0,0.0,0,0.0,0
click,2025-06-28,1,0,dev_x@example.com,0,0.0,0,0.0,0
click,2025-06-29,1,0,dev_x@example.com,0,0.0,0,0.0,0
click,2025-06-30,1,1,dev_x@example.com,0,0.0,0,0.0,0
click,2025-07-01,1,0,dev_x@example.com,0,0.0,0,0.0,0
click,2025-07-02,1,0,dev_x@example.com,0,0.0,0,0.0,0
click,2025-07-03,1,1,dev_x@example.com,0,0.0,0,0.0,0
click,2025-07-04,1,0,dev_x@example.com,0,0.0,0,0.0,0
click,2025-07-05,1,0,dev_x@example.com,0,0.0,0,0.0,0
click,2025-07-06,1,1,dev_x@example.com,0,0.0,0,0.0,0
click,2025-07-07,1,0,dev_x@example.com,0,0.0,0,0.0,0
click,2025-07-08,1,0,dev_x@example.com,0,0.0,0,0.0,0
click,2025-07-09,1,1,dev_x@example.com,0,0.0,0,0.0,0
click,2025-07-10,1,0,dev_x@example.com,0,0.0,0,0.0,0
click,2025-07-11,1,0,dev_x@example.com,0,0.0,0,0.0,0
click,2025-07-12,1,1,dev_x@example.com,0,0.0,0,0.0,0
click,2025-07-13,1,0,dev_x@example.com,0,0.0,0,0.0,0
click,2025-07-14,1,0,dev_x@example.com,0,0.0,0,0.0,0
click,2025-07-15,1,1,dev_x@example.com,0,0.0,0,0.0,0
click,2025-07-16,1,0,dev_x@example.com,0,0.0,0,0.0,0
click,2025-07-17,1,0,dev_x@example.com,0,0.0,0,0.0,0
click,2025-07-18,1,1,dev_x@example.com,0,0.0,0,0.0,0
click,2025-07-19,1,0,dev_x@example.com,0,0.0,0,0.0,0
requests,2025-01-01,1,1,dev_x@example.com,17,51.0,17,1445.0,17
requests,2025-01-02,1,0,dev_x@example.com,25,75.0,25,2125.0,25
requests,2025-01-03,1,0,dev_x@example.com,25,75.0,25,2125.0,25
requests,2025-01-04,1,1,dev_x@example.com,17,51.0,17,1445.0,17
requests,2025-01-05,1,0,dev_x@example.com,25,75.0,25,2125.0,25
requests,2025-01-06,1,0,dev_x@example.com,25,75.0,25,2125.0,25
requests,2025-01-07,1,1,dev_x@example.com,9,27.0,9,765.0,9
requests,2025-01-08,1,0,dev_x@example.com,25,75.0,25,2125.0,25
requests,2025-01-09,1,0,dev_x@example.com,16,48.0,16,1360.0,16
requests,2025-01-10,1,1,dev_x@example.com,9,27.0,9,765.0,9
requests,2025-01-11,1,0,dev_x@example.com,16,48.0,16,1360.0,16
requests,2025-01-12,1,0,dev_x@example.com,16,48.0,16,1360.0,16
requests,2025-01-13,1,1,dev_x@example.com,9,27.0,9,765.0,9
requests,2025-01-14,1,0,dev_x@example.com,8,24.0,8,680.0,8
requests,2025-01-15,1,0,dev_x@example.com,8,24.0,8,680.0,8
requests,2025-01-16,1,1,dev_x@example.com,0,0.0,0,0.0,0
requests,2025-01-17,1,0,dev_x@example.com,0,0.0,0,0.0,0
requests,2025-01-18,1,0,dev_x@example.com,0,0.0,0,0.0,0
requests,2025-01-19,1,1,dev_x@example.com,0,0.0,0,0.0,0
requests,2025-01-20,1,0,dev_x@example.com,0,0.0,0,0.0,0
requests,2025-01-21,1,0,dev_x@example.com,0,0.0,0,0.0,0
requests,2025-01-22,1,1,dev_x@example.com,0,0.0,0,0.0,0
requests,2025-01-23,1,0,dev_x@example.com,0,0.0,0,0.0,0
requests,2025-01-24,1,0,dev_x@example.com,0,0.0,0,0.0,0
requests,2025-01-25,1,1,dev_x@example.com,0,0.0,0,0.0,0
requests,2025-01-26,1,0,dev_x@example.com,0,0.0,0,0.0,0
requests,2025-01-27,1,0,dev_x@example.com,0,0.0,0,0.0,0
requests,2025-01-28,1,1,dev_x@example.com,0,0.0,0,0.0,0
requests,2025-01-29,1,0,dev_x@example.com,0,0.0,0,0.0,0
requests,2025-01-30,1,0,dev_x@example.com,0,0.0,0,0.0,0
requests,2025-01-31,1,1,dev_x@example.com,0,0.0,0,0.0,0
requests,2025-02-01,1,0,dev_x@example.com,0,0.0,0,0.0,0
requests,2025-02-02,1,0,dev_x@example.com,0,0.0,0,0.0,0
requests,2025-02-03,1,1,dev_x@example.com,0,0.0,0,0.0,0
requests,2025-02-04,1,0,dev_x@example.com,0,0.0,0,0.0,0
requests,2025-02-05,1,0,dev_x@example.com,0,0.0,0,0.0,0
requests,2025-02-06,1,1,dev_x@example.com,0,0.0,0,0.0,0
requests,2025-02-07,1,0,dev_x@example.com,0,0.0,0,0.0,0
requests,2025-02-08,1,0,dev_x@example.com,0,0.0,0,0.0,0
requests,2025-02-09,1,1,dev_x@example.com,0,0.0,0,0.0,0
requests,2025-02-10,1,0,dev_x@example.com,0,0.0,0,0.0,0
requests,2025-02-11,1,0,dev_x@example.com,0,0.0,0,0.0,0
requests,2025-02-12,1,1,dev_x@example.com,0,0.0,0,0.0,0
requests,2025-02-13,1,0,dev_x@example.com,0,0.0,0,0.0,0
requests,2025-02-14,1,0,dev_x@example.com,0,0.0,0,0.0,0
requests,2025-02-15,1,1,dev_x@example.com,0,0.0,0,0.0,0
requests,2025-02-16,1,0,dev_x@example.com,0,0.0,0,0.0,0
requests,2025-02-17,1,0,dev_x@example.com,0,0.0,0,0.0,0
requests,2025-02-18,1,1,dev_x@example.com,0,0.0,0,0.0,0
requests,2025-02-19,1,0,dev_x@example.com,0,0.0,0,0.0,0
requests,2025-02-20,1,0,dev_x@example.com,0,0.0,0,0.0,0
requests,2025-02-21,1,1,dev_x@example.com,0,0.0,0,0.0,0
requests,2025-02-22,1,0,dev_x@example.com,0,0.0,0,0.0,0
requests,2025-02-23,1,0,dev_x@example.com,0,0.0,0,0.0,0
requests,2025-02-24,1,1,dev_x@example.com,0,0.0,0,0.0,0
requests,2025-02-25,1,0,dev_x@example.com,0,0.0,0,0.0,0
requests,2025-02-26,1,0,dev_x@example.com,0,0.0,0,0.0,0
requests,2025-02-27,1,1,dev_x@example.com,0,0.0,0,0.0,0
requests,2025-02-28,1,0,dev_x@example.com,0,0.0,0,0.0,0
requests,2025-03-01,1,0,dev_x@example.com,0,0.0,0,0.0,0
requests,2025-03-02,1,1,dev_x@example.com,0,0.0,0,0.0,0
requests,2025-03-03,1,0,dev_x@example.com,0,0.0,0,0.0,0
requests,2025-03-04,1,0,dev_x@example.com,0,0.0,0,0.0,0
requests,2025-03-05,1,1,dev_x@example.com,0,0.0,0,0.0,0
requests,2025-03-06,1,0,dev_x@example.com,0,0.0,0,0.0,0
requests,2025-03-07,1,0,dev_x@example.com,0,0.0,0,0.0,0
requests,2025-03-08,1,1,dev_x@example.com,0,0.0,0,0.0,0
requests,2025-03-09,1,0,dev_x@example.com,0,0.0,0,0.0,0
requests,2025-03-10,1,0,dev_x@example.com,0,0.0,0,0.0,0
requests,2025-03-11,1,1,dev_x@example.com,0,0.0,0,0.0,0
requests,2025-03-12,1,0,dev_x@example.com,0,0.0,0,0.0,0
requests,2025-03-13,1,0,dev_x@example.com,0,0.0,0,0.0,0
requests,2025-03-14,1,1,dev_x@example.com,0,0.0,0,0.0,0
requests,2025-03-15,1,0,dev_x@example.com,0,0.0,0,0.0,0
requests,2025-03-16,1,0,dev_x@example.com,0,0.0,0,0.0,0
requests,2025-03-17,1,1,dev_x@example.com,0,0.0,0,0.0,0
requests,2025-03-18,1,0,dev_x@example.com,0,0.0,0,0.0,0
requests,2025-03-19,1,0,dev_x@example.com,0,0.0,0,0.0,0
requests,2025-03-20,1,1,dev_x@example.com,0,0.0,0,0.0,0
requests,2025-03-21,1,0,dev_x@example.com,0,0.0,0,0.0,0
requests,2025-03-22,1,0,dev_x@example.com,0,0.0,0,0.0,0
requests,2025-03-23,1,1,dev_x@example.com,0,0.0,0,0.0,0
requests,2025-03-24,1,0,dev_x@example.com,0,0.0,0,0.0,0
requests,2025-03-25,1,0,dev_x@example.com,0,0.0,0,0.0,0
requests,2025-03-26,1,1,dev_x@example.com,0,0.0,0,0.0,0
requests,2025-03-27,1,0,dev_x@example.com,0,0.0,0,0.0,0
requests,2025-03-28,1,0,dev_x@example.com,0,0.0,0,0.0,0
requests,2025-03-29,1,1,dev_x@example.com,0,0.0,0,0.0,0
requests,2025-03-30,1,0,dev_x@example.com,0,0.0,0,0.0,0
requests,2025-03-31,1,0,dev_x@example.com,0,0.0,0,0.0,0
requests,2025-04-01,1,1,dev_x@example.com,0,0.0,0,0.0,0
requests,2025-04-02,1,0,dev_x@example.com,0,0.0,0,0.0,0
requests,2025-04-03,1,0,dev_x@example.com,0,0.0,0,0.0,0
requests,2025-04-04,1,1,dev_x@example.com,0,0.0,0,0.0,0
requests,2025-04-05,1,0,dev_x@example.com,0,0.0,0,0.0,0
requests,2025-04-06,1,0,dev_x@example.com,0,0.0,0,0.0,0
requests,2025-04-07,1,1,dev_x@example.com,0,0.0,0,0.0,0
requests,2025-04-08,1,0,dev_x@example.com,0,0.0,0,0.0,0
requests,2025-04-09,1,0,dev_x@example.com,0,0.0,0,0.0,0
requests,2025-04-10,1,1,dev_x@example.com,0,0.0,0,0.0,0
requests,2025-04-11,1,0,dev_x@example.com,0,0.0,0,0.0,0
requests,2025-04-12,1,0,dev_x@example.com,0,0.0,0,0.0,0
requests,2025-04-13,1,1,dev_x@example.com,0,0.0,0,0.0,0
requests,2025-04-14,1,0,dev_x@example.com,0,0.0,0,0.0,0
requests,2025-04-15,1,0,dev_x@example.com,0,0.0,0,0.0,0
requests,2025-04-16,1,1,dev_x@example.com,0,0.0,0,0.0,0
requests,2025-04-17,1,0,dev_x@example.com,0,0.0,0,0.0,0
requests,2025-04-18,1,0,dev_x@example.com,0,0.0,0,0.0,0
requests,2025-04-19,1,1,dev_x@example.com,0,0.0,0,0.0,0
requests,2025-04-20,1,0,dev_x@example.com,0,0.0,0,0.0,0
requests,2025-04-21,1,0,dev_x@example.com,0,0.0,0,0.0,0
requests,2025-04-22,1,1,dev_x@example.com,0,0.0,0,0.0,0
requests,2025-04-23,1,0,dev_x@example.com,0,0.0,0,0.0,0
requests,2025-04-24,1,0,dev_x@example.com,0,0.0,0,0.0,0
requests,2025-04-25,1,1,dev_x@example.com,0,0.0,0,0.0,0
requests,2025-04-26,1,0,dev_x@example.com,0,0.0,0,0.0,0
requests,2025-04-27,1,0,dev_x@example.com,0,0.0,0,0.0,0
requests,2025-04-28,1,1,dev_x@example.com,0,0.0,0,0.0,0
requests,2025-04-29,1,0,dev_x@example.com,0,0.0,0,0.0,0
requests,2025-04-30,1,0,dev_x@example.com,0,0.0,0,0.0,0
requests,2025-05-01,1,1,dev_x@example.com,0,0.0,0,0.0,0
requests,2025-05-02,1,0,dev_x@example.com,0,0.0,0,0.0,0
requests,2025-05-03,1,0,dev_x@example.com,0,0.0,0,0.0,0
requests,2025-05-04,1,1,dev_x@example.com,0,0.0,0,0.0,0
requests,2025-05-05,1,0,dev_x@example.com,0,0.0,0,0.0,0
requests,2025-05-06,1,0,dev_x@example.com,0,0.0,0,0.0,0
requests,2025-05-07,1,1,dev_x@example.com,0,0.0,0,0.0,0
requests,2025-05-08,1,0,dev_x@example.com,0,0.0,0,0.0,0
requests,2025-05-09,1,0,dev_x@example.com,0,0.0,0,0.0,0
requests,2025-05-10,1,1,dev_x@example.com,0,0.0,0,0.0,0
requests,2025-05-11,1,0,dev_x@example.com,0,0.0,0,0.0,0
requests,2025-05-12,1,0,dev_x@example.com,0,0.0,0,0.0,0
requests,2025-05-13,1,1,dev_x@example.com,0,0.0,0,0.0,0
requests,2025-05-14,1,0,dev_x@example.com,0,0.0,0,0.0,0
requests,2025-05-15,1,0,dev_x@example.com,0,0.0,0,0.0,0
requests,2025-05-16,1,1,dev_x@example.com,0,0.0,0,0.0,0
requests,2025-05-17,1,0,dev_x@example.com,0,0.0,0,0.0,0
requests,2025-05-18,1,0,dev_x@example.com,0,0.0,0,0.0,0
requests,2025-05-19,1,1,dev_x@example.com,0,0.0,0,0.0,0
requests,2025-05-20,1,0,dev_x@example.com,0,0.0,0,0.0,0
requests,2025-05-21,1,0,dev_x@example.com,0,0.0,0,0.0,0
requests,2025-05-22,1,1,dev_x@example.com,0,0.0,0,0.0,0
requests,2025-05-23,1,0,dev_x@example.com,0,0.0,0,0.0,0
requests,2025-05-24,1,0,dev_x@example.com,0,0.0,0,0.0,0
requests,2025-05-25,1,1,dev_x@example.com,0,0.0,0,0.0,0
requests,2025-05-26,1,0,dev_x@example.com,0,0.0,0,0.0,0
requests,2025-05-27,1,0,dev_x@example.com,0,0.0,0,0.0,0
requests,2025-05-28,1,1,dev_x@example.com,0,0.0,0,0.0,0
requests,2025-05-29,1,0,dev_x@example.com,0,0.0,0,0.0,0
requests,2025-05-30,1,0,dev_x@example.com,0,0.0,0,0.0,0
requests,2025-05-31,1,1,dev_x@example.com,0,0.0,0,0.0,0
requests,2025-06-01,1,0,dev_x@example.com,0,0.0,0,0.0,0
requests,2025-06-02,1,0,dev_x@example.com,0,0.0,0,0.0,0
requests,2025-06-03,1,1,dev_x@example.com,0,0.0,0,0.0,0
requests,2025-06-04,1,0,dev_x@example.com,0,0.0,0,0.0,0
requests,2025-06-05,1,0,dev_x@example.com,0,0.0,0,0.0,0
requests,2025-06-06,1,1,dev_x@example.com,0,0.0,0,0.0,0
requests,2025-06-07,1,0,dev_x@example.com,0,0.0,0,0.0,0
requests,2025-06-08,1,0,dev_x@example.com,0,0.0,0,0.0,0
requests,2025-06-09,1,1,dev_x@example.com,0,0.0,0,0.0,0
requests,2025-06-10,1,0,dev_x@example.com,0,0.0,0,0.0,0
requests,2025-06-11,1,0,dev_x@example.com,0,0.0,0,0.0,0
requests,2025-06-12,1,1,dev_x@example.com,0,0.0,0,0.0,0
requests,2025-06-13,1,0,dev_x@example.com,0,0.0,0,0.0,0
requests,2025-06-14,1,0,dev_x@example.com,0,0.0,0,0.0,0
requests,2025-06-15,1,1,dev_x@example.com,0,0.0,0,0.0,0
requests,2025-06-16,1,0,dev_x@example.com,0,0.0,0,0.0,0
requests,2025-06-17,1,0,dev_x@example.com,0,0.0,0,0.0,0
requests,2025-06-18,1,1,dev_x@example.com,0,0.0,0,0.0,0
requests,2025-06-19,1,0,dev_x@example.com,0,0.0,0,0.0,0
requests,2025-06-20,1,0,dev_x@example.com,0,0.0,0,0.0,0
requests,2025-06-21,1,1,dev_x@example.com,0,0.0,0,0.0,0
requests,2025-06-22,1,0,dev_x@example.com,0,0.0,0,0.0,0
requests,2025-06-23,1,0,dev_x@example.com,0,0.0,0,0.0,0
requests,2025-06-24,1,1,dev_x@example.com,0,0.0,0,0.0,0
requests,2025-06-25,1,0,dev_x@example.com,0,0.0,0,0.0,0
requests,2025-06-26,1,0,dev_x@example.com,0,0.0,0,0.0,0
requests,2025-06-27,1,1,dev_x@example.com,0,0.0,0,0.0,0
requests,2025-06-28,1,0,dev_x@example.com,0,0.0,0,0.0,0
requests,2025-06-29,1,0,dev_x@example.com,0,0.0,0,0.0,0
requests,2025-06-30,1,1,dev_x@example.com,0,0.0,0,0.0,0
requests,2025-07-01,1,0,dev_x@example.com,0,0.0,0,0.0,0
requests,2025-07-02,1,0,dev_x@example.com,0,0.0,0,0.0,0
requests,2025-07-03,1,1,dev_x@example.com,0,0.0,0,0.0,0
requests,2025-07-04,1,0,dev_x@example.com,0,0.0,0,0.0,0
requests,2025-07-05,1,0,dev_x@example.com,0,0.0,0,0.0,0
requests,2025-07-06,1,1,dev_x@example.com,0,0.0,0,0.0,0
requests,2025-07-07,1,0,dev_x@example.com,0,0.0,0,0.0,0
requests,2025-07-08,1,0,dev_x@example.com,0,0.0,0,0.0,0
requests,2025-07-09,1,1,dev_x@example.com,0,0.0,0,0.0,0
requests,2025-07-10,1,0,dev_x@example.com,0,0.0,0,0.0,0
requests,2025-07-11,1,0,dev_x@example.com,0,0.0,0,0.0,0
requests,2025-07-12,1,1,dev_x@example.com,0,0.0,0,0.0,0
requests,2025-07-13,1,0,dev_x@example.com,0,0.0,0,0.0,0
requests,2025-07-14,1,0,dev_x@example.com,0,0.0,0,0.0,0
requests,2025-07-15,1,1,dev_x@example.com,0,0.0,0,0.0,0
requests,2025-07-16,1,0,dev_x@example.com,0,0.0,0,0.0,0
requests,2025-07-17,1,0,dev_x@example.com,0,0.0,0,0.0,0
requests,2025-07-18,1,1,dev_x@example.com,0,0.0,0,0.0,0
requests,2025-07-19,1,0,dev_x@example.com,0,0.0,0,0.0,0
great_expectations,2025-01-01,1,1,dev_x@example.com,17,51.0,17,1445.0,17
great_expectations,2025-01-02,1,0,dev_x@example.com,25,75.0,25,2125.0,25
great_expectations,2025-01-03,1,0,dev_x@example.com,25,75.0,25,2125.0,25
great_expectations,2025-01-04,1,1,dev_x@example.com,17,51.0,17,1445.0,17
great_expectations,2025-01-05,1,0,dev_x@example.com,25,75.0,25,2125.0,25
great_expectations,2025-01-06,1,0,dev_x@example.com,25,75.0,25,2125.0,25
great_expectations,2025-01-07,1,1,dev_x@example.com,9,27.0,9,765.0,9
great_expectations,2025-01-08,1,0,dev_x@example.com,25,75.0,25,2125.0,25
great_expectations,2025-01-09,1,0,dev_x@example.com,16,48.0,16,1360.0,16
great_expectations,2025-01-10,1,1,dev_x@example.com,9,27.0,9,765.0,9
great_expectations,2025-01-11,1,0,dev_x@example.com,16,48.0,16,1360.0,16
great_expectations,2025-01-12,1,0,dev_x@example.com,16,48.0,16,1360.0,16
great_expectations,2025-01-13,1,1,dev_x@example.com,9,27.0,9,765.0,9
great_expectations,2025-01-14,1,0,dev_x@example.com,8,24.0,8,680.0,8
great_expectations,2025-01-15,1,0,dev_x@example.com,8,24.0,8,680.0,8
great_expectations,2025-01-16,1,1,dev_x@example.com,0,0.0,0,0.0,0
great_expectations,2025-01-17,1,0,dev_x@example.com,0,0.0,0,0.0,0
great_expectations,2025-01-18,1,0,dev_x@example.com,0,0.0,0,0.0,0
great_expectations,2025-01-19,1,1,dev_x@example.com,0,0.0,0,0.0,0
great_expectations,2025-01-20,1,0,dev_x@example.com,0,0.0,0,0.0,0
great_expectations,2025-01-21,1,0,dev_x@example.com,0,0.0,0,0.0,0
great_expectations,2025-01-22,1,1,dev_x@example.com,0,0.0,0,0.0,0
great_expectations,2025-01-23,1,0,dev_x@example.com,0,0.0,0,0.0,0
great_expectations,2025-01-24,1,0,dev_x@example.com,0,0.0,0,0.0,0
great_expectations,2025-01-25,1,1,dev_x@example.com,0,0.0,0,0.0,0
great_expectations,2025-01-26,1,0,dev_x@example.com,0,0.0,0,0.0,0
great_expectations,2025-01-27,1,0,dev_x@example.com,0,0.0,0,0.0,0
great_expectations,2025-01-28,1,1,dev_x@example.com,0,0.0,0,0.0,0
great_expectations,2025-01-29,1,0,dev_x@example.com,0,0.0,0,0.0,0
great_expectations,2025-01-30,1,0,dev_x@example.com,0,0.0,0,0.0,0
great_expectations,2025-01-31,1,1,dev_x@example.com,0,0.0,0,0.0,0
great_expectations,2025-02-01,1,0,dev_x@example.com,0,0.0,0,0.0,0
great_expectations,2025-02-02,1,0,dev_x@example.com,0,0.0,0,0.0,0
great_expectations,2025-02-03,1,1,dev_x@example.com,0,0.0,0,0.0,0
great_expectations,2025-02-04,1,0,dev_x@example.com,0,0.0,0,0.0,0
great_expectations,2025-02-05,1,0,dev_x@example.com,0,0.0,0,0.0,0
great_expectations,2025-02-06,1,1,dev_x@example.com,0,0.0,0,0.0,0
great_expectations,2025-02-07,1,0,dev_x@example.com,0,0.0,0,0.0,0
great_expectations,2025-02-08,1,0,dev_x@example.com,0,0.0,0,0.0,0
great_expectations,2025-02-09,1,1,dev_x@example.com,0,0.0,0,0.0,0
great_expectations,2025-02-10,1,0,dev_x@example.com,0,0.0,0,0.0,0
great_expectations,2025-02-11,1,0,dev_x@example.com,0,0.0,0,0.0,0
great_expectations,2025-02-12,1,1,dev_x@example.com,0,0.0,0,0.0,0
great_expectations,2025-02-13,1,0,dev_x@example.com,0,0.0,0,0.0,0
great_expectations,2025-02-14,1,0,dev_x@example.com,0,0.0,0,0.0,0
great_expectations,2025-02-15,1,1,dev_x@example.com,0,0.0,0,0.0,0
great_expectations,2025-02-16,1,0,dev_x@example.com,0,0.0,0,0.0,0
great_expectations,2025-02-17,1,0,dev_x@example.com,0,0.0,0,0.0,0
great_expectations,2025-02-18,1,1,dev_x@example.com,0,0.0,0,0.0,0
great_expectations,2025-02-19,1,0,dev_x@example.com,0,0.0,0,0.0,0
great_expectations,2025-02-20,1,0,dev_x@example.com,0,0.0,0,0.0,0
great_expectations,2025-02-21,1,1,dev_x@example.com,0,0.0,0,0.0,0
great_expectations,2025-02-22,1,0,dev_x@example.com,0,0.0,0,0.0,0
great_expectations,2025-02-23,1,0,dev_x@example.com,0,0.0,0,0.0,0
great_expectations,2025-02-24,1,1,dev_x@example.com,0,0.0,0,0.0,0
great_expectations,2025-02-25,1,0,dev_x@example.com,0,0.0,0,0.0,0
great_expectations,2025-02-26,1,0,dev_x@example.com,0,0.0,0,0.0,0
great_expectations,2025-02-27,1,1,dev_x@example.com,0,0.0,0,0.0,0
great_expectations,2025-02-28,1,0,dev_x@example.com,0,0.0,0,0.0,0
great_expectations,2025-03-01,1,0,dev_x@example.com,0,0.0,0,0.0,0
great_expectations,2025-03-02,1,1,dev_x@example.com,0,0.0,0,0.0,0
great_expectations,2025-03-03,1,0,dev_x@example.com,0,0.0,0,0.0,0
great_expectations,2025-03-04,1,0,dev_x@example.com,0,0.0,0,0.0,0
great_expectations,2025-03-05,1,1,dev_x@example.com,0,0.0,0,0.0,0
great_expectations,2025-03-06,1,0,dev_x@example.com,0,0.0,0,0.0,0
great_expectations,2025-03-07,1,0,dev_x@example.com,0,0.0,0,0.0,0
great_expectations,2025-03-08,1,1,dev_x@example.com,0,0.0,0,0.0,0
great_expectations,2025-03-09,1,0,dev_x@example.com,0,0.0,0,0.0,0
great_expectations,2025-03-10,1,0,dev_x@example.com,0,0.0,0,0.0,0
great_expectations,2025-03-11,1,1,dev_x@example.com,0,0.0,0,0.0,0
great_expectations,2025-03-12,1,0,dev_x@example.com,0,0.0,0,0.0,0
great_expectations,2025-03-13,1,0,dev_x@example.com,0,0.0,0,0.0,0
great_expectations,2025-03-14,1,1,dev_x@example.com,0,0.0,0,0.0,0
great_expectations,2025-03-15,1,0,dev_x@example.com,0,0.0,0,0.0,0
great_expectations,2025-03-16,1,0,dev_x@example.com,0,0.0,0,0.0,0
great_expectations,2025-03-17,1,1,dev_x@example.com,0,0.0,0,0.0,0
great_expectations,2025-03-18,1,0,dev_x@example.com,0,0.0,0,0.0,0
great_expectations,2025-03-19,1,0,dev_x@example.com,0,0.0,0,0.0,0
great_expectations,2025-03-20,1,1,dev_x@example.com,0,0.0,0,0.0,0
great_expectations,2025-03-21,1,0,dev_x@example.com,0,0.0,0,0.0,0
great_expectations,2025-03-22,1,0,dev_x@example.com,0,0.0,0,0.0,0
great_expectations,2025-03-23,1,1,dev_x@example.com,0,0.0,0,0.0,0
great_expectations,2025-03-24,1,0,dev_x@example.com,0,0.0,0,0.0,0
great_expectations,2025-03-25,1,0,dev_x@example.com,0,0.0,0,0.0,0
great_expectations,2025-03-26,1,1,dev_x@example.com,0,0.0,0,0.0,0
great_expectations,2025-03-27,1,0,dev_x@example.com,0,0.0,0,0.0,0
great_expectations,2025-03-28,1,0,dev_x@example.com,0,0.0,0,0.0,0
great_expectations,2025-03-29,1,1,dev_x@example.com,0,0.0,0,0.0,0
great_expectations,2025-03-30,1,0,dev_x@example.com,0,0.0,0,0.0,0
great_expectations,2025-03-31,1,0,dev_x@example.com,0,0.0,0,0.0,0
great_expectations,2025-04-01,1,1,dev_x@example.com,0,0.0,0,0.0,0
great_expectations,2025-04-02,1,0,dev_x@example.com,0,0.0,0,0.0,0
great_expectations,2025-04-03,1,0,dev_x@example.com,0,0.0,0,0.0,0
great_expectations,2025-04-04,1,1,dev_x@example.com,0,0.0,0,0.0,0
great_expectations,2025-04-05,1,0,dev_x@example.com,0,0.0,0,0.0,0
great_expectations,2025-04-06,1,0,dev_x@example.com,0,0.0,0,0.0,0
great_expectations,2025-04-07,1,1,dev_x@example.com,0,0.0,0,0.0,0
great_expectations,2025-04-08,1,0,dev_x@example.com,0,0.0,0,0.0,0
great_expectations,2025-04-09,1,0,dev_x@example.com,0,0.0,0,0.0,0
great_expectations,2025-04-10,1,1,dev_x@example.com,0,0.0,0,0.0,0
great_expectations,2025-04-11,1,0,dev_x@example.com,0,0.0,0,0.0,0
great_expectations,2025-04-12,1,0,dev_x@example.com,0,0.0,0,0.0,0
great_expectations,2025-04-13,1,1,dev_x@example.com,0,0.0,0,0.0,0
great_expectations,2025-04-14,1,0,dev_x@example.com,0,0.0,0,0.0,0
great_expectations,2025-04-15,1,0,dev_x@example.com,0,0.0,0,0.0,0
great_expectations,2025-04-16,1,1,dev_x@example.com,0,0.0,0,0.0,0
great_expectations,2025-04-17,1,0,dev_x@example.com,0,0.0,0,0.0,0
great_expectations,2025-04-18,1,0,dev_x@example.com,0,0.0,0,0.0,0
great_expectations,2025-04-19,1,1,dev_x@example.com,0,0.0,0,0.0,0
great_expectations,2025-04-20,1,0,dev_x@example.com,0,0.0,0,0.0,0
great_expectations,2025-04-21,1,0,dev_x@example.com,0,0.0,0,0.0,0
great_expectations,2025-04-22,1,1,dev_x@example.com,0,0.0,0,0.0,0
great_expectations,2025-04-23,1,0,dev_x@example.com,0,0.0,0,0.0,0
great_expectations,2025-04-24,1,0,dev_x@example.com,0,0.0,0,0.0,0
great_expectations,2025-04-25,1,1,dev_x@example.com,0,0.0,0,0.0,0
great_expectations,2025-04-26,1,0,dev_x@example.com,0,0.0,0,0.0,0
great_expectations,2025-04-27,1,0,dev_x@example.com,0,0.0,0,0.0,0
great_expectations,2025-04-28,1,1,dev_x@example.com,0,0.0,0,0.0,0
great_expectations,2025-04-29,1,0,dev_x@example.com,0,0.0,0,0.0,0
great_expectations,2025-04-30,1,0,dev_x@example.com,0,0.0,0,0.0,0
great_expectations,2025-05-01,1,1,dev_x@example.com,0,0.0,0,0.0,0
great_expectations,2025-05-02,1,0,dev_x@example.com,0,0.0,0,0.0,0
great_expectations,2025-05-03,1,0,dev_x@example.com,0,0.0,0,0.0,0
great_expectations,2025-05-04,1,1,dev_x@example.com,0,0.0,0,0.0,0
great_expectations,2025-05-05,1,0,dev_x@example.com,0,0.0,0,0.0,0
great_expectations,2025-05-06,1,0,dev_x@example.com,0,0.0,0,0.0,0
great_expectations,2025-05-07,1,1,dev_x@example.com,0,0.0,0,0.0,0
great_expectations,2025-05-08,1,0,dev_x@example.com,0,0.0,0,0.0,0
great_expectations,2025-05-09,1,0,dev_x@example.com,0,0.0,0,0.0,0
great_expectations,2025-05-10,1,1,dev_x@example.com,0,0.0,0,0.0,0
great_expectations,2025-05-11,1,0,dev_x@example.com,0,0.0,0,0.0,0
great_expectations,2025-05-12,1,0,dev_x@example.com,0,0.0,0,0.0,0
great_expectations,2025-05-13,1,1,dev_x@example.com,0,0.0,0,0.0,0
great_expectations,2025-05-14,1,0,dev_x@example.com,0,0.0,0,0.0,0
great_expectations,2025-05-15,1,0,dev_x@example.com,0,0.0,0,0.0,0
great_expectations,2025-05-16,1,1,dev_x@example.com,0,0.0,0,0.0,0
great_expectations,2025-05-17,1,0,dev_x@example.com,0,0.0,0,0.0,0
great_expectations,2025-05-18,1,0,dev_x@example.com,0,0.0,0,0.0,0
great_expectations,2025-05-19,1,1,dev_x@example.com,0,0.0,0,0.0,0
great_expectations,2025-05-20,1,0,dev_x@example.com,0,0.0,0,0.0,0
great_expectations,2025-05-21,1,0,dev_x@example.com,0,0.0,0,0.0,0
great_expectations,2025-05-22,1,1,dev_x@example.com,0,0.0,0,0.0,0
great_expectations,2025-05-23,1,0,dev_x@example.com,0,0.0,0,0.0,0
great_expectations,2025-05-24,1,0,dev_x@example.com,0,0.0,0,0.0,0
great_expectations,2025-05-25,1,1,dev_x@example.com,0,0.0,0,0.0,0
great_expectations,2025-05-26,1,0,dev_x@example.com,0,0.0,0,0.0,0
great_expectations,2025-05-27,1,0,dev_x@example.com,0,0.0,0,0.0,0
great_expectations,2025-05-28,1,1,dev_x@example.com,0,0.0,0,0.0,0
great_expectations,2025-05-29,1,0,dev_x@example.com,0,0.0,0,0.0,0
great_expectations,2025-05-30,1,0,dev_x@example.com,0,0.0,0,0.0,0
great_expectations,2025-05-31,1,1,dev_x@example.com,0,0.0,0,0.0,0
great_expectations,2025-06-01,1,0,dev_x@example.com,0,0.0,0,0.0,0
great_expectations,2025-06-02,1,0,dev_x@example.com,0,0.0,0,0.0,0
great_expectations,2025-06-03,1,1,dev_x@example.com,0,0.0,0,0.0,0
great_expectations,2025-06-04,1,0,dev_x@example.com,0,0.0,0,0.0,0
great_expectations,2025-06-05,1,0,dev_x@example.com,0,0.0,0,0.0,0
great_expectations,2025-06-06,1,1,dev_x@example.com,0,0.0,0,0.0,0
great_expectations,2025-06-07,1,0,dev_x@example.com,0,0.0,0,0.0,0
great_expectations,2025-06-08,1,0,dev_x@example.com,0,0.0,0,0.0,0
great_expectations,2025-06-09,1,1,dev_x@example.com,0,0.0,0,0.0,0
great_expectations,2025-06-10,1,0,dev_x@example.com,0,0.0,0,0.0,0
great_expectations,2025-06-11,1,0,dev_x@example.com,0,0.0,0,0.0,0
great_expectations,2025-06-12,1,1,dev_x@example.com,0,0.0,0,0.0,0
great_expectations,2025-06-13,1,0,dev_x@example.com,0,0.0,0,0.0,0
great_expectations,2025-06-14,1,0,dev_x@example.com,0,0.0,0,0.0,0
great_expectations,2025-06-15,1,1,dev_x@example.com,0,0.0,0,0.0,0
great_expectations,2025-06-16,1,0,dev_x@example.com,0,0.0,0,0.0,0
great_expectations,2025-06-17,1,0,dev_x@example.com,0,0.0,0,0.0,0
great_expectations,2025-06-18,1,1,dev_x@example.com,0,0.0,0,0.0,0
great_expectations,2025-06-19,1,0,dev_x@example.com,0,0.0,0,0.0,0
great_expectations,2025-06-20,1,0,dev_x@example.com,0,0.0,0,0.0,0
great_expectations,2025-06-21,1,1,dev_x@example.com,0,0.0,0,0.0,0
great_expectations,2025-06-22,1,0,dev_x@example.com,0,0.0,0,0.0,0
great_expectations,2025-06-23,1,0,dev_x@example.com,0,0.0,0,0.0,0
great_expectations,2025-06-24,1,1,dev_x@example.com,0,0.0,0,0.0,0
great_expectations,2025-06-25,1,0,dev_x@example.com,0,0.0,0,0.0,0
great_expectations,2025-06-26,1,0,dev_x@example.com,0,0.0,0,0.0,0
great_expectations,2025-06-27,1,1,dev_x@example.com,0,0.0,0,0.0,0
great_expectations,2025-06-28,1,0,dev_x@example.com,0,0.0,0,0.0,0
great_expectations,2025-06-29,1,0,dev_x@example.com,0,0.0,0,0.0,0
great_expectations,2025-06-30,1,1,dev_x@example.com,0,0.0,0,0.0,0
great_expectations,2025-07-01,1,0,dev_x@example.com,0,0.0,0,0.0,0
great_expectations,2025-07-02,1,0,dev_x@example.com,0,0.0,0,0.0,0
great_expectations,2025-07-03,1,1,dev_x@example.com,0,0.0,0,0.0,0
great_expectations,2025-07-04,1,0,dev_x@example.com,0,0.0,0,0.0,0
great_expectations,2025-07-05,1,0,dev_x@example.com,0,0.0,0,0.0,0
great_expectations,2025-07-06,1,1,dev_x@example.com,0,0.0,0,0.0,0
great_expectations,2025-07-07,1,0,dev_x@example.com,0,0.0,0,0.0,0
great_expectations,2025-07-08,1,0,dev_x@example.com,0,0.0,0,0.0,0
great_expectations,2025-07-09,1,1,dev_x@example.com,0,0.0,0,0.0,0
great_expectations,2025-07-10,1,0,dev_x@example.com,0,0.0,0,0.0,0
great_expectations,2025-07-11,1,0,dev_x@example.com,0,0.0,0,0.0,0
great_expectations,2025-07-12,1,1,dev_x@example.com,0,0.0,0,0.0,0
great_expectations,2025-07-13,1,0,dev_x@example.com,0,0.0,0,0.0,0
great_expectations,2025-07-14,1,0,dev_x@example.com,0,0.0,0,0.0,0
great_expectations,2025-07-15,1,1,dev_x@example.com,0,0.0,0,0.0,0
great_expectations,2025-07-16,1,0,dev_x@example.com,0,0.0,0,0.0,0
great_expectations,2025-07-17,1,0,dev_x@example.com,0,0.0,0,0.0,0
great_expectations,2025-07-18,1,1,dev_x@example.com,0,0.0,0,0.0,0
great_expectations,2025-07-19,1,0,dev_x@example.com,0,0.0,0,0.0,0
databases,2025-01-01,1,1,dev_x@example.com,17,51.0,17,1445.0,17
databases,2025-01-02,1,0,dev_x@example.com,25,75.0,25,2125.0,25
databases,2025-01-03,1,0,dev_x@example.com,25,75.0,25,2125.0,25
databases,2025-01-04,1,1,dev_x@example.com,17,51.0,17,1445.0,17
databases,2025-01-05,1,0,dev_x@example.com,25,75.0,25,2125.0,25
databases,2025-01-06,1,0,dev_x@example.com,25,75.0,25,2125.0,25
databases,2025-01-07,1,1,dev_x@example.com,9,27.0,9,765.0,9
databases,2025-01-08,1,0,dev_x@example.com,25,75.0,25,2125.0,25
databases,2025-01-09,1,0,dev_x@example.com,16,48.0,16,1360.0,16
databases,2025-01-10,1,1,dev_x@example.com,9,27.0,9,765.0,9
databases,2025-01-11,1,0,dev_x@example.com,16,48.0,16,1360.0,16
databases,2025-01-12,1,0,dev_x@example.com,16,48.0,16,1360.0,16
databases,2025-01-13,1,1,dev_x@example.com,9,27.0,9,765.0,9
databases,2025-01-14,1,0,dev_x@example.com,8,24.0,8,680.0,8
databases,2025-01-15,1,0,dev_x@example.com,8,24.0,8,680.0,8
databases,2025-01-16,1,1,dev_x@example.com,0,0.0,0,0.0,0
databases,2025-01-17,1,0,dev_x@example.com,0,0.0,0,0.0,0
databases,2025-01-18,1,0,dev_x@example.com,0,0.0,0,0.0,0
databases,2025-01-19,1,1,dev_x@example.com,0,0.0,0,0.0,0
databases,2025-01-20,1,0,dev_x@example.com,0,0.0,0,0.0,0
databases,2025-01-21,1,0,dev_x@example.com,0,0.0,0,0.0,0
databases,2025-01-22,1,1,dev_x@example.com,0,0.0,0,0.0,0
databases,2025-01-23,1,0,dev_x@example.com,0,0.0,0,0.0,0
databases,2025-01-24,1,0,dev_x@example.com,0,0.0,0,0.0,0
databases,2025-01-25,1,1,dev_x@example.com,0,0.0,0,0.0,0
databases,2025-01-26,1,0,dev_x@example.com,0,0.0,0,0.0,0
databases,2025-01-27,1,0,dev_x@example.com,0,0.0,0,0.0,0
databases,2025-01-28,1,1,dev_x@example.com,0,0.0,0,0.0,0
databases,2025-01-29,1,0,dev_x@example.com,0,0.0,0,0.0,0
databases,2025-01-30,1,0,dev_x@example.com,0,0.0,0,0.0,0
databases,2025-01-31,1,1,dev_x@example.com,0,0.0,0,0.0,0
databases,2025-02-01,1,0,dev_x@example.com,0,0.0,0,0.0,0
databases,2025-02-02,1,0,dev_x@example.com,0,0.0,0,0.0,0
databases,2025-02-03,1,1,dev_x@example.com,0,0.0,0,0.0,0
databases,2025-02-04,1,0,dev_x@example.com,0,0.0,0,0.0,0
databases,2025-02-05,1,0,dev_x@example.com,0,0.0,0,0.0,0
databases,2025-02-06,1,1,dev_x@example.com,0,0.0,0,0.0,0
databases,2025-02-07,1,0,dev_x@example.com,0,0.0,0,0.0,0
databases,2025-02-08,1,0,dev_x@example.com,0,0.0,0,0.0,0
databases,2025-02-09,1,1,dev_x@example.com,0,0.0,0,0.0,0
databases,2025-02-10,1,0,dev_x@example.com,0,0.0,0,0.0,0
databases,2025-02-11,1,0,dev_x@example.com,0,0.0,0,0.0,0
databases,2025-02-12,1,1,dev_x@example.com,0,0.0,0,0.0,0
databases,2025-02-13,1,0,dev_x@example.com,0,0.0,0,0.0,0
databases,2025-02-14,1,0,dev_x@example.com,0,0.0,0,0.0,0
databases,2025-02-15,1,1,dev_x@example.com,0,0.0,0,0.0,0
databases,2025-02-16,1,0,dev_x@example.com,0,0.0,0,0.0,0
databases,2025-02-17,1,0,dev_x@example.com,0,0.0,0,0.0,0
databases,2025-02-18,1,1,dev_x@example.com,0,0.0,0,0.0,0
databases,2025-02-19,1,0,dev_x@example.com,0,0.0,0,0.0,0
databases,2025-02-20,1,0,dev_x@example.com,0,0.0,0,0.0,0
databases,2025-02-21,1,1,dev_x@example.com,0,0.0,0,0.0,0
databases,2025-02-22,1,0,dev_x@example.com,0,0.0,0,0.0,0
databases,2025-02-23,1,0,dev_x@example.com,0,0.0,0,0.0,0
databases,2025-02-24,1,1,dev_x@example.com,0,0.0,0,0.0,0
databases,2025-02-25,1,0,dev_x@example.com,0,0.0,0,0.0,0
databases,2025-02-26,1,0,dev_x@example.com,0,0.0,0,0.0,0
databases,2025-02-27,1,1,dev_x@example.com,0,0.0,0,0.0,0
databases,2025-02-28,1,0,dev_x@example.com,0,0.0,0,0.0,0
databases,2025-03-01,1,0,dev_x@example.com,0,0.0,0,0.0,0
databases,2025-03-02,1,1,dev_x@example.com,0,0.0,0,0.0,0
databases,2025-03-03,1,0,dev_x@example.com,0,0.0,0,0.0,0
databases,2025-03-04,1,0,dev_x@example.com,0,0.0,0,0.0,0
databases,2025-03-05,1,1,dev_x@example.com,0,0.0,0,0.0,0
databases,2025-03-06,1,0,dev_x@example.com,0,0.0,0,0.0,0
databases,2025-03-07,1,0,dev_x@example.com,0,0.0,0,0.0,0
databases,2025-03-08,1,1,dev_x@example.com,0,0.0,0,0.0,0
databases,2025-03-09,1,0,dev_x@example.com,0,0.0,0,0.0,0
databases,2025-03-10,1,0,dev_x@example.com,0,0.0,0,0.0,0
databases,2025-03-11,1,1,dev_x@example.com,0,0.0,0,0.0,0
databases,2025-03-12,1,0,dev_x@example.com,0,0.0,0,0.0,0
databases,2025-03-13,1,0,dev_x@example.com,0,0.0,0,0.0,0
databases,2025-03-14,1,1,dev_x@example.com,0,0.0,0,0.0,0
databases,2025-03-15,1,0,dev_x@example.com,0,0.0,0,0.0,0
databases,2025-03-16,1,0,dev_x@example.com,0,0.0,0,0.0,0
databases,2025-03-17,1,1,dev_x@example.com,0,0.0,0,0.0,0
databases,2025-03-18,1,0,dev_x@example.com,0,0.0,0,0.0,0
databases,2025-03-19,1,0,dev_x@example.com,0,0.0,0,0.0,0
databases,2025-03-20,1,1,dev_x@example.com,0,0.0,0,0.0,0
databases,2025-03-21,1,0,dev_x@example.com,0,0.0,0,0.0,0
databases,2025-03-22,1,0,dev_x@example.com,0,0.0,0,0.0,0
databases,2025-03-23,1,1,dev_x@example.com,0,0.0,0,0.0,0
databases,2025-03-24,1,0,dev_x@example.com,0,0.0,0,0.0,0
databases,2025-03-25,1,0,dev_x@example.com,0,0.0,0,0.0,0
databases,2025-03-26,1,1,dev_x@example.com,0,0.0,0,0.0,0
databases,2025-03-27,1,0,dev_x@example.com,0,0.0,0,0.0,0
databases,2025-03-28,1,0,dev_x@example.com,0,0.0,0,0.0,0
databases,2025-03-29,1,1,dev_x@example.com,0,0.0,0,0.0,0
databases,2025-03-30,1,0,dev_x@example.com,0,0.0,0,0.0,0
databases,2025-03-31,1,0,dev_x@example.com,0,0.0,0,0.0,0
databases,2025-04-01,1,1,dev_x@example.com,0,0.0,0,0.0,0
databases,2025-04-02,1,0,dev_x@example.com,0,0.0,0,0.0,0
databases,2025-04-03,1,0,dev_x@example.com,0,0.0,0,0.0,0
databases,2025-04-04,1,1,dev_x@example.com,0,0.0,0,0.0,0
databases,2025-04-05,1,0,dev_x@example.com,0,0.0,0,0.0,0
databases,2025-04-06,1,0,dev_x@example.com,0,0.0,0,0.0,0
databases,2025-04-07,1,1,dev_x@example.com,0,0.0,0,0.0,0
databases,2025-04-08,1,0,dev_x@example.com,0,0.0,0,0.0,0
databases,2025-04-09,1,0,dev_x@example.com,0,0.0,0,0.0,0
databases,2025-04-10,1,1,dev_x@example.com,0,0.0,0,0.0,0
databases,2025-04-11,1,0,dev_x@example.com,0,0.0,0,0.0,0
databases,2025-04-12,1,0,dev_x@example.com,0,0.0,0,0.0,0
databases,2025-04-13,1,1,dev_x@example.com,0,0.0,0,0.0,0
databases,2025-04-14,1,0,dev_x@example.com,0,0.0,0,0.0,0
databases,2025-04-15,1,0,dev_x@example.com,0,0.0,0,0.0,0
databases,2025-04-16,1,1,dev_x@example.com,0,0.0,0,0.0,0
databases,2025-04-17,1,0,dev_x@example.com,0,0.0,0,0.0,0
databases,2025-04-18,1,0,dev_x@example.com,0,0.0,0,0.0,0
databases,2025-04-19,1,1,dev_x@example.com,0,0.0,0,0.0,0
databases,2025-04-20,1,0,dev_x@example.com,0,0.0,0,0.0,0
databases,2025-04-21,1,0,dev_x@example.com,0,0.0,0,0.0,0
databases,2025-04-22,1,1,dev_x@example.com,0,0.0,0,0.0,0
databases,2025-04-23,1,0,dev_x@example.com,0,0.0,0,0.0,0
databases,2025-04-24,1,0,dev_x@example.com,0,0.0,0,0.0,0
databases,2025-04-25,1,1,dev_x@example.com,0,0.0,0,0.0,0
databases,2025-04-26,1,0,dev_x@example.com,0,0.0,0,0.0,0
databases,2025-04-27,1,0,dev_x@example.com,0,0.0,0,0.0,0
databases,2025-04-28,1,1,dev_x@example.com,0,0.0,0,0.0,0
databases,2025-04-29,1,0,dev_x@example.com,0,0.0,0,0.0,0
databases,2025-04-30,1,0,dev_x@example.com,0,0.0,0,0.0,0
databases,2025-05-01,1,1,dev_x@example.com,0,0.0,0,0.0,0
databases,2025-05-02,1,0,dev_x@example.com,0,0.0,0,0.0,0
databases,2025-05-03,1,0,dev_x@example.com,0,0.0,0,0.0,0
databases,2025-05-04,1,1,dev_x@example.com,0,0.0,0,0.0,0
databases,2025-05-05,1,0,dev_x@example.com,0,0.0,0,0.0,0
databases,2025-05-06,1,0,dev_x@example.com,0,0.0,0,0.0,0
databases,2025-05-07,1,1,dev_x@example.com,0,0.0,0,0.0,0
databases,2025-05-08,1,0,dev_x@example.com,0,0.0,0,0.0,0
databases,2025-05-09,1,0,dev_x@example.com,0,0.0,0,0.0,0
databases,2025-05-10,1,1,dev_x@example.com,0,0.0,0,0.0,0
databases,2025-05-11,1,0,dev_x@example.com,0,0.0,0,0.0,0
databases,2025-05-12,1,0,dev_x@example.com,0,0.0,0,0.0,0
databases,2025-05-13,1,1,dev_x@example.com,0,0.0,0,0.0,0
databases,2025-05-14,1,0,dev_x@example.com,0,0.0,0,0.0,0
databases,2025-05-15,1,0,dev_x@example.com,0,0.0,0,0.0,0
databases,2025-05-16,1,1,dev_x@example.com,0,0.0,0,0.0,0
databases,2025-05-17,1,0,dev_x@example.com,0,0.0,0,0.0,0
databases,2025-05-18,1,0,dev_x@example.com,0,0.0,0,0.0,0
databases,2025-05-19,1,1,dev_x@example.com,0,0.0,0,0.0,0
databases,2025-05-20,1,0,dev_x@example.com,0,0.0,0,0.0,0
databases,2025-05-21,1,0,dev_x@example.com,0,0.0,0,0.0,0
databases,2025-05-22,1,1,dev_x@example.com,0,0.0,0,0.0,0
databases,2025-05-23,1,0,dev_x@example.com,0,0.0,0,0.0,0
databases,2025-05-24,1,0,dev_x@example.com,0,0.0,0,0.0,0
databases,2025-05-25,1,1,dev_x@example.com,0,0.0,0,0.0,0
databases,2025-05-26,1,0,dev_x@example.com,0,0.0,0,0.0,0
databases,2025-05-27,1,0,dev_x@example.com,0,0.0,0,0.0,0
databases,2025-05-28,1,1,dev_x@example.com,0,0.0,0,0.0,0
databases,2025-05-29,1,0,dev_x@example.com,0,0.0,0,0.0,0
databases,2025-05-30,1,0,dev_x@example.com,0,0.0,0,0.0,0
databases,2025-05-31,1,1,dev_x@example.com,0,0.0,0,0.0,0
databases,2025-06-01,1,0,dev_x@example.com,0,0.0,0,0.0,0
databases,2025-06-02,1,0,dev_x@example.com,0,0.0,0,0.0,0
databases,2025-06-03,1,1,dev_x@example.com,0,0.0,0,0.0,0
databases,2025-06-04,1,0,dev_x@example.com,0,0.0,0,0.0,0
databases,2025-06-05,1,0,dev_x@example.com,0,0.0,0,0.0,0
databases,2025-06-06,1,1,dev_x@example.com,0,0.0,0,0.0,0
databases,2025-06-07,1,0,dev_x@example.com,0,0.0,0,0.0,0
databases,2025-06-08,1,0,dev_x@example.com,0,0.0,0,0.0,0
databases,2025-06-09,1,1,dev_x@example.com,0,0.0,0,0.0,0
databases,2025-06-10,1,0,dev_x@example.com,0,0.0,0,0.0,0
databases,2025-06-11,1,0,dev_x@example.com,0,0.0,0,0.0,0
databases,2025-06-12,1,1,dev_x@example.com,0,0.0,0,0.0,0
databases,2025-06-13,1,0,dev_x@example.com,0,0.0,0,0.0,0
databases,2025-06-14,1,0,dev_x@example.com,0,0.0,0,0.0,0
databases,2025-06-15,1,1,dev_x@example.com,0,0.0,0,0.0,0
databases,2025-06-16,1,0,dev_x@example.com,0,0.0,0,0.0,0
databases,2025-06-17,1,0,dev_x@example.com,0,0.0,0,0.0,0
databases,2025-06-18,1,1,dev_x@example.com,0,0.0,0,0.0,0
databases,2025-06-19,1,0,dev_x@example.com,0,0.0,0,0.0,0
databases,2025-06-20,1,0,dev_x@example.com,0,0.0,0,0.0,0
databases,2025-06-21,1,1,dev_x@example.com,0,0.0,0,0.0,0
databases,2025-06-22,1,0,dev_x@example.com,0,0.0,0,0.0,0
databases,2025-06-23,1,0,dev_x@example.com,0,0.0,0,0.0,0
databases,2025-06-24,1,1,dev_x@example.com,0,0.0,0,0.0,0
databases,2025-06-25,1,0,dev_x@example.com,0,0.0,0,0.0,0
databases,2025-06-26,1,0,dev_x@example.com,0,0.0,0,0.0,0
databases,2025-06-27,1,1,dev_x@example.com,0,0.0,0,0.0,0
databases,2025-06-28,1,0,dev_x@example.com,0,0.0,0,0.0,0
databases,2025-06-29,1,0,dev_x@example.com,0,0.0,0,0.0,0
databases,2025-06-30,1,1,dev_x@example.com,0,0.0,0,0.0,0
databases,2025-07-01,1,0,dev_x@example.com,0,0.0,0,0.0,0
databases,2025-07-02,1,0,dev_x@example.com,0,0.0,0,0.0,0
databases,2025-07-03,1,1,dev_x@example.com,0,0.0,0,0.0,0
databases,2025-07-04,1,0,dev_x@example.com,0,0.0,0,0.0,0
databases,2025-07-05,1,0,dev_x@example.com,0,0.0,0,0.0,0
databases,2025-07-06,1,1,dev_x@example.com,0,0.0,0,0.0,0
databases,2025-07-07,1,0,dev_x@example.com,0,0.0,0,0.0,0
databases,2025-07-08,1,0,dev_x@example.com,0,0.0,0,0.0,0
databases,2025-07-09,1,1,dev_x@example.com,0,0.0,0,0.0,0
databases,2025-07-10,1,0,dev_x@example.com,0,0.0,0,0.0,0
databases,2025-07-11,1,0,dev_x@example.com,0,0.0,0,0.0,0
databases,2025-07-12,1,1,dev_x@example.com,0,0.0,0,0.0,0
databases,2025-07-13,1,0,dev_x@example.com,0,0.0,0,0.0,0
databases,2025-07-14,1,0,dev_x@example.com,0,0.0,0,0.0,0
databases,2025-07-15,1,1,dev_x@example.com,0,0.0,0,0.0,0
databases,2025-07-16,1,0,dev_x@example.com,0,0.0,0,0.0,0
databases,2025-07-17,1,0,dev_x@example.com,0,0.0,0,0.0,0
databases,2025-07-18,1,1,dev_x@example.com,0,0.0,0,0.0,0
databases,2025-07-19,1,0,dev_x@example.com,0,0.0,0,0.0,0
fastapi,2025-01-01,1,1,dev_x@example.com,17,51.0,17,1445.0,17
fastapi,2025-01-02,1,0,dev_x@example.com,25,75.0,25,2125.0,25
fastapi,2025-01-03,1,0,dev_x@example.com,25,75.0,25,2125.0,25
fastapi,2025-01-04,1,1,dev_x@example.com,17,51.0,17,1445.0,17
fastapi,2025-01-05,1,0,dev_x@example.com,25,75.0,25,2125.0,25
fastapi,2025-01-06,1,0,dev_x@example.com,25,75.0,25,2125.0,25
fastapi,2025-01-07,1,1,dev_x@example.com,9,27.0,9,765.0,9
fastapi,2025-01-08,1,0,dev_x@example.com,25,75.0,25,2125.0,25
fastapi,2025-01-09,1,0,dev_x@example.com,16,48.0,16,1360.0,16
fastapi,2025-01-10,1,1,dev_x@example.com,9,27.0,9,765.0,9
fastapi,2025-01-11,1,0,dev_x@example.com,16,48.0,16,1360.0,16
fastapi,2025-01-12,1,0,dev_x@example.com,16,48.0,16,1360.0,16
fastapi,2025-01-13,1,1,dev_x@example.com,9,27.0,9,765.0,9
fastapi,2025-01-14,1,0,dev_x@example.com,8,24.0,8,680.0,8
fastapi,2025-01-15,1,0,dev_x@example.com,8,24.0,8,680.0,8
fastapi,2025-01-16,1,1,dev_x@example.com,0,0.0,0,0.0,0
fastapi,2025-01-17,1,0,dev_x@example.com,0,0.0,0,0.0,0
fastapi,2025-01-18,1,0,dev_x@example.com,0,0.0,0,0.0,0
fastapi,2025-01-19,1,1,dev_x@example.com,0,0.0,0,0.0,0
fastapi,2025-01-20,1,0,dev_x@example.com,0,0.0,0,0.0,0
fastapi,2025-01-21,1,0,dev_x@example.com,0,0.0,0,0.0,0
fastapi,2025-01-22,1,1,dev_x@example.com,0,0.0,0,0.0,0
fastapi,2025-01-23,1,0,dev_x@example.com,0,0.0,0,0.0,0
fastapi,2025-01-24,1,0,dev_x@example.com,0,0.0,0,0.0,0
fastapi,2025-01-25,1,1,dev_x@example.com,0,0.0,0,0.0,0
fastapi,2025-01-26,1,0,dev_x@example.com,0,0.0,0,0.0,0
fastapi,2025-01-27,1,0,dev_x@example.com,0,0.0,0,0.0,0
fastapi,2025-01-28,1,1,dev_x@example.com,0,0.0,0,0.0,0
fastapi,2025-01-29,1,0,dev_x@example.com,0,0.0,0,0.0,0
fastapi,2025-01-30,1,0,dev_x@example.com,0,0.0,0,0.0,0
fastapi,2025-01-31,1,1,dev_x@example.com,0,0.0,0,0.0,0
fastapi,2025-02-01,1,0,dev_x@example.com,0,0.0,0,0.0,0
fastapi,2025-02-02,1,0,dev_x@example.com,0,0.0,0,0.0,0
fastapi,2025-02-03,1,1,dev_x@example.com,0,0.0,0,0.0,0
fastapi,2025-02-04,1,0,dev_x@example.com,0,0.0,0,0.0,0
fastapi,2025-02-05,1,0,dev_x@example.com,0,0.0,0,0.0,0
fastapi,2025-02-06,1,1,dev_x@example.com,0,0.0,0,0.0,0
fastapi,2025-02-07,1,0,dev_x@example.com,0,0.0,0,0.0,0
fastapi,2025-02-08,1,0,dev_x@example.com,0,0.0,0,0.0,0
fastapi,2025-02-09,1,1,dev_x@example.com,0,0.0,0,0.0,0
fastapi,2025-02-10,1,0,dev_x@example.com,0,0.0,0,0.0,0
fastapi,2025-02-11,1,0,dev_x@example.com,0,0.0,0,0.0,0
fastapi,2025-02-12,1,1,dev_x@example.com,0,0.0,0,0.0,0
fastapi,2025-02-13,1,0,dev_x@example.com,0,0.0,0,0.0,0
fastapi,2025-02-14,1,0,dev_x@example.com,0,0.0,0,0.0,0
fastapi,2025-02-15,1,1,dev_x@example.com,0,0.0,0,0.0,0
fastapi,2025-02-16,1,0,dev_x@example.com,0,0.0,0,0.0,0
fastapi,2025-02-17,1,0,dev_x@example.com,0,0.0,0,0.0,0
fastapi,2025-02-18,1,1,dev_x@example.com,0,0.0,0,0.0,0
fastapi,2025-02-19,1,0,dev_x@example.com,0,0.0,0,0.0,0
fastapi,2025-02-20,1,0,dev_x@example.com,0,0.0,0,0.0,0
fastapi,2025-02-21,1,1,dev_x@example.com,0,0.0,0,0.0,0
fastapi,2025-02-22,1,0,dev_x@example.com,0,0.0,0,0.0,0
fastapi,2025-02-23,1,0,dev_x@example.com,0,0.0,0,0.0,0
fastapi,2025-02-24,1,1,dev_x@example.com,0,0.0,0,0.0,0
fastapi,2025-02-25,1,0,dev_x@example.com,0,0.0,0,0.0,0
fastapi,2025-02-26,1,0,dev_x@example.com,0,0.0,0,0.0,0
fastapi,2025-02-27,1,1,dev_x@example.com,0,0.0,0,0.0,0
fastapi,2025-02-28,1,0,dev_x@example.com,0,0.0,0,0.0,0
fastapi,2025-03-01,1,0,dev_x@example.com,0,0.0,0,0.0,0
fastapi,2025-03-02,1,1,dev_x@example.com,0,0.0,0,0.0,0
fastapi,2025-03-03,1,0,dev_x@example.com,0,0.0,0,0.0,0
fastapi,2025-03-04,1,0,dev_x@example.com,0,0.0,0,0.0,0
fastapi,2025-03-05,1,1,dev_x@example.com,0,0.0,0,0.0,0
fastapi,2025-03-06,1,0,dev_x@example.com,0,0.0,0,0.0,0
fastapi,2025-03-07,1,0,dev_x@example.com,0,0.0,0,0.0,0
fastapi,2025-03-08,1,1,dev_x@example.com,0,0.0,0,0.0,0
fastapi,2025-03-09,1,0,dev_x@example.com,0,0.0,0,0.0,0
fastapi,2025-03-10,1,0,dev_x@example.com,0,0.0,0,0.0,0
fastapi,2025-03-11,1,1,dev_x@example.com,0,0.0,0,0.0,0
fastapi,2025-03-12,1,0,dev_x@example.com,0,0.0,0,0.0,0
fastapi,2025-03-13,1,0,dev_x@example.com,0,0.0,0,0.0,0
fastapi,2025-03-14,1,1,dev_x@example.com,0,0.0,0,0.0,0
fastapi,2025-03-15,1,0,dev_x@example.com,0,0.0,0,0.0,0
fastapi,2025-03-16,1,0,dev_x@example.com,0,0.0,0,0.0,0
fastapi,2025-03-17,1,1,dev_x@example.com,0,0.0,0,0.0,0
fastapi,2025-03-18,1,0,dev_x@example.com,0,0.0,0,0.0,0
fastapi,2025-03-19,1,0,dev_x@example.com,0,0.0,0,0.0,0
fastapi,2025-03-20,1,1,dev_x@example.com,0,0.0,0,0.0,0
fastapi,2025-03-21,1,0,dev_x@example.com,0,0.0,0,0.0,0
fastapi,2025-03-22,1,0,dev_x@example.com,0,0.0,0,0.0,0
fastapi,2025-03-23,1,1,dev_x@example.com,0,0.0,0,0.0,0
fastapi,2025-03-24,1,0,dev_x@example.com,0,0.0,0,0.0,0
fastapi,2025-03-25,1,0,dev_x@example.com,0,0.0,0,0.0,0
fastapi,2025-03-26,1,1,dev_x@example.com,0,0.0,0,0.0,0
fastapi,2025-03-27,1,0,dev_x@example.com,0,0.0,0,0.0,0
fastapi,2025-03-28,1,0,dev_x@example.com,0,0.0,0,0.0,0
fastapi,2025-03-29,1,1,dev_x@example.com,0,0.0,0,0.0,0
fastapi,2025-03-30,1,0,dev_x@example.com,0,0.0,0,0.0,0
fastapi,2025-03-31,1,0,dev_x@example.com,0,0.0,0,0.0,0
fastapi,2025-04-01,1,1,dev_x@example.com,0,0.0,0,0.0,0
fastapi,2025-04-02,1,0,dev_x@example.com,0,0.0,0,0.0,0
fastapi,2025-04-03,1,0,dev_x@example.com,0,0.0,0,0.0,0
fastapi,2025-04-04,1,1,dev_x@example.com,0,0.0,0,0.0,0
fastapi,2025-04-05,1,0,dev_x@example.com,0,0.0,0,0.0,0
fastapi,2025-04-06,1,0,dev_x@example.com,0,0.0,0,0.0,0
fastapi,2025-04-07,1,1,dev_x@example.com,0,0.0,0,0.0,0
fastapi,2025-04-08,1,0,dev_x@example.com,0,0.0,0,0.0,0
fastapi,2025-04-09,1,0,dev_x@example.com,0,0.0,0,0.0,0
fastapi,2025-04-10,1,1,dev_x@example.com,0,0.0,0,0.0,0
fastapi,2025-04-11,1,0,dev_x@example.com,0,0.0,0,0.0,0
fastapi,2025-04-12,1,0,dev_x@example.com,0,0.0,0,0.0,0
fastapi,2025-04-13,1,1,dev_x@example.com,0,0.0,0,0.0,0
fastapi,2025-04-14,1,0,dev_x@example.com,0,0.0,0,0.0,0
fastapi,2025-04-15,1,0,dev_x@example.com,0,0.0,0,0.0,0
fastapi,2025-04-16,1,1,dev_x@example.com,0,0.0,0,0.0,0
fastapi,2025-04-17,1,0,dev_x@example.com,0,0.0,0,0.0,0
fastapi,2025-04-18,1,0,dev_x@example.com,0,0.0,0,0.0,0
fastapi,2025-04-19,1,1,dev_x@example.com,0,0.0,0,0.0,0
fastapi,2025-04-20,1,0,dev_x@example.com,0,0.0,0,0.0,0
fastapi,2025-04-21,1,0,dev_x@example.com,0,0.0,0,0.0,0
fastapi,2025-04-22,1,1,dev_x@example.com,0,0.0,0,0.0,0
fastapi,2025-04-23,1,0,dev_x@example.com,0,0.0,0,0.0,0
fastapi,2025-04-24,1,0,dev_x@example.com,0,0.0,0,0.0,0
fastapi,2025-04-25,1,1,dev_x@example.com,0,0.0,0,0.0,0
fastapi,2025-04-26,1,0,dev_x@example.com,0,0.0,0,0.0,0
fastapi,2025-04-27,1,0,dev_x@example.com,0,0.0,0,0.0,0
fastapi,2025-04-28,1,1,dev_x@example.com,0,0.0,0,0.0,0
fastapi,2025-04-29,1,0,dev_x@example.com,0,0.0,0,0.0,0
fastapi,2025-04-30,1,0,dev_x@example.com,0,0.0,0,0.0,0
fastapi,2025-05-01,1,1,dev_x@example.com,0,0.0,0,0.0,0
fastapi,2025-05-02,1,0,dev_x@example.com,0,0.0,0,0.0,0
fastapi,2025-05-03,1,0,dev_x@example.com,0,0.0,0,0.0,0
fastapi,2025-05-04,1,1,dev_x@example.com,0,0.0,0,0.0,0
fastapi,2025-05-05,1,0,dev_x@example.com,0,0.0,0,0.0,0
fastapi,2025-05-06,1,0,dev_x@example.com,0,0.0,0,0.0,0
fastapi,2025-05-07,1,1,dev_x@example.com,0,0.0,0,0.0,0
fastapi,2025-05-08,1,0,dev_x@example.com,0,0.0,0,0.0,0
fastapi,2025-05-09,1,0,dev_x@example.com,0,0.0,0,0.0,0
fastapi,2025-05-10,1,1,dev_x@example.com,0,0.0,0,0.0,0
fastapi,2025-05-11,1,0,dev_x@example.com,0,0.0,0,0.0,0
fastapi,2025-05-12,1,0,dev_x@example.com,0,0.0,0,0.0,0
fastapi,2025-05-13,1,1,dev_x@example.com,0,0.0,0,0.0,0
fastapi,2025-05-14,1,0,dev_x@example.com,0,0.0,0,0.0,0
fastapi,2025-05-15,1,0,dev_x@example.com,0,0.0,0,0.0,0
fastapi,2025-05-16,1,1,dev_x@example.com,0,0.0,0,0.0,0
fastapi,2025-05-17,1,0,dev_x@example.com,0,0.0,0,0.0,0
fastapi,2025-05-18,1,0,dev_x@example.com,0,0.0,0,0.0,0
fastapi,2025-05-19,1,1,dev_x@example.com,0,0.0,0,0.0,0
fastapi,2025-05-20,1,0,dev_x@example.com,0,0.0,0,0.0,0
fastapi,2025-05-21,1,0,dev_x@example.com,0,0.0,0,0.0,0
fastapi,2025-05-22,1,1,dev_x@example.com,0,0.0,0,0.0,0
fastapi,2025-05-23,1,0,dev_x@example.com,0,0.0,0,0.0,0
fastapi,2025-05-24,1,0,dev_x@example.com,0,0.0,0,0.0,0
fastapi,2025-05-25,1,1,dev_x@example.com,0,0.0,0,0.0,0
fastapi,2025-05-26,1,0,dev_x@example.com,0,0.0,0,0.0,0
fastapi,2025-05-27,1,0,dev_x@example.com,0,0.0,0,0.0,0
fastapi,2025-05-28,1,1,dev_x@example.com,0,0.0,0,0.0,0
fastapi,2025-05-29,1,0,dev_x@example.com,0,0.0,0,0.0,0
fastapi,2025-05-30,1,0,dev_x@example.com,0,0.0,0,0.0,0
fastapi,2025-05-31,1,1,dev_x@example.com,0,0.0,0,0.0,0
fastapi,2025-06-01,1,0,dev_x@example.com,0,0.0,0,0.0,0
fastapi,2025-06-02,1,0,dev_x@example.com,0,0.0,0,0.0,0
fastapi,2025-06-03,1,1,dev_x@example.com,0,0.0,0,0.0,0
fastapi,2025-06-04,1,0,dev_x@example.com,0,0.0,0,0.0,0
fastapi,2025-06-05,1,0,dev_x@example.com,0,0.0,0,0.0,0
fastapi,2025-06-06,1,1,dev_x@example.com,0,0.0,0,0.0,0
fastapi,2025-06-07,1,0,dev_x@example.com,0,0.0,0,0.0,0
fastapi,2025-06-08,1,0,dev_x@example.com,0,0.0,0,0.0,0
fastapi,2025-06-09,1,1,dev_x@example.com,0,0.0,0,0.0,0
fastapi,2025-06-10,1,0,dev_x@example.com,0,0.0,0,0.0,0
fastapi,2025-06-11,1,0,dev_x@example.com,0,0.0,0,0.0,0
fastapi,2025-06-12,1,1,dev_x@example.com,0,0.0,0,0.0,0
fastapi,2025-06-13,1,0,dev_x@example.com,0,0.0,0,0.0,0
fastapi,2025-06-14,1,0,dev_x@example.com,0,0.0,0,0.0,0
fastapi,2025-06-15,1,1,dev_x@example.com,0,0.0,0,0.0,0
fastapi,2025-06-16,1,0,dev_x@example.com,0,0.0,0,0.0,0
fastapi,2025-06-17,1,0,dev_x@example.com,0,0.0,0,0.0,0
fastapi,2025-06-18,1,1,dev_x@example.com,0,0.0,0,0.0,0
fastapi,2025-06-19,1,0,dev_x@example.com,0,0.0,0,0.0,0
fastapi,2025-06-20,1,0,dev_x@example.com,0,0.0,0,0.0,0
fastapi,2025-06-21,1,1,dev_x@example.com,0,0.0,0,0.0,0
fastapi,2025-06-22,1,0,dev_x@example.com,0,0.0,0,0.0,0
fastapi,2025-06-23,1,0,dev_x@example.com,0,0.0,0,0.0,0
fastapi,2025-06-24,1,1,dev_x@example.com,0,0.0,0,0.0,0
fastapi,2025-06-25,1,0,dev_x@example.com,0,0.0,0,0.0,0
fastapi,2025-06-26,1,0,dev_x@example.com,0,0.0,0,0.0,0
fastapi,2025-06-27,1,1,dev_x@example.com,0,0.0,0,0.0,0
fastapi,2025-06-28,1,0,dev_x@example.com,0,0.0,0,0.0,0
fastapi,2025-06-29,1,0,dev_x@example.com,0,0.0,0,0.0,0
fastapi,2025-06-30,1,1,dev_x@example.com,0,0.0,0,0.0,0
fastapi,2025-07-01,1,0,dev_x@example.com,0,0.0,0,0.0,0
fastapi,2025-07-02,1,0,dev_x@example.com,0,0.0,0,0.0,0
fastapi,2025-07-03,1,1,dev_x@example.com,0,0.0,0,0.0,0
fastapi,2025-07-04,1,0,dev_x@example.com,0,0.0,0,0.0,0
fastapi,2025-07-05,1,0,dev_x@example.com,0,0.0,0,0.0,0
fastapi,2025-07-06,1,1,dev_x@example.com,0,0.0,0,0.0,0
fastapi,2025-07-07,1,0,dev_x@example.com,0,0.0,0,0.0,0
fastapi,2025-07-08,1,0,dev_x@example.com,0,0.0,0,0.0,0
fastapi,2025-07-09,1,1,dev_x@example.com,0,0.0,0,0.0,0
fastapi,2025-07-10,1,0,dev_x@example.com,0,0.0,0,0.0,0
fastapi,2025-07-11,1,0,dev_x@example.com,0,0.0,0,0.0,0
fastapi,2025-07-12,1,1,dev_x@example.com,0,0.0,0,0.0,0
fastapi,2025-07-13,1,0,dev_x@example.com,0,0.0,0,0.0,0
fastapi,2025-07-14,1,0,dev_x@example.com,0,0.0,0,0.0,0
fastapi,2025-07-15,1,1,dev_x@example.com,0,0.0,0,0.0,0
fastapi,2025-07-16,1,0,dev_x@example.com,0,0.0,0,0.0,0
fastapi,2025-07-17,1,0,dev_x@example.com,0,0.0,0,0.0,0
fastapi,2025-07-18,1,1,dev_x@example.com,0,0.0,0,0.0,0
fastapi,2025-07-19,1,0,dev_x@example.com,0,0.0,0,0.0,0
django,2025-01-01,1,1,dev_x@example.com,17,51.0,17,1445.0,17
django,2025-01-02,1,0,dev_x@example.com,25,75.0,25,2125.0,25
django,2025-01-03,1,0,dev_x@example.com,25,75.0,25,2125.0,25
django,2025-01-04,1,1,dev_x@example.com,17,51.0,17,1445.0,17
django,2025-01-05,1,0,dev_x@example.com,25,75.0,25,2125.0,25
django,2025-01-06,1,0,dev_x@example.com,25,75.0,25,2125.0,25
django,2025-01-07,1,1,dev_x@example.com,9,27.0,9,765.0,9
django,2025-01-08,1,0,dev_x@example.com,25,75.0,25,2125.0,25
django,2025-01-09,1,0,dev_x@example.com,16,48.0,16,1360.0,16
django,2025-01-10,1,1,dev_x@example.com,9,27.0,9,765.0,9
django,2025-01-11,1,0,dev_x@example.com,16,48.0,16,1360.0,16
django,2025-01-12,1,0,dev_x@example.com,16,48.0,16,1360.0,16
django,2025-01-13,1,1,dev_x@example.com,9,27.0,9,765.0,9
django,2025-01-14,1,0,dev_x@example.com,8,24.0,8,680.0,8
django,2025-01-15,1,0,dev_x@example.com,8,24.0,8,680.0,8
django,2025-01-16,1,1,dev_x@example.com,0,0.0,0,0.0,0
django,2025-01-17,1,0,dev_x@example.com,0,0.0,0,0.0,0
django,2025-01-18,1,0,dev_x@example.com,0,0.0,0,0.0,0
django,2025-01-19,1,1,dev_x@example.com,0,0.0,0,0.0,0
django,2025-01-20,1,0,dev_x@example.com,0,0.0,0,0.0,0
django,2025-01-21,1,0,dev_x@example.com,0,0.0,0,0.0,0
django,2025-01-22,1,1,dev_x@example.com,0,0.0,0,0.0,0
django,2025-01-23,1,0,dev_x@example.com,0,0.0,0,0.0,0
django,2025-01-24,1,0,dev_x@example.com,0,0.0,0,0.0,0
django,2025-01-25,1,1,dev_x@example.com,0,0.0,0,0.0,0
django,2025-01-26,1,0,dev_x@example.com,0,0.0,0,0.0,0
django,2025-01-27,1,0,dev_x@example.com,0,0.0,0,0.0,0
django,2025-01-28,1,1,dev_x@example.com,0,0.0,0,0.0,0
django,2025-01-29,1,0,dev_x@example.com,0,0.0,0,0.0,0
django,2025-01-30,1,0,dev_x@example.com,0,0.0,0,0.0,0
django,2025-01-31,1,1,dev_x@example.com,0,0.0,0,0.0,0
django,2025-02-01,1,0,dev_x@example.com,0,0.0,0,0.0,0
django,2025-02-02,1,0,dev_x@example.com,0,0.0,0,0.0,0
django,2025-02-03,1,1,dev_x@example.com,0,0.0,0,0.0,0
django,2025-02-04,1,0,dev_x@example.com,0,0.0,0,0.0,0
django,2025-02-05,1,0,dev_x@example.com,0,0.0,0,0.0,0
django,2025-02-06,1,1,dev_x@example.com,0,0.0,0,0.0,0
django,2025-02-07,1,0,dev_x@example.com,0,0.0,0,0.0,0
django,2025-02-08,1,0,dev_x@example.com,0,0.0,0,0.0,0
django,2025-02-09,1,1,dev_x@example.com,0,0.0,0,0.0,0
django,2025-02-10,1,0,dev_x@example.com,0,0.0,0,0.0,0
django,2025-02-11,1,0,dev_x@example.com,0,0.0,0,0.0,0
django,2025-02-12,1,1,dev_x@example.com,0,0.0,0,0.0,0
django,2025-02-13,1,0,dev_x@example.com,0,0.0,0,0.0,0
django,2025-02-14,1,0,dev_x@example.com,0,0.0,0,0.0,0
django,2025-02-15,1,1,dev_x@example.com,0,0.0,0,0.0,0
django,2025-02-16,1,0,dev_x@example.com,0,0.0,0,0.0,0
django,2025-02-17,1,0,dev_x@example.com,0,0.0,0,0.0,0
django,2025-02-18,1,1,dev_x@example.com,0,0.0,0,0.0,0
django,2025-02-19,1,0,dev_x@example.com,0,0.0,0,0.0,0
django,2025-02-20,1,0,dev_x@example.com,0,0.0,0,0.0,0
django,2025-02-21,1,1,dev_x@example.com,0,0.0,0,0.0,0
django,2025-02-22,1,0,dev_x@example.com,0,0.0,0,0.0,0
django,2025-02-23,1,0,dev_x@example.com,0,0.0,0,0.0,0
django,2025-02-24,1,1,dev_x@example.com,0,0.0,0,0.0,0
django,2025-02-25,1,0,dev_x@example.com,0,0.0,0,0.0,0
django,2025-02-26,1,0,dev_x@example.com,0,0.0,0,0.0,0
django,2025-02-27,1,1,dev_x@example.com,0,0.0,0,0.0,0
django,2025-02-28,1,0,dev_x@example.com,0,0.0,0,0.0,0
django,2025-03-01,1,0,dev_x@example.com,0,0.0,0,0.0,0
django,2025-03-02,1,1,dev_x@example.com,0,0.0,0,0.0,0
django,2025-03-03,1,0,dev_x@example.com,0,0.0,0,0.0,0
django,2025-03-04,1,0,dev_x@example.com,0,0.0,0,0.0,0
django,2025-03-05,1,1,dev_x@example.com,0,0.0,0,0.0,0
django,2025-03-06,1,0,dev_x@example.com,0,0.0,0,0.0,0
django,2025-03-07,1,0,dev_x@example.com,0,0.0,0,0.0,0
django,2025-03-08,1,1,dev_x@example.com,0,0.0,0,0.0,0
django,2025-03-09,1,0,dev_x@example.com,0,0.0,0,0.0,0
django,2025-03-10,1,0,dev_x@example.com,0,0.0,0,0.0,0
django,2025-03-11,1,1,dev_x@example.com,0,0.0,0,0.0,0
django,2025-03-12,1,0,dev_x@example.com,0,0.0,0,0.0,0
django,2025-03-13,1,0,dev_x@example.com,0,0.0,0,0.0,0
django,2025-03-14,1,1,dev_x@example.com,0,0.0,0,0.0,0
django,2025-03-15,1,0,dev_x@example.com,0,0.0,0,0.0,0
django,2025-03-16,1,0,dev_x@example.com,0,0.0,0,0.0,0
django,2025-03-17,1,1,dev_x@example.com,0,0.0,0,0.0,0
django,2025-03-18,1,0,dev_x@example.com,0,0.0,0,0.0,0
django,2025-03-19,1,0,dev_x@example.com,0,0.0,0,0.0,0
django,2025-03-20,1,1,dev_x@example.com,0,0.0,0,0.0,0
django,2025-03-21,1,0,dev_x@example.com,0,0.0,0,0.0,0
django,2025-03-22,1,0,dev_x@example.com,0,0.0,0,0.0,0
django,2025-03-23,1,1,dev_x@example.com,0,0.0,0,0.0,0
django,2025-03-24,1,0,dev_x@example.com,0,0.0,0,0.0,0
django,2025-03-25,1,0,dev_x@example.com,0,0.0,0,0.0,0
django,2025-03-26,1,1,dev_x@example.com,0,0.0,0,0.0,0
django,2025-03-27,1,0,dev_x@example.com,0,0.0,0,0.0,0
django,2025-03-28,1,0,dev_x@example.com,0,0.0,0,0.0,0
django,2025-03-29,1,1,dev_x@example.com,0,0.0,0,0.0,0
django,2025-03-30,1,0,dev_x@example.com,0,0.0,0,0.0,0
django,2025-03-31,1,0,dev_x@example.com,0,0.0,0,0.0,0
django,2025-04-01,1,1,dev_x@example.com,0,0.0,0,0.0,0
django,2025-04-02,1,0,dev_x@example.com,0,0.0,0,0.0,0
django,2025-04-03,1,0,dev_x@example.com,0,0.0,0,0.0,0
django,2025-04-04,1,1,dev_x@example.com,0,0.0,0,0.0,0
django,2025-04-05,1,0,dev_x@example.com,0,0.0,0,0.0,0
django,2025-04-06,1,0,dev_x@example.com,0,0.0,0,0.0,0
django,2025-04-07,1,1,dev_x@example.com,0,0.0,0,0.0,0
django,2025-04-08,1,0,dev_x@example.com,0,0.0,0,0.0,0
django,2025-04-09,1,0,dev_x@example.com,0,0.0,0,0.0,0
django,2025-04-10,1,1,dev_x@example.com,0,0.0,0,0.0,0
django,2025-04-11,1,0,dev_x@example.com,0,0.0,0,0.0,0
django,2025-04-12,1,0,dev_x@example.com,0,0.0,0,0.0,0
django,2025-04-13,1,1,dev_x@example.com,0,0.0,0,0.0,0
django,2025-04-14,1,0,dev_x@example.com,0,0.0,0,0.0,0
django,2025-04-15,1,0,dev_x@example.com,0,0.0,0,0.0,0
django,2025-04-16,1,1,dev_x@example.com,0,0.0,0,0.0,0
django,2025-04-17,1,0,dev_x@example.com,0,0.0,0,0.0,0
django,2025-04-18,1,0,dev_x@example.com,0,0.0,0,0.0,0
django,2025-04-19,1,1,dev_x@example.com,0,0.0,0,0.0,0
django,2025-04-20,1,0,dev_x@example.com,0,0.0,0,0.0,0
django,2025-04-21,1,0,dev_x@example.com,0,0.0,0,0.0,0
django,2025-04-22,1,1,dev_x@example.com,0,0.0,0,0.0,0
django,2025-04-23,1,0,dev_x@example.com,0,0.0,0,0.0,0
django,2025-04-24,1,0,dev_x@example.com,0,0.0,0,0.0,0
django,2025-04-25,1,1,dev_x@example.com,0,0.0,0,0.0,0
django,2025-04-26,1,0,dev_x@example.com,0,0.0,0,0.0,0
django,2025-04-27,1,0,dev_x@example.com,0,0.0,0,0.0,0
django,2025-04-28,1,1,dev_x@example.com,0,0.0,0,0.0,0
django,2025-04-29,1,0,dev_x@example.com,0,0.0,0,0.0,0
django,2025-04-30,1,0,dev_x@example.com,0,0.0,0,0.0,0
django,2025-05-01,1,1,dev_x@example.com,0,0.0,0,0.0,0
django,2025-05-02,1,0,dev_x@example.com,0,0.0,0,0.0,0
django,2025-05-03,1,0,dev_x@example.com,0,0.0,0,0.0,0
django,2025-05-04,1,1,dev_x@example.com,0,0.0,0,0.0,0
django,2025-05-05,1,0,dev_x@example.com,0,0.0,0,0.0,0
django,2025-05-06,1,0,dev_x@example.com,0,0.0,0,0.0,0
django,2025-05-07,1,1,dev_x@example.com,0,0.0,0,0.0,0
django,2025-05-08,1,0,dev_x@example.com,0,0.0,0,0.0,0
django,2025-05-09,1,0,dev_x@example.com,0,0.0,0,0.0,0
django,2025-05-10,1,1,dev_x@example.com,0,0.0,0,0.0,0
django,2025-05-11,1,0,dev_x@example.com,0,0.0,0,0.0,0
django,2025-05-12,1,0,dev_x@example.com,0,0.0,0,0.0,0
django,2025-05-13,1,1,dev_x@example.com,0,0.0,0,0.0,0
django,2025-05-14,1,0,dev_x@example.com,0,0.0,0,0.0,0
django,2025-05-15,1,0,dev_x@example.com,0,0.0,0,0.0,0
django,2025-05-16,1,1,dev_x@example.com,0,0.0,0,0.0,0
django,2025-05-17,1,0,dev_x@example.com,0,0.0,0,0.0,0
django,2025-05-18,1,0,dev_x@example.com,0,0.0,0,0.0,0
django,2025-05-19,1,1,dev_x@example.com,0,0.0,0,0.0,0
django,2025-05-20,1,0,dev_x@example.com,0,0.0,0,0.0,0
django,2025-05-21,1,0,dev_x@example.com,0,0.0,0,0.0,0
django,2025-05-22,1,1,dev_x@example.com,0,0.0,0,0.0,0
django,2025-05-23,1,0,dev_x@example.com,0,0.0,0,0.0,0
django,2025-05-24,1,0,dev_x@example.com,0,0.0,0,0.0,0
django,2025-05-25,1,1,dev_x@example.com,0,0.0,0,0.0,0
django,2025-05-26,1,0,dev_x@example.com,0,0.0,0,0.0,0
django,2025-05-27,1,0,dev_x@example.com,0,0.0,0,0.0,0
django,2025-05-28,1,1,dev_x@example.com,0,0.0,0,0.0,0
django,2025-05-29,1,0,dev_x@example.com,0,0.0,0,0.0,0
django,2025-05-30,1,0,dev_x@example.com,0,0.0,0,0.0,0
django,2025-05-31,1,1,dev_x@example.com,0,0.0,0,0.0,0
django,2025-06-01,1,0,dev_x@example.com,0,0.0,0,0.0,0
django,2025-06-02,1,0,dev_x@example.com,0,0.0,0,0.0,0
django,2025-06-03,1,1,dev_x@example.com,0,0.0,0,0.0,0
django,2025-06-04,1,0,dev_x@example.com,0,0.0,0,0.0,0
django,2025-06-05,1,0,dev_x@example.com,0,0.0,0,0.0,0
django,2025-06-06,1,1,dev_x@example.com,0,0.0,0,0.0,0
django,2025-06-07,1,0,dev_x@example.com,0,0.0,0,0.0,0
django,2025-06-08,1,0,dev_x@example.com,0,0.0,0,0.0,0
django,2025-06-09,1,1,dev_x@example.com,0,0.0,0,0.0,0
django,2025-06-10,1,0,dev_x@example.com,0,0.0,0,0.0,0
django,2025-06-11,1,0,dev_x@example.com,0,0.0,0,0.0,0
django,2025-06-12,1,1,dev_x@example.com,0,0.0,0,0.0,0
django,2025-06-13,1,0,dev_x@example.com,0,0.0,0,0.0,0
django,2025-06-14,1,0,dev_x@example.com,0,0.0,0,0.0,0
django,2025-06-15,1,1,dev_x@example.com,0,0.0,0,0.0,0
django,2025-06-16,1,0,dev_x@example.com,0,0.0,0,0.0,0
django,2025-06-17,1,0,dev_x@example.com,0,0.0,0,0.0,0
django,2025-06-18,1,1,dev_x@example.com,0,0.0,0,0.0,0
django,2025-06-19,1,0,dev_x@example.com,0,0.0,0,0.0,0
django,2025-06-20,1,0,dev_x@example.com,0,0.0,0,0.0,0
django,2025-06-21,1,1,dev_x@example.com,0,0.0,0,0.0,0
django,2025-06-22,1,0,dev_x@example.com,0,0.0,0,0.0,0
django,2025-06-23,1,0,dev_x@example.com,0,0.0,0,0.0,0
django,2025-06-24,1,1,dev_x@example.com,0,0.0,0,0.0,0
django,2025-06-25,1,0,dev_x@example.com,0,0.0,0,0.0,0
django,2025-06-26,1,0,dev_x@example.com,0,0.0,0,0.0,0
django,2025-06-27,1,1,dev_x@example.com,0,0.0,0,0.0,0
django,2025-06-28,1,0,dev_x@example.com,0,0.0,0,0.0,0
django,2025-06-29,1,0,dev_x@example.com,0,0.0,0,0.0,0
django,2025-06-30,1,1,dev_x@example.com,0,0.0,0,0.0,0
django,2025-07-01,1,0,dev_x@example.com,0,0.0,0,0.0,0
django,2025-07-02,1,0,dev_x@example.com,0,0.0,0,0.0,0
django,2025-07-03,1,1,dev_x@example.com,0,0.0,0,0.0,0
django,2025-07-04,1,0,dev_x@example.com,0,0.0,0,0.0,0
django,2025-07-05,1,0,dev_x@example.com,0,0.0,0,0.0,0
django,2025-07-06,1,1,dev_x@example.com,0,0.0,0,0.0,0
django,2025-07-07,1,0,dev_x@example.com,0,0.0,0,0.0,0
django,2025-07-08,1,0,dev_x@example.com,0,0.0,0,0.0,0
django,2025-07-09,1,1,dev_x@example.com,0,0.0,0,0.0,0
django,2025-07-10,1,0,dev_x@example.com,0,0.0,0,0.0,0
django,2025-07-11,1,0,dev_x@example.com,0,0.0,0,0.0,0
django,2025-07-12,1,1,dev_x@example.com,0,0.0,0,0.0,0
django,2025-07-13,1,0,dev_x@example.com,0,0.0,0,0.0,0
django,2025-07-14,1,0,dev_x@example.com,0,0.0,0,0.0,0
django,2025-07-15,1,1,dev_x@example.com,0,0.0,0,0.0,0
django,2025-07-16,1,0,dev_x@example.com,0,0.0,0,0.0,0
django,2025-07-17,1,0,dev_x@example.com,0,0.0,0,0.0,0
django,2025-07-18,1,1,dev_x@example.com,0,0.0,0,0.0,0
django,2025-07-19,1,0,dev_x@example.com,0,0.0,0,0.0,0
pandas,2025-01-01,1,1,dev_x@example.com,17,51.0,17,1445.0,17
pandas,2025-01-02,1,0,dev_x@example.com,25,75.0,25,2125.0,25
pandas,2025-01-03,1,0,dev_x@example.com,25,75.0,25,2125.0,25
pandas,2025-01-04,1,1,dev_x@example.com,17,51.0,17,1445.0,17
pandas,2025-01-05,1,0,dev_x@example.com,25,75.0,25,2125.0,25
pandas,2025-01-06,1,0,dev_x@example.com,25,75.0,25,2125.0,25
pandas,2025-01-07,1,1,dev_x@example.com,9,27.0,9,765.0,9
pandas,2025-01-08,1,0,dev_x@example.com,25,75.0,25,2125.0,25
pandas,2025-01-09,1,0,dev_x@example.com,16,48.0,16,1360.0,16
pandas,2025-01-10,1,1,dev_x@example.com,9,27.0,9,765.0,9
pandas,2025-01-11,1,0,dev_x@example.com,16,48.0,16,1360.0,16
pandas,2025-01-12,1,0,dev_x@example.com,16,48.0,16,1360.0,16
pandas,2025-01-13,1,1,dev_x@example.com,9,27.0,9,765.0,9
pandas,2025-01-14,1,0,dev_x@example.com,8,24.0,8,680.0,8
pandas,2025-01-15,1,0,dev_x@example.com,8,24.0,8,680.0,8
pandas,2025-01-16,1,1,dev_x@example.com,0,0.0,0,0.0,0
pandas,2025-01-17,1,0,dev_x@example.com,0,0.0,0,0.0,0
pandas,2025-01-18,1,0,dev_x@example.com,0,0.0,0,0.0,0
pandas,2025-01-19,1,1,dev_x@example.com,0,0.0,0,0.0,0
pandas,2025-01-20,1,0,dev_x@example.com,0,0.0,0,0.0,0
pandas,2025-01-21,1,0,dev_x@example.com,0,0.0,0,0.0,0
pandas,2025-01-22,1,1,dev_x@example.com,0,0.0,0,0.0,0
pandas,2025-01-23,1,0,dev_x@example.com,0,0.0,0,0.0,0
pandas,2025-01-24,1,0,dev_x@example.com,0,0.0,0,0.0,0
pandas,2025-01-25,1,1,dev_x@example.com,0,0.0,0,0.0,0
pandas,2025-01-26,1,0,dev_x@example.com,0,0.0,0,0.0,0
pandas,2025-01-27,1,0,dev_x@example.com,0,0.0,0,0.0,0
pandas,2025-01-28,1,1,dev_x@example.com,0,0.0,0,0.0,0
pandas,2025-01-29,1,0,dev_x@example.com,0,0.0,0,0.0,0
pandas,2025-01-30,1,0,dev_x@example.com,0,0.0,0,0.0,0
pandas,2025-01-31,1,1,dev_x@example.com,0,0.0,0,0.0,0
pandas,2025-02-01,1,0,dev_x@example.com,0,0.0,0,0.0,0
pandas,2025-02-02,1,0,dev_x@example.com,0,0.0,0,0.0,0
pandas,2025-02-03,1,1,dev_x@example.com,0,0.0,0,0.0,0
pandas,2025-02-04,1,0,dev_x@example.com,0,0.0,0,0.0,0
pandas,2025-02-05,1,0,dev_x@example.com,0,0.0,0,0.0,0
pandas,2025-02-06,1,1,dev_x@example.com,0,0.0,0,0.0,0
pandas,2025-02-07,1,0,dev_x@example.com,0,0.0,0,0.0,0
pandas,2025-02-08,1,0,dev_x@example.com,0,0.0,0,0.0,0
pandas,2025-02-09,1,1,dev_x@example.com,0,0.0,0,0.0,0
pandas,2025-02-10,1,0,dev_x@example.com,0,0.0,0,0.0,0
pandas,2025-02-11,1,0,dev_x@example.com,0,0.0,0,0.0,0
pandas,2025-02-12,1,1,dev_x@example.com,0,0.0,0,0.0,0
pandas,2025-02-13,1,0,dev_x@example.com,0,0.0,0,0.0,0
pandas,2025-02-14,1,0,dev_x@example.com,0,0.0,0,0.0,0
pandas,2025-02-15,1,1,dev_x@example.com,0,0.0,0,0.0,0
pandas,2025-02-16,1,0,dev_x@example.com,0,0.0,0,0.0,0
pandas,2025-02-17,1,0,dev_x@example.com,0,0.0,0,0.0,0
pandas,2025-02-18,1,1,dev_x@example.com,0,0.0,0,0.0,0
pandas,2025-02-19,1,0,dev_x@example.com,0,0.0,0,0.0,0
pandas,2025-02-20,1,0,dev_x@example.com,0,0.0,0,0.0,0
pandas,2025-02-21,1,1,dev_x@example.com,0,0.0,0,0.0,0
pandas,2025-02-22,1,0,dev_x@example.com,0,0.0,0,0.0,0
pandas,2025-02-23,1,0,dev_x@example.com,0,0.0,0,0.0,0
pandas,2025-02-24,1,1,dev_x@example.com,0,0.0,0,0.0,0
pandas,2025-02-25,1,0,dev_x@example.com,0,0.0,0,0.0,0
pandas,2025-02-26,1,0,dev_x@example.com,0,0.0,0,0.0,0
pandas,2025-02-27,1,1,dev_x@example.com,0,0.0,0,0.0,0
pandas,2025-02-28,1,0,dev_x@example.com,0,0.0,0,0.0,0
pandas,2025-03-01,1,0,dev_x@example.com,0,0.0,0,0.0,0
pandas,2025-03-02,1,1,dev_x@example.com,0,0.0,0,0.0,0
pandas,2025-03-03,1,0,dev_x@example.com,0,0.0,0,0.0,0
pandas,2025-03-04,1,0,dev_x@example.com,0,0.0,0,0.0,0
pandas,2025-03-05,1,1,dev_x@example.com,0,0.0,0,0.0,0
pandas,2025-03-06,1,0,dev_x@example.com,0,0.0,0,0.0,0
pandas,2025-03-07,1,0,dev_x@example.com,0,0.0,0,0.0,0
pandas,2025-03-08,1,1,dev_x@example.com,0,0.0,0,0.0,0
pandas,2025-03-09,1,0,dev_x@example.com,0,0.0,0,0.0,0
pandas,2025-03-10,1,0,dev_x@example.com,0,0.0,0,0.0,0
pandas,2025-03-11,1,1,dev_x@example.com,0,0.0,0,0.0,0
pandas,2025-03-12,1,0,dev_x@example.com,0,0.0,0,0.0,0
pandas,2025-03-13,1,0,dev_x@example.com,0,0.0,0,0.0,0
pandas,2025-03-14,1,1,dev_x@example.com,0,0.0,0,0.0,0
pandas,2025-03-15,1,0,dev_x@example.com,0,0.0,0,0.0,0
pandas,2025-03-16,1,0,dev_x@example.com,0,0.0,0,0.0,0
pandas,2025-03-17,1,1,dev_x@example.com,0,0.0,0,0.0,0
pandas,2025-03-18,1,0,dev_x@example.com,0,0.0,0,0.0,0
pandas,2025-03-19,1,0,dev_x@example.com,0,0.0,0,0.0,0
pandas,2025-03-20,1,1,dev_x@example.com,0,0.0,0,0.0,0
pandas,2025-03-21,1,0,dev_x@example.com,0,0.0,0,0.0,0
pandas,2025-03-22,1,0,dev_x@example.com,0,0.0,0,0.0,0
pandas,2025-03-23,1,1,dev_x@example.com,0,0.0,0,0.0,0
pandas,2025-03-24,1,0,dev_x@example.com,0,0.0,0,0.0,0
pandas,2025-03-25,1,0,dev_x@example.com,0,0.0,0,0.0,0
pandas,2025-03-26,1,1,dev_x@example.com,0,0.0,0,0.0,0
pandas,2025-03-27,1,0,dev_x@example.com,0,0.0,0,0.0,0
pandas,2025-03-28,1,0,dev_x@example.com,0,0.0,0,0.0,0
pandas,2025-03-29,1,1,dev_x@example.com,0,0.0,0,0.0,0
pandas,2025-03-30,1,0,dev_x@example.com,0,0.0,0,0.0,0
pandas,2025-03-31,1,0,dev_x@example.com,0,0.0,0,0.0,0
pandas,2025-04-01,1,1,dev_x@example.com,0,0.0,0,0.0,0
pandas,2025-04-02,1,0,dev_x@example.com,0,0.0,0,0.0,0
pandas,2025-04-03,1,0,dev_x@example.com,0,0.0,0,0.0,0
pandas,2025-04-04,1,1,dev_x@example.com,0,0.0,0,0.0,0
pandas,2025-04-05,1,0,dev_x@example.com,0,0.0,0,0.0,0
pandas,2025-04-06,1,0,dev_x@example.com,0,0.0,0,0.0,0
pandas,2025-04-07,1,1,dev_x@example.com,0,0.0,0,0.0,0
pandas,2025-04-08,1,0,dev_x@example.com,0,0.0,0,0.0,0
pandas,2025-04-09,1,0,dev_x@example.com,0,0.0,0,0.0,0
pandas,2025-04-10,1,1,dev_x@example.com,0,0.0,0,0.0,0
pandas,2025-04-11,1,0,dev_x@example.com,0,0.0,0,0.0,0
pandas,2025-04-12,1,0,dev_x@example.com,0,0.0,0,0.0,0
pandas,2025-04-13,1,1,dev_x@example.com,0,0.0,0,0.0,0
pandas,2025-04-14,1,0,dev_x@example.com,0,0.0,0,0.0,0
pandas,2025-04-15,1,0,dev_x@example.com,0,0.0,0,0.0,0
pandas,2025-04-16,1,1,dev_x@example.com,0,0.0,0,0.0,0
pandas,2025-04-17,1,0,dev_x@example.com,0,0.0,0,0.0,0
pandas,2025-04-18,1,0,dev_x@example.com,0,0.0,0,0.0,0
pandas,2025-04-19,1,1,dev_x@example.com,0,0.0,0,0.0,0
pandas,2025-04-20,1,0,dev_x@example.com,0,0.0,0,0.0,0
pandas,2025-04-21,1,0,dev_x@example.com,0,0.0,0,0.0,0
pandas,2025-04-22,1,1,dev_x@example.com,0,0.0,0,0.0,0
pandas,2025-04-23,1,0,dev_x@example.com,0,0.0,0,0.0,0
pandas,2025-04-24,1,0,dev_x@example.com,0,0.0,0,0.0,0
pandas,2025-04-25,1,1,dev_x@example.com,0,0.0,0,0.0,0
pandas,2025-04-26,1,0,dev_x@example.com,0,0.0,0,0.0,0
pandas,2025-04-27,1,0,dev_x@example.com,0,0.0,0,0.0,0
pandas,2025-04-28,1,1,dev_x@example.com,0,0.0,0,0.0,0
pandas,2025-04-29,1,0,dev_x@example.com,0,0.0,0,0.0,0
pandas,2025-04-30,1,0,dev_x@example.com,0,0.0,0,0.0,0
pandas,2025-05-01,1,1,dev_x@example.com,0,0.0,0,0.0,0
pandas,2025-05-02,1,0,dev_x@example.com,0,0.0,0,0.0,0
pandas,2025-05-03,1,0,dev_x@example.com,0,0.0,0,0.0,0
pandas,2025-05-04,1,1,dev_x@example.com,0,0.0,0,0.0,0
pandas,2025-05-05,1,0,dev_x@example.com,0,0.0,0,0.0,0
pandas,2025-05-06,1,0,dev_x@example.com,0,0.0,0,0.0,0
pandas,2025-05-07,1,1,dev_x@example.com,0,0.0,0,0.0,0
pandas,2025-05-08,1,0,dev_x@example.com,0,0.0,0,0.0,0
pandas,2025-05-09,1,0,dev_x@example.com,0,0.0,0,0.0,0
pandas,2025-05-10,1,1,dev_x@example.com,0,0.0,0,0.0,0
pandas,2025-05-11,1,0,dev_x@example.com,0,0.0,0,0.0,0
pandas,2025-05-12,1,0,dev_x@example.com,0,0.0,0,0.0,0
pandas,2025-05-13,1,1,dev_x@example.com,0,0.0,0,0.0,0
pandas,2025-05-14,1,0,dev_x@example.com,0,0.0,0,0.0,0
pandas,2025-05-15,1,0,dev_x@example.com,0,0.0,0,0.0,0
pandas,2025-05-16,1,1,dev_x@example.com,0,0.0,0,0.0,0
pandas,2025-05-17,1,0,dev_x@example.com,0,0.0,0,0.0,0
pandas,2025-05-18,1,0,dev_x@example.com,0,0.0,0,0.0,0
pandas,2025-05-19,1,1,dev_x@example.com,0,0.0,0,0.0,0
pandas,2025-05-20,1,0,dev_x@example.com,0,0.0,0,0.0,0
pandas,2025-05-21,1,0,dev_x@example.com,0,0.0,0,0.0,0
pandas,2025-05-22,1,1,dev_x@example.com,0,0.0,0,0.0,0
pandas,2025-05-23,1,0,dev_x@example.com,0,0.0,0,0.0,0
pandas,2025-05-24,1,0,dev_x@example.com,0,0.0,0,0.0,0
pandas,2025-05-25,1,1,dev_x@example.com,0,0.0,0,0.0,0
pandas,2025-05-26,1,0,dev_x@example.com,0,0.0,0,0.0,0
pandas,2025-05-27,1,0,dev_x@example.com,0,0.0,0,0.0,0
pandas,2025-05-28,1,1,dev_x@example.com,0,0.0,0,0.0,0
pandas,2025-05-29,1,0,dev_x@example.com,0,0.0,0,0.0,0
pandas,2025-05-30,1,0,dev_x@example.com,0,0.0,0,0.0,0
pandas,2025-05-31,1,1,dev_x@example.com,0,0.0,0,0.0,0
pandas,2025-06-01,1,0,dev_x@example.com,0,0.0,0,0.0,0
pandas,2025-06-02,1,0,dev_x@example.com,0,0.0,0,0.0,0
pandas,2025-06-03,1,1,dev_x@example.com,0,0.0,0,0.0,0
pandas,2025-06-04,1,0,dev_x@example.com,0,0.0,0,0.0,0
pandas,2025-06-05,1,0,dev_x@example.com,0,0.0,0,0.0,0
pandas,2025-06-06,1,1,dev_x@example.com,0,0.0,0,0.0,0
pandas,2025-06-07,1,0,dev_x@example.com,0,0.0,0,0.0,0
pandas,2025-06-08,1,0,dev_x@example.com,0,0.0,0,0.0,0
pandas,2025-06-09,1,1,dev_x@example.com,0,0.0,0,0.0,0
pandas,2025-06-10,1,0,dev_x@example.com,0,0.0,0,0.0,0
pandas,2025-06-11,1,0,dev_x@example.com,0,0.0,0,0.0,0
pandas,2025-06-12,1,1,dev_x@example.com,0,0.0,0,0.0,0
pandas,2025-06-13,1,0,dev_x@example.com,0,0.0,0,0.0,0
pandas,2025-06-14,1,0,dev_x@example.com,0,0.0,0,0.0,0
pandas,2025-06-15,1,1,dev_x@example.com,0,0.0,0,0.0,0
pandas,2025-06-16,1,0,dev_x@example.com,0,0.0,0,0.0,0
pandas,2025-06-17,1,0,dev_x@example.com,0,0.0,0,0.0,0
pandas,2025-06-18,1,1,dev_x@example.com,0,0.0,0,0.0,0
pandas,2025-06-19,1,0,dev_x@example.com,0,0.0,0,0.0,0
pandas,2025-06-20,1,0,dev_x@example.com,0,0.0,0,0.0,0
pandas,2025-06-21,1,1,dev_x@example.com,0,0.0,0,0.0,0
pandas,2025-06-22,1,0,dev_x@example.com,0,0.0,0,0.0,0
pandas,2025-06-23,1,0,dev_x@example.com,0,0.0,0,0.0,0
pandas,2025-06-24,1,1,dev_x@example.com,0,0.0,0,0.0,0
pandas,2025-06-25,1,0,dev_x@example.com,0,0.0,0,0.0,0
pandas,2025-06-26,1,0,dev_x@example.com,0,0.0,0,0.0,0
pandas,2025-06-27,1,1,dev_x@example.com,0,0.0,0,0.0,0
pandas,2025-06-28,1,0,dev_x@example.com,0,0.0,0,0.0,0
pandas,2025-06-29,1,0,dev_x@example.com,0,0.0,0,0.0,0
pandas,2025-06-30,1,1,dev_x@example.com,0,0.0,0,0.0,0
pandas,2025-07-01,1,0,dev_x@example.com,0,0.0,0,0.0,0
pandas,2025-07-02,1,0,dev_x@example.com,0,0.0,0,0.0,0
pandas,2025-07-03,1,1,dev_x@example.com,0,0.0,0,0.0,0
pandas,2025-07-04,1,0,dev_x@example.com,0,0.0,0,0.0,0
pandas,2025-07-05,1,0,dev_x@example.com,0,0.0,0,0.0,0
pandas,2025-07-06,1,1,dev_x@example.com,0,0.0,0,0.0,0
pandas,2025-07-07,1,0,dev_x@example.com,0,0.0,0,0.0,0
pandas,2025-07-08,1,0,dev_x@example.com,0,0.0,0,0.0,0
pandas,2025-07-09,1,1,dev_x@example.com,0,0.0,0,0.0,0
pandas,2025-07-10,1,0,dev_x@example.com,0,0.0,0,0.0,0
pandas,2025-07-11,1,0,dev_x@example.com,0,0.0,0,0.0,0
pandas,2025-07-12,1,1,dev_x@example.com,0,0.0,0,0.0,0
pandas,2025-07-13,1,0,dev_x@example.com,0,0.0,0,0.0,0
pandas,2025-07-14,1,0,dev_x@example.com,0,0.0,0,0.0,0
pandas,2025-07-15,1,1,dev_x@example.com,0,0.0,0,0.0,0
pandas,2025-07-16,1,0,dev_x@example.com,0,0.0,0,0.0,0
pandas,2025-07-17,1,0,dev_x@example.com,0,0.0,0,0.0,0
pandas,2025-07-18,1,1,dev_x@example.com,0,0.0,0,0.0,0
pandas,2025-07-19,1,0,dev_x@example.com,0,0.0,0,0.0,0
airflow,2025-01-01,1,1,dev_x@example.com,17,51.0,17,1445.0,17
airflow,2025-01-02,1,0,dev_x@example.com,25,75.0,25,2125.0,25
airflow,2025-01-03,1,0,dev_x@example.com,25,75.0,25,2125.0,25
airflow,2025-01-04,1,1,dev_x@example.com,17,51.0,17,1445.0,17
airflow,2025-01-05,1,0,dev_x@example.com,25,75.0,25,2125.0,25
airflow,2025-01-06,1,0,dev_x@example.com,25,75.0,25,2125.0,25
airflow,2025-01-07,1,1,dev_x@example.com,9,27.0,9,765.0,9
airflow,2025-01-08,1,0,dev_x@example.com,25,75.0,25,2125.0,25
airflow,2025-01-09,1,0,dev_x@example.com,16,48.0,16,1360.0,16
airflow,2025-01-10,1,1,dev_x@example.com,9,27.0,9,765.0,9
airflow,2025-01-11,1,0,dev_x@example.com,16,48.0,16,1360.0,16
airflow,2025-01-12,1,0,dev_x@example.com,16,48.0,16,1360.0,16
airflow,2025-01-13,1,1,dev_x@example.com,9,27.0,9,765.0,9
airflow,2025-01-14,1,0,dev_x@example.com,8,24.0,8,680.0,8
airflow,2025-01-15,1,0,dev_x@example.com,8,24.0,8,680.0,8
airflow,2025-01-16,1,1,dev_x@example.com,0,0.0,0,0.0,0
airflow,2025-01-17,1,0,dev_x@example.com,0,0.0,0,0.0,0
airflow,2025-01-18,1,0,dev_x@example.com,0,0.0,0,0.0,0
airflow,2025-01-19,1,1,dev_x@example.com,0,0.0,0,0.0,0
airflow,2025-01-20,1,0,dev_x@example.com,0,0.0,0,0.0,0
airflow,2025-01-21,1,0,dev_x@example.com,0,0.0,0,0.0,0
airflow,2025-01-22,1,1,dev_x@example.com,0,0.0,0,0.0,0
airflow,2025-01-23,1,0,dev_x@example.com,0,0.0,0,0.0,0
airflow,2025-01-24,1,0,dev_x@example.com,0,0.0,0,0.0,0
airflow,2025-01-25,1,1,dev_x@example.com,0,0.0,0,0.0,0
airflow,2025-01-26,1,0,dev_x@example.com,0,0.0,0,0.0,0
airflow,2025-01-27,1,0,dev_x@example.com,0,0.0,0,0.0,0
airflow,2025-01-28,1,1,dev_x@example.com,0,0.0,0,0.0,0
airflow,2025-01-29,1,0,dev_x@example.com,0,0.0,0,0.0,0
airflow,2025-01-30,1,0,dev_x@example.com,0,0.0,0,0.0,0
airflow,2025-01-31,1,1,dev_x@example.com,0,0.0,0,0.0,0
airflow,2025-02-01,1,0,dev_x@example.com,0,0.0,0,0.0,0
airflow,2025-02-02,1,0,dev_x@example.com,0,0.0,0,0.0,0
airflow,2025-02-03,1,1,dev_x@example.com,0,0.0,0,0.0,0
airflow,2025-02-04,1,0,dev_x@example.com,0,0.0,0,0.0,0
airflow,2025-02-05,1,0,dev_x@example.com,0,0.0,0,0.0,0
airflow,2025-02-06,1,1,dev_x@example.com,0,0.0,0,0.0,0
airflow,2025-02-07,1,0,dev_x@example.com,0,0.0,0,0.0,0
airflow,2025-02-08,1,0,dev_x@example.com,0,0.0,0,0.0,0
airflow,2025-02-09,1,1,dev_x@example.com,0,0.0,0,0.0,0
airflow,2025-02-10,1,0,dev_x@example.com,0,0.0,0,0.0,0
airflow,2025-02-11,1,0,dev_x@example.com,0,0.0,0,0.0,0
airflow,2025-02-12,1,1,dev_x@example.com,0,0.0,0,0.0,0
airflow,2025-02-13,1,0,dev_x@example.com,0,0.0,0,0.0,0
airflow,2025-02-14,1,0,dev_x@example.com,0,0.0,0,0.0,0
airflow,2025-02-15,1,1,dev_x@example.com,0,0.0,0,0.0,0
airflow,2025-02-16,1,0,dev_x@example.com,0,0.0,0,0.0,0
airflow,2025-02-17,1,0,dev_x@example.com,0,0.0,0,0.0,0
airflow,2025-02-18,1,1,dev_x@example.com,0,0.0,0,0.0,0
airflow,2025-02-19,1,0,dev_x@example.com,0,0.0,0,0.0,0
airflow,2025-02-20,1,0,dev_x@example.com,0,0.0,0,0.0,0
airflow,2025-02-21,1,1,dev_x@example.com,0,0.0,0,0.0,0
airflow,2025-02-22,1,0,dev_x@example.com,0,0.0,0,0.0,0
airflow,2025-02-23,1,0,dev_x@example.com,0,0.0,0,0.0,0
airflow,2025-02-24,1,1,dev_x@example.com,0,0.0,0,0.0,0
airflow,2025-02-25,1,0,dev_x@example.com,0,0.0,0,0.0,0
airflow,2025-02-26,1,0,dev_x@example.com,0,0.0,0,0.0,0
airflow,2025-02-27,1,1,dev_x@example.com,0,0.0,0,0.0,0
airflow,2025-02-28,1,0,dev_x@example.com,0,0.0,0,0.0,0
airflow,2025-03-01,1,0,dev_x@example.com,0,0.0,0,0.0,0
airflow,2025-03-02,1,1,dev_x@example.com,0,0.0,0,0.0,0
airflow,2025-03-03,1,0,dev_x@example.com,0,0.0,0,0.0,0
airflow,2025-03-04,1,0,dev_x@example.com,0,0.0,0,0.0,0
airflow,2025-03-05,1,1,dev_x@example.com,0,0.0,0,0.0,0
airflow,2025-03-06,1,0,dev_x@example.com,0,0.0,0,0.0,0
airflow,2025-03-07,1,0,dev_x@example.com,0,0.0,0,0.0,0
airflow,2025-03-08,1,1,dev_x@example.com,0,0.0,0,0.0,0
airflow,2025-03-09,1,0,dev_x@example.com,0,0.0,0,0.0,0
airflow,2025-03-10,1,0,dev_x@example.com,0,0.0,0,0.0,0
airflow,2025-03-11,1,1,dev_x@example.com,0,0.0,0,0.0,0
airflow,2025-03-12,1,0,dev_x@example.com,0,0.0,0,0.0,0
airflow,2025-03-13,1,0,dev_x@example.com,0,0.0,0,0.0,0
airflow,2025-03-14,1,1,dev_x@example.com,0,0.0,0,0.0,0
airflow,2025-03-15,1,0,dev_x@example.com,0,0.0,0,0.0,0
airflow,2025-03-16,1,0,dev_x@example.com,0,0.0,0,0.0,0
airflow,2025-03-17,1,1,dev_x@example.com,0,0.0,0,0.0,0
airflow,2025-03-18,1,0,dev_x@example.com,0,0.0,0,0.0,0
airflow,2025-03-19,1,0,dev_x@example.com,0,0.0,0,0.0,0
airflow,2025-03-20,1,1,dev_x@example.com,0,0.0,0,0.0,0
airflow,2025-03-21,1,0,dev_x@example.com,0,0.0,0,0.0,0
airflow,2025-03-22,1,0,dev_x@example.com,0,0.0,0,0.0,0
airflow,2025-03-23,1,1,dev_x@example.com,0,0.0,0,0.0,0
airflow,2025-03-24,1,0,dev_x@example.com,0,0.0,0,0.0,0
airflow,2025-03-25,1,0,dev_x@example.com,0,0.0,0,0.0,0
airflow,2025-03-26,1,1,dev_x@example.com,0,0.0,0,0.0,0
airflow,2025-03-27,1,0,dev_x@example.com,0,0.0,0,0.0,0
airflow,2025-03-28,1,0,dev_x@example.com,0,0.0,0,0.0,0
airflow,2025-03-29,1,1,dev_x@example.com,0,0.0,0,0.0,0
airflow,2025-03-30,1,0,dev_x@example.com,0,0.0,0,0.0,0
airflow,2025-03-31,1,0,dev_x@example.com,0,0.0,0,0.0,0
airflow,2025-04-01,1,1,dev_x@example.com,0,0.0,0,0.0,0
airflow,2025-04-02,1,0,dev_x@example.com,0,0.0,0,0.0,0
airflow,2025-04-03,1,0,dev_x@example.com,0,0.0,0,0.0,0
airflow,2025-04-04,1,1,dev_x@example.com,0,0.0,0,0.0,0
airflow,2025-04-05,1,0,dev_x@example.com,0,0.0,0,0.0,0
airflow,2025-04-06,1,0,dev_x@example.com,0,0.0,0,0.0,0
airflow,2025-04-07,1,1,dev_x@example.com,0,0.0,0,0.0,0
airflow,2025-04-08,1,0,dev_x@example.com,0,0.0,0,0.0,0
airflow,2025-04-09,1,0,dev_x@example.com,0,0.0,0,0.0,0
airflow,2025-04-10,1,1,dev_x@example.com,0,0.0,0,0.0,0
airflow,2025-04-11,1,0,dev_x@example.com,0,0.0,0,0.0,0
airflow,2025-04-12,1,0,dev_x@example.com,0,0.0,0,0.0,0
airflow,2025-04-13,1,1,dev_x@example.com,0,0.0,0,0.0,0
airflow,2025-04-14,1,0,dev_x@example.com,0,0.0,0,0.0,0
airflow,2025-04-15,1,0,dev_x@example.com,0,0.0,0,0.0,0
airflow,2025-04-16,1,1,dev_x@example.com,0,0.0,0,0.0,0
airflow,2025-04-17,1,0,dev_x@example.com,0,0.0,0,0.0,0
airflow,2025-04-18,1,0,dev_x@example.com,0,0.0,0,0.0,0
airflow,2025-04-19,1,1,dev_x@example.com,0,0.0,0,0.0,0
airflow,2025-04-20,1,0,dev_x@example.com,0,0.0,0,0.0,0
airflow,2025-04-21,1,0,dev_x@example.com,0,0.0,0,0.0,0
airflow,2025-04-22,1,1,dev_x@example.com,0,0.0,0,0.0,0
airflow,2025-04-23,1,0,dev_x@example.com,0,0.0,0,0.0,0
airflow,2025-04-24,1,0,dev_x@example.com,0,0.0,0,0.0,0
airflow,2025-04-25,1,1,dev_x@example.com,0,0.0,0,0.0,0
airflow,2025-04-26,1,0,dev_x@example.com,0,0.0,0,0.0,0
airflow,2025-04-27,1,0,dev_x@example.com,0,0.0,0,0.0,0
airflow,2025-04-28,1,1,dev_x@example.com,0,0.0,0,0.0,0
airflow,2025-04-29,1,0,dev_x@example.com,0,0.0,0,0.0,0
airflow,2025-04-30,1,0,dev_x@example.com,0,0.0,0,0.0,0
airflow,2025-05-01,1,1,dev_x@example.com,0,0.0,0,0.0,0
airflow,2025-05-02,1,0,dev_x@example.com,0,0.0,0,0.0,0
airflow,2025-05-03,1,0,dev_x@example.com,0,0.0,0,0.0,0
airflow,2025-05-04,1,1,dev_x@example.com,0,0.0,0,0.0,0
airflow,2025-05-05,1,0,dev_x@example.com,0,0.0,0,0.0,0
airflow,2025-05-06,1,0,dev_x@example.com,0,0.0,0,0.0,0
airflow,2025-05-07,1,1,dev_x@example.com,0,0.0,0,0.0,0
airflow,2025-05-08,1,0,dev_x@example.com,0,0.0,0,0.0,0
airflow,2025-05-09,1,0,dev_x@example.com,0,0.0,0,0.0,0
airflow,2025-05-10,1,1,dev_x@example.com,0,0.0,0,0.0,0
airflow,2025-05-11,1,0,dev_x@example.com,0,0.0,0,0.0,0
airflow,2025-05-12,1,0,dev_x@example.com,0,0.0,0,0.0,0
airflow,2025-05-13,1,1,dev_x@example.com,0,0.0,0,0.0,0
airflow,2025-05-14,1,0,dev_x@example.com,0,0.0,0,0.0,0
airflow,2025-05-15,1,0,dev_x@example.com,0,0.0,0,0.0,0
airflow,2025-05-16,1,1,dev_x@example.com,0,0.0,0,0.0,0
airflow,2025-05-17,1,0,dev_x@example.com,0,0.0,0,0.0,0
airflow,2025-05-18,1,0,dev_x@example.com,0,0.0,0,0.0,0
airflow,2025-05-19,1,1,dev_x@example.com,0,0.0,0,0.0,0
airflow,2025-05-20,1,0,dev_x@example.com,0,0.0,0,0.0,0
airflow,2025-05-21,1,0,dev_x@example.com,0,0.0,0,0.0,0
airflow,2025-05-22,1,1,dev_x@example.com,0,0.0,0,0.0,0
airflow,2025-05-23,1,0,dev_x@example.com,0,0.0,0,0.0,0
airflow,2025-05-24,1,0,dev_x@example.com,0,0.0,0,0.0,0
airflow,2025-05-25,1,1,dev_x@example.com,0,0.0,0,0.0,0
airflow,2025-05-26,1,0,dev_x@example.com,0,0.0,0,0.0,0
airflow,2025-05-27,1,0,dev_x@example.com,0,0.0,0,0.0,0
airflow,2025-05-28,1,1,dev_x@example.com,0,0.0,0,0.0,0
airflow,2025-05-29,1,0,dev_x@example.com,0,0.0,0,0.0,0
airflow,2025-05-30,1,0,dev_x@example.com,0,0.0,0,0.0,0
airflow,2025-05-31,1,1,dev_x@example.com,0,0.0,0,0.0,0
airflow,2025-06-01,1,0,dev_x@example.com,0,0.0,0,0.0,0
airflow,2025-06-02,1,0,dev_x@example.com,0,0.0,0,0.0,0
airflow,2025-06-03,1,1,dev_x@example.com,0,0.0,0,0.0,0
airflow,2025-06-04,1,0,dev_x@example.com,0,0.0,0,0.0,0
airflow,2025-06-05,1,0,dev_x@example.com,0,0.0,0,0.0,0
airflow,2025-06-06,1,1,dev_x@example.com,0,0.0,0,0.0,0
airflow,2025-06-07,1,0,dev_x@example.com,0,0.0,0,0.0,0
airflow,2025-06-08,1,0,dev_x@example.com,0,0.0,0,0.0,0
airflow,2025-06-09,1,1,dev_x@example.com,0,0.0,0,0.0,0
airflow,2025-06-10,1,0,dev_x@example.com,0,0.0,0,0.0,0
airflow,2025-06-11,1,0,dev_x@example.com,0,0.0,0,0.0,0
airflow,2025-06-12,1,1,dev_x@example.com,0,0.0,0,0.0,0
airflow,2025-06-13,1,0,dev_x@example.com,0,0.0,0,0.0,0
airflow,2025-06-14,1,0,dev_x@example.com,0,0.0,0,0.0,0
airflow,2025-06-15,1,1,dev_x@example.com,0,0.0,0,0.0,0
airflow,2025-06-16,1,0,dev_x@example.com,0,0.0,0,0.0,0
airflow,2025-06-17,1,0,dev_x@example.com,0,0.0,0,0.0,0
airflow,2025-06-18,1,1,dev_x@example.com,0,0.0,0,0.0,0
airflow,2025-06-19,1,0,dev_x@example.com,0,0.0,0,0.0,0
airflow,2025-06-20,1,0,dev_x@example.com,0,0.0,0,0.0,0
airflow,2025-06-21,1,1,dev_x@example.com,0,0.0,0,0.0,0
airflow,2025-06-22,1,0,dev_x@example.com,0,0.0,0,0.0,0
airflow,2025-06-23,1,0,dev_x@example.com,0,0.0,0,0.0,0
airflow,2025-06-24,1,1,dev_x@example.com,0,0.0,0,0.0,0
airflow,2025-06-25,1,0,dev_x@example.com,0,0.0,0,0.0,0
airflow,2025-06-26,1,0,dev_x@example.com,0,0.0,0,0.0,0
airflow,2025-06-27,1,1,dev_x@example.com,0,0.0,0,0.0,0
airflow,2025-06-28,1,0,dev_x@example.com,0,0.0,0,0.0,0
airflow,2025-06-29,1,0,dev_x@example.com,0,0.0,0,0.0,0
airflow,2025-06-30,1,1,dev_x@example.com,0,0.0,0,0.0,0
airflow,2025-07-01,1,0,dev_x@example.com,0,0.0,0,0.0,0
airflow,2025-07-02,1,0,dev_x@example.com,0,0.0,0,0.0,0
airflow,2025-07-03,1,1,dev_x@example.com,0,0.0,0,0.0,0
airflow,2025-07-04,1,0,dev_x@example.com,0,0.0,0,0.0,0
airflow,2025-07-05,1,0,dev_x@example.com,0,0.0,0,0.0,0
airflow,2025-07-06,1,1,dev_x@example.com,0,0.0,0,0.0,0
airflow,2025-07-07,1,0,dev_x@example.com,0,0.0,0,0.0,0
airflow,2025-07-08,1,0,dev_x@example.com,0,0.0,0,0.0,0
airflow,2025-07-09,1,1,dev_x@example.com,0,0.0,0,0.0,0
airflow,2025-07-10,1,0,dev_x@example.com,0,0.0,0,0.0,0
airflow,2025-07-11,1,0,dev_x@example.com,0,0.0,0,0.0,0
airflow,2025-07-12,1,1,dev_x@example.com,0,0.0,0,0.0,0
airflow,2025-07-13,1,0,dev_x@example.com,0,0.0,0,0.0,0
airflow,2025-07-14,1,0,dev_x@example.com,0,0.0,0,0.0,0
airflow,2025-07-15,1,1,dev_x@example.com,0,0.0,0,0.0,0
airflow,2025-07-16,1,0,dev_x@example.com,0,0.0,0,0.0,0
airflow,2025-07-17,1,0,dev_x@example.com,0,0.0,0,0.0,0
airflow,2025-07-18,1,1,dev_x@example.com,0,0.0,0,0.0,0
airflow,2025-07-19,1,0,dev_x@example.com,0,0.0,0,0.0,0
elasticsearch,2025-01-01,1,1,dev_x@example.com,17,51.0,17,-17.0,17
elasticsearch,2025-01-02,1,0,dev_x@example.com,25,75.0,25,-25.0,25
elasticsearch,2025-01-03,1,0,dev_x@example.com,25,75.0,25,-25.0,25
elasticsearch,2025-01-04,1,1,dev_x@example.com,17,51.0,17,-17.0,17
elasticsearch,2025-01-05,1,0,dev_x@example.com,25,75.0,25,-25.0,25
elasticsearch,2025-01-06,1,0,dev_x@example.com,25,75.0,25,-25.0,25
elasticsearch,2025-01-07,1,1,dev_x@example.com,9,27.0,9,-9.0,9
elasticsearch,2025-01-08,1,0,dev_x@example.com,25,75.0,25,-25.0,25
elasticsearch,2025-01-09,1,0,dev_x@example.com,16,48.0,16,-16.0,16
elasticsearch,2025-01-10,1,1,dev_x@example.com,9,27.0,9,-9.0,9
elasticsearch,2025-01-11,1,0,dev_x@example.com,16,48.0,16,-16.0,16
elasticsearch,2025-01-12,1,0,dev_x@example.com,16,48.0,16,-16.0,16
elasticsearch,2025-01-13,1,1,dev_x@example.com,9,27.0,9,-9.0,9
elasticsearch,2025-01-14,1,0,dev_x@example.com,8,24.0,8,-8.0,8
elasticsearch,2025-01-15,1,0,dev_x@example.com,8,24.0,8,-8.0,8
elasticsearch,2025-01-16,1,1,dev_x@example.com,0,0.0,0,0.0,0
elasticsearch,2025-01-17,1,0,dev_x@example.com,0,0.0,0,0.0,0
elasticsearch,2025-01-18,1,0,dev_x@example.com,0,0.0,0,0.0,0
elasticsearch,2025-01-19,1,1,dev_x@example.com,0,0.0,0,0.0,0
elasticsearch,2025-01-20,1,0,dev_x@example.com,0,0.0,0,0.0,0
elasticsearch,2025-01-21,1,0,dev_x@example.com,0,0.0,0,0.0,0
elasticsearch,2025-01-22,1,1,dev_x@example.com,0,0.0,0,0.0,0
elasticsearch,2025-01-23,1,0,dev_x@example.com,0,0.0,0,0.0,0
elasticsearch,2025-01-24,1,0,dev_x@example.com,0,0.0,0,0.0,0
elasticsearch,2025-01-25,1,1,dev_x@example.com,0,0.0,0,0.0,0
elasticsearch,2025-01-26,1,0,dev_x@example.com,0,0.0,0,0.0,0
elasticsearch,2025-01-27,1,0,dev_x@example.com,0,0.0,0,0.0,0
elasticsearch,2025-01-28,1,1,dev_x@example.com,0,0.0,0,0.0,0
elasticsearch,2025-01-29,1,0,dev_x@example.com,0,0.0,0,0.0,0
elasticsearch,2025-01-30,1,0,dev_x@example.com,0,0.0,0,0.0,0
elasticsearch,2025-01-31,1,1,dev_x@example.com,0,0.0,0,0.0,0
elasticsearch,2025-02-01,1,0,dev_x@example.com,0,0.0,0,0.0,0
elasticsearch,2025-02-02,1,0,dev_x@example.com,0,0.0,0,0.0,0
elasticsearch,2025-02-03,1,1,dev_x@example.com,0,0.0,0,0.0,0
elasticsearch,2025-02-04,1,0,dev_x@example.com,0,0.0,0,0.0,0
elasticsearch,2025-02-05,1,0,dev_x@example.com,0,0.0,0,0.0,0
elasticsearch,2025-02-06,1,1,dev_x@example.com,0,0.0,0,0.0,0
elasticsearch,2025-02-07,1,0,dev_x@example.com,0,0.0,0,0.0,0
elasticsearch,2025-02-08,1,0,dev_x@example.com,0,0.0,0,0.0,0
elasticsearch,2025-02-09,1,1,dev_x@example.com,0,0.0,0,0.0,0
elasticsearch,2025-02-10,1,0,dev_x@example.com,0,0.0,0,0.0,0
elasticsearch,2025-02-11,1,0,dev_x@example.com,0,0.0,0,0.0,0
elasticsearch,2025-02-12,1,1,dev_x@example.com,0,0.0,0,0.0,0
elasticsearch,2025-02-13,1,0,dev_x@example.com,0,0.0,0,0.0,0
elasticsearch,2025-02-14,1,0,dev_x@example.com,0,0.0,0,0.0,0
elasticsearch,2025-02-15,1,1,dev_x@example.com,0,0.0,0,0.0,0
elasticsearch,2025-02-16,1,0,dev_x@example.com,0,0.0,0,0.0,0
elasticsearch,2025-02-17,1,0,dev_x@example.com,0,0.0,0,0.0,0
elasticsearch,2025-02-18,1,1,dev_x@example.com,0,0.0,0,0.0,0
elasticsearch,2025-02-19,1,0,dev_x@example.com,0,0.0,0,0.0,0
elasticsearch,2025-02-20,1,0,dev_x@example.com,0,0.0,0,0.0,0
elasticsearch,2025-02-21,1,1,dev_x@example.com,0,0.0,0,0.0,0
elasticsearch,2025-02-22,1,0,dev_x@example.com,0,0.0,0,0.0,0
elasticsearch,2025-02-23,1,0,dev_x@example.com,0,0.0,0,0.0,0
elasticsearch,2025-02-24,1,1,dev_x@example.com,0,0.0,0,0.0,0
elasticsearch,2025-02-25,1,0,dev_x@example.com,0,0.0,0,0.0,0
elasticsearch,2025-02-26,1,0,dev_x@example.com,0,0.0,0,0.0,0
elasticsearch,2025-02-27,1,1,dev_x@example.com,0,0.0,0,0.0,0
elasticsearch,2025-02-28,1,0,dev_x@example.com,0,0.0,0,0.0,0
elasticsearch,2025-03-01,1,0,dev_x@example.com,0,0.0,0,0.0,0
elasticsearch,2025-03-02,1,1,dev_x@example.com,0,0.0,0,0.0,0
elasticsearch,2025-03-03,1,0,dev_x@example.com,0,0.0,0,0.0,0
elasticsearch,2025-03-04,1,0,dev_x@example.com,0,0.0,0,0.0,0
elasticsearch,2025-03-05,1,1,dev_x@example.com,0,0.0,0,0.0,0
elasticsearch,2025-03-06,1,0,dev_x@example.com,0,0.0,0,0.0,0
elasticsearch,2025-03-07,1,0,dev_x@example.com,0,0.0,0,0.0,0
elasticsearch,2025-03-08,1,1,dev_x@example.com,0,0.0,0,0.0,0
elasticsearch,2025-03-09,1,0,dev_x@example.com,0,0.0,0,0.0,0
elasticsearch,2025-03-10,1,0,dev_x@example.com,0,0.0,0,0.0,0
elasticsearch,2025-03-11,1,1,dev_x@example.com,0,0.0,0,0.0,0
elasticsearch,2025-03-12,1,0,dev_x@example.com,0,0.0,0,0.0,0
elasticsearch,2025-03-13,1,0,dev_x@example.com,0,0.0,0,0.0,0
elasticsearch,2025-03-14,1,1,dev_x@example.com,0,0.0,0,0.0,0
elasticsearch,2025-03-15,1,0,dev_x@example.com,0,0.0,0,0.0,0
elasticsearch,2025-03-16,1,0,dev_x@example.com,0,0.0,0,0.0,0
elasticsearch,2025-03-17,1,1,dev_x@example.com,0,0.0,0,0.0,0
elasticsearch,2025-03-18,1,0,dev_x@example.com,0,0.0,0,0.0,0
elasticsearch,2025-03-19,1,0,dev_x@example.com,0,0.0,0,0.0,0
elasticsearch,2025-03-20,1,1,dev_x@example.com,0,0.0,0,0.0,0
elasticsearch,2025-03-21,1,0,dev_x@example.com,0,0.0,0,0.0,0
elasticsearch,2025-03-22,1,0,dev_x@example.com,0,0.0,0,0.0,0
elasticsearch,2025-03-23,1,1,dev_x@example.com,0,0.0,0,0.0,0
elasticsearch,2025-03-24,1,0,dev_x@example.com,0,0.0,0,0.0,0
elasticsearch,2025-03-25,1,0,dev_x@example.com,0,0.0,0,0.0,0
elasticsearch,2025-03-26,1,1,dev_x@example.com,0,0.0,0,0.0,0
elasticsearch,2025-03-27,1,0,dev_x@example.com,0,0.0,0,0.0,0
elasticsearch,2025-03-28,1,0,dev_x@example.com,0,0.0,0,0.0,0
elasticsearch,2025-03-29,1,1,dev_x@example.com,0,0.0,0,0.0,0
elasticsearch,2025-03-30,1,0,dev_x@example.com,0,0.0,0,0.0,0
elasticsearch,2025-03-31,1,0,dev_x@example.com,0,0.0,0,0.0,0
elasticsearch,2025-04-01,1,1,dev_x@example.com,0,0.0,0,0.0,0
elasticsearch,2025-04-02,1,0,dev_x@example.com,0,0.0,0,0.0,0
elasticsearch,2025-04-03,1,0,dev_x@example.com,0,0.0,0,0.0,0
elasticsearch,2025-04-04,1,1,dev_x@example.com,0,0.0,0,0.0,0
elasticsearch,2025-04-05,1,0,dev_x@example.com,0,0.0,0,0.0,0
elasticsearch,2025-04-06,1,0,dev_x@example.com,0,0.0,0,0.0,0
elasticsearch,2025-04-07,1,1,dev_x@example.com,0,0.0,0,0.0,0
elasticsearch,2025-04-08,1,0,dev_x@example.com,0,0.0,0,0.0,0
elasticsearch,2025-04-09,1,0,dev_x@example.com,0,0.0,0,0.0,0
elasticsearch,2025-04-10,1,1,dev_x@example.com,0,0.0,0,0.0,0
elasticsearch,2025-04-11,1,0,dev_x@example.com,0,0.0,0,0.0,0
elasticsearch,2025-04-12,1,0,dev_x@example.com,0,0.0,0,0.0,0
elasticsearch,2025-04-13,1,1,dev_x@example.com,0,0.0,0,0.0,0
elasticsearch,2025-04-14,1,0,dev_x@example.com,0,0.0,0,0.0,0
elasticsearch,2025-04-15,1,0,dev_x@example.com,0,0.0,0,0.0,0
elasticsearch,2025-04-16,1,1,dev_x@example.com,0,0.0,0,0.0,0
elasticsearch,2025-04-17,1,0,dev_x@example.com,0,0.0,0,0.0,0
elasticsearch,2025-04-18,1,0,dev_x@example.com,0,0.0,0,0.0,0
elasticsearch,2025-04-19,1,1,dev_x@example.com,0,0.0,0,0.0,0
elasticsearch,2025-04-20,1,0,dev_x@example.com,0,0.0,0,0.0,0
elasticsearch,2025-04-21,1,0,dev_x@example.com,0,0.0,0,0.0,0
elasticsearch,2025-04-22,1,1,dev_x@example.com,0,0.0,0,0.0,0
elasticsearch,2025-04-23,1,0,dev_x@example.com,0,0.0,0,0.0,0
elasticsearch,2025-04-24,1,0,dev_x@example.com,0,0.0,0,0.0,0
elasticsearch,2025-04-25,1,1,dev_x@example.com,0,0.0,0,0.0,0
elasticsearch,2025-04-26,1,0,dev_x@example.com,0,0.0,0,0.0,0
elasticsearch,2025-04-27,1,0,dev_x@example.com,0,0.0,0,0.0,0
elasticsearch,2025-04-28,1,1,dev_x@example.com,0,0.0,0,0.0,0
elasticsearch,2025-04-29,1,0,dev_x@example.com,0,0.0,0,0.0,0
elasticsearch,2025-04-30,1,0,dev_x@example.com,0,0.0,0,0.0,0
elasticsearch,2025-05-01,1,1,dev_x@example.com,0,0.0,0,0.0,0
elasticsearch,2025-05-02,1,0,dev_x@example.com,0,0.0,0,0.0,0
elasticsearch,2025-05-03,1,0,dev_x@example.com,0,0.0,0,0.0,0
elasticsearch,2025-05-04,1,1,dev_x@example.com,0,0.0,0,0.0,0
elasticsearch,2025-05-05,1,0,dev_x@example.com,0,0.0,0,0.0,0
elasticsearch,2025-05-06,1,0,dev_x@example.com,0,0.0,0,0.0,0
elasticsearch,2025-05-07,1,1,dev_x@example.com,0,0.0,0,0.0,0
elasticsearch,2025-05-08,1,0,dev_x@example.com,0,0.0,0,0.0,0
elasticsearch,2025-05-09,1,0,dev_x@example.com,0,0.0,0,0.0,0
elasticsearch,2025-05-10,1,1,dev_x@example.com,0,0.0,0,0.0,0
elasticsearch,2025-05-11,1,0,dev_x@example.com,0,0.0,0,0.0,0
elasticsearch,2025-05-12,1,0,dev_x@example.com,0,0.0,0,0.0,0
elasticsearch,2025-05-13,1,1,dev_x@example.com,0,0.0,0,0.0,0
elasticsearch,2025-05-14,1,0,dev_x@example.com,0,0.0,0,0.0,0
elasticsearch,2025-05-15,1,0,dev_x@example.com,0,0.0,0,0.0,0
elasticsearch,2025-05-16,1,1,dev_x@example.com,0,0.0,0,0.0,0
elasticsearch,2025-05-17,1,0,dev_x@example.com,0,0.0,0,0.0,0
elasticsearch,2025-05-18,1,0,dev_x@example.com,0,0.0,0,0.0,0
elasticsearch,2025-05-19,1,1,dev_x@example.com,0,0.0,0,0.0,0
elasticsearch,2025-05-20,1,0,dev_x@example.com,0,0.0,0,0.0,0
elasticsearch,2025-05-21,1,0,dev_x@example.com,0,0.0,0,0.0,0
elasticsearch,2025-05-22,1,1,dev_x@example.com,0,0.0,0,0.0,0
elasticsearch,2025-05-23,1,0,dev_x@example.com,0,0.0,0,0.0,0
elasticsearch,2025-05-24,1,0,dev_x@example.com,0,0.0,0,0.0,0
elasticsearch,2025-05-25,1,1,dev_x@example.com,0,0.0,0,0.0,0
elasticsearch,2025-05-26,1,0,dev_x@example.com,0,0.0,0,0.0,0
elasticsearch,2025-05-27,1,0,dev_x@example.com,0,0.0,0,0.0,0
elasticsearch,2025-05-28,1,1,dev_x@example.com,0,0.0,0,0.0,0
elasticsearch,2025-05-29,1,0,dev_x@example.com,0,0.0,0,0.0,0
elasticsearch,2025-05-30,1,0,dev_x@example.com,0,0.0,0,0.0,0
elasticsearch,2025-05-31,1,1,dev_x@example.com,0,0.0,0,0.0,0
elasticsearch,2025-06-01,1,0,dev_x@example.com,0,0.0,0,0.0,0
elasticsearch,2025-06-02,1,0,dev_x@example.com,0,0.0,0,0.0,0
elasticsearch,2025-06-03,1,1,dev_x@example.com,0,0.0,0,0.0,0
elasticsearch,2025-06-04,1,0,dev_x@example.com,0,0.0,0,0.0,0
elasticsearch,2025-06-05,1,0,dev_x@example.com,0,0.0,0,0.0,0
elasticsearch,2025-06-06,1,1,dev_x@example.com,0,0.0,0,0.0,0
elasticsearch,2025-06-07,1,0,dev_x@example.com,0,0.0,0,0.0,0
elasticsearch,2025-06-08,1,0,dev_x@example.com,0,0.0,0,0.0,0
elasticsearch,2025-06-09,1,1,dev_x@example.com,0,0.0,0,0.0,0
elasticsearch,2025-06-10,1,0,dev_x@example.com,0,0.0,0,0.0,0
elasticsearch,2025-06-11,1,0,dev_x@example.com,0,0.0,0,0.0,0
elasticsearch,2025-06-12,1,1,dev_x@example.com,0,0.0,0,0.0,0
elasticsearch,2025-06-13,1,0,dev_x@example.com,0,0.0,0,0.0,0
elasticsearch,2025-06-14,1,0,dev_x@example.com,0,0.0,0,0.0,0
elasticsearch,2025-06-15,1,1,dev_x@example.com,0,0.0,0,0.0,0
elasticsearch,2025-06-16,1,0,dev_x@example.com,0,0.0,0,0.0,0
elasticsearch,2025-06-17,1,0,dev_x@example.com,0,0.0,0,0.0,0
elasticsearch,2025-06-18,1,1,dev_x@example.com,0,0.0,0,0.0,0
elasticsearch,2025-06-19,1,0,dev_x@example.com,0,0.0,0,0.0,0
elasticsearch,2025-06-20,1,0,dev_x@example.com,0,0.0,0,0.0,0
elasticsearch,2025-06-21,1,1,dev_x@example.com,0,0.0,0,0.0,0
elasticsearch,2025-06-22,1,0,dev_x@example.com,0,0.0,0,0.0,0
elasticsearch,2025-06-23,1,0,dev_x@example.com,0,0.0,0,0.0,0
elasticsearch,2025-06-24,1,1,dev_x@example.com,0,0.0,0,0.0,0
elasticsearch,2025-06-25,1,0,dev_x@example.com,0,0.0,0,0.0,0
elasticsearch,2025-06-26,1,0,dev_x@example.com,0,0.0,0,0.0,0
elasticsearch,2025-06-27,1,1,dev_x@example.com,0,0.0,0,0.0,0
elasticsearch,2025-06-28,1,0,dev_x@example.com,0,0.0,0,0.0,0
elasticsearch,2025-06-29,1,0,dev_x@example.com,0,0.0,0,0.0,0
elasticsearch,2025-06-30,1,1,dev_x@example.com,0,0.0,0,0.0,0
elasticsearch,2025-07-01,1,0,dev_x@example.com,0,0.0,0,0.0,0
elasticsearch,2025-07-02,1,0,dev_x@example.com,0,0.0,0,0.0,0
elasticsearch,2025-07-03,1,1,dev_x@example.com,0,0.0,0,0.0,0
elasticsearch,2025-07-04,1,0,dev_x@example.com,0,0.0,0,0.0,0
elasticsearch,2025-07-05,1,0,dev_x@example.com,0,0.0,0,0.0,0
elasticsearch,2025-07-06,1,1,dev_x@example.com,0,0.0,0,0.0,0
elasticsearch,2025-07-07,1,0,dev_x@example.com,0,0.0,0,0.0,0
elasticsearch,2025-07-08,1,0,dev_x@example.com,0,0.0,0,0.0,0
elasticsearch,2025-07-09,1,1,dev_x@example.com,0,0.0,0,0.0,0
elasticsearch,2025-07-10,1,0,dev_x@example.com,0,0.0,0,0.0,0
elasticsearch,2025-07-11,1,0,dev_x@example.com,0,0.0,0,0.0,0
elasticsearch,2025-07-12,1,1,dev_x@example.com,0,0.0,0,0.0,0
elasticsearch,2025-07-13,1,0,dev_x@example.com,0,0.0,0,0.0,0
elasticsearch,2025-07-14,1,0,dev_x@example.com,0,0.0,0,0.0,0
elasticsearch,2025-07-15,1,1,dev_x@example.com,0,0.0,0,0.0,0
elasticsearch,2025-07-16,1,0,dev_x@example.com,0,0.0,0,0.0,0
elasticsearch,2025-07-17,1,0,dev_x@example.com,0,0.0,0,0.0,0
elasticsearch,2025-07-18,1,1,dev_x@example.com,0,0.0,0,0.0,0
elasticsearch,2025-07-19,1,0,dev_x@example.com,0,0.0,0,0.0,0
JOBPORTAL,2026-02-12,1,0,navadeepguduru@MacBook-Air-2.local,2143,0.0,2143,214300.0,2143
JOBPORTAL,2026-02-13,0,0,,0,0.0,0,0.0,0
JOBPORTAL,2026-02-14,0,0,,0,0.0,0,0.0,0
JOBPORTAL,2026-02-15,0,0,,0,0.0,0,0.0,0
JOBPORTAL,2026-02-16,0,0,,0,0.0,0,0.0,0
JOBPORTAL,2026-02-17,1,1,gudurunavadeep12@gmail.com,1161,0.0,1161,116100.0,1161
JOBPORTAL,2026-02-18,2,0,gudurunavadeep12@gmail.com,53,0.0,53,5300.0,53
JOBPORTAL,2026-02-19,0,0,,0,0.0,0,0.0,0
JOBPORTAL,2026-02-20,5,2,152849384+Navadeep206@users.noreply.github.com;gudurunavadeep12@gmail.com,36,0.0,36,3600.0,36
JOBPORTAL,2026-02-21,1,0,gudurunavadeep12@gmail.com,27,0.0,27,2700.0,27
ansible,2025-01-01,1,1,dev_x@example.com,17,51.0,17,1445.0,17
ansible,2025-01-02,1,0,dev_x@example.com,25,75.0,25,2125.0,25
ansible,2025-01-03,1,0,dev_x@example.com,25,75.0,25,2125.0,25
ansible,2025-01-04,1,1,dev_x@example.com,17,51.0,17,1445.0,17
ansible,2025-01-05,1,0,dev_x@example.com,25,75.0,25,2125.0,25
ansible,2025-01-06,1,0,dev_x@example.com,25,75.0,25,2125.0,25
ansible,2025-01-07,1,1,dev_x@example.com,9,27.0,9,765.0,9
ansible,2025-01-08,1,0,dev_x@example.com,25,75.0,25,2125.0,25
ansible,2025-01-09,1,0,dev_x@example.com,16,48.0,16,1360.0,16
ansible,2025-01-10,1,1,dev_x@example.com,9,27.0,9,765.0,9
ansible,2025-01-11,1,0,dev_x@example.com,16,48.0,16,1360.0,16
ansible,2025-01-12,1,0,dev_x@example.com,16,48.0,16,1360.0,16
ansible,2025-01-13,1,1,dev_x@example.com,9,27.0,9,765.0,9
ansible,2025-01-14,1,0,dev_x@example.com,8,24.0,8,680.0,8
ansible,2025-01-15,1,0,dev_x@example.com,8,24.0,8,680.0,8
ansible,2025-01-16,1,1,dev_x@example.com,0,0.0,0,0.0,0
ansible,2025-01-17,1,0,dev_x@example.com,0,0.0,0,0.0,0
ansible,2025-01-18,1,0,dev_x@example.com,0,0.0,0,0.0,0
ansible,2025-01-19,1,1,dev_x@example.com,0,0.0,0,0.0,0
ansible,2025-01-20,1,0,dev_x@example.com,0,0.0,0,0.0,0
ansible,2025-01-21,1,0,dev_x@example.com,0,0.0,0,0.0,0
ansible,2025-01-22,1,1,dev_x@example.com,0,0.0,0,0.0,0
ansible,2025-01-23,1,0,dev_x@example.com,0,0.0,0,0.0,0
ansible,2025-01-24,1,0,dev_x@example.com,0,0.0,0,0.0,0
ansible,2025-01-25,1,1,dev_x@example.com,0,0.0,0,0.0,0
ansible,2025-01-26,1,0,dev_x@example.com,0,0.0,0,0.0,0
ansible,2025-01-27,1,0,dev_x@example.com,0,0.0,0,0.0,0
ansible,2025-01-28,1,1,dev_x@example.com,0,0.0,0,0.0,0
ansible,2025-01-29,1,0,dev_x@example.com,0,0.0,0,0.0,0
ansible,2025-01-30,1,0,dev_x@example.com,0,0.0,0,0.0,0
ansible,2025-01-31,1,1,dev_x@example.com,0,0.0,0,0.0,0
ansible,2025-02-01,1,0,dev_x@example.com,0,0.0,0,0.0,0
ansible,2025-02-02,1,0,dev_x@example.com,0,0.0,0,0.0,0
ansible,2025-02-03,1,1,dev_x@example.com,0,0.0,0,0.0,0
ansible,2025-02-04,1,0,dev_x@example.com,0,0.0,0,0.0,0
ansible,2025-02-05,1,0,dev_x@example.com,0,0.0,0,0.0,0
ansible,2025-02-06,1,1,dev_x@example.com,0,0.0,0,0.0,0
ansible,2025-02-07,1,0,dev_x@example.com,0,0.0,0,0.0,0
ansible,2025-02-08,1,0,dev_x@example.com,0,0.0,0,0.0,0
ansible,2025-02-09,1,1,dev_x@example.com,0,0.0,0,0.0,0
ansible,2025-02-10,1,0,dev_x@example.com,0,0.0,0,0.0,0
ansible,2025-02-11,1,0,dev_x@example.com,0,0.0,0,0.0,0
ansible,2025-02-12,1,1,dev_x@example.com,0,0.0,0,0.0,0
ansible,2025-02-13,1,0,dev_x@example.com,0,0.0,0,0.0,0
ansible,2025-02-14,1,0,dev_x@example.com,0,0.0,0,0.0,0
ansible,2025-02-15,1,1,dev_x@example.com,0,0.0,0,0.0,0
ansible,2025-02-16,1,0,dev_x@example.com,0,0.0,0,0.0,0
ansible,2025-02-17,1,0,dev_x@example.com,0,0.0,0,0.0,0
ansible,2025-02-18,1,1,dev_x@example.com,0,0.0,0,0.0,0
ansible,2025-02-19,1,0,dev_x@example.com,0,0.0,0,0.0,0
ansible,2025-02-20,1,0,dev_x@example.com,0,0.0,0,0.0,0
ansible,2025-02-21,1,1,dev_x@example.com,0,0.0,0,0.0,0
ansible,2025-02-22,1,0,dev_x@example.com,0,0.0,0,0.0,0
ansible,2025-02-23,1,0,dev_x@example.com,0,0.0,0,0.0,0
ansible,2025-02-24,1,1,dev_x@example.com,0,0.0,0,0.0,0
ansible,2025-02-25,1,0,dev_x@example.com,0,0.0,0,0.0,0
ansible,2025-02-26,1,0,dev_x@example.com,0,0.0,0,0.0,0
ansible,2025-02-27,1,1,dev_x@example.com,0,0.0,0,0.0,0
ansible,2025-02-28,1,0,dev_x@example.com,0,0.0,0,0.0,0
ansible,2025-03-01,1,0,dev_x@example.com,0,0.0,0,0.0,0
ansible,2025-03-02,1,1,dev_x@example.com,0,0.0,0,0.0,0
ansible,2025-03-03,1,0,dev_x@example.com,0,0.0,0,0.0,0
ansible,2025-03-04,1,0,dev_x@example.com,0,0.0,0,0.0,0
ansible,2025-03-05,1,1,dev_x@example.com,0,0.0,0,0.0,0
ansible,2025-03-06,1,0,dev_x@example.com,0,0.0,0,0.0,0
ansible,2025-03-07,1,0,dev_x@example.com,0,0.0,0,0.0,0
ansible,2025-03-08,1,1,dev_x@example.com,0,0.0,0,0.0,0
ansible,2025-03-09,1,0,dev_x@example.com,0,0.0,0,0.0,0
ansible,2025-03-10,1,0,dev_x@example.com,0,0.0,0,0.0,0
ansible,2025-03-11,1,1,dev_x@example.com,0,0.0,0,0.0,0
ansible,2025-03-12,1,0,dev_x@example.com,0,0.0,0,0.0,0
ansible,2025-03-13,1,0,dev_x@example.com,0,0.0,0,0.0,0
ansible,2025-03-14,1,1,dev_x@example.com,0,0.0,0,0.0,0
ansible,2025-03-15,1,0,dev_x@example.com,0,0.0,0,0.0,0
ansible,2025-03-16,1,0,dev_x@example.com,0,0.0,0,0.0,0
ansible,2025-03-17,1,1,dev_x@example.com,0,0.0,0,0.0,0
ansible,2025-03-18,1,0,dev_x@example.com,0,0.0,0,0.0,0
ansible,2025-03-19,1,0,dev_x@example.com,0,0.0,0,0.0,0
ansible,2025-03-20,1,1,dev_x@example.com,0,0.0,0,0.0,0
ansible,2025-03-21,1,0,dev_x@example.com,0,0.0,0,0.0,0
ansible,2025-03-22,1,0,dev_x@example.com,0,0.0,0,0.0,0
ansible,2025-03-23,1,1,dev_x@example.com,0,0.0,0,0.0,0
ansible,2025-03-24,1,0,dev_x@example.com,0,0.0,0,0.0,0
ansible,2025-03-25,1,0,dev_x@example.com,0,0.0,0,0.0,0
ansible,2025-03-26,1,1,dev_x@example.com,0,0.0,0,0.0,0
ansible,2025-03-27,1,0,dev_x@example.com,0,0.0,0,0.0,0
ansible,2025-03-28,1,0,dev_x@example.com,0,0.0,0,0.0,0
ansible,2025-03-29,1,1,dev_x@example.com,0,0.0,0,0.0,0
ansible,2025-03-30,1,0,dev_x@example.com,0,0.0,0,0.0,0
ansible,2025-03-31,1,0,dev_x@example.com,0,0.0,0,0.0,0
ansible,2025-04-01,1,1,dev_x@example.com,0,0.0,0,0.0,0
ansible,2025-04-02,1,0,dev_x@example.com,0,0.0,0,0.0,0
ansible,2025-04-03,1,0,dev_x@example.com,0,0.0,0,0.0,0
ansible,2025-04-04,1,1,dev_x@example.com,0,0.0,0,0.0,0
ansible,2025-04-05,1,0,dev_x@example.com,0,0.0,0,0.0,0
ansible,2025-04-06,1,0,dev_x@example.com,0,0.0,0,0.0,0
ansible,2025-04-07,1,1,dev_x@example.com,0,0.0,0,0.0,0
ansible,2025-04-08,1,0,dev_x@example.com,0,0.0,0,0.0,0
ansible,2025-04-09,1,0,dev_x@example.com,0,0.0,0,0.0,0
ansible,2025-04-10,1,1,dev_x@example.com,0,0.0,0,0.0,0
ansible,2025-04-11,1,0,dev_x@example.com,0,0.0,0,0.0,0
ansible,2025-04-12,1,0,dev_x@example.com,0,0.0,0,0.0,0
ansible,2025-04-13,1,1,dev_x@example.com,0,0.0,0,0.0,0
ansible,2025-04-14,1,0,dev_x@example.com,0,0.0,0,0.0,0
ansible,2025-04-15,1,0,dev_x@example.com,0,0.0,0,0.0,0
ansible,2025-04-16,1,1,dev_x@example.com,0,0.0,0,0.0,0
ansible,2025-04-17,1,0,dev_x@example.com,0,0.0,0,0.0,0
ansible,2025-04-18,1,0,dev_x@example.com,0,0.0,0,0.0,0
ansible,2025-04-19,1,1,dev_x@example.com,0,0.0,0,0.0,0
ansible,2025-04-20,1,0,dev_x@example.com,0,0.0,0,0.0,0
ansible,2025-04-21,1,0,dev_x@example.com,0,0.0,0,0.0,0
ansible,2025-04-22,1,1,dev_x@example.com,0,0.0,0,0.0,0
ansible,2025-04-23,1,0,dev_x@example.com,0,0.0,0,0.0,0
ansible,2025-04-24,1,0,dev_x@example.com,0,0.0,0,0.0,0
ansible,2025-04-25,1,1,dev_x@example.com,0,0.0,0,0.0,0
ansible,2025-04-26,1,0,dev_x@example.com,0,0.0,0,0.0,0
ansible,2025-04-27,1,0,dev_x@example.com,0,0.0,0,0.0,0
ansible,2025-04-28,1,1,dev_x@example.com,0,0.0,0,0.0,0
ansible,2025-04-29,1,0,dev_x@example.com,0,0.0,0,0.0,0
ansible,2025-04-30,1,0,dev_x@example.com,0,0.0,0,0.0,0
ansible,2025-05-01,1,1,dev_x@example.com,0,0.0,0,0.0,0
ansible,2025-05-02,1,0,dev_x@example.com,0,0.0,0,0.0,0
ansible,2025-05-03,1,0,dev_x@example.com,0,0.0,0,0.0,0
ansible,2025-05-04,1,1,dev_x@example.com,0,0.0,0,0.0,0
ansible,2025-05-05,1,0,dev_x@example.com,0,0.0,0,0.0,0
ansible,2025-05-06,1,0,dev_x@example.com,0,0.0,0,0.0,0
ansible,2025-05-07,1,1,dev_x@example.com,0,0.0,0,0.0,0
ansible,2025-05-08,1,0,dev_x@example.com,0,0.0,0,0.0,0
ansible,2025-05-09,1,0,dev_x@example.com,0,0.0,0,0.0,0
ansible,2025-05-10,1,1,dev_x@example.com,0,0.0,0,0.0,0
ansible,2025-05-11,1,0,dev_x@example.com,0,0.0,0,0.0,0
ansible,2025-05-12,1,0,dev_x@example.com,0,0.0,0,0.0,0
ansible,2025-05-13,1,1,dev_x@example.com,0,0.0,0,0.0,0
ansible,2025-05-14,1,0,dev_x@example.com,0,0.0,0,0.0,0
ansible,2025-05-15,1,0,dev_x@example.com,0,0.0,0,0.0,0
ansible,2025-05-16,1,1,dev_x@example.com,0,0.0,0,0.0,0
ansible,2025-05-17,1,0,dev_x@example.com,0,0.0,0,0.0,0
ansible,2025-05-18,1,0,dev_x@example.com,0,0.0,0,0.0,0
ansible,2025-05-19,1,1,dev_x@example.com,0,0.0,0,0.0,0
ansible,2025-05-20,1,0,dev_x@example.com,0,0.0,0,0.0,0
ansible,2025-05-21,1,0,dev_x@example.com,0,0.0,0,0.0,0
ansible,2025-05-22,1,1,dev_x@example.com,0,0.0,0,0.0,0
ansible,2025-05-23,1,0,dev_x@example.com,0,0.0,0,0.0,0
ansible,2025-05-24,1,0,dev_x@example.com,0,0.0,0,0.0,0
ansible,2025-05-25,1,1,dev_x@example.com,0,0.0,0,0.0,0
ansible,2025-05-26,1,0,dev_x@example.com,0,0.0,0,0.0,0
ansible,2025-05-27,1,0,dev_x@example.com,0,0.0,0,0.0,0
ansible,2025-05-28,1,1,dev_x@example.com,0,0.0,0,0.0,0
ansible,2025-05-29,1,0,dev_x@example.com,0,0.0,0,0.0,0
ansible,2025-05-30,1,0,dev_x@example.com,0,0.0,0,0.0,0
ansible,2025-05-31,1,1,dev_x@example.com,0,0.0,0,0.0,0
ansible,2025-06-01,1,0,dev_x@example.com,0,0.0,0,0.0,0
ansible,2025-06-02,1,0,dev_x@example.com,0,0.0,0,0.0,0
ansible,2025-06-03,1,1,dev_x@example.com,0,0.0,0,0.0,0
ansible,2025-06-04,1,0,dev_x@example.com,0,0.0,0,0.0,0
ansible,2025-06-05,1,0,dev_x@example.com,0,0.0,0,0.0,0
ansible,2025-06-06,1,1,dev_x@example.com,0,0.0,0,0.0,0
ansible,2025-06-07,1,0,dev_x@example.com,0,0.0,0,0.0,0
ansible,2025-06-08,1,0,dev_x@example.com,0,0.0,0,0.0,0
ansible,2025-06-09,1,1,dev_x@example.com,0,0.0,0,0.0,0
ansible,2025-06-10,1,0,dev_x@example.com,0,0.0,0,0.0,0
ansible,2025-06-11,1,0,dev_x@example.com,0,0.0,0,0.0,0
ansible,2025-06-12,1,1,dev_x@example.com,0,0.0,0,0.0,0
ansible,2025-06-13,1,0,dev_x@example.com,0,0.0,0,0.0,0
ansible,2025-06-14,1,0,dev_x@example.com,0,0.0,0,0.0,0
ansible,2025-06-15,1,1,dev_x@example.com,0,0.0,0,0.0,0
ansible,2025-06-16,1,0,dev_x@example.com,0,0.0,0,0.0,0
ansible,2025-06-17,1,0,dev_x@example.com,0,0.0,0,0.0,0
ansible,2025-06-18,1,1,dev_x@example.com,0,0.0,0,0.0,0
ansible,2025-06-19,1,0,dev_x@example.com,0,0.0,0,0.0,0
ansible,2025-06-20,1,0,dev_x@example.com,0,0.0,0,0.0,0
ansible,2025-06-21,1,1,dev_x@example.com,0,0.0,0,0.0,0
ansible,2025-06-22,1,0,dev_x@example.com,0,0.0,0,0.0,0
ansible,2025-06-23,1,0,dev_x@example.com,0,0.0,0,0.0,0
ansible,2025-06-24,1,1,dev_x@example.com,0,0.0,0,0.0,0
ansible,2025-06-25,1,0,dev_x@example.com,0,0.0,0,0.0,0
ansible,2025-06-26,1,0,dev_x@example.com,0,0.0,0,0.0,0
ansible,2025-06-27,1,1,dev_x@example.com,0,0.0,0,0.0,0
ansible,2025-06-28,1,0,dev_x@example.com,0,0.0,0,0.0,0
ansible,2025-06-29,1,0,dev_x@example.com,0,0.0,0,0.0,0
ansible,2025-06-30,1,1,dev_x@example.com,0,0.0,0,0.0,0
ansible,2025-07-01,1,0,dev_x@example.com,0,0.0,0,0.0,0
ansible,2025-07-02,1,0,dev_x@example.com,0,0.0,0,0.0,0
ansible,2025-07-03,1,1,dev_x@example.com,0,0.0,0,0.0,0
ansible,2025-07-04,1,0,dev_x@example.com,0,0.0,0,0.0,0
ansible,2025-07-05,1,0,dev_x@example.com,0,0.0,0,0.0,0
ansible,2025-07-06,1,1,dev_x@example.com,0,0.0,0,0.0,0
ansible,2025-07-07,1,0,dev_x@example.com,0,0.0,0,0.0,0
ansible,2025-07-08,1,0,dev_x@example.com,0,0.0,0,0.0,0
ansible,2025-07-09,1,1,dev_x@example.com,0,0.0,0,0.0,0
ansible,2025-07-10,1,0,dev_x@example.com,0,0.0,0,0.0,0
ansible,2025-07-11,1,0,dev_x@example.com,0,0.0,0,0.0,0
ansible,2025-07-12,1,1,dev_x@example.com,0,0.0,0,0.0,0
ansible,2025-07-13,1,0,dev_x@example.com,0,0.0,0,0.0,0
ansible,2025-07-14,1,0,dev_x@example.com,0,0.0,0,0.0,0
ansible,2025-07-15,1,1,dev_x@example.com,0,0.0,0,0.0,0
ansible,2025-07-16,1,0,dev_x@example.com,0,0.0,0,0.0,0
ansible,2025-07-17,1,0,dev_x@example.com,0,0.0,0,0.0,0
ansible,2025-07-18,1,1,dev_x@example.com,0,0.0,0,0.0,0
ansible,2025-07-19,1,0,dev_x@example.com,0,0.0,0,0.0,0
axios,2025-01-01,1,1,dev_x@example.com,17,51.0,17,-17.0,17
axios,2025-01-02,1,0,dev_x@example.com,25,75.0,25,-25.0,25
axios,2025-01-03,1,0,dev_x@example.com,25,75.0,25,-25.0,25
axios,2025-01-04,1,1,dev_x@example.com,17,51.0,17,-17.0,17
axios,2025-01-05,1,0,dev_x@example.com,25,75.0,25,-25.0,25
axios,2025-01-06,1,0,dev_x@example.com,25,75.0,25,-25.0,25
axios,2025-01-07,1,1,dev_x@example.com,9,27.0,9,-9.0,9
axios,2025-01-08,1,0,dev_x@example.com,25,75.0,25,-25.0,25
axios,2025-01-09,1,0,dev_x@example.com,16,48.0,16,-16.0,16
axios,2025-01-10,1,1,dev_x@example.com,9,27.0,9,-9.0,9
axios,2025-01-11,1,0,dev_x@example.com,16,48.0,16,-16.0,16
axios,2025-01-12,1,0,dev_x@example.com,16,48.0,16,-16.0,16
axios,2025-01-13,1,1,dev_x@example.com,9,27.0,9,-9.0,9
axios,2025-01-14,1,0,dev_x@example.com,8,24.0,8,-8.0,8
axios,2025-01-15,1,0,dev_x@example.com,8,24.0,8,-8.0,8
axios,2025-01-16,1,1,dev_x@example.com,0,0.0,0,0.0,0
axios,2025-01-17,1,0,dev_x@example.com,0,0.0,0,0.0,0
axios,2025-01-18,1,0,dev_x@example.com,0,0.0,0,0.0,0
axios,2025-01-19,1,1,dev_x@example.com,0,0.0,0,0.0,0
axios,2025-01-20,1,0,dev_x@example.com,0,0.0,0,0.0,0
axios,2025-01-21,1,0,dev_x@example.com,0,0.0,0,0.0,0
axios,2025-01-22,1,1,dev_x@example.com,0,0.0,0,0.0,0
axios,2025-01-23,1,0,dev_x@example.com,0,0.0,0,0.0,0
axios,2025-01-24,1,0,dev_x@example.com,0,0.0,0,0.0,0
axios,2025-01-25,1,1,dev_x@example.com,0,0.0,0,0.0,0
axios,2025-01-26,1,0,dev_x@example.com,0,0.0,0,0.0,0
axios,2025-01-27,1,0,dev_x@example.com,0,0.0,0,0.0,0
axios,2025-01-28,1,1,dev_x@example.com,0,0.0,0,0.0,0
axios,2025-01-29,1,0,dev_x@example.com,0,0.0,0,0.0,0
axios,2025-01-30,1,0,dev_x@example.com,0,0.0,0,0.0,0
axios,2025-01-31,1,1,dev_x@example.com,0,0.0,0,0.0,0
axios,2025-02-01,1,0,dev_x@example.com,0,0.0,0,0.0,0
axios,2025-02-02,1,0,dev_x@example.com,0,0.0,0,0.0,0
axios,2025-02-03,1,1,dev_x@example.com,0,0.0,0,0.0,0
axios,2025-02-04,1,0,dev_x@example.com,0,0.0,0,0.0,0
axios,2025-02-05,1,0,dev_x@example.com,0,0.0,0,0.0,0
axios,2025-02-06,1,1,dev_x@example.com,0,0.0,0,0.0,0
axios,2025-02-07,1,0,dev_x@example.com,0,0.0,0,0.0,0
axios,2025-02-08,1,0,dev_x@example.com,0,0.0,0,0.0,0
axios,2025-02-09,1,1,dev_x@example.com,0,0.0,0,0.0,0
axios,2025-02-10,1,0,dev_x@example.com,0,0.0,0,0.0,0
axios,2025-02-11,1,0,dev_x@example.com,0,0.0,0,0.0,0
axios,2025-02-12,1,1,dev_x@example.com,0,0.0,0,0.0,0
axios,2025-02-13,1,0,dev_x@example.com,0,0.0,0,0.0,0
axios,2025-02-14,1,0,dev_x@example.com,0,0.0,0,0.0,0
axios,2025-02-15,1,1,dev_x@example.com,0,0.0,0,0.0,0
axios,2025-02-16,1,0,dev_x@example.com,0,0.0,0,0.0,0
axios,2025-02-17,1,0,dev_x@example.com,0,0.0,0,0.0,0
axios,2025-02-18,1,1,dev_x@example.com,0,0.0,0,0.0,0
axios,2025-02-19,1,0,dev_x@example.com,0,0.0,0,0.0,0
axios,2025-02-20,1,0,dev_x@example.com,0,0.0,0,0.0,0
axios,2025-02-21,1,1,dev_x@example.com,0,0.0,0,0.0,0
axios,2025-02-22,1,0,dev_x@example.com,0,0.0,0,0.0,0
axios,2025-02-23,1,0,dev_x@example.com,0,0.0,0,0.0,0
axios,2025-02-24,1,1,dev_x@example.com,0,0.0,0,0.0,0
axios,2025-02-25,1,0,dev_x@example.com,0,0.0,0,0.0,0
axios,2025-02-26,1,0,dev_x@example.com,0,0.0,0,0.0,0
axios,2025-02-27,1,1,dev_x@example.com,0,0.0,0,0.0,0
axios,2025-02-28,1,0,dev_x@example.com,0,0.0,0,0.0,0
axios,2025-03-01,1,0,dev_x@example.com,0,0.0,0,0.0,0
axios,2025-03-02,1,1,dev_x@example.com,0,0.0,0,0.0,0
axios,2025-03-03,1,0,dev_x@example.com,0,0.0,0,0.0,0
axios,2025-03-04,1,0,dev_x@example.com,0,0.0,0,0.0,0
axios,2025-03-05,1,1,dev_x@example.com,0,0.0,0,0.0,0
axios,2025-03-06,1,0,dev_x@example.com,0,0.0,0,0.0,0
axios,2025-03-07,1,0,dev_x@example.com,0,0.0,0,0.0,0
axios,2025-03-08,1,1,dev_x@example.com,0,0.0,0,0.0,0
axios,2025-03-09,1,0,dev_x@example.com,0,0.0,0,0.0,0
axios,2025-03-10,1,0,dev_x@example.com,0,0.0,0,0.0,0
axios,2025-03-11,1,1,dev_x@example.com,0,0.0,0,0.0,0
axios,2025-03-12,1,0,dev_x@example.com,0,0.0,0,0.0,0
axios,2025-03-13,1,0,dev_x@example.com,0,0.0,0,0.0,0
axios,2025-03-14,1,1,dev_x@example.com,0,0.0,0,0.0,0
axios,2025-03-15,1,0,dev_x@example.com,0,0.0,0,0.0,0
axios,2025-03-16,1,0,dev_x@example.com,0,0.0,0,0.0,0
axios,2025-03-17,1,1,dev_x@example.com,0,0.0,0,0.0,0
axios,2025-03-18,1,0,dev_x@example.com,0,0.0,0,0.0,0
axios,2025-03-19,1,0,dev_x@example.com,0,0.0,0,0.0,0
axios,2025-03-20,1,1,dev_x@example.com,0,0.0,0,0.0,0
axios,2025-03-21,1,0,dev_x@example.com,0,0.0,0,0.0,0
axios,2025-03-22,1,0,dev_x@example.com,0,0.0,0,0.0,0
axios,2025-03-23,1,1,dev_x@example.com,0,0.0,0,0.0,0
axios,2025-03-24,1,0,dev_x@example.com,0,0.0,0,0.0,0
axios,2025-03-25,1,0,dev_x@example.com,0,0.0,0,0.0,0
axios,2025-03-26,1,1,dev_x@example.com,0,0.0,0,0.0,0
axios,2025-03-27,1,0,dev_x@example.com,0,0.0,0,0.0,0
axios,2025-03-28,1,0,dev_x@example.com,0,0.0,0,0.0,0
axios,2025-03-29,1,1,dev_x@example.com,0,0.0,0,0.0,0
axios,2025-03-30,1,0,dev_x@example.com,0,0.0,0,0.0,0
axios,2025-03-31,1,0,dev_x@example.com,0,0.0,0,0.0,0
axios,2025-04-01,1,1,dev_x@example.com,0,0.0,0,0.0,0
axios,2025-04-02,1,0,dev_x@example.com,0,0.0,0,0.0,0
axios,2025-04-03,1,0,dev_x@example.com,0,0.0,0,0.0,0
axios,2025-04-04,1,1,dev_x@example.com,0,0.0,0,0.0,0
axios,2025-04-05,1,0,dev_x@example.com,0,0.0,0,0.0,0
axios,2025-04-06,1,0,dev_x@example.com,0,0.0,0,0.0,0
axios,2025-04-07,1,1,dev_x@example.com,0,0.0,0,0.0,0
axios,2025-04-08,1,0,dev_x@example.com,0,0.0,0,0.0,0
axios,2025-04-09,1,0,dev_x@example.com,0,0.0,0,0.0,0
axios,2025-04-10,1,1,dev_x@example.com,0,0.0,0,0.0,0
axios,2025-04-11,1,0,dev_x@example.com,0,0.0,0,0.0,0
axios,2025-04-12,1,0,dev_x@example.com,0,0.0,0,0.0,0
axios,2025-04-13,1,1,dev_x@example.com,0,0.0,0,0.0,0
axios,2025-04-14,1,0,dev_x@example.com,0,0.0,0,0.0,0
axios,2025-04-15,1,0,dev_x@example.com,0,0.0,0,0.0,0
axios,2025-04-16,1,1,dev_x@example.com,0,0.0,0,0.0,0
axios,2025-04-17,1,0,dev_x@example.com,0,0.0,0,0.0,0
axios,2025-04-18,1,0,dev_x@example.com,0,0.0,0,0.0,0
axios,2025-04-19,1,1,dev_x@example.com,0,0.0,0,0.0,0
axios,2025-04-20,1,0,dev_x@example.com,0,0.0,0,0.0,0
axios,2025-04-21,1,0,dev_x@example.com,0,0.0,0,0.0,0
axios,2025-04-22,1,1,dev_x@example.com,0,0.0,0,0.0,0
axios,2025-04-23,1,0,dev_x@example.com,0,0.0,0,0.0,0
axios,2025-04-24,1,0,dev_x@example.com,0,0.0,0,0.0,0
axios,2025-04-25,1,1,dev_x@example.com,0,0.0,0,0.0,0
axios,2025-04-26,1,0,dev_x@example.com,0,0.0,0,0.0,0
axios,2025-04-27,1,0,dev_x@example.com,0,0.0,0,0.0,0
axios,2025-04-28,1,1,dev_x@example.com,0,0.0,0,0.0,0
axios,2025-04-29,1,0,dev_x@example.com,0,0.0,0,0.0,0
axios,2025-04-30,1,0,dev_x@example.com,0,0.0,0,0.0,0
axios,2025-05-01,1,1,dev_x@example.com,0,0.0,0,0.0,0
axios,2025-05-02,1,0,dev_x@example.com,0,0.0,0,0.0,0
axios,2025-05-03,1,0,dev_x@example.com,0,0.0,0,0.0,0
axios,2025-05-04,1,1,dev_x@example.com,0,0.0,0,0.0,0
axios,2025-05-05,1,0,dev_x@example.com,0,0.0,0,0.0,0
axios,2025-05-06,1,0,dev_x@example.com,0,0.0,0,0.0,0
axios,2025-05-07,1,1,dev_x@example.com,0,0.0,0,0.0,0
axios,2025-05-08,1,0,dev_x@example.com,0,0.0,0,0.0,0
axios,2025-05-09,1,0,dev_x@example.com,0,0.0,0,0.0,0
axios,2025-05-10,1,1,dev_x@example.com,0,0.0,0,0.0,0
axios,2025-05-11,1,0,dev_x@example.com,0,0.0,0,0.0,0
axios,2025-05-12,1,0,dev_x@example.com,0,0.0,0,0.0,0
axios,2025-05-13,1,1,dev_x@example.com,0,0.0,0,0.0,0
axios,2025-05-14,1,0,dev_x@example.com,0,0.0,0,0.0,0
axios,2025-05-15,1,0,dev_x@example.com,0,0.0,0,0.0,0
axios,2025-05-16,1,1,dev_x@example.com,0,0.0,0,0.0,0
axios,2025-05-17,1,0,dev_x@example.com,0,0.0,0,0.0,0
axios,2025-05-18,1,0,dev_x@example.com,0,0.0,0,0.0,0
axios,2025-05-19,1,1,dev_x@example.com,0,0.0,0,0.0,0
axios,2025-05-20,1,0,dev_x@example.com,0,0.0,0,0.0,0
axios,2025-05-21,1,0,dev_x@example.com,0,0.0,0,0.0,0
axios,2025-05-22,1,1,dev_x@example.com,0,0.0,0,0.0,0
axios,2025-05-23,1,0,dev_x@example.com,0,0.0,0,0.0,0
axios,2025-05-24,1,0,dev_x@example.com,0,0.0,0,0.0,0
axios,2025-05-25,1,1,dev_x@example.com,0,0.0,0,0.0,0
axios,2025-05-26,1,0,dev_x@example.com,0,0.0,0,0.0,0
axios,2025-05-27,1,0,dev_x@example.com,0,0.0,0,0.0,0
axios,2025-05-28,1,1,dev_x@example.com,0,0.0,0,0.0,0
axios,2025-05-29,1,0,dev_x@example.com,0,0.0,0,0.0,0
axios,2025-05-30,1,0,dev_x@example.com,0,0.0,0,0.0,0
axios,2025-05-31,1,1,dev_x@example.com,0,0.0,0,0.0,0
axios,2025-06-01,1,0,dev_x@example.com,0,0.0,0,0.0,0
axios,2025-06-02,1,0,dev_x@example.com,0,0.0,0,0.0,0
axios,2025-06-03,1,1,dev_x@example.com,0,0.0,0,0.0,0
axios,2025-06-04,1,0,dev_x@example.com,0,0.0,0,0.0,0
axios,2025-06-05,1,0,dev_x@example.com,0,0.0,0,0.0,0
axios,2025-06-06,1,1,dev_x@example.com,0,0.0,0,0.0,0
axios,2025-06-07,1,0,dev_x@example.com,0,0.0,0,0.0,0
axios,2025-06-08,1,0,dev_x@example.com,0,0.0,0,0.0,0
axios,2025-06-09,1,1,dev_x@example.com,0,0.0,0,0.0,0
axios,2025-06-10,1,0,dev_x@example.com,0,0.0,0,0.0,0
axios,2025-06-11,1,0,dev_x@example.com,0,0.0,0,0.0,0
axios,2025-06-12,1,1,dev_x@example.com,0,0.0,0,0.0,0
axios,2025-06-13,1,0,dev_x@example.com,0,0.0,0,0.0,0
axios,2025-06-14,1,0,dev_x@example.com,0,0.0,0,0.0,0
axios,2025-06-15,1,1,dev_x@example.com,0,0.0,0,0.0,0
axios,2025-06-16,1,0,dev_x@example.com,0,0.0,0,0.0,0
axios,2025-06-17,1,0,dev_x@example.com,0,0.0,0,0.0,0
axios,2025-06-18,1,1,dev_x@example.com,0,0.0,0,0.0,0
axios,2025-06-19,1,0,dev_x@example.com,0,0.0,0,0.0,0
axios,2025-06-20,1,0,dev_x@example.com,0,0.0,0,0.0,0
axios,2025-06-21,1,1,dev_x@example.com,0,0.0,0,0.0,0
axios,2025-06-22,1,0,dev_x@example.com,0,0.0,0,0.0,0
axios,2025-06-23,1,0,dev_x@example.com,0,0.0,0,0.0,0
axios,2025-06-24,1,1,dev_x@example.com,0,0.0,0,0.0,0
axios,2025-06-25,1,0,dev_x@example.com,0,0.0,0,0.0,0
axios,2025-06-26,1,0,dev_x@example.com,0,0.0,0,0.0,0
axios,2025-06-27,1,1,dev_x@example.com,0,0.0,0,0.0,0
axios,2025-06-28,1,0,dev_x@example.com,0,0.0,0,0.0,0
axios,2025-06-29,1,0,dev_x@example.com,0,0.0,0,0.0,0
axios,2025-06-30,1,1,dev_x@example.com,0,0.0,0,0.0,0
axios,2025-07-01,1,0,dev_x@example.com,0,0.0,0,0.0,0
axios,2025-07-02,1,0,dev_x@example.com,0,0.0,0,0.0,0
axios,2025-07-03,1,1,dev_x@example.com,0,0.0,0,0.0,0
axios,2025-07-04,1,0,dev_x@example.com,0,0.0,0,0.0,0
axios,2025-07-05,1,0,dev_x@example.com,0,0.0,0,0.0,0
axios,2025-07-06,1,1,dev_x@example.com,0,0.0,0,0.0,0
axios,2025-07-07,1,0,dev_x@example.com,0,0.0,0,0.0,0
axios,2025-07-08,1,0,dev_x@example.com,0,0.0,0,0.0,0
axios,2025-07-09,1,1,dev_x@example.com,0,0.0,0,0.0,0
axios,2025-07-10,1,0,dev_x@example.com,0,0.0,0,0.0,0
axios,2025-07-11,1,0,dev_x@example.com,0,0.0,0,0.0,0
axios,2025-07-12,1,1,dev_x@example.com,0,0.0,0,0.0,0
axios,2025-07-13,1,0,dev_x@example.com,0,0.0,0,0.0,0
axios,2025-07-14,1,0,dev_x@example.com,0,0.0,0,0.0,0
axios,2025-07-15,1,1,dev_x@example.com,0,0.0,0,0.0,0
axios,2025-07-16,1,0,dev_x@example.com,0,0.0,0,0.0,0
axios,2025-07-17,1,0,dev_x@example.com,0,0.0,0,0.0,0
axios,2025-07-18,1,1,dev_x@example.com,0,0.0,0,0.0,0
axios,2025-07-19,1,0,dev_x@example.com,0,0.0,0,0.0,0
express,2025-01-01,1,1,dev_x@example.com,17,51.0,17,-17.0,17
express,2025-01-02,1,0,dev_x@example.com,25,75.0,25,-25.0,25
express,2025-01-03,1,0,dev_x@example.com,25,75.0,25,-25.0,25
express,2025-01-04,1,1,dev_x@example.com,17,51.0,17,-17.0,17
express,2025-01-05,1,0,dev_x@example.com,25,75.0,25,-25.0,25
express,2025-01-06,1,0,dev_x@example.com,25,75.0,25,-25.0,25
express,2025-01-07,1,1,dev_x@example.com,9,27.0,9,-9.0,9
express,2025-01-08,1,0,dev_x@example.com,25,75.0,25,-25.0,25
express,2025-01-09,1,0,dev_x@example.com,16,48.0,16,-16.0,16
express,2025-01-10,1,1,dev_x@example.com,9,27.0,9,-9.0,9
express,2025-01-11,1,0,dev_x@example.com,16,48.0,16,-16.0,16
express,2025-01-12,1,0,dev_x@example.com,16,48.0,16,-16.0,16
express,2025-01-13,1,1,dev_x@example.com,9,27.0,9,-9.0,9
express,2025-01-14,1,0,dev_x@example.com,8,24.0,8,-8.0,8
express,2025-01-15,1,0,dev_x@example.com,8,24.0,8,-8.0,8
express,2025-01-16,1,1,dev_x@example.com,0,0.0,0,0.0,0
express,2025-01-17,1,0,dev_x@example.com,0,0.0,0,0.0,0
express,2025-01-18,1,0,dev_x@example.com,0,0.0,0,0.0,0
express,2025-01-19,1,1,dev_x@example.com,0,0.0,0,0.0,0
express,2025-01-20,1,0,dev_x@example.com,0,0.0,0,0.0,0
express,2025-01-21,1,0,dev_x@example.com,0,0.0,0,0.0,0
express,2025-01-22,1,1,dev_x@example.com,0,0.0,0,0.0,0
express,2025-01-23,1,0,dev_x@example.com,0,0.0,0,0.0,0
express,2025-01-24,1,0,dev_x@example.com,0,0.0,0,0.0,0
express,2025-01-25,1,1,dev_x@example.com,0,0.0,0,0.0,0
express,2025-01-26,1,0,dev_x@example.com,0,0.0,0,0.0,0
express,2025-01-27,1,0,dev_x@example.com,0,0.0,0,0.0,0
express,2025-01-28,1,1,dev_x@example.com,0,0.0,0,0.0,0
express,2025-01-29,1,0,dev_x@example.com,0,0.0,0,0.0,0
express,2025-01-30,1,0,dev_x@example.com,0,0.0,0,0.0,0
express,2025-01-31,1,1,dev_x@example.com,0,0.0,0,0.0,0
express,2025-02-01,1,0,dev_x@example.com,0,0.0,0,0.0,0
express,2025-02-02,1,0,dev_x@example.com,0,0.0,0,0.0,0
express,2025-02-03,1,1,dev_x@example.com,0,0.0,0,0.0,0
express,2025-02-04,1,0,dev_x@example.com,0,0.0,0,0.0,0
express,2025-02-05,1,0,dev_x@example.com,0,0.0,0,0.0,0
express,2025-02-06,1,1,dev_x@example.com,0,0.0,0,0.0,0
express,2025-02-07,1,0,dev_x@example.com,0,0.0,0,0.0,0
express,2025-02-08,1,0,dev_x@example.com,0,0.0,0,0.0,0
express,2025-02-09,1,1,dev_x@example.com,0,0.0,0,0.0,0
express,2025-02-10,1,0,dev_x@example.com,0,0.0,0,0.0,0
express,2025-02-11,1,0,dev_x@example.com,0,0.0,0,0.0,0
express,2025-02-12,1,1,dev_x@example.com,0,0.0,0,0.0,0
express,2025-02-13,1,0,dev_x@example.com,0,0.0,0,0.0,0
express,2025-02-14,1,0,dev_x@example.com,0,0.0,0,0.0,0
express,2025-02-15,1,1,dev_x@example.com,0,0.0,0,0.0,0
express,2025-02-16,1,0,dev_x@example.com,0,0.0,0,0.0,0
express,2025-02-17,1,0,dev_x@example.com,0,0.0,0,0.0,0
express,2025-02-18,1,1,dev_x@example.com,0,0.0,0,0.0,0
express,2025-02-19,1,0,dev_x@example.com,0,0.0,0,0.0,0
express,2025-02-20,1,0,dev_x@example.com,0,0.0,0,0.0,0
express,2025-02-21,1,1,dev_x@example.com,0,0.0,0,0.0,0
express,2025-02-22,1,0,dev_x@example.com,0,0.0,0,0.0,0
express,2025-02-23,1,0,dev_x@example.com,0,0.0,0,0.0,0
express,2025-02-24,1,1,dev_x@example.com,0,0.0,0,0.0,0
express,2025-02-25,1,0,dev_x@example.com,0,0.0,0,0.0,0
express,2025-02-26,1,0,dev_x@example.com,0,0.0,0,0.0,0
express,2025-02-27,1,1,dev_x@example.com,0,0.0,0,0.0,0
express,2025-02-28,1,0,dev_x@example.com,0,0.0,0,0.0,0
express,2025-03-01,1,0,dev_x@example.com,0,0.0,0,0.0,0
express,2025-03-02,1,1,dev_x@example.com,0,0.0,0,0.0,0
express,2025-03-03,1,0,dev_x@example.com,0,0.0,0,0.0,0
express,2025-03-04,1,0,dev_x@example.com,0,0.0,0,0.0,0
express,2025-03-05,1,1,dev_x@example.com,0,0.0,0,0.0,0
express,2025-03-06,1,0,dev_x@example.com,0,0.0,0,0.0,0
express,2025-03-07,1,0,dev_x@example.com,0,0.0,0,0.0,0
express,2025-03-08,1,1,dev_x@example.com,0,0.0,0,0.0,0
express,2025-03-09,1,0,dev_x@example.com,0,0.0,0,0.0,0
express,2025-03-10,1,0,dev_x@example.com,0,0.0,0,0.0,0
express,2025-03-11,1,1,dev_x@example.com,0,0.0,0,0.0,0
express,2025-03-12,1,0,dev_x@example.com,0,0.0,0,0.0,0
express,2025-03-13,1,0,dev_x@example.com,0,0.0,0,0.0,0
express,2025-03-14,1,1,dev_x@example.com,0,0.0,0,0.0,0
express,2025-03-15,1,0,dev_x@example.com,0,0.0,0,0.0,0
express,2025-03-16,1,0,dev_x@example.com,0,0.0,0,0.0,0
express,2025-03-17,1,1,dev_x@example.com,0,0.0,0,0.0,0
express,2025-03-18,1,0,dev_x@example.com,0,0.0,0,0.0,0
express,2025-03-19,1,0,dev_x@example.com,0,0.0,0,0.0,0
express,2025-03-20,1,1,dev_x@example.com,0,0.0,0,0.0,0
express,2025-03-21,1,0,dev_x@example.com,0,0.0,0,0.0,0
express,2025-03-22,1,0,dev_x@example.com,0,0.0,0,0.0,0
express,2025-03-23,1,1,dev_x@example.com,0,0.0,0,0.0,0
express,2025-03-24,1,0,dev_x@example.com,0,0.0,0,0.0,0
express,2025-03-25,1,0,dev_x@example.com,0,0.0,0,0.0,0
express,2025-03-26,1,1,dev_x@example.com,0,0.0,0,0.0,0
express,2025-03-27,1,0,dev_x@example.com,0,0.0,0,0.0,0
express,2025-03-28,1,0,dev_x@example.com,0,0.0,0,0.0,0
express,2025-03-29,1,1,dev_x@example.com,0,0.0,0,0.0,0
express,2025-03-30,1,0,dev_x@example.com,0,0.0,0,0.0,0
express,2025-03-31,1,0,dev_x@example.com,0,0.0,0,0.0,0
express,2025-04-01,1,1,dev_x@example.com,0,0.0,0,0.0,0
express,2025-04-02,1,0,dev_x@example.com,0,0.0,0,0.0,0
express,2025-04-03,1,0,dev_x@example.com,0,0.0,0,0.0,0
express,2025-04-04,1,1,dev_x@example.com,0,0.0,0,0.0,0
express,2025-04-05,1,0,dev_x@example.com,0,0.0,0,0.0,0
express,2025-04-06,1,0,dev_x@example.com,0,0.0,0,0.0,0
express,2025-04-07,1,1,dev_x@example.com,0,0.0,0,0.0,0
express,2025-04-08,1,0,dev_x@example.com,0,0.0,0,0.0,0
express,2025-04-09,1,0,dev_x@example.com,0,0.0,0,0.0,0
express,2025-04-10,1,1,dev_x@example.com,0,0.0,0,0.0,0
express,2025-04-11,1,0,dev_x@example.com,0,0.0,0,0.0,0
express,2025-04-12,1,0,dev_x@example.com,0,0.0,0,0.0,0
express,2025-04-13,1,1,dev_x@example.com,0,0.0,0,0.0,0
express,2025-04-14,1,0,dev_x@example.com,0,0.0,0,0.0,0
express,2025-04-15,1,0,dev_x@example.com,0,0.0,0,0.0,0
express,2025-04-16,1,1,dev_x@example.com,0,0.0,0,0.0,0
express,2025-04-17,1,0,dev_x@example.com,0,0.0,0,0.0,0
express,2025-04-18,1,0,dev_x@example.com,0,0.0,0,0.0,0
express,2025-04-19,1,1,dev_x@example.com,0,0.0,0,0.0,0
express,2025-04-20,1,0,dev_x@example.com,0,0.0,0,0.0,0
express,2025-04-21,1,0,dev_x@example.com,0,0.0,0,0.0,0
express,2025-04-22,1,1,dev_x@example.com,0,0.0,0,0.0,0
express,2025-04-23,1,0,dev_x@example.com,0,0.0,0,0.0,0
express,2025-04-24,1,0,dev_x@example.com,0,0.0,0,0.0,0
express,2025-04-25,1,1,dev_x@example.com,0,0.0,0,0.0,0
express,2025-04-26,1,0,dev_x@example.com,0,0.0,0,0.0,0
express,2025-04-27,1,0,dev_x@example.com,0,0.0,0,0.0,0
express,2025-04-28,1,1,dev_x@example.com,0,0.0,0,0.0,0
express,2025-04-29,1,0,dev_x@example.com,0,0.0,0,0.0,0
express,2025-04-30,1,0,dev_x@example.com,0,0.0,0,0.0,0
express,2025-05-01,1,1,dev_x@example.com,0,0.0,0,0.0,0
express,2025-05-02,1,0,dev_x@example.com,0,0.0,0,0.0,0
express,2025-05-03,1,0,dev_x@example.com,0,0.0,0,0.0,0
express,2025-05-04,1,1,dev_x@example.com,0,0.0,0,0.0,0
express,2025-05-05,1,0,dev_x@example.com,0,0.0,0,0.0,0
express,2025-05-06,1,0,dev_x@example.com,0,0.0,0,0.0,0
express,2025-05-07,1,1,dev_x@example.com,0,0.0,0,0.0,0
express,2025-05-08,1,0,dev_x@example.com,0,0.0,0,0.0,0
express,2025-05-09,1,0,dev_x@example.com,0,0.0,0,0.0,0
express,2025-05-10,1,1,dev_x@example.com,0,0.0,0,0.0,0
express,2025-05-11,1,0,dev_x@example.com,0,0.0,0,0.0,0
express,2025-05-12,1,0,dev_x@example.com,0,0.0,0,0.0,0
express,2025-05-13,1,1,dev_x@example.com,0,0.0,0,0.0,0
express,2025-05-14,1,0,dev_x@example.com,0,0.0,0,0.0,0
express,2025-05-15,1,0,dev_x@example.com,0,0.0,0,0.0,0
express,2025-05-16,1,1,dev_x@example.com,0,0.0,0,0.0,0
express,2025-05-17,1,0,dev_x@example.com,0,0.0,0,0.0,0
express,2025-05-18,1,0,dev_x@example.com,0,0.0,0,0.0,0
express,2025-05-19,1,1,dev_x@example.com,0,0.0,0,0.0,0
express,2025-05-20,1,0,dev_x@example.com,0,0.0,0,0.0,0
express,2025-05-21,1,0,dev_x@example.com,0,0.0,0,0.0,0
express,2025-05-22,1,1,dev_x@example.com,0,0.0,0,0.0,0
express,2025-05-23,1,0,dev_x@example.com,0,0.0,0,0.0,0
express,2025-05-24,1,0,dev_x@example.com,0,0.0,0,0.0,0
express,2025-05-25,1,1,dev_x@example.com,0,0.0,0,0.0,0
express,2025-05-26,1,0,dev_x@example.com,0,0.0,0,0.0,0
express,2025-05-27,1,0,dev_x@example.com,0,0.0,0,0.0,0
express,2025-05-28,1,1,dev_x@example.com,0,0.0,0,0.0,0
express,2025-05-29,1,0,dev_x@example.com,0,0.0,0,0.0,0
express,2025-05-30,1,0,dev_x@example.com,0,0.0,0,0.0,0
express,2025-05-31,1,1,dev_x@example.com,0,0.0,0,0.0,0
express,2025-06-01,1,0,dev_x@example.com,0,0.0,0,0.0,0
express,2025-06-02,1,0,dev_x@example.com,0,0.0,0,0.0,0
express,2025-06-03,1,1,dev_x@example.com,0,0.0,0,0.0,0
express,2025-06-04,1,0,dev_x@example.com,0,0.0,0,0.0,0
express,2025-06-05,1,0,dev_x@example.com,0,0.0,0,0.0,0
express,2025-06-06,1,1,dev_x@example.com,0,0.0,0,0.0,0
express,2025-06-07,1,0,dev_x@example.com,0,0.0,0,0.0,0
express,2025-06-08,1,0,dev_x@example.com,0,0.0,0,0.0,0
express,2025-06-09,1,1,dev_x@example.com,0,0.0,0,0.0,0
express,2025-06-10,1,0,dev_x@example.com,0,0.0,0,0.0,0
express,2025-06-11,1,0,dev_x@example.com,0,0.0,0,0.0,0
express,2025-06-12,1,1,dev_x@example.com,0,0.0,0,0.0,0
express,2025-06-13,1,0,dev_x@example.com,0,0.0,0,0.0,0
express,2025-06-14,1,0,dev_x@example.com,0,0.0,0,0.0,0
express,2025-06-15,1,1,dev_x@example.com,0,0.0,0,0.0,0
express,2025-06-16,1,0,dev_x@example.com,0,0.0,0,0.0,0
express,2025-06-17,1,0,dev_x@example.com,0,0.0,0,0.0,0
express,2025-06-18,1,1,dev_x@example.com,0,0.0,0,0.0,0
express,2025-06-19,1,0,dev_x@example.com,0,0.0,0,0.0,0
express,2025-06-20,1,0,dev_x@example.com,0,0.0,0,0.0,0
express,2025-06-21,1,1,dev_x@example.com,0,0.0,0,0.0,0
express,2025-06-22,1,0,dev_x@example.com,0,0.0,0,0.0,0
express,2025-06-23,1,0,dev_x@example.com,0,0.0,0,0.0,0
express,2025-06-24,1,1,dev_x@example.com,0,0.0,0,0.0,0
express,2025-06-25,1,0,dev_x@example.com,0,0.0,0,0.0,0
express,2025-06-26,1,0,dev_x@example.com,0,0.0,0,0.0,0
express,2025-06-27,1,1,dev_x@example.com,0,0.0,0,0.0,0
express,2025-06-28,1,0,dev_x@example.com,0,0.0,0,0.0,0
express,2025-06-29,1,0,dev_x@example.com,0,0.0,0,0.0,0
express,2025-06-30,1,1,dev_x@example.com,0,0.0,0,0.0,0
express,2025-07-01,1,0,dev_x@example.com,0,0.0,0,0.0,0
express,2025-07-02,1,0,dev_x@example.com,0,0.0,0,0.0,0
express,2025-07-03,1,1,dev_x@example.com,0,0.0,0,0.0,0
express,2025-07-04,1,0,dev_x@example.com,0,0.0,0,0.0,0
express,2025-07-05,1,0,dev_x@example.com,0,0.0,0,0.0,0
express,2025-07-06,1,1,dev_x@example.com,0,0.0,0,0.0,0
express,2025-07-07,1,0,dev_x@example.com,0,0.0,0,0.0,0
express,2025-07-08,1,0,dev_x@example.com,0,0.0,0,0.0,0
express,2025-07-09,1,1,dev_x@example.com,0,0.0,0,0.0,0
express,2025-07-10,1,0,dev_x@example.com,0,0.0,0,0.0,0
express,2025-07-11,1,0,dev_x@example.com,0,0.0,0,0.0,0
express,2025-07-12,1,1,dev_x@example.com,0,0.0,0,0.0,0
express,2025-07-13,1,0,dev_x@example.com,0,0.0,0,0.0,0
express,2025-07-14,1,0,dev_x@example.com,0,0.0,0,0.0,0
express,2025-07-15,1,1,dev_x@example.com,0,0.0,0,0.0,0
express,2025-07-16,1,0,dev_x@example.com,0,0.0,0,0.0,0
express,2025-07-17,1,0,dev_x@example.com,0,0.0,0,0.0,0
express,2025-07-18,1,1,dev_x@example.com,0,0.0,0,0.0,0
express,2025-07-19,1,0,dev_x@example.com,0,0.0,0,0.0,0
jinja,2025-01-01,1,1,dev_x@example.com,17,51.0,17,1445.0,17
jinja,2025-01-02,1,0,dev_x@example.com,25,75.0,25,2125.0,25
jinja,2025-01-03,1,0,dev_x@example.com,25,75.0,25,2125.0,25
jinja,2025-01-04,1,1,dev_x@example.com,17,51.0,17,1445.0,17
jinja,2025-01-05,1,0,dev_x@example.com,25,75.0,25,2125.0,25
jinja,2025-01-06,1,0,dev_x@example.com,25,75.0,25,2125.0,25
jinja,2025-01-07,1,1,dev_x@example.com,9,27.0,9,765.0,9
jinja,2025-01-08,1,0,dev_x@example.com,25,75.0,25,2125.0,25
jinja,2025-01-09,1,0,dev_x@example.com,16,48.0,16,1360.0,16
jinja,2025-01-10,1,1,dev_x@example.com,9,27.0,9,765.0,9
jinja,2025-01-11,1,0,dev_x@example.com,16,48.0,16,1360.0,16
jinja,2025-01-12,1,0,dev_x@example.com,16,48.0,16,1360.0,16
jinja,2025-01-13,1,1,dev_x@example.com,9,27.0,9,765.0,9
jinja,2025-01-14,1,0,dev_x@example.com,8,24.0,8,680.0,8
jinja,2025-01-15,1,0,dev_x@example.com,8,24.0,8,680.0,8
jinja,2025-01-16,1,1,dev_x@example.com,0,0.0,0,0.0,0
jinja,2025-01-17,1,0,dev_x@example.com,0,0.0,0,0.0,0
jinja,2025-01-18,1,0,dev_x@example.com,0,0.0,0,0.0,0
jinja,2025-01-19,1,1,dev_x@example.com,0,0.0,0,0.0,0
jinja,2025-01-20,1,0,dev_x@example.com,0,0.0,0,0.0,0
jinja,2025-01-21,1,0,dev_x@example.com,0,0.0,0,0.0,0
jinja,2025-01-22,1,1,dev_x@example.com,0,0.0,0,0.0,0
jinja,2025-01-23,1,0,dev_x@example.com,0,0.0,0,0.0,0
jinja,2025-01-24,1,0,dev_x@example.com,0,0.0,0,0.0,0
jinja,2025-01-25,1,1,dev_x@example.com,0,0.0,0,0.0,0
jinja,2025-01-26,1,0,dev_x@example.com,0,0.0,0,0.0,0
jinja,2025-01-27,1,0,dev_x@example.com,0,0.0,0,0.0,0
jinja,2025-01-28,1,1,dev_x@example.com,0,0.0,0,0.0,0
jinja,2025-01-29,1,0,dev_x@example.com,0,0.0,0,0.0,0
jinja,2025-01-30,1,0,dev_x@example.com,0,0.0,0,0.0,0
jinja,2025-01-31,1,1,dev_x@example.com,0,0.0,0,0.0,0
jinja,2025-02-01,1,0,dev_x@example.com,0,0.0,0,0.0,0
jinja,2025-02-02,1,0,dev_x@example.com,0,0.0,0,0.0,0
jinja,2025-02-03,1,1,dev_x@example.com,0,0.0,0,0.0,0
jinja,2025-02-04,1,0,dev_x@example.com,0,0.0,0,0.0,0
jinja,2025-02-05,1,0,dev_x@example.com,0,0.0,0,0.0,0
jinja,2025-02-06,1,1,dev_x@example.com,0,0.0,0,0.0,0
jinja,2025-02-07,1,0,dev_x@example.com,0,0.0,0,0.0,0
jinja,2025-02-08,1,0,dev_x@example.com,0,0.0,0,0.0,0
jinja,2025-02-09,1,1,dev_x@example.com,0,0.0,0,0.0,0
jinja,2025-02-10,1,0,dev_x@example.com,0,0.0,0,0.0,0
jinja,2025-02-11,1,0,dev_x@example.com,0,0.0,0,0.0,0
jinja,2025-02-12,1,1,dev_x@example.com,0,0.0,0,0.0,0
jinja,2025-02-13,1,0,dev_x@example.com,0,0.0,0,0.0,0
jinja,2025-02-14,1,0,dev_x@example.com,0,0.0,0,0.0,0
jinja,2025-02-15,1,1,dev_x@example.com,0,0.0,0,0.0,0
jinja,2025-02-16,1,0,dev_x@example.com,0,0.0,0,0.0,0
jinja,2025-02-17,1,0,dev_x@example.com,0,0.0,0,0.0,0
jinja,2025-02-18,1,1,dev_x@example.com,0,0.0,0,0.0,0
jinja,2025-02-19,1,0,dev_x@example.com,0,0.0,0,0.0,0
jinja,2025-02-20,1,0,dev_x@example.com,0,0.0,0,0.0,0
jinja,2025-02-21,1,1,dev_x@example.com,0,0.0,0,0.0,0
jinja,2025-02-22,1,0,dev_x@example.com,0,0.0,0,0.0,0
jinja,2025-02-23,1,0,dev_x@example.com,0,0.0,0,0.0,0
jinja,2025-02-24,1,1,dev_x@example.com,0,0.0,0,0.0,0
jinja,2025-02-25,1,0,dev_x@example.com,0,0.0,0,0.0,0
jinja,2025-02-26,1,0,dev_x@example.com,0,0.0,0,0.0,0
jinja,2025-02-27,1,1,dev_x@example.com,0,0.0,0,0.0,0
jinja,2025-02-28,1,0,dev_x@example.com,0,0.0,0,0.0,0
jinja,2025-03-01,1,0,dev_x@example.com,0,0.0,0,0.0,0
jinja,2025-03-02,1,1,dev_x@example.com,0,0.0,0,0.0,0
jinja,2025-03-03,1,0,dev_x@example.com,0,0.0,0,0.0,0
jinja,2025-03-04,1,0,dev_x@example.com,0,0.0,0,0.0,0
jinja,2025-03-05,1,1,dev_x@example.com,0,0.0,0,0.0,0
jinja,2025-03-06,1,0,dev_x@example.com,0,0.0,0,0.0,0
jinja,2025-03-07,1,0,dev_x@example.com,0,0.0,0,0.0,0
jinja,2025-03-08,1,1,dev_x@example.com,0,0.0,0,0.0,0
jinja,2025-03-09,1,0,dev_x@example.com,0,0.0,0,0.0,0
jinja,2025-03-10,1,0,dev_x@example.com,0,0.0,0,0.0,0
jinja,2025-03-11,1,1,dev_x@example.com,0,0.0,0,0.0,0
jinja,2025-03-12,1,0,dev_x@example.com,0,0.0,0,0.0,0
jinja,2025-03-13,1,0,dev_x@example.com,0,0.0,0,0.0,0
jinja,2025-03-14,1,1,dev_x@example.com,0,0.0,0,0.0,0
jinja,2025-03-15,1,0,dev_x@example.com,0,0.0,0,0.0,0
jinja,2025-03-16,1,0,dev_x@example.com,0,0.0,0,0.0,0
jinja,2025-03-17,1,1,dev_x@example.com,0,0.0,0,0.0,0
jinja,2025-03-18,1,0,dev_x@example.com,0,0.0,0,0.0,0
jinja,2025-03-19,1,0,dev_x@example.com,0,0.0,0,0.0,0
jinja,2025-03-20,1,1,dev_x@example.com,0,0.0,0,0.0,0
jinja,2025-03-21,1,0,dev_x@example.com,0,0.0,0,0.0,0
jinja,2025-03-22,1,0,dev_x@example.com,0,0.0,0,0.0,0
jinja,2025-03-23,1,1,dev_x@example.com,0,0.0,0,0.0,0
jinja,2025-03-24,1,0,dev_x@example.com,0,0.0,0,0.0,0
jinja,2025-03-25,1,0,dev_x@example.com,0,0.0,0,0.0,0
jinja,2025-03-26,1,1,dev_x@example.com,0,0.0,0,0.0,0
jinja,2025-03-27,1,0,dev_x@example.com,0,0.0,0,0.0,0
jinja,2025-03-28,1,0,dev_x@example.com,0,0.0,0,0.0,0
jinja,2025-03-29,1,1,dev_x@example.com,0,0.0,0,0.0,0
jinja,2025-03-30,1,0,dev_x@example.com,0,0.0,0,0.0,0
jinja,2025-03-31,1,0,dev_x@example.com,0,0.0,0,0.0,0
jinja,2025-04-01,1,1,dev_x@example.com,0,0.0,0,0.0,0
jinja,2025-04-02,1,0,dev_x@example.com,0,0.0,0,0.0,0
jinja,2025-04-03,1,0,dev_x@example.com,0,0.0,0,0.0,0
jinja,2025-04-04,1,1,dev_x@example.com,0,0.0,0,0.0,0
jinja,2025-04-05,1,0,dev_x@example.com,0,0.0,0,0.0,0
jinja,2025-04-06,1,0,dev_x@example.com,0,0.0,0,0.0,0
jinja,2025-04-07,1,1,dev_x@example.com,0,0.0,0,0.0,0
jinja,2025-04-08,1,0,dev_x@example.com,0,0.0,0,0.0,0
jinja,2025-04-09,1,0,dev_x@example.com,0,0.0,0,0.0,0
jinja,2025-04-10,1,1,dev_x@example.com,0,0.0,0,0.0,0
jinja,2025-04-11,1,0,dev_x@example.com,0,0.0,0,0.0,0
jinja,2025-04-12,1,0,dev_x@example.com,0,0.0,0,0.0,0
jinja,2025-04-13,1,1,dev_x@example.com,0,0.0,0,0.0,0
jinja,2025-04-14,1,0,dev_x@example.com,0,0.0,0,0.0,0
jinja,2025-04-15,1,0,dev_x@example.com,0,0.0,0,0.0,0
jinja,2025-04-16,1,1,dev_x@example.com,0,0.0,0,0.0,0
jinja,2025-04-17,1,0,dev_x@example.com,0,0.0,0,0.0,0
jinja,2025-04-18,1,0,dev_x@example.com,0,0.0,0,0.0,0
jinja,2025-04-19,1,1,dev_x@example.com,0,0.0,0,0.0,0
jinja,2025-04-20,1,0,dev_x@example.com,0,0.0,0,0.0,0
jinja,2025-04-21,1,0,dev_x@example.com,0,0.0,0,0.0,0
jinja,2025-04-22,1,1,dev_x@example.com,0,0.0,0,0.0,0
jinja,2025-04-23,1,0,dev_x@example.com,0,0.0,0,0.0,0
jinja,2025-04-24,1,0,dev_x@example.com,0,0.0,0,0.0,0
jinja,2025-04-25,1,1,dev_x@example.com,0,0.0,0,0.0,0
jinja,2025-04-26,1,0,dev_x@example.com,0,0.0,0,0.0,0
jinja,2025-04-27,1,0,dev_x@example.com,0,0.0,0,0.0,0
jinja,2025-04-28,1,1,dev_x@example.com,0,0.0,0,0.0,0
jinja,2025-04-29,1,0,dev_x@example.com,0,0.0,0,0.0,0
jinja,2025-04-30,1,0,dev_x@example.com,0,0.0,0,0.0,0
jinja,2025-05-01,1,1,dev_x@example.com,0,0.0,0,0.0,0
jinja,2025-05-02,1,0,dev_x@example.com,0,0.0,0,0.0,0
jinja,2025-05-03,1,0,dev_x@example.com,0,0.0,0,0.0,0
jinja,2025-05-04,1,1,dev_x@example.com,0,0.0,0,0.0,0
jinja,2025-05-05,1,0,dev_x@example.com,0,0.0,0,0.0,0
jinja,2025-05-06,1,0,dev_x@example.com,0,0.0,0,0.0,0
jinja,2025-05-07,1,1,dev_x@example.com,0,0.0,0,0.0,0
jinja,2025-05-08,1,0,dev_x@example.com,0,0.0,0,0.0,0
jinja,2025-05-09,1,0,dev_x@example.com,0,0.0,0,0.0,0
jinja,2025-05-10,1,1,dev_x@example.com,0,0.0,0,0.0,0
jinja,2025-05-11,1,0,dev_x@example.com,0,0.0,0,0.0,0
jinja,2025-05-12,1,0,dev_x@example.com,0,0.0,0,0.0,0
jinja,2025-05-13,1,1,dev_x@example.com,0,0.0,0,0.0,0
jinja,2025-05-14,1,0,dev_x@example.com,0,0.0,0,0.0,0
jinja,2025-05-15,1,0,dev_x@example.com,0,0.0,0,0.0,0
jinja,2025-05-16,1,1,dev_x@example.com,0,0.0,0,0.0,0
jinja,2025-05-17,1,0,dev_x@example.com,0,0.0,0,0.0,0
jinja,2025-05-18,1,0,dev_x@example.com,0,0.0,0,0.0,0
jinja,2025-05-19,1,1,dev_x@example.com,0,0.0,0,0.0,0
jinja,2025-05-20,1,0,dev_x@example.com,0,0.0,0,0.0,0
jinja,2025-05-21,1,0,dev_x@example.com,0,0.0,0,0.0,0
jinja,2025-05-22,1,1,dev_x@example.com,0,0.0,0,0.0,0
jinja,2025-05-23,1,0,dev_x@example.com,0,0.0,0,0.0,0
jinja,2025-05-24,1,0,dev_x@example.com,0,0.0,0,0.0,0
jinja,2025-05-25,1,1,dev_x@example.com,0,0.0,0,0.0,0
jinja,2025-05-26,1,0,dev_x@example.com,0,0.0,0,0.0,0
jinja,2025-05-27,1,0,dev_x@example.com,0,0.0,0,0.0,0
jinja,2025-05-28,1,1,dev_x@example.com,0,0.0,0,0.0,0
jinja,2025-05-29,1,0,dev_x@example.com,0,0.0,0,0.0,0
jinja,2025-05-30,1,0,dev_x@example.com,0,0.0,0,0.0,0
jinja,2025-05-31,1,1,dev_x@example.com,0,0.0,0,0.0,0
jinja,2025-06-01,1,0,dev_x@example.com,0,0.0,0,0.0,0
jinja,2025-06-02,1,0,dev_x@example.com,0,0.0,0,0.0,0
jinja,2025-06-03,1,1,dev_x@example.com,0,0.0,0,0.0,0
jinja,2025-06-04,1,0,dev_x@example.com,0,0.0,0,0.0,0
jinja,2025-06-05,1,0,dev_x@example.com,0,0.0,0,0.0,0
jinja,2025-06-06,1,1,dev_x@example.com,0,0.0,0,0.0,0
jinja,2025-06-07,1,0,dev_x@example.com,0,0.0,0,0.0,0
jinja,2025-06-08,1,0,dev_x@example.com,0,0.0,0,0.0,0
jinja,2025-06-09,1,1,dev_x@example.com,0,0.0,0,0.0,0
jinja,2025-06-10,1,0,dev_x@example.com,0,0.0,0,0.0,0
jinja,2025-06-11,1,0,dev_x@example.com,0,0.0,0,0.0,0
jinja,2025-06-12,1,1,dev_x@example.com,0,0.0,0,0.0,0
jinja,2025-06-13,1,0,dev_x@example.com,0,0.0,0,0.0,0
jinja,2025-06-14,1,0,dev_x@example.com,0,0.0,0,0.0,0
jinja,2025-06-15,1,1,dev_x@example.com,0,0.0,0,0.0,0
jinja,2025-06-16,1,0,dev_x@example.com,0,0.0,0,0.0,0
jinja,2025-06-17,1,0,dev_x@example.com,0,0.0,0,0.0,0
jinja,2025-06-18,1,1,dev_x@example.com,0,0.0,0,0.0,0
jinja,2025-06-19,1,0,dev_x@example.com,0,0.0,0,0.0,0
jinja,2025-06-20,1,0,dev_x@example.com,0,0.0,0,0.0,0
jinja,2025-06-21,1,1,dev_x@example.com,0,0.0,0,0.0,0
jinja,2025-06-22,1,0,dev_x@example.com,0,0.0,0,0.0,0
jinja,2025-06-23,1,0,dev_x@example.com,0,0.0,0,0.0,0
jinja,2025-06-24,1,1,dev_x@example.com,0,0.0,0,0.0,0
jinja,2025-06-25,1,0,dev_x@example.com,0,0.0,0,0.0,0
jinja,2025-06-26,1,0,dev_x@example.com,0,0.0,0,0.0,0
jinja,2025-06-27,1,1,dev_x@example.com,0,0.0,0,0.0,0
jinja,2025-06-28,1,0,dev_x@example.com,0,0.0,0,0.0,0
jinja,2025-06-29,1,0,dev_x@example.com,0,0.0,0,0.0,0
jinja,2025-06-30,1,1,dev_x@example.com,0,0.0,0,0.0,0
jinja,2025-07-01,1,0,dev_x@example.com,0,0.0,0,0.0,0
jinja,2025-07-02,1,0,dev_x@example.com,0,0.0,0,0.0,0
jinja,2025-07-03,1,1,dev_x@example.com,0,0.0,0,0.0,0
jinja,2025-07-04,1,0,dev_x@example.com,0,0.0,0,0.0,0
jinja,2025-07-05,1,0,dev_x@example.com,0,0.0,0,0.0,0
jinja,2025-07-06,1,1,dev_x@example.com,0,0.0,0,0.0,0
jinja,2025-07-07,1,0,dev_x@example.com,0,0.0,0,0.0,0
jinja,2025-07-08,1,0,dev_x@example.com,0,0.0,0,0.0,0
jinja,2025-07-09,1,1,dev_x@example.com,0,0.0,0,0.0,0
jinja,2025-07-10,1,0,dev_x@example.com,0,0.0,0,0.0,0
jinja,2025-07-11,1,0,dev_x@example.com,0,0.0,0,0.0,0
jinja,2025-07-12,1,1,dev_x@example.com,0,0.0,0,0.0,0
jinja,2025-07-13,1,0,dev_x@example.com,0,0.0,0,0.0,0
jinja,2025-07-14,1,0,dev_x@example.com,0,0.0,0,0.0,0
jinja,2025-07-15,1,1,dev_x@example.com,0,0.0,0,0.0,0
jinja,2025-07-16,1,0,dev_x@example.com,0,0.0,0,0.0,0
jinja,2025-07-17,1,0,dev_x@example.com,0,0.0,0,0.0,0
jinja,2025-07-18,1,1,dev_x@example.com,0,0.0,0,0.0,0
jinja,2025-07-19,1,0,dev_x@example.com,0,0.0,0,0.0,0
redux,2025-01-01,1,1,dev_x@example.com,17,51.0,17,-17.0,17
redux,2025-01-02,1,0,dev_x@example.com,25,75.0,25,-25.0,25
redux,2025-01-03,1,0,dev_x@example.com,25,75.0,25,-25.0,25
redux,2025-01-04,1,1,dev_x@example.com,17,51.0,17,-17.0,17
redux,2025-01-05,1,0,dev_x@example.com,25,75.0,25,-25.0,25
redux,2025-01-06,1,0,dev_x@example.com,25,75.0,25,-25.0,25
redux,2025-01-07,1,1,dev_x@example.com,9,27.0,9,-9.0,9
redux,2025-01-08,1,0,dev_x@example.com,25,75.0,25,-25.0,25
redux,2025-01-09,1,0,dev_x@example.com,16,48.0,16,-16.0,16
redux,2025-01-10,1,1,dev_x@example.com,9,27.0,9,-9.0,9
redux,2025-01-11,1,0,dev_x@example.com,16,48.0,16,-16.0,16
redux,2025-01-12,1,0,dev_x@example.com,16,48.0,16,-16.0,16
redux,2025-01-13,1,1,dev_x@example.com,9,27.0,9,-9.0,9
redux,2025-01-14,1,0,dev_x@example.com,8,24.0,8,-8.0,8
redux,2025-01-15,1,0,dev_x@example.com,8,24.0,8,-8.0,8
redux,2025-01-16,1,1,dev_x@example.com,0,0.0,0,0.0,0
redux,2025-01-17,1,0,dev_x@example.com,0,0.0,0,0.0,0
redux,2025-01-18,1,0,dev_x@example.com,0,0.0,0,0.0,0
redux,2025-01-19,1,1,dev_x@example.com,0,0.0,0,0.0,0
redux,2025-01-20,1,0,dev_x@example.com,0,0.0,0,0.0,0
redux,2025-01-21,1,0,dev_x@example.com,0,0.0,0,0.0,0
redux,2025-01-22,1,1,dev_x@example.com,0,0.0,0,0.0,0
redux,2025-01-23,1,0,dev_x@example.com,0,0.0,0,0.0,0
redux,2025-01-24,1,0,dev_x@example.com,0,0.0,0,0.0,0
redux,2025-01-25,1,1,dev_x@example.com,0,0.0,0,0.0,0
redux,2025-01-26,1,0,dev_x@example.com,0,0.0,0,0.0,0
redux,2025-01-27,1,0,dev_x@example.com,0,0.0,0,0.0,0
redux,2025-01-28,1,1,dev_x@example.com,0,0.0,0,0.0,0
redux,2025-01-29,1,0,dev_x@example.com,0,0.0,0,0.0,0
redux,2025-01-30,1,0,dev_x@example.com,0,0.0,0,0.0,0
redux,2025-01-31,1,1,dev_x@example.com,0,0.0,0,0.0,0
redux,2025-02-01,1,0,dev_x@example.com,0,0.0,0,0.0,0
redux,2025-02-02,1,0,dev_x@example.com,0,0.0,0,0.0,0
redux,2025-02-03,1,1,dev_x@example.com,0,0.0,0,0.0,0
redux,2025-02-04,1,0,dev_x@example.com,0,0.0,0,0.0,0
redux,2025-02-05,1,0,dev_x@example.com,0,0.0,0,0.0,0
redux,2025-02-06,1,1,dev_x@example.com,0,0.0,0,0.0,0
redux,2025-02-07,1,0,dev_x@example.com,0,0.0,0,0.0,0
redux,2025-02-08,1,0,dev_x@example.com,0,0.0,0,0.0,0
redux,2025-02-09,1,1,dev_x@example.com,0,0.0,0,0.0,0
redux,2025-02-10,1,0,dev_x@example.com,0,0.0,0,0.0,0
redux,2025-02-11,1,0,dev_x@example.com,0,0.0,0,0.0,0
redux,2025-02-12,1,1,dev_x@example.com,0,0.0,0,0.0,0
redux,2025-02-13,1,0,dev_x@example.com,0,0.0,0,0.0,0
redux,2025-02-14,1,0,dev_x@example.com,0,0.0,0,0.0,0
redux,2025-02-15,1,1,dev_x@example.com,0,0.0,0,0.0,0
redux,2025-02-16,1,0,dev_x@example.com,0,0.0,0,0.0,0
redux,2025-02-17,1,0,dev_x@example.com,0,0.0,0,0.0,0
redux,2025-02-18,1,1,dev_x@example.com,0,0.0,0,0.0,0
redux,2025-02-19,1,0,dev_x@example.com,0,0.0,0,0.0,0
redux,2025-02-20,1,0,dev_x@example.com,0,0.0,0,0.0,0
redux,2025-02-21,1,1,dev_x@example.com,0,0.0,0,0.0,0
redux,2025-02-22,1,0,dev_x@example.com,0,0.0,0,0.0,0
redux,2025-02-23,1,0,dev_x@example.com,0,0.0,0,0.0,0
redux,2025-02-24,1,1,dev_x@example.com,0,0.0,0,0.0,0
redux,2025-02-25,1,0,dev_x@example.com,0,0.0,0,0.0,0
redux,2025-02-26,1,0,dev_x@example.com,0,0.0,0,0.0,0
redux,2025-02-27,1,1,dev_x@example.com,0,0.0,0,0.0,0
redux,2025-02-28,1,0,dev_x@example.com,0,0.0,0,0.0,0
redux,2025-03-01,1,0,dev_x@example.com,0,0.0,0,0.0,0
redux,2025-03-02,1,1,dev_x@example.com,0,0.0,0,0.0,0
redux,2025-03-03,1,0,dev_x@example.com,0,0.0,0,0.0,0
redux,2025-03-04,1,0,dev_x@example.com,0,0.0,0,0.0,0
redux,2025-03-05,1,1,dev_x@example.com,0,0.0,0,0.0,0
redux,2025-03-06,1,0,dev_x@example.com,0,0.0,0,0.0,0
redux,2025-03-07,1,0,dev_x@example.com,0,0.0,0,0.0,0
redux,2025-03-08,1,1,dev_x@example.com,0,0.0,0,0.0,0
redux,2025-03-09,1,0,dev_x@example.com,0,0.0,0,0.0,0
redux,2025-03-10,1,0,dev_x@example.com,0,0.0,0,0.0,0
redux,2025-03-11,1,1,dev_x@example.com,0,0.0,0,0.0,0
redux,2025-03-12,1,0,dev_x@example.com,0,0.0,0,0.0,0
redux,2025-03-13,1,0,dev_x@example.com,0,0.0,0,0.0,0
redux,2025-03-14,1,1,dev_x@example.com,0,0.0,0,0.0,0
redux,2025-03-15,1,0,dev_x@example.com,0,0.0,0,0.0,0
redux,2025-03-16,1,0,dev_x@example.com,0,0.0,0,0.0,0
redux,2025-03-17,1,1,dev_x@example.com,0,0.0,0,0.0,0
redux,2025-03-18,1,0,dev_x@example.com,0,0.0,0,0.0,0
redux,2025-03-19,1,0,dev_x@example.com,0,0.0,0,0.0,0
redux,2025-03-20,1,1,dev_x@example.com,0,0.0,0,0.0,0
redux,2025-03-21,1,0,dev_x@example.com,0,0.0,0,0.0,0
redux,2025-03-22,1,0,dev_x@example.com,0,0.0,0,0.0,0
redux,2025-03-23,1,1,dev_x@example.com,0,0.0,0,0.0,0
redux,2025-03-24,1,0,dev_x@example.com,0,0.0,0,0.0,0
redux,2025-03-25,1,0,dev_x@example.com,0,0.0,0,0.0,0
redux,2025-03-26,1,1,dev_x@example.com,0,0.0,0,0.0,0
redux,2025-03-27,1,0,dev_x@example.com,0,0.0,0,0.0,0
redux,2025-03-28,1,0,dev_x@example.com,0,0.0,0,0.0,0
redux,2025-03-29,1,1,dev_x@example.com,0,0.0,0,0.0,0
redux,2025-03-30,1,0,dev_x@example.com,0,0.0,0,0.0,0
redux,2025-03-31,1,0,dev_x@example.com,0,0.0,0,0.0,0
redux,2025-04-01,1,1,dev_x@example.com,0,0.0,0,0.0,0
redux,2025-04-02,1,0,dev_x@example.com,0,0.0,0,0.0,0
redux,2025-04-03,1,0,dev_x@example.com,0,0.0,0,0.0,0
redux,2025-04-04,1,1,dev_x@example.com,0,0.0,0,0.0,0
redux,2025-04-05,1,0,dev_x@example.com,0,0.0,0,0.0,0
redux,2025-04-06,1,0,dev_x@example.com,0,0.0,0,0.0,0
redux,2025-04-07,1,1,dev_x@example.com,0,0.0,0,0.0,0
redux,2025-04-08,1,0,dev_x@example.com,0,0.0,0,0.0,0
redux,2025-04-09,1,0,dev_x@example.com,0,0.0,0,0.0,0
redux,2025-04-10,1,1,dev_x@example.com,0,0.0,0,0.0,0
redux,2025-04-11,1,0,dev_x@example.com,0,0.0,0,0.0,0
redux,2025-04-12,1,0,dev_x@example.com,0,0.0,0,0.0,0
redux,2025-04-13,1,1,dev_x@example.com,0,0.0,0,0.0,0
redux,2025-04-14,1,0,dev_x@example.com,0,0.0,0,0.0,0
redux,2025-04-15,1,0,dev_x@example.com,0,0.0,0,0.0,0
redux,2025-04-16,1,1,dev_x@example.com,0,0.0,0,0.0,0
redux,2025-04-17,1,0,dev_x@example.com,0,0.0,0,0.0,0
redux,2025-04-18,1,0,dev_x@example.com,0,0.0,0,0.0,0
redux,2025-04-19,1,1,dev_x@example.com,0,0.0,0,0.0,0
redux,2025-04-20,1,0,dev_x@example.com,0,0.0,0,0.0,0
redux,2025-04-21,1,0,dev_x@example.com,0,0.0,0,0.0,0
redux,2025-04-22,1,1,dev_x@example.com,0,0.0,0,0.0,0
redux,2025-04-23,1,0,dev_x@example.com,0,0.0,0,0.0,0
redux,2025-04-24,1,0,dev_x@example.com,0,0.0,0,0.0,0
redux,2025-04-25,1,1,dev_x@example.com,0,0.0,0,0.0,0
redux,2025-04-26,1,0,dev_x@example.com,0,0.0,0,0.0,0
redux,2025-04-27,1,0,dev_x@example.com,0,0.0,0,0.0,0
redux,2025-04-28,1,1,dev_x@example.com,0,0.0,0,0.0,0
redux,2025-04-29,1,0,dev_x@example.com,0,0.0,0,0.0,0
redux,2025-04-30,1,0,dev_x@example.com,0,0.0,0,0.0,0
redux,2025-05-01,1,1,dev_x@example.com,0,0.0,0,0.0,0
redux,2025-05-02,1,0,dev_x@example.com,0,0.0,0,0.0,0
redux,2025-05-03,1,0,dev_x@example.com,0,0.0,0,0.0,0
redux,2025-05-04,1,1,dev_x@example.com,0,0.0,0,0.0,0
redux,2025-05-05,1,0,dev_x@example.com,0,0.0,0,0.0,0
redux,2025-05-06,1,0,dev_x@example.com,0,0.0,0,0.0,0
redux,2025-05-07,1,1,dev_x@example.com,0,0.0,0,0.0,0
redux,2025-05-08,1,0,dev_x@example.com,0,0.0,0,0.0,0
redux,2025-05-09,1,0,dev_x@example.com,0,0.0,0,0.0,0
redux,2025-05-10,1,1,dev_x@example.com,0,0.0,0,0.0,0
redux,2025-05-11,1,0,dev_x@example.com,0,0.0,0,0.0,0
redux,2025-05-12,1,0,dev_x@example.com,0,0.0,0,0.0,0
redux,2025-05-13,1,1,dev_x@example.com,0,0.0,0,0.0,0
redux,2025-05-14,1,0,dev_x@example.com,0,0.0,0,0.0,0
redux,2025-05-15,1,0,dev_x@example.com,0,0.0,0,0.0,0
redux,2025-05-16,1,1,dev_x@example.com,0,0.0,0,0.0,0
redux,2025-05-17,1,0,dev_x@example.com,0,0.0,0,0.0,0
redux,2025-05-18,1,0,dev_x@example.com,0,0.0,0,0.0,0
redux,2025-05-19,1,1,dev_x@example.com,0,0.0,0,0.0,0
redux,2025-05-20,1,0,dev_x@example.com,0,0.0,0,0.0,0
redux,2025-05-21,1,0,dev_x@example.com,0,0.0,0,0.0,0
redux,2025-05-22,1,1,dev_x@example.com,0,0.0,0,0.0,0
redux,2025-05-23,1,0,dev_x@example.com,0,0.0,0,0.0,0
redux,2025-05-24,1,0,dev_x@example.com,0,0.0,0,0.0,0
redux,2025-05-25,1,1,dev_x@example.com,0,0.0,0,0.0,0
redux,2025-05-26,1,0,dev_x@example.com,0,0.0,0,0.0,0
redux,2025-05-27,1,0,dev_x@example.com,0,0.0,0,0.0,0
redux,2025-05-28,1,1,dev_x@example.com,0,0.0,0,0.0,0
redux,2025-05-29,1,0,dev_x@example.com,0,0.0,0,0.0,0
redux,2025-05-30,1,0,dev_x@example.com,0,0.0,0,0.0,0
redux,2025-05-31,1,1,dev_x@example.com,0,0.0,0,0.0,0
redux,2025-06-01,1,0,dev_x@example.com,0,0.0,0,0.0,0
redux,2025-06-02,1,0,dev_x@example.com,0,0.0,0,0.0,0
redux,2025-06-03,1,1,dev_x@example.com,0,0.0,0,0.0,0
redux,2025-06-04,1,0,dev_x@example.com,0,0.0,0,0.0,0
redux,2025-06-05,1,0,dev_x@example.com,0,0.0,0,0.0,0
redux,2025-06-06,1,1,dev_x@example.com,0,0.0,0,0.0,0
redux,2025-06-07,1,0,dev_x@example.com,0,0.0,0,0.0,0
redux,2025-06-08,1,0,dev_x@example.com,0,0.0,0,0.0,0
redux,2025-06-09,1,1,dev_x@example.com,0,0.0,0,0.0,0
redux,2025-06-10,1,0,dev_x@example.com,0,0.0,0,0.0,0
redux,2025-06-11,1,0,dev_x@example.com,0,0.0,0,0.0,0
redux,2025-06-12,1,1,dev_x@example.com,0,0.0,0,0.0,0
redux,2025-06-13,1,0,dev_x@example.com,0,0.0,0,0.0,0
redux,2025-06-14,1,0,dev_x@example.com,0,0.0,0,0.0,0
redux,2025-06-15,1,1,dev_x@example.com,0,0.0,0,0.0,0
redux,2025-06-16,1,0,dev_x@example.com,0,0.0,0,0.0,0
redux,2025-06-17,1,0,dev_x@example.com,0,0.0,0,0.0,0
redux,2025-06-18,1,1,dev_x@example.com,0,0.0,0,0.0,0
redux,2025-06-19,1,0,dev_x@example.com,0,0.0,0,0.0,0
redux,2025-06-20,1,0,dev_x@example.com,0,0.0,0,0.0,0
redux,2025-06-21,1,1,dev_x@example.com,0,0.0,0,0.0,0
redux,2025-06-22,1,0,dev_x@example.com,0,0.0,0,0.0,0
redux,2025-06-23,1,0,dev_x@example.com,0,0.0,0,0.0,0
redux,2025-06-24,1,1,dev_x@example.com,0,0.0,0,0.0,0
redux,2025-06-25,1,0,dev_x@example.com,0,0.0,0,0.0,0
redux,2025-06-26,1,0,dev_x@example.com,0,0.0,0,0.0,0
redux,2025-06-27,1,1,dev_x@example.com,0,0.0,0,0.0,0
redux,2025-06-28,1,0,dev_x@example.com,0,0.0,0,0.0,0
redux,2025-06-29,1,0,dev_x@example.com,0,0.0,0,0.0,0
redux,2025-06-30,1,1,dev_x@example.com,0,0.0,0,0.0,0
redux,2025-07-01,1,0,dev_x@example.com,0,0.0,0,0.0,0
redux,2025-07-02,1,0,dev_x@example.com,0,0.0,0,0.0,0
redux,2025-07-03,1,1,dev_x@example.com,0,0.0,0,0.0,0
redux,2025-07-04,1,0,dev_x@example.com,0,0.0,0,0.0,0
redux,2025-07-05,1,0,dev_x@example.com,0,0.0,0,0.0,0
redux,2025-07-06,1,1,dev_x@example.com,0,0.0,0,0.0,0
redux,2025-07-07,1,0,dev_x@example.com,0,0.0,0,0.0,0
redux,2025-07-08,1,0,dev_x@example.com,0,0.0,0,0.0,0
redux,2025-07-09,1,1,dev_x@example.com,0,0.0,0,0.0,0
redux,2025-07-10,1,0,dev_x@example.com,0,0.0,0,0.0,0
redux,2025-07-11,1,0,dev_x@example.com,0,0.0,0,0.0,0
redux,2025-07-12,1,1,dev_x@example.com,0,0.0,0,0.0,0
redux,2025-07-13,1,0,dev_x@example.com,0,0.0,0,0.0,0
redux,2025-07-14,1,0,dev_x@example.com,0,0.0,0,0.0,0
redux,2025-07-15,1,1,dev_x@example.com,0,0.0,0,0.0,0
redux,2025-07-16,1,0,dev_x@example.com,0,0.0,0,0.0,0
redux,2025-07-17,1,0,dev_x@example.com,0,0.0,0,0.0,0
redux,2025-07-18,1,1,dev_x@example.com,0,0.0,0,0.0,0
redux,2025-07-19,1,0,dev_x@example.com,0,0.0,0,0.0,0
scikit-learn,2025-01-01,1,1,dev_x@example.com,17,51.0,17,1445.0,17
scikit-learn,2025-01-02,1,0,dev_x@example.com,25,75.0,25,2125.0,25
scikit-learn,2025-01-03,1,0,dev_x@example.com,25,75.0,25,2125.0,25
scikit-learn,2025-01-04,1,1,dev_x@example.com,17,51.0,17,1445.0,17
scikit-learn,2025-01-05,1,0,dev_x@example.com,25,75.0,25,2125.0,25
scikit-learn,2025-01-06,1,0,dev_x@example.com,25,75.0,25,2125.0,25
scikit-learn,2025-01-07,1,1,dev_x@example.com,9,27.0,9,765.0,9
scikit-learn,2025-01-08,1,0,dev_x@example.com,25,75.0,25,2125.0,25
scikit-learn,2025-01-09,1,0,dev_x@example.com,16,48.0,16,1360.0,16
scikit-learn,2025-01-10,1,1,dev_x@example.com,9,27.0,9,765.0,9
scikit-learn,2025-01-11,1,0,dev_x@example.com,16,48.0,16,1360.0,16
scikit-learn,2025-01-12,1,0,dev_x@example.com,16,48.0,16,1360.0,16
scikit-learn,2025-01-13,1,1,dev_x@example.com,9,27.0,9,765.0,9
scikit-learn,2025-01-14,1,0,dev_x@example.com,8,24.0,8,680.0,8
scikit-learn,2025-01-15,1,0,dev_x@example.com,8,24.0,8,680.0,8
scikit-learn,2025-01-16,1,1,dev_x@example.com,0,0.0,0,0.0,0
scikit-learn,2025-01-17,1,0,dev_x@example.com,0,0.0,0,0.0,0
scikit-learn,2025-01-18,1,0,dev_x@example.com,0,0.0,0,0.0,0
scikit-learn,2025-01-19,1,1,dev_x@example.com,0,0.0,0,0.0,0
scikit-learn,2025-01-20,1,0,dev_x@example.com,0,0.0,0,0.0,0
scikit-learn,2025-01-21,1,0,dev_x@example.com,0,0.0,0,0.0,0
scikit-learn,2025-01-22,1,1,dev_x@example.com,0,0.0,0,0.0,0
scikit-learn,2025-01-23,1,0,dev_x@example.com,0,0.0,0,0.0,0
scikit-learn,2025-01-24,1,0,dev_x@example.com,0,0.0,0,0.0,0
scikit-learn,2025-01-25,1,1,dev_x@example.com,0,0.0,0,0.0,0
scikit-learn,2025-01-26,1,0,dev_x@example.com,0,0.0,0,0.0,0
scikit-learn,2025-01-27,1,0,dev_x@example.com,0,0.0,0,0.0,0
scikit-learn,2025-01-28,1,1,dev_x@example.com,0,0.0,0,0.0,0
scikit-learn,2025-01-29,1,0,dev_x@example.com,0,0.0,0,0.0,0
scikit-learn,2025-01-30,1,0,dev_x@example.com,0,0.0,0,0.0,0
scikit-learn,2025-01-31,1,1,dev_x@example.com,0,0.0,0,0.0,0
scikit-learn,2025-02-01,1,0,dev_x@example.com,0,0.0,0,0.0,0
scikit-learn,2025-02-02,1,0,dev_x@example.com,0,0.0,0,0.0,0
scikit-learn,2025-02-03,1,1,dev_x@example.com,0,0.0,0,0.0,0
scikit-learn,2025-02-04,1,0,dev_x@example.com,0,0.0,0,0.0,0
scikit-learn,2025-02-05,1,0,dev_x@example.com,0,0.0,0,0.0,0
scikit-learn,2025-02-06,1,1,dev_x@example.com,0,0.0,0,0.0,0
scikit-learn,2025-02-07,1,0,dev_x@example.com,0,0.0,0,0.0,0
scikit-learn,2025-02-08,1,0,dev_x@example.com,0,0.0,0,0.0,0
scikit-learn,2025-02-09,1,1,dev_x@example.com,0,0.0,0,0.0,0
scikit-learn,2025-02-10,1,0,dev_x@example.com,0,0.0,0,0.0,0
scikit-learn,2025-02-11,1,0,dev_x@example.com,0,0.0,0,0.0,0
scikit-learn,2025-02-12,1,1,dev_x@example.com,0,0.0,0,0.0,0
scikit-learn,2025-02-13,1,0,dev_x@example.com,0,0.0,0,0.0,0
scikit-learn,2025-02-14,1,0,dev_x@example.com,0,0.0,0,0.0,0
scikit-learn,2025-02-15,1,1,dev_x@example.com,0,0.0,0,0.0,0
scikit-learn,2025-02-16,1,0,dev_x@example.com,0,0.0,0,0.0,0
scikit-learn,2025-02-17,1,0,dev_x@example.com,0,0.0,0,0.0,0
scikit-learn,2025-02-18,1,1,dev_x@example.com,0,0.0,0,0.0,0
scikit-learn,2025-02-19,1,0,dev_x@example.com,0,0.0,0,0.0,0
scikit-learn,2025-02-20,1,0,dev_x@example.com,0,0.0,0,0.0,0
scikit-learn,2025-02-21,1,1,dev_x@example.com,0,0.0,0,0.0,0
scikit-learn,2025-02-22,1,0,dev_x@example.com,0,0.0,0,0.0,0
scikit-learn,2025-02-23,1,0,dev_x@example.com,0,0.0,0,0.0,0
scikit-learn,2025-02-24,1,1,dev_x@example.com,0,0.0,0,0.0,0
scikit-learn,2025-02-25,1,0,dev_x@example.com,0,0.0,0,0.0,0
scikit-learn,2025-02-26,1,0,dev_x@example.com,0,0.0,0,0.0,0
scikit-learn,2025-02-27,1,1,dev_x@example.com,0,0.0,0,0.0,0
scikit-learn,2025-02-28,1,0,dev_x@example.com,0,0.0,0,0.0,0
scikit-learn,2025-03-01,1,0,dev_x@example.com,0,0.0,0,0.0,0
scikit-learn,2025-03-02,1,1,dev_x@example.com,0,0.0,0,0.0,0
scikit-learn,2025-03-03,1,0,dev_x@example.com,0,0.0,0,0.0,0
scikit-learn,2025-03-04,1,0,dev_x@example.com,0,0.0,0,0.0,0
scikit-learn,2025-03-05,1,1,dev_x@example.com,0,0.0,0,0.0,0
scikit-learn,2025-03-06,1,0,dev_x@example.com,0,0.0,0,0.0,0
scikit-learn,2025-03-07,1,0,dev_x@example.com,0,0.0,0,0.0,0
scikit-learn,2025-03-08,1,1,dev_x@example.com,0,0.0,0,0.0,0
scikit-learn,2025-03-09,1,0,dev_x@example.com,0,0.0,0,0.0,0
scikit-learn,2025-03-10,1,0,dev_x@example.com,0,0.0,0,0.0,0
scikit-learn,2025-03-11,1,1,dev_x@example.com,0,0.0,0,0.0,0
scikit-learn,2025-03-12,1,0,dev_x@example.com,0,0.0,0,0.0,0
scikit-learn,2025-03-13,1,0,dev_x@example.com,0,0.0,0,0.0,0
scikit-learn,2025-03-14,1,1,dev_x@example.com,0,0.0,0,0.0,0
scikit-learn,2025-03-15,1,0,dev_x@example.com,0,0.0,0,0.0,0
scikit-learn,2025-03-16,1,0,dev_x@example.com,0,0.0,0,0.0,0
scikit-learn,2025-03-17,1,1,dev_x@example.com,0,0.0,0,0.0,0
scikit-learn,2025-03-18,1,0,dev_x@example.com,0,0.0,0,0.0,0
scikit-learn,2025-03-19,1,0,dev_x@example.com,0,0.0,0,0.0,0
scikit-learn,2025-03-20,1,1,dev_x@example.com,0,0.0,0,0.0,0
scikit-learn,2025-03-21,1,0,dev_x@example.com,0,0.0,0,0.0,0
scikit-learn,2025-03-22,1,0,dev_x@example.com,0,0.0,0,0.0,0
scikit-learn,2025-03-23,1,1,dev_x@example.com,0,0.0,0,0.0,0
scikit-learn,2025-03-24,1,0,dev_x@example.com,0,0.0,0,0.0,0
scikit-learn,2025-03-25,1,0,dev_x@example.com,0,0.0,0,0.0,0
scikit-learn,2025-03-26,1,1,dev_x@example.com,0,0.0,0,0.0,0
scikit-learn,2025-03-27,1,0,dev_x@example.com,0,0.0,0,0.0,0
scikit-learn,2025-03-28,1,0,dev_x@example.com,0,0.0,0,0.0,0
scikit-learn,2025-03-29,1,1,dev_x@example.com,0,0.0,0,0.0,0
scikit-learn,2025-03-30,1,0,dev_x@example.com,0,0.0,0,0.0,0
scikit-learn,2025-03-31,1,0,dev_x@example.com,0,0.0,0,0.0,0
scikit-learn,2025-04-01,1,1,dev_x@example.com,0,0.0,0,0.0,0
scikit-learn,2025-04-02,1,0,dev_x@example.com,0,0.0,0,0.0,0
scikit-learn,2025-04-03,1,0,dev_x@example.com,0,0.0,0,0.0,0
scikit-learn,2025-04-04,1,1,dev_x@example.com,0,0.0,0,0.0,0
scikit-learn,2025-04-05,1,0,dev_x@example.com,0,0.0,0,0.0,0
scikit-learn,2025-04-06,1,0,dev_x@example.com,0,0.0,0,0.0,0
scikit-learn,2025-04-07,1,1,dev_x@example.com,0,0.0,0,0.0,0
scikit-learn,2025-04-08,1,0,dev_x@example.com,0,0.0,0,0.0,0
scikit-learn,2025-04-09,1,0,dev_x@example.com,0,0.0,0,0.0,0
scikit-learn,2025-04-10,1,1,dev_x@example.com,0,0.0,0,0.0,0
scikit-learn,2025-04-11,1,0,dev_x@example.com,0,0.0,0,0.0,0
scikit-learn,2025-04-12,1,0,dev_x@example.com,0,0.0,0,0.0,0
scikit-learn,2025-04-13,1,1,dev_x@example.com,0,0.0,0,0.0,0
scikit-learn,2025-04-14,1,0,dev_x@example.com,0,0.0,0,0.0,0
scikit-learn,2025-04-15,1,0,dev_x@example.com,0,0.0,0,0.0,0
scikit-learn,2025-04-16,1,1,dev_x@example.com,0,0.0,0,0.0,0
scikit-learn,2025-04-17,1,0,dev_x@example.com,0,0.0,0,0.0,0
scikit-learn,2025-04-18,1,0,dev_x@example.com,0,0.0,0,0.0,0
scikit-learn,2025-04-19,1,1,dev_x@example.com,0,0.0,0,0.0,0
scikit-learn,2025-04-20,1,0,dev_x@example.com,0,0.0,0,0.0,0
scikit-learn,2025-04-21,1,0,dev_x@example.com,0,0.0,0,0.0,0
scikit-learn,2025-04-22,1,1,dev_x@example.com,0,0.0,0,0.0,0
scikit-learn,2025-04-23,1,0,dev_x@example.com,0,0.0,0,0.0,0
scikit-learn,2025-04-24,1,0,dev_x@example.com,0,0.0,0,0.0,0
scikit-learn,2025-04-25,1,1,dev_x@example.com,0,0.0,0,0.0,0
scikit-learn,2025-04-26,1,0,dev_x@example.com,0,0.0,0,0.0,0
scikit-learn,2025-04-27,1,0,dev_x@example.com,0,0.0,0,0.0,0
scikit-learn,2025-04-28,1,1,dev_x@example.com,0,0.0,0,0.0,0
scikit-learn,2025-04-29,1,0,dev_x@example.com,0,0.0,0,0.0,0
scikit-learn,2025-04-30,1,0,dev_x@example.com,0,0.0,0,0.0,0
scikit-learn,2025-05-01,1,1,dev_x@example.com,0,0.0,0,0.0,0
scikit-learn,2025-05-02,1,0,dev_x@example.com,0,0.0,0,0.0,0
scikit-learn,2025-05-03,1,0,dev_x@example.com,0,0.0,0,0.0,0
scikit-learn,2025-05-04,1,1,dev_x@example.com,0,0.0,0,0.0,0
scikit-learn,2025-05-05,1,0,dev_x@example.com,0,0.0,0,0.0,0
scikit-learn,2025-05-06,1,0,dev_x@example.com,0,0.0,0,0.0,0
scikit-learn,2025-05-07,1,1,dev_x@example.com,0,0.0,0,0.0,0
scikit-learn,2025-05-08,1,0,dev_x@example.com,0,0.0,0,0.0,0
scikit-learn,2025-05-09,1,0,dev_x@example.com,0,0.0,0,0.0,0
scikit-learn,2025-05-10,1,1,dev_x@example.com,0,0.0,0,0.0,0
scikit-learn,2025-05-11,1,0,dev_x@example.com,0,0.0,0,0.0,0
scikit-learn,2025-05-12,1,0,dev_x@example.com,0,0.0,0,0.0,0
scikit-learn,2025-05-13,1,1,dev_x@example.com,0,0.0,0,0.0,0
scikit-learn,2025-05-14,1,0,dev_x@example.com,0,0.0,0,0.0,0
scikit-learn,2025-05-15,1,0,dev_x@example.com,0,0.0,0,0.0,0
scikit-learn,2025-05-16,1,1,dev_x@example.com,0,0.0,0,0.0,0
scikit-learn,2025-05-17,1,0,dev_x@example.com,0,0.0,0,0.0,0
scikit-learn,2025-05-18,1,0,dev_x@example.com,0,0.0,0,0.0,0
scikit-learn,2025-05-19,1,1,dev_x@example.com,0,0.0,0,0.0,0
scikit-learn,2025-05-20,1,0,dev_x@example.com,0,0.0,0,0.0,0
scikit-learn,2025-05-21,1,0,dev_x@example.com,0,0.0,0,0.0,0
scikit-learn,2025-05-22,1,1,dev_x@example.com,0,0.0,0,0.0,0
scikit-learn,2025-05-23,1,0,dev_x@example.com,0,0.0,0,0.0,0
scikit-learn,2025-05-24,1,0,dev_x@example.com,0,0.0,0,0.0,0
scikit-learn,2025-05-25,1,1,dev_x@example.com,0,0.0,0,0.0,0
scikit-learn,2025-05-26,1,0,dev_x@example.com,0,0.0,0,0.0,0
scikit-learn,2025-05-27,1,0,dev_x@example.com,0,0.0,0,0.0,0
scikit-learn,2025-05-28,1,1,dev_x@example.com,0,0.0,0,0.0,0
scikit-learn,2025-05-29,1,0,dev_x@example.com,0,0.0,0,0.0,0
scikit-learn,2025-05-30,1,0,dev_x@example.com,0,0.0,0,0.0,0
scikit-learn,2025-05-31,1,1,dev_x@example.com,0,0.0,0,0.0,0
scikit-learn,2025-06-01,1,0,dev_x@example.com,0,0.0,0,0.0,0
scikit-learn,2025-06-02,1,0,dev_x@example.com,0,0.0,0,0.0,0
scikit-learn,2025-06-03,1,1,dev_x@example.com,0,0.0,0,0.0,0
scikit-learn,2025-06-04,1,0,dev_x@example.com,0,0.0,0,0.0,0
scikit-learn,2025-06-05,1,0,dev_x@example.com,0,0.0,0,0.0,0
scikit-learn,2025-06-06,1,1,dev_x@example.com,0,0.0,0,0.0,0
scikit-learn,2025-06-07,1,0,dev_x@example.com,0,0.0,0,0.0,0
scikit-learn,2025-06-08,1,0,dev_x@example.com,0,0.0,0,0.0,0
scikit-learn,2025-06-09,1,1,dev_x@example.com,0,0.0,0,0.0,0
scikit-learn,2025-06-10,1,0,dev_x@example.com,0,0.0,0,0.0,0
scikit-learn,2025-06-11,1,0,dev_x@example.com,0,0.0,0,0.0,0
scikit-learn,2025-06-12,1,1,dev_x@example.com,0,0.0,0,0.0,0
scikit-learn,2025-06-13,1,0,dev_x@example.com,0,0.0,0,0.0,0
scikit-learn,2025-06-14,1,0,dev_x@example.com,0,0.0,0,0.0,0
scikit-learn,2025-06-15,1,1,dev_x@example.com,0,0.0,0,0.0,0
scikit-learn,2025-06-16,1,0,dev_x@example.com,0,0.0,0,0.0,0
scikit-learn,2025-06-17,1,0,dev_x@example.com,0,0.0,0,0.0,0
scikit-learn,2025-06-18,1,1,dev_x@example.com,0,0.0,0,0.0,0
scikit-learn,2025-06-19,1,0,dev_x@example.com,0,0.0,0,0.0,0
scikit-learn,2025-06-20,1,0,dev_x@example.com,0,0.0,0,0.0,0
scikit-learn,2025-06-21,1,1,dev_x@example.com,0,0.0,0,0.0,0
scikit-learn,2025-06-22,1,0,dev_x@example.com,0,0.0,0,0.0,0
scikit-learn,2025-06-23,1,0,dev_x@example.com,0,0.0,0,0.0,0
scikit-learn,2025-06-24,1,1,dev_x@example.com,0,0.0,0,0.0,0
scikit-learn,2025-06-25,1,0,dev_x@example.com,0,0.0,0,0.0,0
scikit-learn,2025-06-26,1,0,dev_x@example.com,0,0.0,0,0.0,0
scikit-learn,2025-06-27,1,1,dev_x@example.com,0,0.0,0,0.0,0
scikit-learn,2025-06-28,1,0,dev_x@example.com,0,0.0,0,0.0,0
scikit-learn,2025-06-29,1,0,dev_x@example.com,0,0.0,0,0.0,0
scikit-learn,2025-06-30,1,1,dev_x@example.com,0,0.0,0,0.0,0
scikit-learn,2025-07-01,1,0,dev_x@example.com,0,0.0,0,0.0,0
scikit-learn,2025-07-02,1,0,dev_x@example.com,0,0.0,0,0.0,0
scikit-learn,2025-07-03,1,1,dev_x@example.com,0,0.0,0,0.0,0
scikit-learn,2025-07-04,1,0,dev_x@example.com,0,0.0,0,0.0,0
scikit-learn,2025-07-05,1,0,dev_x@example.com,0,0.0,0,0.0,0
scikit-learn,2025-07-06,1,1,dev_x@example.com,0,0.0,0,0.0,0
scikit-learn,2025-07-07,1,0,dev_x@example.com,0,0.0,0,0.0,0
scikit-learn,2025-07-08,1,0,dev_x@example.com,0,0.0,0,0.0,0
scikit-learn,2025-07-09,1,1,dev_x@example.com,0,0.0,0,0.0,0
scikit-learn,2025-07-10,1,0,dev_x@example.com,0,0.0,0,0.0,0
scikit-learn,2025-07-11,1,0,dev_x@example.com,0,0.0,0,0.0,0
scikit-learn,2025-07-12,1,1,dev_x@example.com,0,0.0,0,0.0,0
scikit-learn,2025-07-13,1,0,dev_x@example.com,0,0.0,0,0.0,0
scikit-learn,2025-07-14,1,0,dev_x@example.com,0,0.0,0,0.0,0
scikit-learn,2025-07-15,1,1,dev_x@example.com,0,0.0,0,0.0,0
scikit-learn,2025-07-16,1,0,dev_x@example.com,0,0.0,0,0.0,0
scikit-learn,2025-07-17,1,0,dev_x@example.com,0,0.0,0,0.0,0
scikit-learn,2025-07-18,1,1,dev_x@example.com,0,0.0,0,0.0,0
scikit-learn,2025-07-19,1,0,dev_x@example.com,0,0.0,0,0.0,0
lodash,2025-01-01,1,1,dev_x@example.com,17,51.0,17,-17.0,17
lodash,2025-01-02,1,0,dev_x@example.com,25,75.0,25,-25.0,25
lodash,2025-01-03,1,0,dev_x@example.com,25,75.0,25,-25.0,25
lodash,2025-01-04,1,1,dev_x@example.com,17,51.0,17,-17.0,17
lodash,2025-01-05,1,0,dev_x@example.com,25,75.0,25,-25.0,25
lodash,2025-01-06,1,0,dev_x@example.com,25,75.0,25,-25.0,25
lodash,2025-01-07,1,1,dev_x@example.com,9,27.0,9,-9.0,9
lodash,2025-01-08,1,0,dev_x@example.com,25,75.0,25,-25.0,25
lodash,2025-01-09,1,0,dev_x@example.com,16,48.0,16,-16.0,16
lodash,2025-01-10,1,1,dev_x@example.com,9,27.0,9,-9.0,9
lodash,2025-01-11,1,0,dev_x@example.com,16,48.0,16,-16.0,16
lodash,2025-01-12,1,0,dev_x@example.com,16,48.0,16,-16.0,16
lodash,2025-01-13,1,1,dev_x@example.com,9,27.0,9,-9.0,9
lodash,2025-01-14,1,0,dev_x@example.com,8,24.0,8,-8.0,8
lodash,2025-01-15,1,0,dev_x@example.com,8,24.0,8,-8.0,8
lodash,2025-01-16,1,1,dev_x@example.com,0,0.0,0,0.0,0
lodash,2025-01-17,1,0,dev_x@example.com,0,0.0,0,0.0,0
lodash,2025-01-18,1,0,dev_x@example.com,0,0.0,0,0.0,0
lodash,2025-01-19,1,1,dev_x@example.com,0,0.0,0,0.0,0
lodash,2025-01-20,1,0,dev_x@example.com,0,0.0,0,0.0,0
lodash,2025-01-21,1,0,dev_x@example.com,0,0.0,0,0.0,0
lodash,2025-01-22,1,1,dev_x@example.com,0,0.0,0,0.0,0
lodash,2025-01-23,1,0,dev_x@example.com,0,0.0,0,0.0,0
lodash,2025-01-24,1,0,dev_x@example.com,0,0.0,0,0.0,0
lodash,2025-01-25,1,1,dev_x@example.com,0,0.0,0,0.0,0
lodash,2025-01-26,1,0,dev_x@example.com,0,0.0,0,0.0,0
lodash,2025-01-27,1,0,dev_x@example.com,0,0.0,0,0.0,0
lodash,2025-01-28,1,1,dev_x@example.com,0,0.0,0,0.0,0
lodash,2025-01-29,1,0,dev_x@example.com,0,0.0,0,0.0,0
lodash,2025-01-30,1,0,dev_x@example.com,0,0.0,0,0.0,0
lodash,2025-01-31,1,1,dev_x@example.com,0,0.0,0,0.0,0
lodash,2025-02-01,1,0,dev_x@example.com,0,0.0,0,0.0,0
lodash,2025-02-02,1,0,dev_x@example.com,0,0.0,0,0.0,0
lodash,2025-02-03,1,1,dev_x@example.com,0,0.0,0,0.0,0
lodash,2025-02-04,1,0,dev_x@example.com,0,0.0,0,0.0,0
lodash,2025-02-05,1,0,dev_x@example.com,0,0.0,0,0.0,0
lodash,2025-02-06,1,1,dev_x@example.com,0,0.0,0,0.0,0
lodash,2025-02-07,1,0,dev_x@example.com,0,0.0,0,0.0,0
lodash,2025-02-08,1,0,dev_x@example.com,0,0.0,0,0.0,0
lodash,2025-02-09,1,1,dev_x@example.com,0,0.0,0,0.0,0
lodash,2025-02-10,1,0,dev_x@example.com,0,0.0,0,0.0,0
lodash,2025-02-11,1,0,dev_x@example.com,0,0.0,0,0.0,0
lodash,2025-02-12,1,1,dev_x@example.com,0,0.0,0,0.0,0
lodash,2025-02-13,1,0,dev_x@example.com,0,0.0,0,0.0,0
lodash,2025-02-14,1,0,dev_x@example.com,0,0.0,0,0.0,0
lodash,2025-02-15,1,1,dev_x@example.com,0,0.0,0,0.0,0
lodash,2025-02-16,1,0,dev_x@example.com,0,0.0,0,0.0,0
lodash,2025-02-17,1,0,dev_x@example.com,0,0.0,0,0.0,0
lodash,2025-02-18,1,1,dev_x@example.com,0,0.0,0,0.0,0
lodash,2025-02-19,1,0,dev_x@example.com,0,0.0,0,0.0,0
lodash,2025-02-20,1,0,dev_x@example.com,0,0.0,0,0.0,0
lodash,2025-02-21,1,1,dev_x@example.com,0,0.0,0,0.0,0
lodash,2025-02-22,1,0,dev_x@example.com,0,0.0,0,0.0,0
lodash,2025-02-23,1,0,dev_x@example.com,0,0.0,0,0.0,0
lodash,2025-02-24,1,1,dev_x@example.com,0,0.0,0,0.0,0
lodash,2025-02-25,1,0,dev_x@example.com,0,0.0,0,0.0,0
lodash,2025-02-26,1,0,dev_x@example.com,0,0.0,0,0.0,0
lodash,2025-02-27,1,1,dev_x@example.com,0,0.0,0,0.0,0
lodash,2025-02-28,1,0,dev_x@example.com,0,0.0,0,0.0,0
lodash,2025-03-01,1,0,dev_x@example.com,0,0.0,0,0.0,0
lodash,2025-03-02,1,1,dev_x@example.com,0,0.0,0,0.0,0
lodash,2025-03-03,1,0,dev_x@example.com,0,0.0,0,0.0,0
lodash,2025-03-04,1,0,dev_x@example.com,0,0.0,0,0.0,0
lodash,2025-03-05,1,1,dev_x@example.com,0,0.0,0,0.0,0
lodash,2025-03-06,1,0,dev_x@example.com,0,0.0,0,0.0,0
lodash,2025-03-07,1,0,dev_x@example.com,0,0.0,0,0.0,0
lodash,2025-03-08,1,1,dev_x@example.com,0,0.0,0,0.0,0
lodash,2025-03-09,1,0,dev_x@example.com,0,0.0,0,0.0,0
lodash,2025-03-10,1,0,dev_x@example.com,0,0.0,0,0.0,0
lodash,2025-03-11,1,1,dev_x@example.com,0,0.0,0,0.0,0
lodash,2025-03-12,1,0,dev_x@example.com,0,0.0,0,0.0,0
lodash,2025-03-13,1,0,dev_x@example.com,0,0.0,0,0.0,0
lodash,2025-03-14,1,1,dev_x@example.com,0,0.0,0,0.0,0
lodash,2025-03-15,1,0,dev_x@example.com,0,0.0,0,0.0,0
lodash,2025-03-16,1,0,dev_x@example.com,0,0.0,0,0.0,0
lodash,2025-03-17,1,1,dev_x@example.com,0,0.0,0,0.0,0
lodash,2025-03-18,1,0,dev_x@example.com,0,0.0,0,0.0,0
lodash,2025-03-19,1,0,dev_x@example.com,0,0.0,0,0.0,0
lodash,2025-03-20,1,1,dev_x@example.com,0,0.0,0,0.0,0
lodash,2025-03-21,1,0,dev_x@example.com,0,0.0,0,0.0,0
lodash,2025-03-22,1,0,dev_x@example.com,0,0.0,0,0.0,0
lodash,2025-03-23,1,1,dev_x@example.com,0,0.0,0,0.0,0
lodash,2025-03-24,1,0,dev_x@example.com,0,0.0,0,0.0,0
lodash,2025-03-25,1,0,dev_x@example.com,0,0.0,0,0.0,0
lodash,2025-03-26,1,1,dev_x@example.com,0,0.0,0,0.0,0
lodash,2025-03-27,1,0,dev_x@example.com,0,0.0,0,0.0,0
lodash,2025-03-28,1,0,dev_x@example.com,0,0.0,0,0.0,0
lodash,2025-03-29,1,1,dev_x@example.com,0,0.0,0,0.0,0
lodash,2025-03-30,1,0,dev_x@example.com,0,0.0,0,0.0,0
lodash,2025-03-31,1,0,dev_x@example.com,0,0.0,0,0.0,0
lodash,2025-04-01,1,1,dev_x@example.com,0,0.0,0,0.0,0
lodash,2025-04-02,1,0,dev_x@example.com,0,0.0,0,0.0,0
lodash,2025-04-03,1,0,dev_x@example.com,0,0.0,0,0.0,0
lodash,2025-04-04,1,1,dev_x@example.com,0,0.0,0,0.0,0
lodash,2025-04-05,1,0,dev_x@example.com,0,0.0,0,0.0,0
lodash,2025-04-06,1,0,dev_x@example.com,0,0.0,0,0.0,0
lodash,2025-04-07,1,1,dev_x@example.com,0,0.0,0,0.0,0
lodash,2025-04-08,1,0,dev_x@example.com,0,0.0,0,0.0,0
lodash,2025-04-09,1,0,dev_x@example.com,0,0.0,0,0.0,0
lodash,2025-04-10,1,1,dev_x@example.com,0,0.0,0,0.0,0
lodash,2025-04-11,1,0,dev_x@example.com,0,0.0,0,0.0,0
lodash,2025-04-12,1,0,dev_x@example.com,0,0.0,0,0.0,0
lodash,2025-04-13,1,1,dev_x@example.com,0,0.0,0,0.0,0
lodash,2025-04-14,1,0,dev_x@example.com,0,0.0,0,0.0,0
lodash,2025-04-15,1,0,dev_x@example.com,0,0.0,0,0.0,0
lodash,2025-04-16,1,1,dev_x@example.com,0,0.0,0,0.0,0
lodash,2025-04-17,1,0,dev_x@example.com,0,0.0,0,0.0,0
lodash,2025-04-18,1,0,dev_x@example.com,0,0.0,0,0.0,0
lodash,2025-04-19,1,1,dev_x@example.com,0,0.0,0,0.0,0
lodash,2025-04-20,1,0,dev_x@example.com,0,0.0,0,0.0,0
lodash,2025-04-21,1,0,dev_x@example.com,0,0.0,0,0.0,0
lodash,2025-04-22,1,1,dev_x@example.com,0,0.0,0,0.0,0
lodash,2025-04-23,1,0,dev_x@example.com,0,0.0,0,0.0,0
lodash,2025-04-24,1,0,dev_x@example.com,0,0.0,0,0.0,0
lodash,2025-04-25,1,1,dev_x@example.com,0,0.0,0,0.0,0
lodash,2025-04-26,1,0,dev_x@example.com,0,0.0,0,0.0,0
lodash,2025-04-27,1,0,dev_x@example.com,0,0.0,0,0.0,0
lodash,2025-04-28,1,1,dev_x@example.com,0,0.0,0,0.0,0
lodash,2025-04-29,1,0,dev_x@example.com,0,0.0,0,0.0,0
lodash,2025-04-30,1,0,dev_x@example.com,0,0.0,0,0.0,0
lodash,2025-05-01,1,1,dev_x@example.com,0,0.0,0,0.0,0
lodash,2025-05-02,1,0,dev_x@example.com,0,0.0,0,0.0,0
lodash,2025-05-03,1,0,dev_x@example.com,0,0.0,0,0.0,0
lodash,2025-05-04,1,1,dev_x@example.com,0,0.0,0,0.0,0
lodash,2025-05-05,1,0,dev_x@example.com,0,0.0,0,0.0,0
lodash,2025-05-06,1,0,dev_x@example.com,0,0.0,0,0.0,0
lodash,2025-05-07,1,1,dev_x@example.com,0,0.0,0,0.0,0
lodash,2025-05-08,1,0,dev_x@example.com,0,0.0,0,0.0,0
lodash,2025-05-09,1,0,dev_x@example.com,0,0.0,0,0.0,0
lodash,2025-05-10,1,1,dev_x@example.com,0,0.0,0,0.0,0
lodash,2025-05-11,1,0,dev_x@example.com,0,0.0,0,0.0,0
lodash,2025-05-12,1,0,dev_x@example.com,0,0.0,0,0.0,0
lodash,2025-05-13,1,1,dev_x@example.com,0,0.0,0,0.0,0
lodash,2025-05-14,1,0,dev_x@example.com,0,0.0,0,0.0,0
lodash,2025-05-15,1,0,dev_x@example.com,0,0.0,0,0.0,0
lodash,2025-05-16,1,1,dev_x@example.com,0,0.0,0,0.0,0
lodash,2025-05-17,1,0,dev_x@example.com,0,0.0,0,0.0,0
lodash,2025-05-18,1,0,dev_x@example.com,0,0.0,0,0.0,0
lodash,2025-05-19,1,1,dev_x@example.com,0,0.0,0,0.0,0
lodash,2025-05-20,1,0,dev_x@example.com,0,0.0,0,0.0,0
lodash,2025-05-21,1,0,dev_x@example.com,0,0.0,0,0.0,0
lodash,2025-05-22,1,1,dev_x@example.com,0,0.0,0,0.0,0
lodash,2025-05-23,1,0,dev_x@example.com,0,0.0,0,0.0,0
lodash,2025-05-24,1,0,dev_x@example.com,0,0.0,0,0.0,0
lodash,2025-05-25,1,1,dev_x@example.com,0,0.0,0,0.0,0
lodash,2025-05-26,1,0,dev_x@example.com,0,0.0,0,0.0,0
lodash,2025-05-27,1,0,dev_x@example.com,0,0.0,0,0.0,0
lodash,2025-05-28,1,1,dev_x@example.com,0,0.0,0,0.0,0
lodash,2025-05-29,1,0,dev_x@example.com,0,0.0,0,0.0,0
lodash,2025-05-30,1,0,dev_x@example.com,0,0.0,0,0.0,0
lodash,2025-05-31,1,1,dev_x@example.com,0,0.0,0,0.0,0
lodash,2025-06-01,1,0,dev_x@example.com,0,0.0,0,0.0,0
lodash,2025-06-02,1,0,dev_x@example.com,0,0.0,0,0.0,0
lodash,2025-06-03,1,1,dev_x@example.com,0,0.0,0,0.0,0
lodash,2025-06-04,1,0,dev_x@example.com,0,0.0,0,0.0,0
lodash,2025-06-05,1,0,dev_x@example.com,0,0.0,0,0.0,0
lodash,2025-06-06,1,1,dev_x@example.com,0,0.0,0,0.0,0
lodash,2025-06-07,1,0,dev_x@example.com,0,0.0,0,0.0,0
lodash,2025-06-08,1,0,dev_x@example.com,0,0.0,0,0.0,0
lodash,2025-06-09,1,1,dev_x@example.com,0,0.0,0,0.0,0
lodash,2025-06-10,1,0,dev_x@example.com,0,0.0,0,0.0,0
lodash,2025-06-11,1,0,dev_x@example.com,0,0.0,0,0.0,0
lodash,2025-06-12,1,1,dev_x@example.com,0,0.0,0,0.0,0
lodash,2025-06-13,1,0,dev_x@example.com,0,0.0,0,0.0,0
lodash,2025-06-14,1,0,dev_x@example.com,0,0.0,0,0.0,0
lodash,2025-06-15,1,1,dev_x@example.com,0,0.0,0,0.0,0
lodash,2025-06-16,1,0,dev_x@example.com,0,0.0,0,0.0,0
lodash,2025-06-17,1,0,dev_x@example.com,0,0.0,0,0.0,0
lodash,2025-06-18,1,1,dev_x@example.com,0,0.0,0,0.0,0
lodash,2025-06-19,1,0,dev_x@example.com,0,0.0,0,0.0,0
lodash,2025-06-20,1,0,dev_x@example.com,0,0.0,0,0.0,0
lodash,2025-06-21,1,1,dev_x@example.com,0,0.0,0,0.0,0
lodash,2025-06-22,1,0,dev_x@example.com,0,0.0,0,0.0,0
lodash,2025-06-23,1,0,dev_x@example.com,0,0.0,0,0.0,0
lodash,2025-06-24,1,1,dev_x@example.com,0,0.0,0,0.0,0
lodash,2025-06-25,1,0,dev_x@example.com,0,0.0,0,0.0,0
lodash,2025-06-26,1,0,dev_x@example.com,0,0.0,0,0.0,0
lodash,2025-06-27,1,1,dev_x@example.com,0,0.0,0,0.0,0
lodash,2025-06-28,1,0,dev_x@example.com,0,0.0,0,0.0,0
lodash,2025-06-29,1,0,dev_x@example.com,0,0.0,0,0.0,0
lodash,2025-06-30,1,1,dev_x@example.com,0,0.0,0,0.0,0
lodash,2025-07-01,1,0,dev_x@example.com,0,0.0,0,0.0,0
lodash,2025-07-02,1,0,dev_x@example.com,0,0.0,0,0.0,0
lodash,2025-07-03,1,1,dev_x@example.com,0,0.0,0,0.0,0
lodash,2025-07-04,1,0,dev_x@example.com,0,0.0,0,0.0,0
lodash,2025-07-05,1,0,dev_x@example.com,0,0.0,0,0.0,0
lodash,2025-07-06,1,1,dev_x@example.com,0,0.0,0,0.0,0
lodash,2025-07-07,1,0,dev_x@example.com,0,0.0,0,0.0,0
lodash,2025-07-08,1,0,dev_x@example.com,0,0.0,0,0.0,0
lodash,2025-07-09,1,1,dev_x@example.com,0,0.0,0,0.0,0
lodash,2025-07-10,1,0,dev_x@example.com,0,0.0,0,0.0,0
lodash,2025-07-11,1,0,dev_x@example.com,0,0.0,0,0.0,0
lodash,2025-07-12,1,1,dev_x@example.com,0,0.0,0,0.0,0
lodash,2025-07-13,1,0,dev_x@example.com,0,0.0,0,0.0,0
lodash,2025-07-14,1,0,dev_x@example.com,0,0.0,0,0.0,0
lodash,2025-07-15,1,1,dev_x@example.com,0,0.0,0,0.0,0
lodash,2025-07-16,1,0,dev_x@example.com,0,0.0,0,0.0,0
lodash,2025-07-17,1,0,dev_x@example.com,0,0.0,0,0.0,0
lodash,2025-07-18,1,1,dev_x@example.com,0,0.0,0,0.0,0
lodash,2025-07-19,1,0,dev_x@example.com,0,0.0,0,0.0,0
pytest,2025-01-01,1,1,dev_x@example.com,17,51.0,17,1445.0,17
pytest,2025-01-02,1,0,dev_x@example.com,25,75.0,25,2125.0,25
pytest,2025-01-03,1,0,dev_x@example.com,25,75.0,25,2125.0,25
pytest,2025-01-04,1,1,dev_x@example.com,17,51.0,17,1445.0,17
pytest,2025-01-05,1,0,dev_x@example.com,25,75.0,25,2125.0,25
pytest,2025-01-06,1,0,dev_x@example.com,25,75.0,25,2125.0,25
pytest,2025-01-07,1,1,dev_x@example.com,9,27.0,9,765.0,9
pytest,2025-01-08,1,0,dev_x@example.com,25,75.0,25,2125.0,25
pytest,2025-01-09,1,0,dev_x@example.com,16,48.0,16,1360.0,16
pytest,2025-01-10,1,1,dev_x@example.com,9,27.0,9,765.0,9
pytest,2025-01-11,1,0,dev_x@example.com,16,48.0,16,1360.0,16
pytest,2025-01-12,1,0,dev_x@example.com,16,48.0,16,1360.0,16
pytest,2025-01-13,1,1,dev_x@example.com,9,27.0,9,765.0,9
pytest,2025-01-14,1,0,dev_x@example.com,8,24.0,8,680.0,8
pytest,2025-01-15,1,0,dev_x@example.com,8,24.0,8,680.0,8
pytest,2025-01-16,1,1,dev_x@example.com,0,0.0,0,0.0,0
pytest,2025-01-17,1,0,dev_x@example.com,0,0.0,0,0.0,0
pytest,2025-01-18,1,0,dev_x@example.com,0,0.0,0,0.0,0
pytest,2025-01-19,1,1,dev_x@example.com,0,0.0,0,0.0,0
pytest,2025-01-20,1,0,dev_x@example.com,0,0.0,0,0.0,0
pytest,2025-01-21,1,0,dev_x@example.com,0,0.0,0,0.0,0
pytest,2025-01-22,1,1,dev_x@example.com,0,0.0,0,0.0,0
pytest,2025-01-23,1,0,dev_x@example.com,0,0.0,0,0.0,0
pytest,2025-01-24,1,0,dev_x@example.com,0,0.0,0,0.0,0
pytest,2025-01-25,1,1,dev_x@example.com,0,0.0,0,0.0,0
pytest,2025-01-26,1,0,dev_x@example.com,0,0.0,0,0.0,0
pytest,2025-01-27,1,0,dev_x@example.com,0,0.0,0,0.0,0
pytest,2025-01-28,1,1,dev_x@example.com,0,0.0,0,0.0,0
pytest,2025-01-29,1,0,dev_x@example.com,0,0.0,0,0.0,0
pytest,2025-01-30,1,0,dev_x@example.com,0,0.0,0,0.0,0
pytest,2025-01-31,1,1,dev_x@example.com,0,0.0,0,0.0,0
pytest,2025-02-01,1,0,dev_x@example.com,0,0.0,0,0.0,0
pytest,2025-02-02,1,0,dev_x@example.com,0,0.0,0,0.0,0
pytest,2025-02-03,1,1,dev_x@example.com,0,0.0,0,0.0,0
pytest,2025-02-04,1,0,dev_x@example.com,0,0.0,0,0.0,0
pytest,2025-02-05,1,0,dev_x@example.com,0,0.0,0,0.0,0
pytest,2025-02-06,1,1,dev_x@example.com,0,0.0,0,0.0,0
pytest,2025-02-07,1,0,dev_x@example.com,0,0.0,0,0.0,0
pytest,2025-02-08,1,0,dev_x@example.com,0,0.0,0,0.0,0
pytest,2025-02-09,1,1,dev_x@example.com,0,0.0,0,0.0,0
pytest,2025-02-10,1,0,dev_x@example.com,0,0.0,0,0.0,0
pytest,2025-02-11,1,0,dev_x@example.com,0,0.0,0,0.0,0
pytest,2025-02-12,1,1,dev_x@example.com,0,0.0,0,0.0,0
pytest,2025-02-13,1,0,dev_x@example.com,0,0.0,0,0.0,0
pytest,2025-02-14,1,0,dev_x@example.com,0,0.0,0,0.0,0
pytest,2025-02-15,1,1,dev_x@example.com,0,0.0,0,0.0,0
pytest,2025-02-16,1,0,dev_x@example.com,0,0.0,0,0.0,0
pytest,2025-02-17,1,0,dev_x@example.com,0,0.0,0,0.0,0
pytest,2025-02-18,1,1,dev_x@example.com,0,0.0,0,0.0,0
pytest,2025-02-19,1,0,dev_x@example.com,0,0.0,0,0.0,0
pytest,2025-02-20,1,0,dev_x@example.com,0,0.0,0,0.0,0
pytest,2025-02-21,1,1,dev_x@example.com,0,0.0,0,0.0,0
pytest,2025-02-22,1,0,dev_x@example.com,0,0.0,0,0.0,0
pytest,2025-02-23,1,0,dev_x@example.com,0,0.0,0,0.0,0
pytest,2025-02-24,1,1,dev_x@example.com,0,0.0,0,0.0,0
pytest,2025-02-25,1,0,dev_x@example.com,0,0.0,0,0.0,0
pytest,2025-02-26,1,0,dev_x@example.com,0,0.0,0,0.0,0
pytest,2025-02-27,1,1,dev_x@example.com,0,0.0,0,0.0,0
pytest,2025-02-28,1,0,dev_x@example.com,0,0.0,0,0.0,0
pytest,2025-03-01,1,0,dev_x@example.com,0,0.0,0,0.0,0
pytest,2025-03-02,1,1,dev_x@example.com,0,0.0,0,0.0,0
pytest,2025-03-03,1,0,dev_x@example.com,0,0.0,0,0.0,0
pytest,2025-03-04,1,0,dev_x@example.com,0,0.0,0,0.0,0
pytest,2025-03-05,1,1,dev_x@example.com,0,0.0,0,0.0,0
pytest,2025-03-06,1,0,dev_x@example.com,0,0.0,0,0.0,0
pytest,2025-03-07,1,0,dev_x@example.com,0,0.0,0,0.0,0
pytest,2025-03-08,1,1,dev_x@example.com,0,0.0,0,0.0,0
pytest,2025-03-09,1,0,dev_x@example.com,0,0.0,0,0.0,0
pytest,2025-03-10,1,0,dev_x@example.com,0,0.0,0,0.0,0
pytest,2025-03-11,1,1,dev_x@example.com,0,0.0,0,0.0,0
pytest,2025-03-12,1,0,dev_x@example.com,0,0.0,0,0.0,0
pytest,2025-03-13,1,0,dev_x@example.com,0,0.0,0,0.0,0
pytest,2025-03-14,1,1,dev_x@example.com,0,0.0,0,0.0,0
pytest,2025-03-15,1,0,dev_x@example.com,0,0.0,0,0.0,0
pytest,2025-03-16,1,0,dev_x@example.com,0,0.0,0,0.0,0
pytest,2025-03-17,1,1,dev_x@example.com,0,0.0,0,0.0,0
pytest,2025-03-18,1,0,dev_x@example.com,0,0.0,0,0.0,0
pytest,2025-03-19,1,0,dev_x@example.com,0,0.0,0,0.0,0
pytest,2025-03-20,1,1,dev_x@example.com,0,0.0,0,0.0,0
pytest,2025-03-21,1,0,dev_x@example.com,0,0.0,0,0.0,0
pytest,2025-03-22,1,0,dev_x@example.com,0,0.0,0,0.0,0
pytest,2025-03-23,1,1,dev_x@example.com,0,0.0,0,0.0,0
pytest,2025-03-24,1,0,dev_x@example.com,0,0.0,0,0.0,0
pytest,2025-03-25,1,0,dev_x@example.com,0,0.0,0,0.0,0
pytest,2025-03-26,1,1,dev_x@example.com,0,0.0,0,0.0,0
pytest,2025-03-27,1,0,dev_x@example.com,0,0.0,0,0.0,0
pytest,2025-03-28,1,0,dev_x@example.com,0,0.0,0,0.0,0
pytest,2025-03-29,1,1,dev_x@example.com,0,0.0,0,0.0,0
pytest,2025-03-30,1,0,dev_x@example.com,0,0.0,0,0.0,0
pytest,2025-03-31,1,0,dev_x@example.com,0,0.0,0,0.0,0
pytest,2025-04-01,1,1,dev_x@example.com,0,0.0,0,0.0,0
pytest,2025-04-02,1,0,dev_x@example.com,0,0.0,0,0.0,0
pytest,2025-04-03,1,0,dev_x@example.com,0,0.0,0,0.0,0
pytest,2025-04-04,1,1,dev_x@example.com,0,0.0,0,0.0,0
pytest,2025-04-05,1,0,dev_x@example.com,0,0.0,0,0.0,0
pytest,2025-04-06,1,0,dev_x@example.com,0,0.0,0,0.0,0
pytest,2025-04-07,1,1,dev_x@example.com,0,0.0,0,0.0,0
pytest,2025-04-08,1,0,dev_x@example.com,0,0.0,0,0.0,0
pytest,2025-04-09,1,0,dev_x@example.com,0,0.0,0,0.0,0
pytest,2025-04-10,1,1,dev_x@example.com,0,0.0,0,0.0,0
pytest,2025-04-11,1,0,dev_x@example.com,0,0.0,0,0.0,0
pytest,2025-04-12,1,0,dev_x@example.com,0,0.0,0,0.0,0
pytest,2025-04-13,1,1,dev_x@example.com,0,0.0,0,0.0,0
pytest,2025-04-14,1,0,dev_x@example.com,0,0.0,0,0.0,0
pytest,2025-04-15,1,0,dev_x@example.com,0,0.0,0,0.0,0
pytest,2025-04-16,1,1,dev_x@example.com,0,0.0,0,0.0,0
pytest,2025-04-17,1,0,dev_x@example.com,0,0.0,0,0.0,0
pytest,2025-04-18,1,0,dev_x@example.com,0,0.0,0,0.0,0
pytest,2025-04-19,1,1,dev_x@example.com,0,0.0,0,0.0,0
pytest,2025-04-20,1,0,dev_x@example.com,0,0.0,0,0.0,0
pytest,2025-04-21,1,0,dev_x@example.com,0,0.0,0,0.0,0
pytest,2025-04-22,1,1,dev_x@example.com,0,0.0,0,0.0,0
pytest,2025-04-23,1,0,dev_x@example.com,0,0.0,0,0.0,0
pytest,2025-04-24,1,0,dev_x@example.com,0,0.0,0,0.0,0
pytest,2025-04-25,1,1,dev_x@example.com,0,0.0,0,0.0,0
pytest,2025-04-26,1,0,dev_x@example.com,0,0.0,0,0.0,0
pytest,2025-04-27,1,0,dev_x@example.com,0,0.0,0,0.0,0
pytest,2025-04-28,1,1,dev_x@example.com,0,0.0,0,0.0,0
pytest,2025-04-29,1,0,dev_x@example.com,0,0.0,0,0.0,0
pytest,2025-04-30,1,0,dev_x@example.com,0,0.0,0,0.0,0
pytest,2025-05-01,1,1,dev_x@example.com,0,0.0,0,0.0,0
pytest,2025-05-02,1,0,dev_x@example.com,0,0.0,0,0.0,0
pytest,2025-05-03,1,0,dev_x@example.com,0,0.0,0,0.0,0
pytest,2025-05-04,1,1,dev_x@example.com,0,0.0,0,0.0,0
pytest,2025-05-05,1,0,dev_x@example.com,0,0.0,0,0.0,0
pytest,2025-05-06,1,0,dev_x@example.com,0,0.0,0,0.0,0
pytest,2025-05-07,1,1,dev_x@example.com,0,0.0,0,0.0,0
pytest,2025-05-08,1,0,dev_x@example.com,0,0.0,0,0.0,0
pytest,2025-05-09,1,0,dev_x@example.com,0,0.0,0,0.0,0
pytest,2025-05-10,1,1,dev_x@example.com,0,0.0,0,0.0,0
pytest,2025-05-11,1,0,dev_x@example.com,0,0.0,0,0.0,0
pytest,2025-05-12,1,0,dev_x@example.com,0,0.0,0,0.0,0
pytest,2025-05-13,1,1,dev_x@example.com,0,0.0,0,0.0,0
pytest,2025-05-14,1,0,dev_x@example.com,0,0.0,0,0.0,0
pytest,2025-05-15,1,0,dev_x@example.com,0,0.0,0,0.0,0
pytest,2025-05-16,1,1,dev_x@example.com,0,0.0,0,0.0,0
pytest,2025-05-17,1,0,dev_x@example.com,0,0.0,0,0.0,0
pytest,2025-05-18,1,0,dev_x@example.com,0,0.0,0,0.0,0
pytest,2025-05-19,1,1,dev_x@example.com,0,0.0,0,0.0,0
pytest,2025-05-20,1,0,dev_x@example.com,0,0.0,0,0.0,0
pytest,2025-05-21,1,0,dev_x@example.com,0,0.0,0,0.0,0
pytest,2025-05-22,1,1,dev_x@example.com,0,0.0,0,0.0,0
pytest,2025-05-23,1,0,dev_x@example.com,0,0.0,0,0.0,0
pytest,2025-05-24,1,0,dev_x@example.com,0,0.0,0,0.0,0
pytest,2025-05-25,1,1,dev_x@example.com,0,0.0,0,0.0,0
pytest,2025-05-26,1,0,dev_x@example.com,0,0.0,0,0.0,0
pytest,2025-05-27,1,0,dev_x@example.com,0,0.0,0,0.0,0
pytest,2025-05-28,1,1,dev_x@example.com,0,0.0,0,0.0,0
pytest,2025-05-29,1,0,dev_x@example.com,0,0.0,0,0.0,0
pytest,2025-05-30,1,0,dev_x@example.com,0,0.0,0,0.0,0
pytest,2025-05-31,1,1,dev_x@example.com,0,0.0,0,0.0,0
pytest,2025-06-01,1,0,dev_x@example.com,0,0.0,0,0.0,0
pytest,2025-06-02,1,0,dev_x@example.com,0,0.0,0,0.0,0
pytest,2025-06-03,1,1,dev_x@example.com,0,0.0,0,0.0,0
pytest,2025-06-04,1,0,dev_x@example.com,0,0.0,0,0.0,0
pytest,2025-06-05,1,0,dev_x@example.com,0,0.0,0,0.0,0
pytest,2025-06-06,1,1,dev_x@example.com,0,0.0,0,0.0,0
pytest,2025-06-07,1,0,dev_x@example.com,0,0.0,0,0.0,0
pytest,2025-06-08,1,0,dev_x@example.com,0,0.0,0,0.0,0
pytest,2025-06-09,1,1,dev_x@example.com,0,0.0,0,0.0,0
pytest,2025-06-10,1,0,dev_x@example.com,0,0.0,0,0.0,0
pytest,2025-06-11,1,0,dev_x@example.com,0,0.0,0,0.0,0
pytest,2025-06-12,1,1,dev_x@example.com,0,0.0,0,0.0,0
pytest,2025-06-13,1,0,dev_x@example.com,0,0.0,0,0.0,0
pytest,2025-06-14,1,0,dev_x@example.com,0,0.0,0,0.0,0
pytest,2025-06-15,1,1,dev_x@example.com,0,0.0,0,0.0,0
pytest,2025-06-16,1,0,dev_x@example.com,0,0.0,0,0.0,0
pytest,2025-06-17,1,0,dev_x@example.com,0,0.0,0,0.0,0
pytest,2025-06-18,1,1,dev_x@example.com,0,0.0,0,0.0,0
pytest,2025-06-19,1,0,dev_x@example.com,0,0.0,0,0.0,0
pytest,2025-06-20,1,0,dev_x@example.com,0,0.0,0,0.0,0
pytest,2025-06-21,1,1,dev_x@example.com,0,0.0,0,0.0,0
pytest,2025-06-22,1,0,dev_x@example.com,0,0.0,0,0.0,0
pytest,2025-06-23,1,0,dev_x@example.com,0,0.0,0,0.0,0
pytest,2025-06-24,1,1,dev_x@example.com,0,0.0,0,0.0,0
pytest,2025-06-25,1,0,dev_x@example.com,0,0.0,0,0.0,0
pytest,2025-06-26,1,0,dev_x@example.com,0,0.0,0,0.0,0
pytest,2025-06-27,1,1,dev_x@example.com,0,0.0,0,0.0,0
pytest,2025-06-28,1,0,dev_x@example.com,0,0.0,0,0.0,0
pytest,2025-06-29,1,0,dev_x@example.com,0,0.0,0,0.0,0
pytest,2025-06-30,1,1,dev_x@example.com,0,0.0,0,0.0,0
pytest,2025-07-01,1,0,dev_x@example.com,0,0.0,0,0.0,0
pytest,2025-07-02,1,0,dev_x@example.com,0,0.0,0,0.0,0
pytest,2025-07-03,1,1,dev_x@example.com,0,0.0,0,0.0,0
pytest,2025-07-04,1,0,dev_x@example.com,0,0.0,0,0.0,0
pytest,2025-07-05,1,0,dev_x@example.com,0,0.0,0,0.0,0
pytest,2025-07-06,1,1,dev_x@example.com,0,0.0,0,0.0,0
pytest,2025-07-07,1,0,dev_x@example.com,0,0.0,0,0.0,0
pytest,2025-07-08,1,0,dev_x@example.com,0,0.0,0,0.0,0
pytest,2025-07-09,1,1,dev_x@example.com,0,0.0,0,0.0,0
pytest,2025-07-10,1,0,dev_x@example.com,0,0.0,0,0.0,0
pytest,2025-07-11,1,0,dev_x@example.com,0,0.0,0,0.0,0
pytest,2025-07-12,1,1,dev_x@example.com,0,0.0,0,0.0,0
pytest,2025-07-13,1,0,dev_x@example.com,0,0.0,0,0.0,0
pytest,2025-07-14,1,0,dev_x@example.com,0,0.0,0,0.0,0
pytest,2025-07-15,1,1,dev_x@example.com,0,0.0,0,0.0,0
pytest,2025-07-16,1,0,dev_x@example.com,0,0.0,0,0.0,0
pytest,2025-07-17,1,0,dev_x@example.com,0,0.0,0,0.0,0
pytest,2025-07-18,1,1,dev_x@example.com,0,0.0,0,0.0,0
pytest,2025-07-19,1,0,dev_x@example.com,0,0.0,0,0.0,0
localstack,2025-01-01,1,1,dev_x@example.com,17,51.0,17,1445.0,17
localstack,2025-01-02,1,0,dev_x@example.com,25,75.0,25,2125.0,25
localstack,2025-01-03,1,0,dev_x@example.com,25,75.0,25,2125.0,25
localstack,2025-01-04,1,1,dev_x@example.com,17,51.0,17,1445.0,17
localstack,2025-01-05,1,0,dev_x@example.com,25,75.0,25,2125.0,25
localstack,2025-01-06,1,0,dev_x@example.com,25,75.0,25,2125.0,25
localstack,2025-01-07,1,1,dev_x@example.com,9,27.0,9,765.0,9
localstack,2025-01-08,1,0,dev_x@example.com,25,75.0,25,2125.0,25
localstack,2025-01-09,1,0,dev_x@example.com,16,48.0,16,1360.0,16
localstack,2025-01-10,1,1,dev_x@example.com,9,27.0,9,765.0,9
localstack,2025-01-11,1,0,dev_x@example.com,16,48.0,16,1360.0,16
localstack,2025-01-12,1,0,dev_x@example.com,16,48.0,16,1360.0,16
localstack,2025-01-13,1,1,dev_x@example.com,9,27.0,9,765.0,9
localstack,2025-01-14,1,0,dev_x@example.com,8,24.0,8,680.0,8
localstack,2025-01-15,1,0,dev_x@example.com,8,24.0,8,680.0,8
localstack,2025-01-16,1,1,dev_x@example.com,0,0.0,0,0.0,0
localstack,2025-01-17,1,0,dev_x@example.com,0,0.0,0,0.0,0
localstack,2025-01-18,1,0,dev_x@example.com,0,0.0,0,0.0,0
localstack,2025-01-19,1,1,dev_x@example.com,0,0.0,0,0.0,0
localstack,2025-01-20,1,0,dev_x@example.com,0,0.0,0,0.0,0
localstack,2025-01-21,1,0,dev_x@example.com,0,0.0,0,0.0,0
localstack,2025-01-22,1,1,dev_x@example.com,0,0.0,0,0.0,0
localstack,2025-01-23,1,0,dev_x@example.com,0,0.0,0,0.0,0
localstack,2025-01-24,1,0,dev_x@example.com,0,0.0,0,0.0,0
localstack,2025-01-25,1,1,dev_x@example.com,0,0.0,0,0.0,0
localstack,2025-01-26,1,0,dev_x@example.com,0,0.0,0,0.0,0
localstack,2025-01-27,1,0,dev_x@example.com,0,0.0,0,0.0,0
localstack,2025-01-28,1,1,dev_x@example.com,0,0.0,0,0.0,0
localstack,2025-01-29,1,0,dev_x@example.com,0,0.0,0,0.0,0
localstack,2025-01-30,1,0,dev_x@example.com,0,0.0,0,0.0,0
localstack,2025-01-31,1,1,dev_x@example.com,0,0.0,0,0.0,0
localstack,2025-02-01,1,0,dev_x@example.com,0,0.0,0,0.0,0
localstack,2025-02-02,1,0,dev_x@example.com,0,0.0,0,0.0,0
localstack,2025-02-03,1,1,dev_x@example.com,0,0.0,0,0.0,0
localstack,2025-02-04,1,0,dev_x@example.com,0,0.0,0,0.0,0
localstack,2025-02-05,1,0,dev_x@example.com,0,0.0,0,0.0,0
localstack,2025-02-06,1,1,dev_x@example.com,0,0.0,0,0.0,0
localstack,2025-02-07,1,0,dev_x@example.com,0,0.0,0,0.0,0
localstack,2025-02-08,1,0,dev_x@example.com,0,0.0,0,0.0,0
localstack,2025-02-09,1,1,dev_x@example.com,0,0.0,0,0.0,0
localstack,2025-02-10,1,0,dev_x@example.com,0,0.0,0,0.0,0
localstack,2025-02-11,1,0,dev_x@example.com,0,0.0,0,0.0,0
localstack,2025-02-12,1,1,dev_x@example.com,0,0.0,0,0.0,0
localstack,2025-02-13,1,0,dev_x@example.com,0,0.0,0,0.0,0
localstack,2025-02-14,1,0,dev_x@example.com,0,0.0,0,0.0,0
localstack,2025-02-15,1,1,dev_x@example.com,0,0.0,0,0.0,0
localstack,2025-02-16,1,0,dev_x@example.com,0,0.0,0,0.0,0
localstack,2025-02-17,1,0,dev_x@example.com,0,0.0,0,0.0,0
localstack,2025-02-18,1,1,dev_x@example.com,0,0.0,0,0.0,0
localstack,2025-02-19,1,0,dev_x@example.com,0,0.0,0,0.0,0
localstack,2025-02-20,1,0,dev_x@example.com,0,0.0,0,0.0,0
localstack,2025-02-21,1,1,dev_x@example.com,0,0.0,0,0.0,0
localstack,2025-02-22,1,0,dev_x@example.com,0,0.0,0,0.0,0
localstack,2025-02-23,1,0,dev_x@example.com,0,0.0,0,0.0,0
localstack,2025-02-24,1,1,dev_x@example.com,0,0.0,0,0.0,0
localstack,2025-02-25,1,0,dev_x@example.com,0,0.0,0,0.0,0
localstack,2025-02-26,1,0,dev_x@example.com,0,0.0,0,0.0,0
localstack,2025-02-27,1,1,dev_x@example.com,0,0.0,0,0.0,0
localstack,2025-02-28,1,0,dev_x@example.com,0,0.0,0,0.0,0
localstack,2025-03-01,1,0,dev_x@example.com,0,0.0,0,0.0,0
localstack,2025-03-02,1,1,dev_x@example.com,0,0.0,0,0.0,0
localstack,2025-03-03,1,0,dev_x@example.com,0,0.0,0,0.0,0
localstack,2025-03-04,1,0,dev_x@example.com,0,0.0,0,0.0,0
localstack,2025-03-05,1,1,dev_x@example.com,0,0.0,0,0.0,0
localstack,2025-03-06,1,0,dev_x@example.com,0,0.0,0,0.0,0
localstack,2025-03-07,1,0,dev_x@example.com,0,0.0,0,0.0,0
localstack,2025-03-08,1,1,dev_x@example.com,0,0.0,0,0.0,0
localstack,2025-03-09,1,0,dev_x@example.com,0,0.0,0,0.0,0
localstack,2025-03-10,1,0,dev_x@example.com,0,0.0,0,0.0,0
localstack,2025-03-11,1,1,dev_x@example.com,0,0.0,0,0.0,0
localstack,2025-03-12,1,0,dev_x@example.com,0,0.0,0,0.0,0
localstack,2025-03-13,1,0,dev_x@example.com,0,0.0,0,0.0,0
localstack,2025-03-14,1,1,dev_x@example.com,0,0.0,0,0.0,0
localstack,2025-03-15,1,0,dev_x@example.com,0,0.0,0,0.0,0
localstack,2025-03-16,1,0,dev_x@example.com,0,0.0,0,0.0,0
localstack,2025-03-17,1,1,dev_x@example.com,0,0.0,0,0.0,0
localstack,2025-03-18,1,0,dev_x@example.com,0,0.0,0,0.0,0
localstack,2025-03-19,1,0,dev_x@example.com,0,0.0,0,0.0,0
localstack,2025-03-20,1,1,dev_x@example.com,0,0.0,0,0.0,0
localstack,2025-03-21,1,0,dev_x@example.com,0,0.0,0,0.0,0
localstack,2025-03-22,1,0,dev_x@example.com,0,0.0,0,0.0,0
localstack,2025-03-23,1,1,dev_x@example.com,0,0.0,0,0.0,0
localstack,2025-03-24,1,0,dev_x@example.com,0,0.0,0,0.0,0
localstack,2025-03-25,1,0,dev_x@example.com,0,0.0,0,0.0,0
localstack,2025-03-26,1,1,dev_x@example.com,0,0.0,0,0.0,0
localstack,2025-03-27,1,0,dev_x@example.com,0,0.0,0,0.0,0
localstack,2025-03-28,1,0,dev_x@example.com,0,0.0,0,0.0,0
localstack,2025-03-29,1,1,dev_x@example.com,0,0.0,0,0.0,0
localstack,2025-03-30,1,0,dev_x@example.com,0,0.0,0,0.0,0
localstack,2025-03-31,1,0,dev_x@example.com,0,0.0,0,0.0,0
localstack,2025-04-01,1,1,dev_x@example.com,0,0.0,0,0.0,0
localstack,2025-04-02,1,0,dev_x@example.com,0,0.0,0,0.0,0
localstack,2025-04-03,1,0,dev_x@example.com,0,0.0,0,0.0,0
localstack,2025-04-04,1,1,dev_x@example.com,0,0.0,0,0.0,0
localstack,2025-04-05,1,0,dev_x@example.com,0,0.0,0,0.0,0
localstack,2025-04-06,1,0,dev_x@example.com,0,0.0,0,0.0,0
localstack,2025-04-07,1,1,dev_x@example.com,0,0.0,0,0.0,0
localstack,2025-04-08,1,0,dev_x@example.com,0,0.0,0,0.0,0
localstack,2025-04-09,1,0,dev_x@example.com,0,0.0,0,0.0,0
localstack,2025-04-10,1,1,dev_x@example.com,0,0.0,0,0.0,0
localstack,2025-04-11,1,0,dev_x@example.com,0,0.0,0,0.0,0
localstack,2025-04-12,1,0,dev_x@example.com,0,0.0,0,0.0,0
localstack,2025-04-13,1,1,dev_x@example.com,0,0.0,0,0.0,0
localstack,2025-04-14,1,0,dev_x@example.com,0,0.0,0,0.0,0
localstack,2025-04-15,1,0,dev_x@example.com,0,0.0,0,0.0,0
localstack,2025-04-16,1,1,dev_x@example.com,0,0.0,0,0.0,0
localstack,2025-04-17,1,0,dev_x@example.com,0,0.0,0,0.0,0
localstack,2025-04-18,1,0,dev_x@example.com,0,0.0,0,0.0,0
localstack,2025-04-19,1,1,dev_x@example.com,0,0.0,0,0.0,0
localstack,2025-04-20,1,0,dev_x@example.com,0,0.0,0,0.0,0
localstack,2025-04-21,1,0,dev_x@example.com,0,0.0,0,0.0,0
localstack,2025-04-22,1,1,dev_x@example.com,0,0.0,0,0.0,0
localstack,2025-04-23,1,0,dev_x@example.com,0,0.0,0,0.0,0
localstack,2025-04-24,1,0,dev_x@example.com,0,0.0,0,0.0,0
localstack,2025-04-25,1,1,dev_x@example.com,0,0.0,0,0.0,0
localstack,2025-04-26,1,0,dev_x@example.com,0,0.0,0,0.0,0
localstack,2025-04-27,1,0,dev_x@example.com,0,0.0,0,0.0,0
localstack,2025-04-28,1,1,dev_x@example.com,0,0.0,0,0.0,0
localstack,2025-04-29,1,0,dev_x@example.com,0,0.0,0,0.0,0
localstack,2025-04-30,1,0,dev_x@example.com,0,0.0,0,0.0,0
localstack,2025-05-01,1,1,dev_x@example.com,0,0.0,0,0.0,0
localstack,2025-05-02,1,0,dev_x@example.com,0,0.0,0,0.0,0
localstack,2025-05-03,1,0,dev_x@example.com,0,0.0,0,0.0,0
localstack,2025-05-04,1,1,dev_x@example.com,0,0.0,0,0.0,0
localstack,2025-05-05,1,0,dev_x@example.com,0,0.0,0,0.0,0
localstack,2025-05-06,1,0,dev_x@example.com,0,0.0,0,0.0,0
localstack,2025-05-07,1,1,dev_x@example.com,0,0.0,0,0.0,0
localstack,2025-05-08,1,0,dev_x@example.com,0,0.0,0,0.0,0
localstack,2025-05-09,1,0,dev_x@example.com,0,0.0,0,0.0,0
localstack,2025-05-10,1,1,dev_x@example.com,0,0.0,0,0.0,0
localstack,2025-05-11,1,0,dev_x@example.com,0,0.0,0,0.0,0
localstack,2025-05-12,1,0,dev_x@example.com,0,0.0,0,0.0,0
localstack,2025-05-13,1,1,dev_x@example.com,0,0.0,0,0.0,0
localstack,2025-05-14,1,0,dev_x@example.com,0,0.0,0,0.0,0
localstack,2025-05-15,1,0,dev_x@example.com,0,0.0,0,0.0,0
localstack,2025-05-16,1,1,dev_x@example.com,0,0.0,0,0.0,0
localstack,2025-05-17,1,0,dev_x@example.com,0,0.0,0,0.0,0
localstack,2025-05-18,1,0,dev_x@example.com,0,0.0,0,0.0,0
localstack,2025-05-19,1,1,dev_x@example.com,0,0.0,0,0.0,0
localstack,2025-05-20,1,0,dev_x@example.com,0,0.0,0,0.0,0
localstack,2025-05-21,1,0,dev_x@example.com,0,0.0,0,0.0,0
localstack,2025-05-22,1,1,dev_x@example.com,0,0.0,0,0.0,0
localstack,2025-05-23,1,0,dev_x@example.com,0,0.0,0,0.0,0
localstack,2025-05-24,1,0,dev_x@example.com,0,0.0,0,0.0,0
localstack,2025-05-25,1,1,dev_x@example.com,0,0.0,0,0.0,0
localstack,2025-05-26,1,0,dev_x@example.com,0,0.0,0,0.0,0
localstack,2025-05-27,1,0,dev_x@example.com,0,0.0,0,0.0,0
localstack,2025-05-28,1,1,dev_x@example.com,0,0.0,0,0.0,0
localstack,2025-05-29,1,0,dev_x@example.com,0,0.0,0,0.0,0
localstack,2025-05-30,1,0,dev_x@example.com,0,0.0,0,0.0,0
localstack,2025-05-31,1,1,dev_x@example.com,0,0.0,0,0.0,0
localstack,2025-06-01,1,0,dev_x@example.com,0,0.0,0,0.0,0
localstack,2025-06-02,1,0,dev_x@example.com,0,0.0,0,0.0,0
localstack,2025-06-03,1,1,dev_x@example.com,0,0.0,0,0.0,0
localstack,2025-06-04,1,0,dev_x@example.com,0,0.0,0,0.0,0
localstack,2025-06-05,1,0,dev_x@example.com,0,0.0,0,0.0,0
localstack,2025-06-06,1,1,dev_x@example.com,0,0.0,0,0.0,0
localstack,2025-06-07,1,0,dev_x@example.com,0,0.0,0,0.0,0
localstack,2025-06-08,1,0,dev_x@example.com,0,0.0,0,0.0,0
localstack,2025-06-09,1,1,dev_x@example.com,0,0.0,0,0.0,0
localstack,2025-06-10,1,0,dev_x@example.com,0,0.0,0,0.0,0
localstack,2025-06-11,1,0,dev_x@example.com,0,0.0,0,0.0,0
localstack,2025-06-12,1,1,dev_x@example.com,0,0.0,0,0.0,0
localstack,2025-06-13,1,0,dev_x@example.com,0,0.0,0,0.0,0
localstack,2025-06-14,1,0,dev_x@example.com,0,0.0,0,0.0,0
localstack,2025-06-15,1,1,dev_x@example.com,0,0.0,0,0.0,0
localstack,2025-06-16,1,0,dev_x@example.com,0,0.0,0,0.0,0
localstack,2025-06-17,1,0,dev_x@example.com,0,0.0,0,0.0,0
localstack,2025-06-18,1,1,dev_x@example.com,0,0.0,0,0.0,0
localstack,2025-06-19,1,0,dev_x@example.com,0,0.0,0,0.0,0
localstack,2025-06-20,1,0,dev_x@example.com,0,0.0,0,0.0,0
localstack,2025-06-21,1,1,dev_x@example.com,0,0.0,0,0.0,0
localstack,2025-06-22,1,0,dev_x@example.com,0,0.0,0,0.0,0
localstack,2025-06-23,1,0,dev_x@example.com,0,0.0,0,0.0,0
localstack,2025-06-24,1,1,dev_x@example.com,0,0.0,0,0.0,0
localstack,2025-06-25,1,0,dev_x@example.com,0,0.0,0,0.0,0
localstack,2025-06-26,1,0,dev_x@example.com,0,0.0,0,0.0,0
localstack,2025-06-27,1,1,dev_x@example.com,0,0.0,0,0.0,0
localstack,2025-06-28,1,0,dev_x@example.com,0,0.0,0,0.0,0
localstack,2025-06-29,1,0,dev_x@example.com,0,0.0,0,0.0,0
localstack,2025-06-30,1,1,dev_x@example.com,0,0.0,0,0.0,0
localstack,2025-07-01,1,0,dev_x@example.com,0,0.0,0,0.0,0
localstack,2025-07-02,1,0,dev_x@example.com,0,0.0,0,0.0,0
localstack,2025-07-03,1,1,dev_x@example.com,0,0.0,0,0.0,0
localstack,2025-07-04,1,0,dev_x@example.com,0,0.0,0,0.0,0
localstack,2025-07-05,1,0,dev_x@example.com,0,0.0,0,0.0,0
localstack,2025-07-06,1,1,dev_x@example.com,0,0.0,0,0.0,0
localstack,2025-07-07,1,0,dev_x@example.com,0,0.0,0,0.0,0
localstack,2025-07-08,1,0,dev_x@example.com,0,0.0,0,0.0,0
localstack,2025-07-09,1,1,dev_x@example.com,0,0.0,0,0.0,0
localstack,2025-07-10,1,0,dev_x@example.com,0,0.0,0,0.0,0
localstack,2025-07-11,1,0,dev_x@example.com,0,0.0,0,0.0,0
localstack,2025-07-12,1,1,dev_x@example.com,0,0.0,0,0.0,0
localstack,2025-07-13,1,0,dev_x@example.com,0,0.0,0,0.0,0
localstack,2025-07-14,1,0,dev_x@example.com,0,0.0,0,0.0,0
localstack,2025-07-15,1,1,dev_x@example.com,0,0.0,0,0.0,0
localstack,2025-07-16,1,0,dev_x@example.com,0,0.0,0,0.0,0
localstack,2025-07-17,1,0,dev_x@example.com,0,0.0,0,0.0,0
localstack,2025-07-18,1,1,dev_x@example.com,0,0.0,0,0.0,0
localstack,2025-07-19,1,0,dev_x@example.com,0,0.0,0,0.0,0
prisma,2025-01-01,1,1,dev_x@example.com,17,51.0,17,-17.0,17
prisma,2025-01-02,1,0,dev_x@example.com,25,75.0,25,-25.0,25
prisma,2025-01-03,1,0,dev_x@example.com,25,75.0,25,-25.0,25
prisma,2025-01-04,1,1,dev_x@example.com,17,51.0,17,-17.0,17
prisma,2025-01-05,1,0,dev_x@example.com,25,75.0,25,-25.0,25
prisma,2025-01-06,1,0,dev_x@example.com,25,75.0,25,-25.0,25
prisma,2025-01-07,1,1,dev_x@example.com,9,27.0,9,-9.0,9
prisma,2025-01-08,1,0,dev_x@example.com,25,75.0,25,-25.0,25
prisma,2025-01-09,1,0,dev_x@example.com,16,48.0,16,-16.0,16
prisma,2025-01-10,1,1,dev_x@example.com,9,27.0,9,-9.0,9
prisma,2025-01-11,1,0,dev_x@example.com,16,48.0,16,-16.0,16
prisma,2025-01-12,1,0,dev_x@example.com,16,48.0,16,-16.0,16
prisma,2025-01-13,1,1,dev_x@example.com,9,27.0,9,-9.0,9
prisma,2025-01-14,1,0,dev_x@example.com,8,24.0,8,-8.0,8
prisma,2025-01-15,1,0,dev_x@example.com,8,24.0,8,-8.0,8
prisma,2025-01-16,1,1,dev_x@example.com,0,0.0,0,0.0,0
prisma,2025-01-17,1,0,dev_x@example.com,0,0.0,0,0.0,0
prisma,2025-01-18,1,0,dev_x@example.com,0,0.0,0,0.0,0
prisma,2025-01-19,1,1,dev_x@example.com,0,0.0,0,0.0,0
prisma,2025-01-20,1,0,dev_x@example.com,0,0.0,0,0.0,0
prisma,2025-01-21,1,0,dev_x@example.com,0,0.0,0,0.0,0
prisma,2025-01-22,1,1,dev_x@example.com,0,0.0,0,0.0,0
prisma,2025-01-23,1,0,dev_x@example.com,0,0.0,0,0.0,0
prisma,2025-01-24,1,0,dev_x@example.com,0,0.0,0,0.0,0
prisma,2025-01-25,1,1,dev_x@example.com,0,0.0,0,0.0,0
prisma,2025-01-26,1,0,dev_x@example.com,0,0.0,0,0.0,0
prisma,2025-01-27,1,0,dev_x@example.com,0,0.0,0,0.0,0
prisma,2025-01-28,1,1,dev_x@example.com,0,0.0,0,0.0,0
prisma,2025-01-29,1,0,dev_x@example.com,0,0.0,0,0.0,0
prisma,2025-01-30,1,0,dev_x@example.com,0,0.0,0,0.0,0
prisma,2025-01-31,1,1,dev_x@example.com,0,0.0,0,0.0,0
prisma,2025-02-01,1,0,dev_x@example.com,0,0.0,0,0.0,0
prisma,2025-02-02,1,0,dev_x@example.com,0,0.0,0,0.0,0
prisma,2025-02-03,1,1,dev_x@example.com,0,0.0,0,0.0,0
prisma,2025-02-04,1,0,dev_x@example.com,0,0.0,0,0.0,0
prisma,2025-02-05,1,0,dev_x@example.com,0,0.0,0,0.0,0
prisma,2025-02-06,1,1,dev_x@example.com,0,0.0,0,0.0,0
prisma,2025-02-07,1,0,dev_x@example.com,0,0.0,0,0.0,0
prisma,2025-02-08,1,0,dev_x@example.com,0,0.0,0,0.0,0
prisma,2025-02-09,1,1,dev_x@example.com,0,0.0,0,0.0,0
prisma,2025-02-10,1,0,dev_x@example.com,0,0.0,0,0.0,0
prisma,2025-02-11,1,0,dev_x@example.com,0,0.0,0,0.0,0
prisma,2025-02-12,1,1,dev_x@example.com,0,0.0,0,0.0,0
prisma,2025-02-13,1,0,dev_x@example.com,0,0.0,0,0.0,0
prisma,2025-02-14,1,0,dev_x@example.com,0,0.0,0,0.0,0
prisma,2025-02-15,1,1,dev_x@example.com,0,0.0,0,0.0,0
prisma,2025-02-16,1,0,dev_x@example.com,0,0.0,0,0.0,0
prisma,2025-02-17,1,0,dev_x@example.com,0,0.0,0,0.0,0
prisma,2025-02-18,1,1,dev_x@example.com,0,0.0,0,0.0,0
prisma,2025-02-19,1,0,dev_x@example.com,0,0.0,0,0.0,0
prisma,2025-02-20,1,0,dev_x@example.com,0,0.0,0,0.0,0
prisma,2025-02-21,1,1,dev_x@example.com,0,0.0,0,0.0,0
prisma,2025-02-22,1,0,dev_x@example.com,0,0.0,0,0.0,0
prisma,2025-02-23,1,0,dev_x@example.com,0,0.0,0,0.0,0
prisma,2025-02-24,1,1,dev_x@example.com,0,0.0,0,0.0,0
prisma,2025-02-25,1,0,dev_x@example.com,0,0.0,0,0.0,0
prisma,2025-02-26,1,0,dev_x@example.com,0,0.0,0,0.0,0
prisma,2025-02-27,1,1,dev_x@example.com,0,0.0,0,0.0,0
prisma,2025-02-28,1,0,dev_x@example.com,0,0.0,0,0.0,0
prisma,2025-03-01,1,0,dev_x@example.com,0,0.0,0,0.0,0
prisma,2025-03-02,1,1,dev_x@example.com,0,0.0,0,0.0,0
prisma,2025-03-03,1,0,dev_x@example.com,0,0.0,0,0.0,0
prisma,2025-03-04,1,0,dev_x@example.com,0,0.0,0,0.0,0
prisma,2025-03-05,1,1,dev_x@example.com,0,0.0,0,0.0,0
prisma,2025-03-06,1,0,dev_x@example.com,0,0.0,0,0.0,0
prisma,2025-03-07,1,0,dev_x@example.com,0,0.0,0,0.0,0
prisma,2025-03-08,1,1,dev_x@example.com,0,0.0,0,0.0,0
prisma,2025-03-09,1,0,dev_x@example.com,0,0.0,0,0.0,0
prisma,2025-03-10,1,0,dev_x@example.com,0,0.0,0,0.0,0
prisma,2025-03-11,1,1,dev_x@example.com,0,0.0,0,0.0,0
prisma,2025-03-12,1,0,dev_x@example.com,0,0.0,0,0.0,0
prisma,2025-03-13,1,0,dev_x@example.com,0,0.0,0,0.0,0
prisma,2025-03-14,1,1,dev_x@example.com,0,0.0,0,0.0,0
prisma,2025-03-15,1,0,dev_x@example.com,0,0.0,0,0.0,0
prisma,2025-03-16,1,0,dev_x@example.com,0,0.0,0,0.0,0
prisma,2025-03-17,1,1,dev_x@example.com,0,0.0,0,0.0,0
prisma,2025-03-18,1,0,dev_x@example.com,0,0.0,0,0.0,0
prisma,2025-03-19,1,0,dev_x@example.com,0,0.0,0,0.0,0
prisma,2025-03-20,1,1,dev_x@example.com,0,0.0,0,0.0,0
prisma,2025-03-21,1,0,dev_x@example.com,0,0.0,0,0.0,0
prisma,2025-03-22,1,0,dev_x@example.com,0,0.0,0,0.0,0
prisma,2025-03-23,1,1,dev_x@example.com,0,0.0,0,0.0,0
prisma,2025-03-24,1,0,dev_x@example.com,0,0.0,0,0.0,0
prisma,2025-03-25,1,0,dev_x@example.com,0,0.0,0,0.0,0
prisma,2025-03-26,1,1,dev_x@example.com,0,0.0,0,0.0,0
prisma,2025-03-27,1,0,dev_x@example.com,0,0.0,0,0.0,0
prisma,2025-03-28,1,0,dev_x@example.com,0,0.0,0,0.0,0
prisma,2025-03-29,1,1,dev_x@example.com,0,0.0,0,0.0,0
prisma,2025-03-30,1,0,dev_x@example.com,0,0.0,0,0.0,0
prisma,2025-03-31,1,0,dev_x@example.com,0,0.0,0,0.0,0
prisma,2025-04-01,1,1,dev_x@example.com,0,0.0,0,0.0,0
prisma,2025-04-02,1,0,dev_x@example.com,0,0.0,0,0.0,0
prisma,2025-04-03,1,0,dev_x@example.com,0,0.0,0,0.0,0
prisma,2025-04-04,1,1,dev_x@example.com,0,0.0,0,0.0,0
prisma,2025-04-05,1,0,dev_x@example.com,0,0.0,0,0.0,0
prisma,2025-04-06,1,0,dev_x@example.com,0,0.0,0,0.0,0
prisma,2025-04-07,1,1,dev_x@example.com,0,0.0,0,0.0,0
prisma,2025-04-08,1,0,dev_x@example.com,0,0.0,0,0.0,0
prisma,2025-04-09,1,0,dev_x@example.com,0,0.0,0,0.0,0
prisma,2025-04-10,1,1,dev_x@example.com,0,0.0,0,0.0,0
prisma,2025-04-11,1,0,dev_x@example.com,0,0.0,0,0.0,0
prisma,2025-04-12,1,0,dev_x@example.com,0,0.0,0,0.0,0
prisma,2025-04-13,1,1,dev_x@example.com,0,0.0,0,0.0,0
prisma,2025-04-14,1,0,dev_x@example.com,0,0.0,0,0.0,0
prisma,2025-04-15,1,0,dev_x@example.com,0,0.0,0,0.0,0
prisma,2025-04-16,1,1,dev_x@example.com,0,0.0,0,0.0,0
prisma,2025-04-17,1,0,dev_x@example.com,0,0.0,0,0.0,0
prisma,2025-04-18,1,0,dev_x@example.com,0,0.0,0,0.0,0
prisma,2025-04-19,1,1,dev_x@example.com,0,0.0,0,0.0,0
prisma,2025-04-20,1,0,dev_x@example.com,0,0.0,0,0.0,0
prisma,2025-04-21,1,0,dev_x@example.com,0,0.0,0,0.0,0
prisma,2025-04-22,1,1,dev_x@example.com,0,0.0,0,0.0,0
prisma,2025-04-23,1,0,dev_x@example.com,0,0.0,0,0.0,0
prisma,2025-04-24,1,0,dev_x@example.com,0,0.0,0,0.0,0
prisma,2025-04-25,1,1,dev_x@example.com,0,0.0,0,0.0,0
prisma,2025-04-26,1,0,dev_x@example.com,0,0.0,0,0.0,0
prisma,2025-04-27,1,0,dev_x@example.com,0,0.0,0,0.0,0
prisma,2025-04-28,1,1,dev_x@example.com,0,0.0,0,0.0,0
prisma,2025-04-29,1,0,dev_x@example.com,0,0.0,0,0.0,0
prisma,2025-04-30,1,0,dev_x@example.com,0,0.0,0,0.0,0
prisma,2025-05-01,1,1,dev_x@example.com,0,0.0,0,0.0,0
prisma,2025-05-02,1,0,dev_x@example.com,0,0.0,0,0.0,0
prisma,2025-05-03,1,0,dev_x@example.com,0,0.0,0,0.0,0
prisma,2025-05-04,1,1,dev_x@example.com,0,0.0,0,0.0,0
prisma,2025-05-05,1,0,dev_x@example.com,0,0.0,0,0.0,0
prisma,2025-05-06,1,0,dev_x@example.com,0,0.0,0,0.0,0
prisma,2025-05-07,1,1,dev_x@example.com,0,0.0,0,0.0,0
prisma,2025-05-08,1,0,dev_x@example.com,0,0.0,0,0.0,0
prisma,2025-05-09,1,0,dev_x@example.com,0,0.0,0,0.0,0
prisma,2025-05-10,1,1,dev_x@example.com,0,0.0,0,0.0,0
prisma,2025-05-11,1,0,dev_x@example.com,0,0.0,0,0.0,0
prisma,2025-05-12,1,0,dev_x@example.com,0,0.0,0,0.0,0
prisma,2025-05-13,1,1,dev_x@example.com,0,0.0,0,0.0,0
prisma,2025-05-14,1,0,dev_x@example.com,0,0.0,0,0.0,0
prisma,2025-05-15,1,0,dev_x@example.com,0,0.0,0,0.0,0
prisma,2025-05-16,1,1,dev_x@example.com,0,0.0,0,0.0,0
prisma,2025-05-17,1,0,dev_x@example.com,0,0.0,0,0.0,0
prisma,2025-05-18,1,0,dev_x@example.com,0,0.0,0,0.0,0
prisma,2025-05-19,1,1,dev_x@example.com,0,0.0,0,0.0,0
prisma,2025-05-20,1,0,dev_x@example.com,0,0.0,0,0.0,0
prisma,2025-05-21,1,0,dev_x@example.com,0,0.0,0,0.0,0
prisma,2025-05-22,1,1,dev_x@example.com,0,0.0,0,0.0,0
prisma,2025-05-23,1,0,dev_x@example.com,0,0.0,0,0.0,0
prisma,2025-05-24,1,0,dev_x@example.com,0,0.0,0,0.0,0
prisma,2025-05-25,1,1,dev_x@example.com,0,0.0,0,0.0,0
prisma,2025-05-26,1,0,dev_x@example.com,0,0.0,0,0.0,0
prisma,2025-05-27,1,0,dev_x@example.com,0,0.0,0,0.0,0
prisma,2025-05-28,1,1,dev_x@example.com,0,0.0,0,0.0,0
prisma,2025-05-29,1,0,dev_x@example.com,0,0.0,0,0.0,0
prisma,2025-05-30,1,0,dev_x@example.com,0,0.0,0,0.0,0
prisma,2025-05-31,1,1,dev_x@example.com,0,0.0,0,0.0,0
prisma,2025-06-01,1,0,dev_x@example.com,0,0.0,0,0.0,0
prisma,2025-06-02,1,0,dev_x@example.com,0,0.0,0,0.0,0
prisma,2025-06-03,1,1,dev_x@example.com,0,0.0,0,0.0,0
prisma,2025-06-04,1,0,dev_x@example.com,0,0.0,0,0.0,0
prisma,2025-06-05,1,0,dev_x@example.com,0,0.0,0,0.0,0
prisma,2025-06-06,1,1,dev_x@example.com,0,0.0,0,0.0,0
prisma,2025-06-07,1,0,dev_x@example.com,0,0.0,0,0.0,0
prisma,2025-06-08,1,0,dev_x@example.com,0,0.0,0,0.0,0
prisma,2025-06-09,1,1,dev_x@example.com,0,0.0,0,0.0,0
prisma,2025-06-10,1,0,dev_x@example.com,0,0.0,0,0.0,0
prisma,2025-06-11,1,0,dev_x@example.com,0,0.0,0,0.0,0
prisma,2025-06-12,1,1,dev_x@example.com,0,0.0,0,0.0,0
prisma,2025-06-13,1,0,dev_x@example.com,0,0.0,0,0.0,0
prisma,2025-06-14,1,0,dev_x@example.com,0,0.0,0,0.0,0
prisma,2025-06-15,1,1,dev_x@example.com,0,0.0,0,0.0,0
prisma,2025-06-16,1,0,dev_x@example.com,0,0.0,0,0.0,0
prisma,2025-06-17,1,0,dev_x@example.com,0,0.0,0,0.0,0
prisma,2025-06-18,1,1,dev_x@example.com,0,0.0,0,0.0,0
prisma,2025-06-19,1,0,dev_x@example.com,0,0.0,0,0.0,0
prisma,2025-06-20,1,0,dev_x@example.com,0,0.0,0,0.0,0
prisma,2025-06-21,1,1,dev_x@example.com,0,0.0,0,0.0,0
prisma,2025-06-22,1,0,dev_x@example.com,0,0.0,0,0.0,0
prisma,2025-06-23,1,0,dev_x@example.com,0,0.0,0,0.0,0
prisma,2025-06-24,1,1,dev_x@example.com,0,0.0,0,0.0,0
prisma,2025-06-25,1,0,dev_x@example.com,0,0.0,0,0.0,0
prisma,2025-06-26,1,0,dev_x@example.com,0,0.0,0,0.0,0
prisma,2025-06-27,1,1,dev_x@example.com,0,0.0,0,0.0,0
prisma,2025-06-28,1,0,dev_x@example.com,0,0.0,0,0.0,0
prisma,2025-06-29,1,0,dev_x@example.com,0,0.0,0,0.0,0
prisma,2025-06-30,1,1,dev_x@example.com,0,0.0,0,0.0,0
prisma,2025-07-01,1,0,dev_x@example.com,0,0.0,0,0.0,0
prisma,2025-07-02,1,0,dev_x@example.com,0,0.0,0,0.0,0
prisma,2025-07-03,1,1,dev_x@example.com,0,0.0,0,0.0,0
prisma,2025-07-04,1,0,dev_x@example.com,0,0.0,0,0.0,0
prisma,2025-07-05,1,0,dev_x@example.com,0,0.0,0,0.0,0
prisma,2025-07-06,1,1,dev_x@example.com,0,0.0,0,0.0,0
prisma,2025-07-07,1,0,dev_x@example.com,0,0.0,0,0.0,0
prisma,2025-07-08,1,0,dev_x@example.com,0,0.0,0,0.0,0
prisma,2025-07-09,1,1,dev_x@example.com,0,0.0,0,0.0,0
prisma,2025-07-10,1,0,dev_x@example.com,0,0.0,0,0.0,0
prisma,2025-07-11,1,0,dev_x@example.com,0,0.0,0,0.0,0
prisma,2025-07-12,1,1,dev_x@example.com,0,0.0,0,0.0,0
prisma,2025-07-13,1,0,dev_x@example.com,0,0.0,0,0.0,0
prisma,2025-07-14,1,0,dev_x@example.com,0,0.0,0,0.0,0
prisma,2025-07-15,1,1,dev_x@example.com,0,0.0,0,0.0,0
prisma,2025-07-16,1,0,dev_x@example.com,0,0.0,0,0.0,0
prisma,2025-07-17,1,0,dev_x@example.com,0,0.0,0,0.0,0
prisma,2025-07-18,1,1,dev_x@example.com,0,0.0,0,0.0,0
prisma,2025-07-19,1,0,dev_x@example.com,0,0.0,0,0.0,0
pytorch,2025-01-01,1,1,dev_x@example.com,17,51.0,17,1445.0,17
pytorch,2025-01-02,1,0,dev_x@example.com,25,75.0,25,2125.0,25
pytorch,2025-01-03,1,0,dev_x@example.com,25,75.0,25,2125.0,25
pytorch,2025-01-04,1,1,dev_x@example.com,17,51.0,17,1445.0,17
pytorch,2025-01-05,1,0,dev_x@example.com,25,75.0,25,2125.0,25
pytorch,2025-01-06,1,0,dev_x@example.com,25,75.0,25,2125.0,25
pytorch,2025-01-07,1,1,dev_x@example.com,9,27.0,9,765.0,9
pytorch,2025-01-08,1,0,dev_x@example.com,25,75.0,25,2125.0,25
pytorch,2025-01-09,1,0,dev_x@example.com,16,48.0,16,1360.0,16
pytorch,2025-01-10,1,1,dev_x@example.com,9,27.0,9,765.0,9
pytorch,2025-01-11,1,0,dev_x@example.com,16,48.0,16,1360.0,16
pytorch,2025-01-12,1,0,dev_x@example.com,16,48.0,16,1360.0,16
pytorch,2025-01-13,1,1,dev_x@example.com,9,27.0,9,765.0,9
pytorch,2025-01-14,1,0,dev_x@example.com,8,24.0,8,680.0,8
pytorch,2025-01-15,1,0,dev_x@example.com,8,24.0,8,680.0,8
pytorch,2025-01-16,1,1,dev_x@example.com,0,0.0,0,0.0,0
pytorch,2025-01-17,1,0,dev_x@example.com,0,0.0,0,0.0,0
pytorch,2025-01-18,1,0,dev_x@example.com,0,0.0,0,0.0,0
pytorch,2025-01-19,1,1,dev_x@example.com,0,0.0,0,0.0,0
pytorch,2025-01-20,1,0,dev_x@example.com,0,0.0,0,0.0,0
pytorch,2025-01-21,1,0,dev_x@example.com,0,0.0,0,0.0,0
pytorch,2025-01-22,1,1,dev_x@example.com,0,0.0,0,0.0,0
pytorch,2025-01-23,1,0,dev_x@example.com,0,0.0,0,0.0,0
pytorch,2025-01-24,1,0,dev_x@example.com,0,0.0,0,0.0,0
pytorch,2025-01-25,1,1,dev_x@example.com,0,0.0,0,0.0,0
pytorch,2025-01-26,1,0,dev_x@example.com,0,0.0,0,0.0,0
pytorch,2025-01-27,1,0,dev_x@example.com,0,0.0,0,0.0,0
pytorch,2025-01-28,1,1,dev_x@example.com,0,0.0,0,0.0,0
pytorch,2025-01-29,1,0,dev_x@example.com,0,0.0,0,0.0,0
pytorch,2025-01-30,1,0,dev_x@example.com,0,0.0,0,0.0,0
pytorch,2025-01-31,1,1,dev_x@example.com,0,0.0,0,0.0,0
pytorch,2025-02-01,1,0,dev_x@example.com,0,0.0,0,0.0,0
pytorch,2025-02-02,1,0,dev_x@example.com,0,0.0,0,0.0,0
pytorch,2025-02-03,1,1,dev_x@example.com,0,0.0,0,0.0,0
pytorch,2025-02-04,1,0,dev_x@example.com,0,0.0,0,0.0,0
pytorch,2025-02-05,1,0,dev_x@example.com,0,0.0,0,0.0,0
pytorch,2025-02-06,1,1,dev_x@example.com,0,0.0,0,0.0,0
pytorch,2025-02-07,1,0,dev_x@example.com,0,0.0,0,0.0,0
pytorch,2025-02-08,1,0,dev_x@example.com,0,0.0,0,0.0,0
pytorch,2025-02-09,1,1,dev_x@example.com,0,0.0,0,0.0,0
pytorch,2025-02-10,1,0,dev_x@example.com,0,0.0,0,0.0,0
pytorch,2025-02-11,1,0,dev_x@example.com,0,0.0,0,0.0,0
pytorch,2025-02-12,1,1,dev_x@example.com,0,0.0,0,0.0,0
pytorch,2025-02-13,1,0,dev_x@example.com,0,0.0,0,0.0,0
pytorch,2025-02-14,1,0,dev_x@example.com,0,0.0,0,0.0,0
pytorch,2025-02-15,1,1,dev_x@example.com,0,0.0,0,0.0,0
pytorch,2025-02-16,1,0,dev_x@example.com,0,0.0,0,0.0,0
pytorch,2025-02-17,1,0,dev_x@example.com,0,0.0,0,0.0,0
pytorch,2025-02-18,1,1,dev_x@example.com,0,0.0,0,0.0,0
pytorch,2025-02-19,1,0,dev_x@example.com,0,0.0,0,0.0,0
pytorch,2025-02-20,1,0,dev_x@example.com,0,0.0,0,0.0,0
pytorch,2025-02-21,1,1,dev_x@example.com,0,0.0,0,0.0,0
pytorch,2025-02-22,1,0,dev_x@example.com,0,0.0,0,0.0,0
pytorch,2025-02-23,1,0,dev_x@example.com,0,0.0,0,0.0,0
pytorch,2025-02-24,1,1,dev_x@example.com,0,0.0,0,0.0,0
pytorch,2025-02-25,1,0,dev_x@example.com,0,0.0,0,0.0,0
pytorch,2025-02-26,1,0,dev_x@example.com,0,0.0,0,0.0,0
pytorch,2025-02-27,1,1,dev_x@example.com,0,0.0,0,0.0,0
pytorch,2025-02-28,1,0,dev_x@example.com,0,0.0,0,0.0,0
pytorch,2025-03-01,1,0,dev_x@example.com,0,0.0,0,0.0,0
pytorch,2025-03-02,1,1,dev_x@example.com,0,0.0,0,0.0,0
pytorch,2025-03-03,1,0,dev_x@example.com,0,0.0,0,0.0,0
pytorch,2025-03-04,1,0,dev_x@example.com,0,0.0,0,0.0,0
pytorch,2025-03-05,1,1,dev_x@example.com,0,0.0,0,0.0,0
pytorch,2025-03-06,1,0,dev_x@example.com,0,0.0,0,0.0,0
pytorch,2025-03-07,1,0,dev_x@example.com,0,0.0,0,0.0,0
pytorch,2025-03-08,1,1,dev_x@example.com,0,0.0,0,0.0,0
pytorch,2025-03-09,1,0,dev_x@example.com,0,0.0,0,0.0,0
pytorch,2025-03-10,1,0,dev_x@example.com,0,0.0,0,0.0,0
pytorch,2025-03-11,1,1,dev_x@example.com,0,0.0,0,0.0,0
pytorch,2025-03-12,1,0,dev_x@example.com,0,0.0,0,0.0,0
pytorch,2025-03-13,1,0,dev_x@example.com,0,0.0,0,0.0,0
pytorch,2025-03-14,1,1,dev_x@example.com,0,0.0,0,0.0,0
pytorch,2025-03-15,1,0,dev_x@example.com,0,0.0,0,0.0,0
pytorch,2025-03-16,1,0,dev_x@example.com,0,0.0,0,0.0,0
pytorch,2025-03-17,1,1,dev_x@example.com,0,0.0,0,0.0,0
pytorch,2025-03-18,1,0,dev_x@example.com,0,0.0,0,0.0,0
pytorch,2025-03-19,1,0,dev_x@example.com,0,0.0,0,0.0,0
pytorch,2025-03-20,1,1,dev_x@example.com,0,0.0,0,0.0,0
pytorch,2025-03-21,1,0,dev_x@example.com,0,0.0,0,0.0,0
pytorch,2025-03-22,1,0,dev_x@example.com,0,0.0,0,0.0,0
pytorch,2025-03-23,1,1,dev_x@example.com,0,0.0,0,0.0,0
pytorch,2025-03-24,1,0,dev_x@example.com,0,0.0,0,0.0,0
pytorch,2025-03-25,1,0,dev_x@example.com,0,0.0,0,0.0,0
pytorch,2025-03-26,1,1,dev_x@example.com,0,0.0,0,0.0,0
pytorch,2025-03-27,1,0,dev_x@example.com,0,0.0,0,0.0,0
pytorch,2025-03-28,1,0,dev_x@example.com,0,0.0,0,0.0,0
pytorch,2025-03-29,1,1,dev_x@example.com,0,0.0,0,0.0,0
pytorch,2025-03-30,1,0,dev_x@example.com,0,0.0,0,0.0,0
pytorch,2025-03-31,1,0,dev_x@example.com,0,0.0,0,0.0,0
pytorch,2025-04-01,1,1,dev_x@example.com,0,0.0,0,0.0,0
pytorch,2025-04-02,1,0,dev_x@example.com,0,0.0,0,0.0,0
pytorch,2025-04-03,1,0,dev_x@example.com,0,0.0,0,0.0,0
pytorch,2025-04-04,1,1,dev_x@example.com,0,0.0,0,0.0,0
pytorch,2025-04-05,1,0,dev_x@example.com,0,0.0,0,0.0,0
pytorch,2025-04-06,1,0,dev_x@example.com,0,0.0,0,0.0,0
pytorch,2025-04-07,1,1,dev_x@example.com,0,0.0,0,0.0,0
pytorch,2025-04-08,1,0,dev_x@example.com,0,0.0,0,0.0,0
pytorch,2025-04-09,1,0,dev_x@example.com,0,0.0,0,0.0,0
pytorch,2025-04-10,1,1,dev_x@example.com,0,0.0,0,0.0,0
pytorch,2025-04-11,1,0,dev_x@example.com,0,0.0,0,0.0,0
pytorch,2025-04-12,1,0,dev_x@example.com,0,0.0,0,0.0,0
pytorch,2025-04-13,1,1,dev_x@example.com,0,0.0,0,0.0,0
pytorch,2025-04-14,1,0,dev_x@example.com,0,0.0,0,0.0,0
pytorch,2025-04-15,1,0,dev_x@example.com,0,0.0,0,0.0,0
pytorch,2025-04-16,1,1,dev_x@example.com,0,0.0,0,0.0,0
pytorch,2025-04-17,1,0,dev_x@example.com,0,0.0,0,0.0,0
pytorch,2025-04-18,1,0,dev_x@example.com,0,0.0,0,0.0,0
pytorch,2025-04-19,1,1,dev_x@example.com,0,0.0,0,0.0,0
pytorch,2025-04-20,1,0,dev_x@example.com,0,0.0,0,0.0,0
pytorch,2025-04-21,1,0,dev_x@example.com,0,0.0,0,0.0,0
pytorch,2025-04-22,1,1,dev_x@example.com,0,0.0,0,0.0,0
pytorch,2025-04-23,1,0,dev_x@example.com,0,0.0,0,0.0,0
pytorch,2025-04-24,1,0,dev_x@example.com,0,0.0,0,0.0,0
pytorch,2025-04-25,1,1,dev_x@example.com,0,0.0,0,0.0,0
pytorch,2025-04-26,1,0,dev_x@example.com,0,0.0,0,0.0,0
pytorch,2025-04-27,1,0,dev_x@example.com,0,0.0,0,0.0,0
pytorch,2025-04-28,1,1,dev_x@example.com,0,0.0,0,0.0,0
pytorch,2025-04-29,1,0,dev_x@example.com,0,0.0,0,0.0,0
pytorch,2025-04-30,1,0,dev_x@example.com,0,0.0,0,0.0,0
pytorch,2025-05-01,1,1,dev_x@example.com,0,0.0,0,0.0,0
pytorch,2025-05-02,1,0,dev_x@example.com,0,0.0,0,0.0,0
pytorch,2025-05-03,1,0,dev_x@example.com,0,0.0,0,0.0,0
pytorch,2025-05-04,1,1,dev_x@example.com,0,0.0,0,0.0,0
pytorch,2025-05-05,1,0,dev_x@example.com,0,0.0,0,0.0,0
pytorch,2025-05-06,1,0,dev_x@example.com,0,0.0,0,0.0,0
pytorch,2025-05-07,1,1,dev_x@example.com,0,0.0,0,0.0,0
pytorch,2025-05-08,1,0,dev_x@example.com,0,0.0,0,0.0,0
pytorch,2025-05-09,1,0,dev_x@example.com,0,0.0,0,0.0,0
pytorch,2025-05-10,1,1,dev_x@example.com,0,0.0,0,0.0,0
pytorch,2025-05-11,1,0,dev_x@example.com,0,0.0,0,0.0,0
pytorch,2025-05-12,1,0,dev_x@example.com,0,0.0,0,0.0,0
pytorch,2025-05-13,1,1,dev_x@example.com,0,0.0,0,0.0,0
pytorch,2025-05-14,1,0,dev_x@example.com,0,0.0,0,0.0,0
pytorch,2025-05-15,1,0,dev_x@example.com,0,0.0,0,0.0,0
pytorch,2025-05-16,1,1,dev_x@example.com,0,0.0,0,0.0,0
pytorch,2025-05-17,1,0,dev_x@example.com,0,0.0,0,0.0,0
pytorch,2025-05-18,1,0,dev_x@example.com,0,0.0,0,0.0,0
pytorch,2025-05-19,1,1,dev_x@example.com,0,0.0,0,0.0,0
pytorch,2025-05-20,1,0,dev_x@example.com,0,0.0,0,0.0,0
pytorch,2025-05-21,1,0,dev_x@example.com,0,0.0,0,0.0,0
pytorch,2025-05-22,1,1,dev_x@example.com,0,0.0,0,0.0,0
pytorch,2025-05-23,1,0,dev_x@example.com,0,0.0,0,0.0,0
pytorch,2025-05-24,1,0,dev_x@example.com,0,0.0,0,0.0,0
pytorch,2025-05-25,1,1,dev_x@example.com,0,0.0,0,0.0,0
pytorch,2025-05-26,1,0,dev_x@example.com,0,0.0,0,0.0,0
pytorch,2025-05-27,1,0,dev_x@example.com,0,0.0,0,0.0,0
pytorch,2025-05-28,1,1,dev_x@example.com,0,0.0,0,0.0,0
pytorch,2025-05-29,1,0,dev_x@example.com,0,0.0,0,0.0,0
pytorch,2025-05-30,1,0,dev_x@example.com,0,0.0,0,0.0,0
pytorch,2025-05-31,1,1,dev_x@example.com,0,0.0,0,0.0,0
pytorch,2025-06-01,1,0,dev_x@example.com,0,0.0,0,0.0,0
pytorch,2025-06-02,1,0,dev_x@example.com,0,0.0,0,0.0,0
pytorch,2025-06-03,1,1,dev_x@example.com,0,0.0,0,0.0,0
pytorch,2025-06-04,1,0,dev_x@example.com,0,0.0,0,0.0,0
pytorch,2025-06-05,1,0,dev_x@example.com,0,0.0,0,0.0,0
pytorch,2025-06-06,1,1,dev_x@example.com,0,0.0,0,0.0,0
pytorch,2025-06-07,1,0,dev_x@example.com,0,0.0,0,0.0,0
pytorch,2025-06-08,1,0,dev_x@example.com,0,0.0,0,0.0,0
pytorch,2025-06-09,1,1,dev_x@example.com,0,0.0,0,0.0,0
pytorch,2025-06-10,1,0,dev_x@example.com,0,0.0,0,0.0,0
pytorch,2025-06-11,1,0,dev_x@example.com,0,0.0,0,0.0,0
pytorch,2025-06-12,1,1,dev_x@example.com,0,0.0,0,0.0,0
pytorch,2025-06-13,1,0,dev_x@example.com,0,0.0,0,0.0,0
pytorch,2025-06-14,1,0,dev_x@example.com,0,0.0,0,0.0,0
pytorch,2025-06-15,1,1,dev_x@example.com,0,0.0,0,0.0,0
pytorch,2025-06-16,1,0,dev_x@example.com,0,0.0,0,0.0,0
pytorch,2025-06-17,1,0,dev_x@example.com,0,0.0,0,0.0,0
pytorch,2025-06-18,1,1,dev_x@example.com,0,0.0,0,0.0,0
pytorch,2025-06-19,1,0,dev_x@example.com,0,0.0,0,0.0,0
pytorch,2025-06-20,1,0,dev_x@example.com,0,0.0,0,0.0,0
pytorch,2025-06-21,1,1,dev_x@example.com,0,0.0,0,0.0,0
pytorch,2025-06-22,1,0,dev_x@example.com,0,0.0,0,0.0,0
pytorch,2025-06-23,1,0,dev_x@example.com,0,0.0,0,0.0,0
pytorch,2025-06-24,1,1,dev_x@example.com,0,0.0,0,0.0,0
pytorch,2025-06-25,1,0,dev_x@example.com,0,0.0,0,0.0,0
pytorch,2025-06-26,1,0,dev_x@example.com,0,0.0,0,0.0,0
pytorch,2025-06-27,1,1,dev_x@example.com,0,0.0,0,0.0,0
pytorch,2025-06-28,1,0,dev_x@example.com,0,0.0,0,0.0,0
pytorch,2025-06-29,1,0,dev_x@example.com,0,0.0,0,0.0,0
pytorch,2025-06-30,1,1,dev_x@example.com,0,0.0,0,0.0,0
pytorch,2025-07-01,1,0,dev_x@example.com,0,0.0,0,0.0,0
pytorch,2025-07-02,1,0,dev_x@example.com,0,0.0,0,0.0,0
pytorch,2025-07-03,1,1,dev_x@example.com,0,0.0,0,0.0,0
pytorch,2025-07-04,1,0,dev_x@example.com,0,0.0,0,0.0,0
pytorch,2025-07-05,1,0,dev_x@example.com,0,0.0,0,0.0,0
pytorch,2025-07-06,1,1,dev_x@example.com,0,0.0,0,0.0,0
pytorch,2025-07-07,1,0,dev_x@example.com,0,0.0,0,0.0,0
pytorch,2025-07-08,1,0,dev_x@example.com,0,0.0,0,0.0,0
pytorch,2025-07-09,1,1,dev_x@example.com,0,0.0,0,0.0,0
pytorch,2025-07-10,1,0,dev_x@example.com,0,0.0,0,0.0,0
pytorch,2025-07-11,1,0,dev_x@example.com,0,0.0,0,0.0,0
pytorch,2025-07-12,1,1,dev_x@example.com,0,0.0,0,0.0,0
pytorch,2025-07-13,1,0,dev_x@example.com,0,0.0,0,0.0,0
pytorch,2025-07-14,1,0,dev_x@example.com,0,0.0,0,0.0,0
pytorch,2025-07-15,1,1,dev_x@example.com,0,0.0,0,0.0,0
pytorch,2025-07-16,1,0,dev_x@example.com,0,0.0,0,0.0,0
pytorch,2025-07-17,1,0,dev_x@example.com,0,0.0,0,0.0,0
pytorch,2025-07-18,1,1,dev_x@example.com,0,0.0,0,0.0,0
pytorch,2025-07-19,1,0,dev_x@example.com,0,0.0,0,0.0,0
