repository_name,file_path,predicted_risk,confidence_score,prob_HIGH,prob_LOW,prob_MEDIUM
flask,tests/test_basic.py,HIGH,1.0,1.0,0.0,0.0
flask,tests/conftest.py,HIGH,0.9769,0.9769,0.0,0.0231
flask,tests/test_converters.py,MEDIUM,0.9999,1e-04,0.0,0.9999
flask,tests/test_logging.py,MEDIUM,0.6183,0.3817,0.0,0.6183
flask,tests/test_signals.py,HIGH,1.0,1.0,0.0,0.0
flask,tests/test_request.py,HIGH,1.0,1.0,0.0,0.0
flask,tests/test_async.py,HIGH,0.9997,0.9997,0.0,0.0003
flask,tests/test_session_interface.py,MEDIUM,0.7863,0.2136,1e-04,0.7863
flask,tests/test_instance_config.py,HIGH,0.9674,0.9674,0.0,0.0326
flask,tests/test_views.py,HIGH,1.0,1.0,0.0,0.0
flask,tests/test_json_tag.py,HIGH,0.9274,0.9274,0.0,0.0726
flask,tests/test_subclassing.py,MEDIUM,0.9882,0.0117,1e-04,0.9882
flask,tests/test_reqctx.py,HIGH,1.0,1.0,0.0,0.0
flask,tests/test_blueprints.py,HIGH,1.0,1.0,0.0,0.0
flask,tests/test_config.py,HIGH,1.0,1.0,0.0,0.0
flask,tests/test_user_error_handler.py,HIGH,1.0,1.0,0.0,0.0
flask,tests/test_helpers.py,HIGH,1.0,1.0,0.0,0.0
flask,tests/test_json.py,HIGH,1.0,1.0,0.0,0.0
flask,tests/test_cli.py,HIGH,1.0,1.0,0.0,0.0
flask,tests/test_templating.py,HIGH,1.0,1.0,0.0,0.0
flask,tests/test_appctx.py,HIGH,1.0,1.0,0.0,0.0
flask,tests/test_regression.py,MEDIUM,0.9999,0.0,1e-04,0.9999
flask,tests/test_testing.py,HIGH,1.0,1.0,0.0,0.0
flask,tests/test_apps/blueprintapp/__init__.py,MEDIUM,0.9956,0.0014,0.003,0.9956
flask,tests/test_apps/blueprintapp/apps/frontend/__init__.py,MEDIUM,0.9261,0.0,0.0739,0.9261
flask,tests/test_apps/blueprintapp/apps/admin/__init__.py,MEDIUM,0.9814,0.0,0.0185,0.9814
flask,tests/test_apps/helloworld/hello.py,LOW,0.9721,0.0,0.9721,0.0279
flask,tests/test_apps/helloworld/wsgi.py,LOW,1.0,0.0,1.0,0.0
flask,tests/test_apps/subdomaintestmodule/__init__.py,LOW,0.5529,0.003,0.5529,0.444
flask,tests/test_apps/cliapp/importerrorapp.py,LOW,0.9998,0.0,0.9998,0.0002
flask,tests/test_apps/cliapp/factory.py,MEDIUM,0.5758,0.0,0.4242,0.5758
flask,tests/test_apps/cliapp/multiapp.py,LOW,0.9998,0.0,0.9998,0.0002
flask,tests/test_apps/cliapp/app.py,LOW,1.0,0.0,1.0,0.0
flask,tests/test_apps/cliapp/inner1/__init__.py,LOW,1.0,0.0,1.0,0.0
flask,tests/test_apps/cliapp/inner1/inner2/flask.py,LOW,1.0,0.0,1.0,0.0
flask,tests/type_check/typing_route.py,MEDIUM,0.9666,0.0334,0.0,0.9666
flask,tests/type_check/typing_app_decorators.py,MEDIUM,0.998,0.0005,0.0015,0.998
flask,tests/type_check/typing_error_handler.py,MEDIUM,0.9984,0.0006,0.001,0.9984
flask,docs/conf.py,HIGH,0.9988,0.9988,0.0,0.0012
flask,examples/tutorial/tests/conftest.py,MEDIUM,0.9998,0.0,1e-04,0.9998
flask,examples/tutorial/tests/test_auth.py,MEDIUM,0.9925,0.0075,0.0,0.9925
flask,examples/tutorial/tests/test_db.py,MEDIUM,0.9999,0.0,1e-04,0.9999
flask,examples/tutorial/tests/test_factory.py,MEDIUM,0.9964,0.0,0.0036,0.9964
flask,examples/tutorial/tests/test_blog.py,MEDIUM,0.6529,0.3471,0.0,0.6529
flask,examples/tutorial/flaskr/auth.py,HIGH,0.9996,0.9996,0.0,0.0004
flask,examples/tutorial/flaskr/db.py,HIGH,0.7741,0.7741,0.0,0.2259
flask,examples/tutorial/flaskr/__init__.py,MEDIUM,0.9881,1e-04,0.0118,0.9881
flask,examples/tutorial/flaskr/blog.py,HIGH,0.9999,0.9999,0.0,1e-04
flask,examples/celery/make_celery.py,MEDIUM,0.8044,0.0025,0.1931,0.8044
flask,examples/celery/src/task_app/tasks.py,HIGH,0.8728,0.8728,0.0,0.1272
flask,examples/celery/src/task_app/__init__.py,HIGH,0.9979,0.9979,0.0,0.0021
flask,examples/celery/src/task_app/views.py,HIGH,0.9988,0.9988,0.0,0.0012
flask,examples/javascript/js_example/__init__.py,LOW,0.5035,0.0012,0.5035,0.4953
flask,examples/javascript/js_example/views.py,MEDIUM,0.9859,0.0136,0.0005,0.9859
flask,examples/javascript/tests/test_js_example.py,MEDIUM,0.867,0.1329,1e-04,0.867
flask,examples/javascript/tests/conftest.py,MEDIUM,0.9538,0.0,0.0462,0.9538
flask,src/flask/logging.py,MEDIUM,0.9431,0.0569,0.0,0.9431
flask,src/flask/signals.py,HIGH,0.9876,0.9876,0.0,0.0124
flask,src/flask/sessions.py,HIGH,0.9996,0.9996,0.0,0.0004
flask,src/flask/config.py,HIGH,1.0,1.0,0.0,0.0
flask,src/flask/templating.py,HIGH,0.9817,0.9817,0.0,0.0183
flask,src/flask/globals.py,MEDIUM,0.7793,0.2207,0.0,0.7793
flask,src/flask/__init__.py,MEDIUM,0.8596,0.0057,0.1347,0.8596
flask,src/flask/blueprints.py,MEDIUM,0.5703,0.4296,1e-04,0.5703
flask,src/flask/cli.py,HIGH,0.9993,0.9993,0.0,0.0007
flask,src/flask/wrappers.py,HIGH,0.9997,0.9997,0.0,0.0003
flask,src/flask/app.py,HIGH,1.0,1.0,0.0,0.0
flask,src/flask/debughelpers.py,HIGH,0.9499,0.9499,0.0,0.0501
flask,src/flask/ctx.py,HIGH,1.0,1.0,0.0,0.0
flask,src/flask/typing.py,MEDIUM,0.9858,0.0137,0.0006,0.9858
flask,src/flask/testing.py,HIGH,0.9969,0.9969,0.0,0.0031
flask,src/flask/helpers.py,HIGH,0.993,0.993,0.0,0.007
flask,src/flask/__main__.py,LOW,1.0,0.0,1.0,0.0
flask,src/flask/views.py,HIGH,0.725,0.725,0.0,0.275
flask,src/flask/sansio/blueprints.py,HIGH,1.0,1.0,0.0,0.0
flask,src/flask/sansio/app.py,HIGH,1.0,1.0,0.0,0.0
flask,src/flask/sansio/scaffold.py,HIGH,0.9999,0.9999,0.0,1e-04
flask,src/flask/json/provider.py,HIGH,0.9948,0.9948,0.0,0.0052
flask,src/flask/json/__init__.py,HIGH,0.9899,0.9899,0.0,0.0101
flask,src/flask/json/tag.py,HIGH,1.0,1.0,0.0,0.0
streamlit,frontend/app/performance/apps/crud_app.py,HIGH,0.5747,0.5747,0.0,0.4253
streamlit,frontend/app/performance/apps/blank_app.py,LOW,1.0,0.0,1.0,0.0
streamlit,frontend/app/performance/apps/dashboard_app.py,MEDIUM,0.9945,0.0055,0.0,0.9945
streamlit,frontend/app/performance/apps/multipage/multipage_app.py,MEDIUM,0.9999,1e-04,1e-04,0.9999
streamlit,frontend/app/performance/apps/multipage/pages/2_Mapping_Demo.py,MEDIUM,0.9984,0.0016,0.0,0.9984
streamlit,frontend/app/performance/apps/multipage/pages/3_Plotting_Demo.py,MEDIUM,0.9994,0.0,0.0005,0.9994
streamlit,frontend/app/performance/apps/multipage/pages/1_Animation_Demo.py,MEDIUM,0.9999,0.0,1e-04,0.9999
streamlit,e2e_playwright/st_components_v1_import_via_st_test.py,MEDIUM,0.9538,0.0,0.0462,0.9538
streamlit,e2e_playwright/st_write_images.py,MEDIUM,0.9621,0.0,0.0378,0.9621
streamlit,e2e_playwright/st_context_test.py,MEDIUM,0.9998,0.0,1e-04,0.9998
streamlit,e2e_playwright/st_chat_input_test.py,HIGH,1.0,1.0,0.0,0.0
streamlit,e2e_playwright/st_layouts_container_various_elements.py,HIGH,1.0,1.0,0.0,0.0
streamlit,e2e_playwright/fast_rerun_safety_test.py,MEDIUM,0.9778,0.0,0.0222,0.9778
streamlit,e2e_playwright/st_query_params_test.py,MEDIUM,0.7256,0.0,0.2744,0.7256
streamlit,e2e_playwright/st_menu_button.py,HIGH,0.9791,0.9791,0.0,0.0209
streamlit,e2e_playwright/st_tabs_test.py,HIGH,1.0,1.0,0.0,0.0
streamlit,e2e_playwright/st_session_state.py,MEDIUM,0.9995,0.0004,0.0,0.9995
streamlit,e2e_playwright/st_feedback_test.py,MEDIUM,0.697,0.303,1e-04,0.697
streamlit,e2e_playwright/st_pagination_test.py,MEDIUM,0.9992,0.0007,0.0,0.9992
streamlit,e2e_playwright/st_container.py,HIGH,0.9281,0.9281,0.0,0.0719
streamlit,e2e_playwright/st_expander_state_test.py,MEDIUM,0.9792,0.0,0.0208,0.9792
streamlit,e2e_playwright/st_session_state_test.py,HIGH,0.9852,0.9852,0.0,0.0148
streamlit,e2e_playwright/st_menu_button_test.py,HIGH,0.9373,0.9373,0.0,0.0627
streamlit,e2e_playwright/app_hotkeys.py,MEDIUM,0.7986,0.0,0.2014,0.7986
streamlit,e2e_playwright/st_line_chart.py,MEDIUM,0.9995,0.0005,0.0,0.9995
streamlit,e2e_playwright/st_pydeck_chart_select.py,HIGH,0.9997,0.9997,0.0,0.0003
streamlit,e2e_playwright/st_map_ensure_no_stale_maps.py,MEDIUM,0.999,0.0,0.0009,0.999
streamlit,e2e_playwright/st_layouts_container_directions.py,MEDIUM,0.9859,0.0141,0.0,0.9859
streamlit,e2e_playwright/auth.py,MEDIUM,0.9999,0.0,1e-04,0.9999
streamlit,e2e_playwright/st_dataframe_index_types.py,MEDIUM,0.995,1e-04,0.0049,0.995
streamlit,e2e_playwright/st_layouts_container_gap_size_test.py,MEDIUM,0.9995,0.0,0.0004,0.9995
streamlit,e2e_playwright/fast_rerun_safety.py,MEDIUM,0.9997,0.0,0.0003,0.9997
streamlit,e2e_playwright/st_fragment_chat_response_test.py,MEDIUM,0.9814,0.0,0.0185,0.9814
streamlit,e2e_playwright/st_empty.py,MEDIUM,0.9998,0.0,1e-04,0.9998
streamlit,e2e_playwright/config_arrow_truncation_test.py,MEDIUM,0.9914,0.0,0.0086,0.9914
streamlit,e2e_playwright/asgi_app_test.py,MEDIUM,0.9998,0.0002,0.0,0.9998
streamlit,e2e_playwright/st_slider_test.py,HIGH,1.0,1.0,0.0,0.0
streamlit,e2e_playwright/st_layouts_container_alignment_test.py,MEDIUM,0.9983,0.0,0.0016,0.9983
streamlit,e2e_playwright/st_pyplot.py,MEDIUM,0.9992,0.0008,0.0,0.9992
streamlit,e2e_playwright/st_select_slider.py,HIGH,0.9989,0.9989,0.0,0.0011
streamlit,e2e_playwright/compilation_error_dialog_test.py,MEDIUM,0.9538,0.0,0.0462,0.9538
streamlit,e2e_playwright/st_data_editor_config_test.py,HIGH,0.9992,0.9992,0.0,0.0008
streamlit,e2e_playwright/st_map_test.py,MEDIUM,0.9986,0.0003,0.0011,0.9986
streamlit,e2e_playwright/conftest.py,HIGH,1.0,1.0,0.0,0.0
streamlit,e2e_playwright/st_write_objects.py,MEDIUM,0.9932,1e-04,0.0068,0.9932
streamlit,e2e_playwright/st_help.py,MEDIUM,0.9999,1e-04,0.0,0.9999
streamlit,e2e_playwright/host_config.py,MEDIUM,0.9863,0.0,0.0136,0.9863
streamlit,e2e_playwright/auth_test.py,HIGH,0.9143,0.9143,0.0,0.0857
streamlit,e2e_playwright/st_app_advanced.py,MEDIUM,0.9961,0.0039,0.0,0.9961
streamlit,e2e_playwright/st_fragments_nested.py,MEDIUM,0.9999,1e-04,0.0,0.9999
streamlit,e2e_playwright/st_main_layout_test.py,HIGH,0.9978,0.9978,0.0,0.0022
streamlit,e2e_playwright/st_navigation_external_links_test.py,MEDIUM,0.9981,0.0003,0.0016,0.9981
streamlit,e2e_playwright/config_arrow_truncation.py,MEDIUM,0.7986,0.0,0.2014,0.7986
streamlit,e2e_playwright/st_bottom_no_chat_input.py,MEDIUM,0.9999,1e-04,0.0,0.9999
streamlit,e2e_playwright/appnode_hierarchy.py,HIGH,0.9687,0.9687,0.0,0.0313
streamlit,e2e_playwright/st_audio_test.py,MEDIUM,0.9806,0.0194,0.0,0.9806
streamlit,e2e_playwright/st_dataframe_dimensions.py,MEDIUM,0.9998,0.0002,0.0,0.9998
streamlit,e2e_playwright/st_heading_test.py,HIGH,0.9451,0.9451,0.0,0.0549
streamlit,e2e_playwright/st_altair_chart_basic_select.py,HIGH,1.0,1.0,0.0,0.0
streamlit,e2e_playwright/st_layouts_container_min_width_test.py,MEDIUM,0.9941,1e-04,0.0059,0.9941
streamlit,e2e_playwright/st_components_v1_import_legacy_file.py,LOW,0.9998,0.0,0.9998,0.0002
streamlit,e2e_playwright/st_components_v1_import_via_st.py,LOW,0.9961,0.0,0.9961,0.0039
streamlit,e2e_playwright/st_echo.py,MEDIUM,0.8028,0.0,0.1971,0.8028
streamlit,e2e_playwright/st_dataframe_styler_support.py,HIGH,1.0,1.0,0.0,0.0
streamlit,e2e_playwright/st_query_params.py,LOW,1.0,0.0,1.0,0.0
streamlit,e2e_playwright/deploy_dialog_test.py,HIGH,0.9948,0.9948,0.0,0.0052
streamlit,e2e_playwright/st_pydeck_chart_select_test.py,HIGH,1.0,1.0,0.0,0.0
streamlit,e2e_playwright/st_json.py,MEDIUM,0.9999,1e-04,0.0,0.9999
streamlit,e2e_playwright/st_dataframe_selections_test.py,HIGH,1.0,1.0,0.0,0.0
streamlit,e2e_playwright/st_cache_data.py,MEDIUM,0.9989,0.001,0.0,0.9989
streamlit,e2e_playwright/st_markdown.py,HIGH,1.0,1.0,0.0,0.0
streamlit,e2e_playwright/st_secrets_test.py,MEDIUM,0.9789,0.0,0.0211,0.9789
streamlit,e2e_playwright/st_datetime_input_test.py,HIGH,0.8878,0.8878,0.0002,0.112
streamlit,e2e_playwright/st_exception_test.py,MEDIUM,0.9954,1e-04,0.0044,0.9954
streamlit,e2e_playwright/st_balloons_test.py,MEDIUM,0.9927,0.0,0.0073,0.9927
streamlit,e2e_playwright/st_chat_input_file_uploader_regression_test.py,MEDIUM,0.9538,0.0,0.0462,0.9538
streamlit,e2e_playwright/st_vega_charts_height_test.py,MEDIUM,0.9998,0.0002,0.0,0.9998
streamlit,e2e_playwright/st_status.py,HIGH,0.9996,0.9996,0.0,0.0004
streamlit,e2e_playwright/st_vega_charts_width.py,MEDIUM,0.9964,0.0035,1e-04,0.9964
streamlit,e2e_playwright/iframe_resizer.py,MEDIUM,0.991,0.0,0.009,0.991
streamlit,e2e_playwright/st_space_test.py,MEDIUM,0.6468,0.3532,0.0,0.6468
streamlit,e2e_playwright/st_audio_input.py,HIGH,0.9746,0.9746,0.0,0.0254
streamlit,e2e_playwright/st_data_editor_input_data.py,MEDIUM,0.9999,1e-04,1e-04,0.9999
streamlit,e2e_playwright/st_color_picker.py,MEDIUM,0.9754,0.0246,0.0,0.9754
streamlit,e2e_playwright/st_progress_test.py,HIGH,0.8374,0.8374,0.0,0.1625
streamlit,e2e_playwright/window_config_test.py,HIGH,0.9981,0.9981,0.0,0.0019
streamlit,e2e_playwright/mega_tester_app.py,HIGH,1.0,1.0,0.0,0.0
streamlit,e2e_playwright/app_hotkeys_test.py,MEDIUM,0.999,0.0,0.0009,0.999
streamlit,e2e_playwright/st_map_ensure_no_stale_maps_test.py,MEDIUM,0.9621,0.0,0.0378,0.9621
streamlit,e2e_playwright/st_layouts_container_directions_fullscreen_elements_test.py,MEDIUM,0.9974,1e-04,0.0025,0.9974
streamlit,e2e_playwright/st_expander.py,HIGH,1.0,1.0,0.0,0.0
streamlit,e2e_playwright/st_cache_resource_test.py,MEDIUM,0.9858,1e-04,0.0142,0.9858
streamlit,e2e_playwright/st_altair_chart_test.py,MEDIUM,0.9997,0.0003,0.0,0.9997
streamlit,e2e_playwright/main_menu.py,LOW,0.9721,0.0,0.9721,0.0279
streamlit,e2e_playwright/st_select_slider_test.py,HIGH,0.8905,0.8905,1e-04,0.1093
streamlit,e2e_playwright/st_divider.py,LOW,0.9961,0.0,0.9961,0.0039
streamlit,e2e_playwright/st_link_button.py,MEDIUM,0.9995,0.0004,0.0,0.9995
streamlit,e2e_playwright/st_json_test.py,MEDIUM,0.9968,1e-04,0.0031,0.9968
streamlit,e2e_playwright/host_config_bypass.py,MEDIUM,0.9999,1e-04,1e-04,0.9999
streamlit,e2e_playwright/st_navigation_expanded_test.py,MEDIUM,0.9865,1e-04,0.0135,0.9865
streamlit,e2e_playwright/st_app_advanced_script.py,MEDIUM,0.9918,0.0082,0.0,0.9918
streamlit,e2e_playwright/st_line_chart_test.py,MEDIUM,0.9946,0.0053,1e-04,0.9946
streamlit,e2e_playwright/st_bar_chart.py,MEDIUM,0.9998,0.0002,0.0,0.9998
streamlit,e2e_playwright/st_image_test.py,HIGH,0.998,0.998,0.0,0.002
streamlit,e2e_playwright/st_write_markdown_test.py,MEDIUM,0.9908,1e-04,0.0091,0.9908
streamlit,e2e_playwright/st_app_advanced_test.py,HIGH,0.9688,0.9688,0.0,0.0312
streamlit,e2e_playwright/st_chart_builtin_colors.py,MEDIUM,0.9995,0.0,0.0004,0.9995
streamlit,e2e_playwright/compilation_error_dialog.py,LOW,1.0,0.0,1.0,0.0
streamlit,e2e_playwright/st_pydeck_chart.py,HIGH,0.9887,0.9887,0.0,0.0113
streamlit,e2e_playwright/st_popover_test.py,HIGH,0.9734,0.9734,0.0,0.0266
streamlit,e2e_playwright/st_magic_test.py,MEDIUM,0.9992,0.0,0.0008,0.9992
streamlit,e2e_playwright/st_logo.py,MEDIUM,0.9998,1e-04,1e-04,0.9998
streamlit,e2e_playwright/st_navigation_expanded.py,MEDIUM,0.9941,1e-04,0.0059,0.9941
streamlit,e2e_playwright/st_area_chart.py,MEDIUM,0.9999,1e-04,1e-04,0.9999
streamlit,e2e_playwright/st_number_input.py,HIGH,0.9406,0.9406,0.0,0.0593
streamlit,e2e_playwright/st_text_area.py,HIGH,0.9892,0.9892,0.0,0.0108
streamlit,e2e_playwright/st_progress.py,MEDIUM,0.9792,0.0,0.0208,0.9792
streamlit,e2e_playwright/st_checkbox_test.py,MEDIUM,0.7491,0.2506,0.0003,0.7491
streamlit,e2e_playwright/web_server_test.py,HIGH,1.0,1.0,0.0,0.0
streamlit,e2e_playwright/st_button.py,HIGH,0.7178,0.7178,0.0,0.2821
streamlit,e2e_playwright/st_balloons.py,MEDIUM,0.9918,0.0,0.0082,0.9918
streamlit,e2e_playwright/st_chart_builtin_colors_test.py,MEDIUM,0.9962,0.0002,0.0036,0.9962
streamlit,e2e_playwright/window_config.py,MEDIUM,0.9938,1e-04,0.0061,0.9938
streamlit,e2e_playwright/st_write_charts_test.py,MEDIUM,0.9843,0.0,0.0156,0.9843
streamlit,e2e_playwright/st_navigation_external_links.py,MEDIUM,0.9914,0.0,0.0086,0.9914
streamlit,e2e_playwright/st_cache_data_test.py,MEDIUM,0.9997,0.0003,0.0,0.9997
streamlit,e2e_playwright/st_data_editor_index_types.py,MEDIUM,0.9932,1e-04,0.0067,0.9932
streamlit,e2e_playwright/st_plotly_chart_dimensions_test.py,MEDIUM,0.9987,0.0003,0.001,0.9987
streamlit,e2e_playwright/st_markdown_test.py,HIGH,1.0,1.0,0.0,0.0
streamlit,e2e_playwright/st_vega_charts_width_test.py,MEDIUM,0.9999,1e-04,0.0,0.9999
streamlit,e2e_playwright/st_dataframe_interactions.py,HIGH,1.0,1.0,0.0,0.0
streamlit,e2e_playwright/st_tabs_selection_test.py,HIGH,0.9997,0.9997,0.0,0.0003
streamlit,e2e_playwright/st_container_test.py,HIGH,0.9978,0.9978,0.0,0.0022
streamlit,e2e_playwright/st_stop_test.py,LOW,0.9961,0.0,0.9961,0.0039
streamlit,e2e_playwright/st_effects_with_fragment_interactions_test.py,MEDIUM,0.9989,0.0003,0.0008,0.9989
streamlit,e2e_playwright/st_fragment_queue_test.py,MEDIUM,0.9991,0.0,0.0009,0.9991
streamlit,e2e_playwright/st_metric.py,HIGH,0.981,0.981,0.0,0.019
streamlit,e2e_playwright/st_dataframe_config_test.py,HIGH,1.0,1.0,0.0,0.0
streamlit,e2e_playwright/st_multiselect_test.py,HIGH,1.0,1.0,0.0,0.0
streamlit,e2e_playwright/st_dataframe_column_types.py,MEDIUM,0.9938,1e-04,0.0061,0.9938
streamlit,e2e_playwright/st_chat_input.py,HIGH,1.0,1.0,0.0,0.0
streamlit,e2e_playwright/st_fragment_mixed_execution_flow_test.py,MEDIUM,0.9998,0.0,1e-04,0.9998
streamlit,e2e_playwright/st_download_button_deferred_test.py,HIGH,0.9997,0.9997,0.0,0.0003
streamlit,e2e_playwright/st_fragment_dynamic_containers.py,MEDIUM,0.991,0.0,0.009,0.991
streamlit,e2e_playwright/st_fragments_nested_test.py,HIGH,0.8509,0.8509,0.0,0.1491
streamlit,e2e_playwright/st_magic.py,MEDIUM,0.8516,0.1484,0.0,0.8516
streamlit,e2e_playwright/st_slider.py,HIGH,0.9992,0.9992,0.0,0.0008
streamlit,e2e_playwright/st_set_page_config.py,HIGH,0.9989,0.9989,0.0,0.0011
streamlit,e2e_playwright/st_form.py,HIGH,1.0,1.0,0.0,0.0
streamlit,e2e_playwright/st_camera_input_test.py,MEDIUM,0.9981,0.0019,0.0,0.9981
streamlit,e2e_playwright/st_toast_test.py,HIGH,0.9996,0.9996,0.0,0.0004
streamlit,e2e_playwright/st_altair_chart_title.py,MEDIUM,0.9789,0.0,0.0211,0.9789
streamlit,e2e_playwright/st_link_button_test.py,MEDIUM,0.9992,0.0008,0.0,0.9992
streamlit,e2e_playwright/st_snow_test.py,LOW,0.9721,0.0,0.9721,0.0279
streamlit,e2e_playwright/st_page_link_test.py,MEDIUM,0.9989,0.0003,0.0008,0.9989
streamlit,e2e_playwright/markdown_features_test.py,HIGH,0.7084,0.7084,0.0,0.2916
streamlit,e2e_playwright/st_sidebar_flicker_test.py,HIGH,0.9998,0.9998,0.0,0.0002
streamlit,e2e_playwright/st_page_link.py,MEDIUM,0.9998,1e-04,0.0,0.9998
streamlit,e2e_playwright/st_fragment_chat_response.py,MEDIUM,0.9997,0.0,0.0002,0.9997
streamlit,e2e_playwright/st_code_test.py,HIGH,0.8265,0.8265,0.0004,0.1731
streamlit,e2e_playwright/st_dataframe_index_types_test.py,MEDIUM,0.9927,0.0,0.0073,0.9927
streamlit,e2e_playwright/st_write_markdown.py,MEDIUM,0.9944,0.0,0.0055,0.9944
streamlit,e2e_playwright/st_sidebar.py,MEDIUM,0.9996,0.0004,0.0,0.9996
streamlit,e2e_playwright/st_navigation.py,MEDIUM,0.9944,0.0,0.0055,0.9944
streamlit,e2e_playwright/basic_app_test.py,HIGH,0.8421,0.8421,0.0,0.1579
streamlit,e2e_playwright/st_data_editor_index_types_test.py,MEDIUM,0.9814,0.0,0.0185,0.9814
streamlit,e2e_playwright/hostframe_app.py,MEDIUM,0.9995,0.0,0.0004,0.9995
streamlit,e2e_playwright/st_dataframe_stable_rendering.py,MEDIUM,0.9999,1e-04,0.0,0.9999
streamlit,e2e_playwright/st_fragment_dynamic_containers_test.py,HIGH,0.8574,0.8574,0.0,0.1426
streamlit,e2e_playwright/st_bar_chart_test.py,MEDIUM,0.9986,0.0003,0.0011,0.9986
streamlit,e2e_playwright/st_selectbox.py,HIGH,0.9986,0.9986,0.0,0.0014
streamlit,e2e_playwright/st_text.py,MEDIUM,0.9998,1e-04,1e-04,0.9998
streamlit,e2e_playwright/st_map.py,MEDIUM,0.9996,0.0,0.0003,0.9996
streamlit,e2e_playwright/st_dataframe_selections.py,HIGH,0.9998,0.9998,0.0,0.0002
streamlit,e2e_playwright/st_dialog_test.py,HIGH,1.0,1.0,0.0,0.0
streamlit,e2e_playwright/st_radio_test.py,HIGH,0.89,0.89,1e-04,0.1098
streamlit,e2e_playwright/st_divider_test.py,MEDIUM,0.9778,0.0,0.0222,0.9778
streamlit,e2e_playwright/st_pagination.py,MEDIUM,0.5153,0.4847,0.0,0.5153
streamlit,e2e_playwright/st_fragment_dynamic_form_test.py,MEDIUM,0.9932,1e-04,0.0067,0.9932
streamlit,e2e_playwright/st_fragment_basics_test.py,HIGH,0.9994,0.9994,0.0,0.0006
streamlit,e2e_playwright/st_layouts_container_gap_size.py,MEDIUM,0.9992,0.0008,0.0,0.9992
streamlit,e2e_playwright/st_help_test.py,MEDIUM,0.9954,1e-04,0.0044,0.9954
streamlit,e2e_playwright/st_layouts_container_various_elements_test.py,MEDIUM,0.9995,0.0005,0.0,0.9995
streamlit,e2e_playwright/forward_msg_cache.py,MEDIUM,0.9947,0.0052,0.0,0.9947
streamlit,e2e_playwright/st_date_input_test.py,HIGH,1.0,1.0,0.0,0.0
streamlit,e2e_playwright/st_alert_test.py,MEDIUM,0.999,0.0007,0.0003,0.999
streamlit,e2e_playwright/st_caption_test.py,MEDIUM,0.998,0.0003,0.0017,0.998
streamlit,e2e_playwright/st_sidebar_test.py,HIGH,0.9999,0.9999,0.0,1e-04
streamlit,e2e_playwright/st_expander_test.py,HIGH,1.0,1.0,0.0,0.0
streamlit,e2e_playwright/websocket_reconnects_test.py,HIGH,0.972,0.972,0.0,0.028
streamlit,e2e_playwright/web_server.py,MEDIUM,0.9998,1e-04,1e-04,0.9998
streamlit,e2e_playwright/st_write_stream_test.py,MEDIUM,0.9974,1e-04,0.0025,0.9974
streamlit,e2e_playwright/hello_app_test.py,MEDIUM,0.9964,0.0035,1e-04,0.9964
streamlit,e2e_playwright/st_fragment_queue.py,MEDIUM,0.9999,0.0,1e-04,0.9999
streamlit,e2e_playwright/st_navigation_test.py,MEDIUM,0.9989,0.0003,0.0008,0.9989
streamlit,e2e_playwright/st_checkbox.py,MEDIUM,0.9212,0.0788,0.0,0.9212
streamlit,e2e_playwright/st_graphviz_chart.py,MEDIUM,0.9967,0.0033,0.0,0.9967
streamlit,e2e_playwright/st_tabs_selection.py,HIGH,0.8721,0.8721,0.0,0.1279
streamlit,e2e_playwright/st_fragment_dynamic_form.py,MEDIUM,0.9998,0.0002,0.0,0.9998
streamlit,e2e_playwright/st_fragment_basics.py,MEDIUM,0.9914,0.0,0.0086,0.9914
streamlit,e2e_playwright/st_plotly_chart.py,MEDIUM,0.7383,0.2614,0.0003,0.7383
streamlit,e2e_playwright/st_plotly_chart_select_test.py,HIGH,0.9718,0.9718,0.0,0.0282
streamlit,e2e_playwright/st_data_editor_input_data_test.py,MEDIUM,0.9977,0.0,0.0022,0.9977
streamlit,e2e_playwright/st_dataframe_input_data_test.py,MEDIUM,0.9998,1e-04,1e-04,0.9998
streamlit,e2e_playwright/st_set_page_config_test.py,HIGH,1.0,1.0,0.0,0.0
streamlit,e2e_playwright/st_color_picker_test.py,HIGH,0.89,0.89,1e-04,0.1098
streamlit,e2e_playwright/st_rerun_test.py,MEDIUM,0.9997,0.0,0.0003,0.9997
streamlit,e2e_playwright/websocket_reconnects.py,MEDIUM,0.9999,0.0,1e-04,0.9999
streamlit,e2e_playwright/st_pyplot_test.py,MEDIUM,0.9995,0.0002,0.0003,0.9995
streamlit,e2e_playwright/st_snow.py,LOW,1.0,0.0,1.0,0.0
streamlit,e2e_playwright/forward_msg_cache_test.py,HIGH,0.807,0.807,0.0,0.193
streamlit,e2e_playwright/st_html_wide_mode_test.py,MEDIUM,0.9778,0.0,0.0222,0.9778
streamlit,e2e_playwright/st_fragment_run_every.py,HIGH,0.9998,0.9998,0.0,0.0002
streamlit,e2e_playwright/st_audio_input_test.py,HIGH,1.0,1.0,0.0,0.0
streamlit,e2e_playwright/st_data_editor_column_types_test.py,MEDIUM,0.9843,0.0,0.0156,0.9843
streamlit,e2e_playwright/widget_state.py,HIGH,0.9996,0.9996,0.0,0.0004
streamlit,e2e_playwright/st_file_uploader.py,HIGH,0.9999,0.9999,0.0,1e-04
streamlit,e2e_playwright/widget_state_test.py,MEDIUM,0.9999,1e-04,0.0,0.9999
streamlit,e2e_playwright/st_cache_resource.py,MEDIUM,0.9998,1e-04,1e-04,0.9998
streamlit,e2e_playwright/st_number_input_test.py,HIGH,1.0,1.0,0.0,0.0
streamlit,e2e_playwright/st_bottom_test.py,MEDIUM,0.9975,1e-04,0.0024,0.9975
streamlit,e2e_playwright/st_plotly_chart_test.py,MEDIUM,0.9994,0.0006,0.0,0.9994
streamlit,e2e_playwright/st_segmented_control_test.py,HIGH,0.9798,0.9798,0.0,0.0202
streamlit,e2e_playwright/st_chat_input_file_uploader_regression.py,MEDIUM,0.9999,1e-04,0.0,0.9999
streamlit,e2e_playwright/st_bottom.py,MEDIUM,0.9998,0.0002,0.0,0.9998
streamlit,e2e_playwright/st_table.py,HIGH,1.0,1.0,0.0,0.0
streamlit,e2e_playwright/websocket_disconnect_test.py,HIGH,0.9971,0.9971,0.0,0.0029
streamlit,e2e_playwright/st_audio.py,MEDIUM,0.9995,0.0,0.0004,0.9995
streamlit,e2e_playwright/st_vega_lite_chart_test.py,MEDIUM,0.9974,0.0026,0.0,0.9974
streamlit,e2e_playwright/st_selectbox_test.py,HIGH,1.0,1.0,0.0,0.0
streamlit,e2e_playwright/st_columns_test.py,MEDIUM,0.8451,0.1548,1e-04,0.8451
streamlit,e2e_playwright/st_iframe_test.py,MEDIUM,0.9995,0.0002,0.0003,0.9995
streamlit,e2e_playwright/st_write_charts.py,MEDIUM,0.9941,1e-04,0.0058,0.9941
streamlit,e2e_playwright/st_stop.py,MEDIUM,0.7986,0.0,0.2014,0.7986
streamlit,e2e_playwright/st_table_test.py,MEDIUM,0.9998,0.0002,0.0,0.9998
streamlit,e2e_playwright/st_spinner_test.py,HIGH,0.9982,0.9982,0.0,0.0018
streamlit,e2e_playwright/st_html.py,MEDIUM,0.9997,0.0003,0.0,0.9997
streamlit,e2e_playwright/st_space.py,MEDIUM,0.9951,0.0049,0.0,0.9951
streamlit,e2e_playwright/help_tooltip.py,MEDIUM,0.9998,1e-04,1e-04,0.9998
streamlit,e2e_playwright/st_layouts_container_alignment.py,HIGH,0.9814,0.9814,0.0,0.0186
streamlit,e2e_playwright/st_text_input_test.py,HIGH,1.0,1.0,0.0,0.0
streamlit,e2e_playwright/st_pydeck_chart_test.py,MEDIUM,0.9964,0.0035,1e-04,0.9964
streamlit,e2e_playwright/st_toggle_test.py,MEDIUM,0.9861,0.0138,0.0002,0.9861
streamlit,e2e_playwright/st_exception.py,MEDIUM,0.9995,0.0,0.0005,0.9995
streamlit,e2e_playwright/st_altair_chart_title_test.py,MEDIUM,0.9985,0.0,0.0014,0.9985
streamlit,e2e_playwright/st_metric_test.py,HIGH,0.8974,0.8974,0.0002,0.1025
streamlit,e2e_playwright/st_code.py,HIGH,0.5944,0.5944,0.0,0.4055
streamlit,e2e_playwright/st_data_editor_config.py,HIGH,0.989,0.989,0.0,0.011
streamlit,e2e_playwright/st_components_v1_test.py,HIGH,0.5906,0.5906,0.0,0.4094
streamlit,e2e_playwright/help_tooltip_test.py,MEDIUM,0.9998,1e-04,0.0,0.9998
streamlit,e2e_playwright/st_popover.py,HIGH,0.9997,0.9997,0.0,0.0003
streamlit,e2e_playwright/asgi_app.py,LOW,0.9998,0.0,0.9998,0.0002
streamlit,e2e_playwright/hostframe_app_test.py,HIGH,0.9999,0.9999,0.0,1e-04
streamlit,e2e_playwright/mega_tester_app_test.py,HIGH,1.0,1.0,0.0,0.0
streamlit,e2e_playwright/websocket_disconnect.py,MEDIUM,0.9998,0.0,0.0002,0.9998
streamlit,e2e_playwright/st_form_container_association.py,MEDIUM,0.9708,0.0291,0.0,0.9708
streamlit,e2e_playwright/st_alert.py,HIGH,0.9984,0.9984,0.0,0.0016
streamlit,e2e_playwright/main_menu_test.py,HIGH,1.0,1.0,0.0,0.0
streamlit,e2e_playwright/st_video_test.py,MEDIUM,0.8603,0.1397,1e-04,0.8603
streamlit,e2e_playwright/st_area_chart_test.py,MEDIUM,0.9964,0.0002,0.0035,0.9964
streamlit,e2e_playwright/st_iframe.py,MEDIUM,0.9999,1e-04,0.0,0.9999
streamlit,e2e_playwright/st_dataframe_config.py,HIGH,1.0,1.0,0.0,0.0
streamlit,e2e_playwright/st_spinner.py,HIGH,0.7412,0.7412,0.0,0.2588
streamlit,e2e_playwright/st_altair_chart_basic_select_test.py,HIGH,1.0,1.0,0.0,0.0
streamlit,e2e_playwright/st_altair_chart_multiview_select.py,HIGH,0.8919,0.8919,0.0,0.1081
streamlit,e2e_playwright/st_dataframe_interactions_test.py,HIGH,1.0,1.0,0.0,0.0
streamlit,e2e_playwright/st_video.py,HIGH,0.7737,0.7737,0.0,0.2263
streamlit,e2e_playwright/st_image.py,HIGH,0.9828,0.9828,0.0,0.0172
streamlit,e2e_playwright/host_config_test.py,MEDIUM,0.9998,1e-04,1e-04,0.9998
streamlit,e2e_playwright/st_pills_test.py,HIGH,1.0,1.0,0.0,0.0
streamlit,e2e_playwright/iframe_resizer_test.py,MEDIUM,0.6512,0.3487,0.0,0.6512
streamlit,e2e_playwright/st_pills.py,HIGH,0.999,0.999,0.0,0.001
streamlit,e2e_playwright/i18n.py,MEDIUM,0.5758,0.0,0.4242,0.5758
streamlit,e2e_playwright/st_text_input.py,HIGH,1.0,1.0,0.0,0.0
streamlit,e2e_playwright/st_data_editor_column_types.py,MEDIUM,0.9941,1e-04,0.0059,0.9941
streamlit,e2e_playwright/st_feedback.py,MEDIUM,0.7732,0.2268,0.0,0.7732
streamlit,e2e_playwright/st_fragment_parallel.py,HIGH,1.0,1.0,0.0,0.0
streamlit,e2e_playwright/st_rerun.py,MEDIUM,0.9984,0.0016,0.0,0.9984
streamlit,e2e_playwright/st_fragment_mixed_execution_flow.py,MEDIUM,0.9996,0.0,0.0003,0.9996
streamlit,e2e_playwright/st_graphviz_chart_test.py,HIGH,0.9706,0.9706,0.0,0.0294
streamlit,e2e_playwright/st_dataframe_input_data.py,MEDIUM,0.9985,0.0,0.0014,0.9985
streamlit,e2e_playwright/st_layouts_container_directions_test.py,MEDIUM,0.9985,0.0,0.0014,0.9985
streamlit,e2e_playwright/st_datetime_input.py,MEDIUM,0.6397,0.3602,0.0,0.6397
streamlit,e2e_playwright/st_scatter_chart.py,MEDIUM,0.9998,1e-04,1e-04,0.9998
streamlit,e2e_playwright/st_plotly_chart_dimensions.py,MEDIUM,0.9997,1e-04,0.0003,0.9997
streamlit,e2e_playwright/st_html_test.py,MEDIUM,0.9956,0.0044,0.0,0.9956
streamlit,e2e_playwright/st_dataframe_column_types_test.py,MEDIUM,0.9914,0.0,0.0086,0.9914
streamlit,e2e_playwright/st_vega_lite_chart.py,MEDIUM,0.9031,0.0968,1e-04,0.9031
streamlit,e2e_playwright/st_plotly_chart_select.py,HIGH,0.9976,0.9976,0.0,0.0024
streamlit,e2e_playwright/st_write_objects_test.py,MEDIUM,0.9914,0.0,0.0086,0.9914
streamlit,e2e_playwright/markdown_features.py,HIGH,0.9546,0.9546,0.0,0.0454
streamlit,e2e_playwright/st_scatter_chart_test.py,MEDIUM,0.9977,0.0003,0.0019,0.9977
streamlit,e2e_playwright/st_logo_test.py,MEDIUM,0.9978,0.002,0.0002,0.9978
streamlit,e2e_playwright/st_dataframe_stable_rendering_test.py,MEDIUM,0.9996,0.0,0.0004,0.9996
streamlit,e2e_playwright/st_text_test.py,MEDIUM,0.9998,1e-04,0.0,0.9998
streamlit,e2e_playwright/st_bottom_no_chat_input_test.py,MEDIUM,0.9865,1e-04,0.0135,0.9865
streamlit,e2e_playwright/st_multiselect.py,HIGH,1.0,1.0,0.0,0.0
streamlit,e2e_playwright/st_write_stream.py,MEDIUM,0.999,0.0009,0.0,0.999
streamlit,e2e_playwright/st_segmented_control.py,HIGH,0.9996,0.9996,0.0,0.0004
streamlit,e2e_playwright/st_dataframe_styler_support_test.py,MEDIUM,0.9789,0.0,0.0211,0.9789
streamlit,e2e_playwright/st_date_input.py,MEDIUM,0.7296,0.2703,0.0,0.7296
streamlit,e2e_playwright/st_download_button.py,HIGH,0.9754,0.9754,0.0,0.0246
streamlit,e2e_playwright/i18n_test.py,MEDIUM,0.9954,1e-04,0.0045,0.9954
streamlit,e2e_playwright/st_fragment_parallel_test.py,HIGH,1.0,1.0,0.0,0.0
streamlit,e2e_playwright/st_altair_chart.py,MEDIUM,0.7002,0.2997,0.0,0.7002
streamlit,e2e_playwright/st_echo_test.py,MEDIUM,0.9621,0.0,0.0378,0.9621
streamlit,e2e_playwright/st_download_button_test.py,HIGH,0.9998,0.9998,0.0,0.0002
streamlit,e2e_playwright/st_toggle.py,MEDIUM,0.9996,0.0004,0.0,0.9996
streamlit,e2e_playwright/st_chat_message.py,HIGH,1.0,1.0,0.0,0.0
streamlit,e2e_playwright/st_layouts_container_directions_fullscreen_elements.py,MEDIUM,0.9997,0.0,0.0003,0.9997
streamlit,e2e_playwright/st_dialog.py,HIGH,1.0,1.0,0.0,0.0
streamlit,e2e_playwright/st_caption.py,MEDIUM,0.9983,0.0,0.0016,0.9983
streamlit,e2e_playwright/st_columns.py,HIGH,0.9144,0.9144,0.0,0.0856
streamlit,e2e_playwright/st_vega_charts_height.py,MEDIUM,0.5957,0.4043,0.0,0.5957
streamlit,e2e_playwright/st_toast.py,MEDIUM,0.9997,0.0,0.0002,0.9997
streamlit,e2e_playwright/config_static_serving_test.py,MEDIUM,0.9996,0.0004,0.0,0.9996
streamlit,e2e_playwright/appnode_hierarchy_test.py,MEDIUM,0.9843,0.0157,0.0,0.9843
streamlit,e2e_playwright/st_expander_state.py,MEDIUM,0.9996,0.0,0.0004,0.9996
streamlit,e2e_playwright/st_form_container_association_test.py,MEDIUM,0.9995,0.0,0.0005,0.9995
streamlit,e2e_playwright/st_heading.py,MEDIUM,0.9995,0.0005,0.0,0.9995
streamlit,e2e_playwright/config_static_serving.py,MEDIUM,0.9997,0.0,0.0002,0.9997
streamlit,e2e_playwright/st_file_uploader_test.py,HIGH,1.0,1.0,0.0,0.0
streamlit,e2e_playwright/st_sidebar_flicker.py,MEDIUM,0.9999,1e-04,0.0,0.9999
streamlit,e2e_playwright/st_html_wide_mode.py,MEDIUM,0.9978,0.0,0.0022,0.9978
streamlit,e2e_playwright/st_status_test.py,HIGH,0.9991,0.9991,0.0,0.0009
streamlit,e2e_playwright/st_radio.py,HIGH,0.9169,0.9169,0.0,0.0831
streamlit,e2e_playwright/st_fragment_multiple_fragments_test.py,HIGH,0.9997,0.9997,0.0,0.0003
streamlit,e2e_playwright/st_empty_test.py,MEDIUM,0.9865,1e-04,0.0135,0.9865
streamlit,e2e_playwright/st_download_button_deferred.py,MEDIUM,0.9999,1e-04,0.0,0.9999
streamlit,e2e_playwright/st_form_test.py,HIGH,1.0,1.0,0.0,0.0
streamlit,e2e_playwright/st_components_v1.py,MEDIUM,0.9998,0.0,1e-04,0.9998
streamlit,e2e_playwright/st_context.py,MEDIUM,0.991,0.0,0.009,0.991
streamlit,e2e_playwright/st_chat_message_test.py,MEDIUM,0.9999,1e-04,1e-04,0.9999
streamlit,e2e_playwright/st_write_images_test.py,LOW,0.9721,0.0,0.9721,0.0279
streamlit,e2e_playwright/st_time_input_test.py,HIGH,0.8895,0.8895,0.0002,0.1102
streamlit,e2e_playwright/st_camera_input.py,MEDIUM,0.9998,0.0,1e-04,0.9998
streamlit,e2e_playwright/hello_app.py,MEDIUM,0.7986,0.0,0.2014,0.7986
streamlit,e2e_playwright/st_fragment_multiple_fragments.py,MEDIUM,0.9996,0.0,0.0004,0.9996
streamlit,e2e_playwright/host_config_bypass_test.py,HIGH,1.0,1.0,0.0,0.0
streamlit,e2e_playwright/st_secrets.py,MEDIUM,0.9987,0.0,0.0012,0.9987
streamlit,e2e_playwright/st_effects_with_fragment_interactions.py,MEDIUM,0.9998,0.0,0.0002,0.9998
streamlit,e2e_playwright/st_time_input.py,MEDIUM,0.9974,0.0026,0.0,0.9974
streamlit,e2e_playwright/st_components_v1_import_legacy_file_test.py,LOW,0.9998,0.0,0.9998,0.0002
streamlit,e2e_playwright/st_text_area_test.py,HIGH,0.9451,0.9451,0.0,0.0549
streamlit,e2e_playwright/st_button_test.py,HIGH,0.8935,0.8935,0.0002,0.1063
streamlit,e2e_playwright/st_main_layout.py,MEDIUM,0.9998,1e-04,1e-04,0.9998
streamlit,e2e_playwright/st_dataframe_dimensions_test.py,MEDIUM,0.9985,0.0015,0.0,0.9985
streamlit,e2e_playwright/st_tabs.py,HIGH,1.0,1.0,0.0,0.0
streamlit,e2e_playwright/st_altair_chart_multiview_select_test.py,MEDIUM,0.9992,0.0008,0.0,0.9992
streamlit,e2e_playwright/st_layouts_container_min_width.py,HIGH,0.8365,0.8365,0.0,0.1635
streamlit,e2e_playwright/basic_app.py,MEDIUM,0.7986,0.0,0.2014,0.7986
streamlit,e2e_playwright/st_fragment_run_every_test.py,HIGH,1.0,1.0,0.0,0.0
streamlit,e2e_playwright/lazy_loaded_modules_test.py,MEDIUM,0.923,0.0757,0.0013,0.923
streamlit,e2e_playwright/lazy_loaded_modules.py,HIGH,0.9202,0.9202,0.0,0.0798
streamlit,e2e_playwright/config/script_level_config_test.py,MEDIUM,0.9621,0.0,0.0378,0.9621
streamlit,e2e_playwright/config/script_level_config.py,LOW,1.0,0.0,1.0,0.0
streamlit,e2e_playwright/custom_components/component_errors_test.py,MEDIUM,0.9998,0.0002,0.0,0.9998
streamlit,e2e_playwright/custom_components/pdf_component.py,HIGH,0.5874,0.5874,0.0,0.4126
streamlit,e2e_playwright/custom_components/popular_components_test.py,MEDIUM,0.9991,0.0007,0.0002,0.9991
streamlit,e2e_playwright/custom_components/component_errors.py,LOW,0.9721,0.0,0.9721,0.0279
streamlit,e2e_playwright/custom_components/pdf_component_test.py,HIGH,1.0,1.0,0.0,0.0
streamlit,e2e_playwright/custom_components/popular_components.py,HIGH,0.9854,0.9854,0.0,0.0146
streamlit,e2e_playwright/shared/pydeck_utils.py,MEDIUM,0.9997,0.0003,0.0,0.9997
streamlit,e2e_playwright/shared/animation_utils.py,MEDIUM,0.9616,0.0383,0.0,0.9616
streamlit,e2e_playwright/shared/theme_utils.py,MEDIUM,0.9998,0.0,1e-04,0.9998
streamlit,e2e_playwright/shared/toolbar_utils.py,MEDIUM,0.9998,0.0002,0.0,0.9998
streamlit,e2e_playwright/shared/app_target.py,MEDIUM,0.9998,1e-04,1e-04,0.9998
streamlit,e2e_playwright/shared/oidc_mock_server.py,HIGH,1.0,1.0,0.0,0.0
streamlit,e2e_playwright/shared/react18_utils.py,MEDIUM,0.9998,0.0002,0.0,0.9998
streamlit,e2e_playwright/shared/input_utils.py,MEDIUM,0.9863,0.0137,0.0,0.9863
streamlit,e2e_playwright/shared/vega_utils.py,MEDIUM,0.9999,1e-04,0.0,0.9999
streamlit,e2e_playwright/shared/app_utils.py,HIGH,1.0,1.0,0.0,0.0
streamlit,e2e_playwright/shared/performance.py,HIGH,0.9981,0.9981,0.0,0.0019
streamlit,e2e_playwright/shared/stats_reporter.py,HIGH,1.0,1.0,0.0,0.0
streamlit,e2e_playwright/shared/dataframe_utils.py,HIGH,1.0,1.0,0.0,0.0
streamlit,e2e_playwright/shared/git_utils.py,MEDIUM,0.9978,0.0,0.0022,0.9978
streamlit,e2e_playwright/shared/data_mocks.py,HIGH,1.0,1.0,0.0,0.0
streamlit,e2e_playwright/multipage_apps/mpa_v2_custom_theme.py,MEDIUM,0.9999,0.0,0.0,0.9999
streamlit,e2e_playwright/multipage_apps/mpa_configure_sidebar_test.py,MEDIUM,0.9987,0.0003,0.001,0.9987
streamlit,e2e_playwright/multipage_apps/mpa_v2_transition_test.py,MEDIUM,0.7256,0.0,0.2744,0.7256
streamlit,e2e_playwright/multipage_apps/mpa_v2_transition.py,MEDIUM,0.9621,0.0,0.0378,0.9621
streamlit,e2e_playwright/multipage_apps/mpa_v2_custom_theme_test.py,MEDIUM,0.9914,0.0,0.0086,0.9914
streamlit,e2e_playwright/multipage_apps/mpa_basics_test.py,HIGH,1.0,1.0,0.0,0.0
streamlit,e2e_playwright/multipage_apps/mpa_basics.py,MEDIUM,0.9992,0.0,0.0008,0.9992
streamlit,e2e_playwright/multipage_apps/mpa_configure_sidebar.py,MEDIUM,0.9996,0.0,0.0003,0.9996
streamlit,e2e_playwright/multipage_apps/pages/08_slow_page.py,LOW,0.9961,0.0,0.9961,0.0039
streamlit,e2e_playwright/multipage_apps/pages/09_logo_page.py,MEDIUM,0.9958,0.0,0.0042,0.9958
streamlit,e2e_playwright/multipage_apps/pages/07_page_7.py,MEDIUM,0.9609,0.0,0.0391,0.9609
streamlit,e2e_playwright/multipage_apps/pages/04_page_with_duplicate_name.py,MEDIUM,0.9284,0.0,0.0716,0.9284
streamlit,e2e_playwright/multipage_apps/pages/06_page_6.py,LOW,0.6959,0.0,0.6959,0.3041
streamlit,e2e_playwright/multipage_apps/pages/10_small_logo_page.py,MEDIUM,0.9985,0.0,0.0014,0.9985
streamlit,e2e_playwright/multipage_apps/pages/05_page_5.py,LOW,1.0,0.0,1.0,0.0
streamlit,e2e_playwright/multipage_apps/pages/13_page13.py,LOW,1.0,0.0,1.0,0.0
streamlit,e2e_playwright/multipage_apps/pages/03_page3.py,LOW,0.9961,0.0,0.9961,0.0039
streamlit,e2e_playwright/multipage_apps/pages/02_page2.py,MEDIUM,0.7986,0.0,0.2014,0.7986
streamlit,e2e_playwright/multipage_apps/pages/11_large_logo_page.py,MEDIUM,0.9985,0.0,0.0014,0.9985
streamlit,e2e_playwright/multipage_apps/pages/12_page12.py,MEDIUM,0.9996,0.0,0.0004,0.9996
streamlit,e2e_playwright/bidi_components/error_handling_test.py,MEDIUM,0.9792,0.0,0.0208,0.9792
streamlit,e2e_playwright/bidi_components/basics_test.py,MEDIUM,0.8133,0.1863,0.0003,0.8133
streamlit,e2e_playwright/bidi_components/error_handling.py,MEDIUM,0.9987,0.0,0.0012,0.9987
streamlit,e2e_playwright/bidi_components/session_state_interactions_test.py,MEDIUM,0.9944,0.0,0.0055,0.9944
streamlit,e2e_playwright/bidi_components/basics.py,HIGH,1.0,1.0,0.0,0.0
streamlit,e2e_playwright/bidi_components/session_state_interactions.py,MEDIUM,0.9998,1e-04,0.0,0.9998
streamlit,e2e_playwright/theming/theme_from_window_test.py,MEDIUM,0.9985,0.0003,0.0012,0.9985
streamlit,e2e_playwright/theming/theme_metric_value_style_test.py,MEDIUM,0.9944,0.0,0.0055,0.9944
streamlit,e2e_playwright/theming/font_unicode_range_test.py,MEDIUM,0.9989,0.0003,0.0008,0.9989
streamlit,e2e_playwright/theming/font_weight.py,MEDIUM,0.9999,0.0,1e-04,0.9999
streamlit,e2e_playwright/theming/custom_dark_theme_test.py,MEDIUM,0.9994,0.0006,0.0,0.9994
streamlit,e2e_playwright/theming/size_and_weight_test_app.py,HIGH,0.9073,0.9073,0.0,0.0927
streamlit,e2e_playwright/theming/custom_dark_theme.py,LOW,1.0,0.0,1.0,0.0
streamlit,e2e_playwright/theming/theme_header_sizes.py,LOW,1.0,0.0,1.0,0.0
streamlit,e2e_playwright/theming/theme_metric_value_style.py,MEDIUM,0.9994,0.0,0.0006,0.9994
streamlit,e2e_playwright/theming/custom_background_colors_test.py,MEDIUM,0.9962,0.0002,0.0036,0.9962
streamlit,e2e_playwright/theming/custom_light_theme_test.py,MEDIUM,0.9992,0.0008,0.0,0.9992
streamlit,e2e_playwright/theming/custom_dark_sidebar_theme.py,LOW,1.0,0.0,1.0,0.0
streamlit,e2e_playwright/theming/custom_light_sidebar_theme_test.py,MEDIUM,0.9998,0.0002,0.0,0.9998
streamlit,e2e_playwright/theming/theme_chart_colors_app.py,HIGH,0.9659,0.9659,0.0,0.0341
streamlit,e2e_playwright/theming/snowflake_dark_theme_test.py,MEDIUM,0.999,0.0007,0.0003,0.999
streamlit,e2e_playwright/theming/theme_tester_app.py,HIGH,0.9793,0.9793,0.0,0.0207
streamlit,e2e_playwright/theming/custom_light_sidebar_theme.py,LOW,1.0,0.0,1.0,0.0
streamlit,e2e_playwright/theming/snowflake_light_theme.py,LOW,1.0,0.0,1.0,0.0
streamlit,e2e_playwright/theming/snowflake_light_theme_test.py,MEDIUM,0.999,0.0007,0.0003,0.999
streamlit,e2e_playwright/theming/custom_light_theme.py,LOW,1.0,0.0,1.0,0.0
streamlit,e2e_playwright/theming/custom_theme_fonts_test.py,MEDIUM,0.9964,0.0002,0.0034,0.9964
streamlit,e2e_playwright/theming/theme_chart_colors_test.py,HIGH,0.9989,0.9989,0.0,0.0011
streamlit,e2e_playwright/theming/custom_theme_fonts.py,LOW,1.0,0.0,1.0,0.0
streamlit,e2e_playwright/theming/sidebar_custom_theme_test.py,MEDIUM,0.9981,0.0002,0.0017,0.9981
streamlit,e2e_playwright/theming/font_style_test.py,MEDIUM,0.9954,1e-04,0.0045,0.9954
streamlit,e2e_playwright/theming/custom_dark_sidebar_theme_test.py,MEDIUM,0.9812,0.0188,0.0,0.9812
streamlit,e2e_playwright/theming/font_weight_test.py,MEDIUM,0.9989,0.0003,0.0009,0.9989
streamlit,e2e_playwright/theming/theme_chart_colors.py,LOW,1.0,0.0,1.0,0.0
streamlit,e2e_playwright/theming/custom_url_base_test.py,MEDIUM,0.9944,0.0,0.0055,0.9944
streamlit,e2e_playwright/theming/custom_main_colors_test.py,MEDIUM,0.9954,1e-04,0.0044,0.9954
streamlit,e2e_playwright/theming/font_unicode_range.py,MEDIUM,0.9998,0.0,0.0002,0.9998
streamlit,e2e_playwright/theming/custom_text_colors_test.py,MEDIUM,0.9949,1e-04,0.0049,0.9949
streamlit,e2e_playwright/theming/custom_text_colors.py,HIGH,0.9719,0.9719,0.0,0.0281
streamlit,e2e_playwright/theming/font_style.py,MEDIUM,0.9999,1e-04,1e-04,0.9999
streamlit,e2e_playwright/theming/custom_main_colors.py,HIGH,0.5874,0.5874,0.0,0.4126
streamlit,e2e_playwright/theming/theme_from_window.py,LOW,1.0,0.0,1.0,0.0
streamlit,e2e_playwright/theming/custom_url_base.py,LOW,1.0,0.0,1.0,0.0
streamlit,e2e_playwright/theming/custom_background_colors.py,HIGH,0.9706,0.9706,0.0,0.0294
streamlit,e2e_playwright/theming/theme_font_weights.py,LOW,1.0,0.0,1.0,0.0
streamlit,e2e_playwright/theming/sidebar_custom_theme.py,LOW,1.0,0.0,1.0,0.0
streamlit,e2e_playwright/theming/theme_header_sizes_test.py,MEDIUM,0.9865,1e-04,0.0135,0.9865
streamlit,e2e_playwright/theming/theme_font_weights_test.py,MEDIUM,0.9944,0.0,0.0055,0.9944
streamlit,e2e_playwright/theming/custom_theme.py,LOW,1.0,0.0,1.0,0.0
streamlit,e2e_playwright/theming/snowflake_dark_theme.py,LOW,1.0,0.0,1.0,0.0
streamlit,e2e_playwright/theming/custom_theme_test.py,MEDIUM,0.9962,0.0002,0.0036,0.9962
streamlit,e2e_playwright/load_testing/worker.py,MEDIUM,0.5988,0.4012,0.0,0.5988
streamlit,e2e_playwright/load_testing/conftest.py,HIGH,0.9986,0.9986,0.0,0.0014
streamlit,e2e_playwright/load_testing/__init__.py,LOW,1.0,0.0,1.0,0.0
streamlit,e2e_playwright/load_testing/metrics_collector.py,HIGH,0.9979,0.9979,0.0,0.0021
streamlit,e2e_playwright/load_testing/generate_report.py,HIGH,0.9998,0.9998,0.0,0.0002
streamlit,e2e_playwright/load_testing/test_load.py,HIGH,0.9862,0.9862,0.0,0.0138
streamlit,e2e_playwright/load_testing/scenarios/dataframe_app.py,MEDIUM,0.9994,0.0,0.0005,0.9994
streamlit,e2e_playwright/load_testing/scenarios/widget_heavy_app.py,MEDIUM,0.9992,0.0,0.0008,0.9992
streamlit,e2e_playwright/load_testing/scenarios/__init__.py,LOW,1.0,0.0,1.0,0.0
streamlit,e2e_playwright/load_testing/scenarios/fragment_app.py,MEDIUM,0.9999,0.0,1e-04,0.9999
streamlit,e2e_playwright/load_testing/scenarios/simple_app.py,MEDIUM,0.991,0.0,0.009,0.991
streamlit,e2e_playwright/load_testing/scenarios/many_messages_app.py,MEDIUM,0.9999,1e-04,1e-04,0.9999
streamlit,e2e_playwright/load_testing/scenarios/caching_app.py,MEDIUM,0.9789,0.0,0.0211,0.9789
streamlit,e2e_playwright/multipage_apps_v2/mpa_v2_page_visibility_test.py,MEDIUM,0.999,0.0007,0.0003,0.999
streamlit,e2e_playwright/multipage_apps_v2/mpa_v2_title_test.py,MEDIUM,0.9991,0.0,0.0009,0.9991
streamlit,e2e_playwright/multipage_apps_v2/mpa_v2_page_visibility.py,MEDIUM,0.9997,0.0003,0.0,0.9997
streamlit,e2e_playwright/multipage_apps_v2/page_6_slow_page.py,MEDIUM,0.9958,0.0,0.0042,0.9958
streamlit,e2e_playwright/multipage_apps_v2/mpa_v2_basics.py,HIGH,1.0,1.0,0.0,0.0
streamlit,e2e_playwright/multipage_apps_v2/mpa_v2_top_nav.py,HIGH,0.9799,0.9799,0.0,0.0201
streamlit,e2e_playwright/multipage_apps_v2/🦒_page_4.py,LOW,0.6959,0.0,0.6959,0.3041
streamlit,e2e_playwright/multipage_apps_v2/page_2.py,MEDIUM,0.9848,0.0,0.0152,0.9848
streamlit,e2e_playwright/multipage_apps_v2/mpa_v2_anchors.py,MEDIUM,0.9995,0.0,0.0004,0.9995
streamlit,e2e_playwright/multipage_apps_v2/mpa_v2_basics_test.py,HIGH,1.0,1.0,0.0,0.0
streamlit,e2e_playwright/multipage_apps_v2/page_3.py,LOW,0.9961,0.0,0.9961,0.0039
streamlit,e2e_playwright/multipage_apps_v2/mpa_v2_anchors_test.py,MEDIUM,0.9949,0.0,0.005,0.9949
streamlit,e2e_playwright/multipage_apps_v2/mpa_v2_initial_load.py,LOW,0.9998,0.0,0.9998,0.0002
streamlit,e2e_playwright/multipage_apps_v2/mpa_v2_initial_load_test.py,MEDIUM,0.9621,0.0,0.0378,0.9621
streamlit,e2e_playwright/multipage_apps_v2/page_5.py,MEDIUM,0.9949,0.0,0.005,0.9949
streamlit,e2e_playwright/multipage_apps_v2/mpa_v2_top_nav_test.py,HIGH,0.9516,0.9516,1e-04,0.0483
streamlit,e2e_playwright/multipage_apps_v2/mpa_v2_title.py,MEDIUM,0.9261,0.0,0.0739,0.9261
streamlit,.claude/hooks/pre_bash_redirect.py,MEDIUM,0.9557,0.0443,0.0,0.9557
streamlit,scripts/update_version.py,MEDIUM,0.8718,0.1282,0.0,0.8718
streamlit,scripts/update_e2e_snapshots.py,HIGH,0.9999,0.9999,0.0,1e-04
streamlit,scripts/verify_version.py,MEDIUM,0.9997,0.0002,0.0,0.9997
streamlit,scripts/update_name.py,MEDIUM,0.9802,0.0198,0.0,0.9802
streamlit,scripts/snapshot_cleanup.py,HIGH,1.0,1.0,0.0,0.0
streamlit,scripts/run_in_subdirectory.py,MEDIUM,0.9664,0.0336,0.0,0.9664
streamlit,scripts/slack_notifications.py,HIGH,1.0,1.0,0.0,0.0
streamlit,scripts/create_release.py,MEDIUM,0.9999,1e-04,0.0,0.9999
streamlit,scripts/get_release_branch.py,MEDIUM,0.9999,0.0,1e-04,0.9999
streamlit,scripts/check_license_headers.py,MEDIUM,0.9954,0.0046,0.0,0.9954
streamlit,scripts/cli_regression_tests.py,HIGH,0.9843,0.9843,0.0,0.0157
streamlit,scripts/audit_frontend_licenses.py,HIGH,0.8414,0.8414,0.0,0.1586
streamlit,scripts/run_bare_execution_tests.py,MEDIUM,0.9289,0.0711,0.0,0.9289
streamlit,scripts/sync_vscode_devcontainer.py,HIGH,0.9999,0.9999,0.0,1e-04
streamlit,scripts/pypi_nightly_create_tag.py,MEDIUM,0.9998,1e-04,0.0,0.9998
streamlit,scripts/changelog_fetch_prs.py,HIGH,0.999,0.999,0.0,0.001
streamlit,scripts/cli_smoke_tests.py,MEDIUM,0.9999,0.0,1e-04,0.9999
streamlit,scripts/log_agent_metrics.py,HIGH,0.9997,0.9997,0.0,0.0003
streamlit,scripts/changelog_categorize_prs.py,HIGH,0.9971,0.9971,0.0,0.0029
streamlit,scripts/update_emojis.py,MEDIUM,0.9998,1e-04,1e-04,0.9998
streamlit,scripts/sync_ruff_version.py,HIGH,0.9852,0.9852,0.0,0.0148
streamlit,scripts/generate_agent_rules.py,HIGH,1.0,1.0,0.0,0.0
streamlit,scripts/fetch_flaky_tests.py,HIGH,0.9997,0.9997,0.0,0.0003
streamlit,scripts/update_material_icon_font_and_names.py,MEDIUM,0.6468,0.3532,0.0,0.6468
streamlit,scripts/get_min_versions.py,MEDIUM,0.9733,0.0267,0.0,0.9733
streamlit,scripts/get_changed_files.py,HIGH,1.0,1.0,0.0,0.0
streamlit,lib/streamlit/delta_generator.py,HIGH,1.0,1.0,0.0,0.0
streamlit,lib/streamlit/starlette.py,MEDIUM,0.9792,0.0,0.0208,0.9792
streamlit,lib/streamlit/config.py,HIGH,1.0,1.0,0.0,0.0
streamlit,lib/streamlit/version.py,LOW,0.9998,0.0,0.9998,0.0002
streamlit,lib/streamlit/auth_util.py,HIGH,1.0,1.0,0.0,0.0
streamlit,lib/streamlit/env_util.py,MEDIUM,0.9998,0.0,0.0002,0.9998
streamlit,lib/streamlit/path_security.py,MEDIUM,0.9974,0.0026,0.0,0.9974
streamlit,lib/streamlit/util.py,HIGH,1.0,1.0,0.0,0.0
streamlit,lib/streamlit/material_icon_names.py,HIGH,0.6971,0.6971,0.0006,0.3023
streamlit,lib/streamlit/source_util.py,MEDIUM,0.9993,0.0007,0.0,0.9993
streamlit,lib/streamlit/deprecation_util.py,HIGH,0.999,0.999,0.0,0.001
streamlit,lib/streamlit/dataframe_util.py,HIGH,1.0,1.0,0.0,0.0
streamlit,lib/streamlit/temporary_directory.py,MEDIUM,0.9998,0.0,1e-04,0.9998
streamlit,lib/streamlit/__init__.py,MEDIUM,0.7383,0.2614,0.0003,0.7383
streamlit,lib/streamlit/file_util.py,HIGH,0.9984,0.9984,0.0,0.0016
streamlit,lib/streamlit/string_util.py,HIGH,0.9999,0.9999,0.0,1e-04
streamlit,lib/streamlit/delta_generator_singletons.py,HIGH,0.9895,0.9895,0.0,0.0105
streamlit,lib/streamlit/development.py,LOW,0.9721,0.0,0.9721,0.0279
streamlit,lib/streamlit/column_config.py,HIGH,0.9578,0.9578,0.0,0.0422
streamlit,lib/streamlit/logger.py,MEDIUM,0.687,0.313,0.0,0.687
streamlit,lib/streamlit/net_util.py,MEDIUM,0.9289,0.0711,0.0,0.9289
streamlit,lib/streamlit/emojis.py,MEDIUM,0.9609,0.0,0.0391,0.9609
streamlit,lib/streamlit/platform.py,MEDIUM,0.9978,0.0,0.0022,0.9978
streamlit,lib/streamlit/config_option.py,HIGH,0.9996,0.9996,0.0,0.0004
streamlit,lib/streamlit/type_util.py,HIGH,1.0,1.0,0.0,0.0
streamlit,lib/streamlit/user_info.py,HIGH,1.0,1.0,0.0,0.0
streamlit,lib/streamlit/git_util.py,HIGH,0.9833,0.9833,0.0,0.0167
streamlit,lib/streamlit/errors.py,HIGH,1.0,1.0,0.0,0.0
streamlit,lib/streamlit/error_util.py,HIGH,0.9302,0.9302,0.0,0.0698
streamlit,lib/streamlit/time_util.py,MEDIUM,0.9997,0.0003,0.0,0.9997
streamlit,lib/streamlit/config_util.py,HIGH,1.0,1.0,0.0,0.0
streamlit,lib/streamlit/cli_util.py,MEDIUM,0.9972,0.0028,0.0,0.9972
streamlit,lib/streamlit/__main__.py,LOW,0.9961,0.0,0.9961,0.0039
streamlit,lib/streamlit/url_util.py,MEDIUM,0.7707,0.2293,0.0,0.7707
streamlit,lib/streamlit/cursor.py,HIGH,0.9992,0.9992,0.0,0.0008
streamlit,lib/streamlit/watcher/folder_black_list.py,MEDIUM,0.9999,1e-04,1e-04,0.9999
streamlit,lib/streamlit/watcher/util.py,HIGH,0.9799,0.9799,0.0,0.0201
streamlit,lib/streamlit/watcher/__init__.py,MEDIUM,0.9778,0.0,0.0222,0.9778
streamlit,lib/streamlit/watcher/path_watcher.py,HIGH,0.9853,0.9853,0.0,0.0147
streamlit,lib/streamlit/watcher/polling_path_watcher.py,MEDIUM,0.9616,0.0383,0.0,0.9616
streamlit,lib/streamlit/watcher/local_sources_watcher.py,HIGH,1.0,1.0,0.0,0.0
streamlit,lib/streamlit/watcher/event_based_path_watcher.py,HIGH,1.0,1.0,0.0,0.0
streamlit,lib/streamlit/web/bootstrap.py,HIGH,1.0,1.0,0.0,0.0
streamlit,lib/streamlit/web/skills.py,HIGH,1.0,1.0,0.0,0.0
streamlit,lib/streamlit/web/cache_storage_manager_config.py,MEDIUM,0.9985,0.0,0.0014,0.9985
streamlit,lib/streamlit/web/cli.py,HIGH,1.0,1.0,0.0,0.0
streamlit,lib/streamlit/web/server/server.py,MEDIUM,0.9993,0.0007,0.0,0.9993
streamlit,lib/streamlit/web/server/app_discovery.py,HIGH,1.0,1.0,0.0,0.0
streamlit,lib/streamlit/web/server/__init__.py,MEDIUM,0.9621,0.0,0.0378,0.9621
streamlit,lib/streamlit/web/server/component_file_utils.py,MEDIUM,0.9986,0.0013,0.0,0.9986
streamlit,lib/streamlit/web/server/server_util.py,HIGH,0.9815,0.9815,0.0,0.0185
streamlit,lib/streamlit/web/server/starlette/starlette_server.py,HIGH,1.0,1.0,0.0,0.0
streamlit,lib/streamlit/web/server/starlette/__init__.py,MEDIUM,0.7256,0.0,0.2744,0.7256
streamlit,lib/streamlit/web/server/starlette/starlette_gzip_middleware.py,MEDIUM,0.7421,0.2579,0.0,0.7421
streamlit,lib/streamlit/web/server/starlette/starlette_auth_routes.py,HIGH,1.0,1.0,0.0,0.0
streamlit,lib/streamlit/web/server/starlette/starlette_server_config.py,MEDIUM,0.9325,0.0565,0.0109,0.9325
streamlit,lib/streamlit/web/server/starlette/starlette_routes.py,HIGH,1.0,1.0,0.0,0.0
streamlit,lib/streamlit/web/server/starlette/starlette_websocket.py,HIGH,1.0,1.0,0.0,0.0
streamlit,lib/streamlit/web/server/starlette/starlette_path_security_middleware.py,HIGH,0.7205,0.7205,0.0,0.2795
streamlit,lib/streamlit/web/server/starlette/starlette_app.py,HIGH,1.0,1.0,0.0,0.0
streamlit,lib/streamlit/web/server/starlette/starlette_app_utils.py,HIGH,1.0,1.0,0.0,0.0
streamlit,lib/streamlit/web/server/starlette/starlette_static_routes.py,HIGH,0.9101,0.9101,0.0,0.0899
streamlit,lib/streamlit/runtime/forward_msg_queue.py,HIGH,0.9859,0.9859,0.0,0.0141
streamlit,lib/streamlit/runtime/app_session.py,HIGH,1.0,1.0,0.0,0.0
streamlit,lib/streamlit/runtime/uploaded_file_manager.py,MEDIUM,0.9994,0.0006,0.0,0.9994
streamlit,lib/streamlit/runtime/memory_uploaded_file_manager.py,HIGH,1.0,1.0,0.0,0.0
streamlit,lib/streamlit/runtime/connection_factory.py,HIGH,1.0,1.0,0.0,0.0
streamlit,lib/streamlit/runtime/credentials.py,HIGH,1.0,1.0,0.0,0.0
streamlit,lib/streamlit/runtime/metrics_util.py,HIGH,1.0,1.0,0.0,0.0
streamlit,lib/streamlit/runtime/memory_media_file_storage.py,HIGH,0.9778,0.9778,0.0,0.0222
streamlit,lib/streamlit/runtime/memory_session_storage.py,MEDIUM,0.9996,1e-04,0.0003,0.9996
streamlit,lib/streamlit/runtime/session_manager.py,HIGH,0.9991,0.9991,0.0,0.0009
streamlit,lib/streamlit/runtime/__init__.py,MEDIUM,0.9908,1e-04,0.0091,0.9908
streamlit,lib/streamlit/runtime/forward_msg_cache.py,MEDIUM,0.9998,0.0002,0.0,0.9998
streamlit,lib/streamlit/runtime/websocket_session_manager.py,HIGH,0.9999,0.9999,0.0,1e-04
streamlit,lib/streamlit/runtime/backend_operation_handler.py,HIGH,1.0,1.0,0.0,0.0
streamlit,lib/streamlit/runtime/runtime.py,HIGH,1.0,1.0,0.0,0.0
streamlit,lib/streamlit/runtime/media_file_manager.py,HIGH,1.0,1.0,0.0,0.0
streamlit,lib/streamlit/runtime/context_util.py,MEDIUM,0.9998,1e-04,1e-04,0.9998
streamlit,lib/streamlit/runtime/context.py,HIGH,1.0,1.0,0.0,0.0
streamlit,lib/streamlit/runtime/fragment.py,HIGH,1.0,1.0,0.0,0.0
streamlit,lib/streamlit/runtime/secrets.py,HIGH,1.0,1.0,0.0,0.0
streamlit,lib/streamlit/runtime/pages_manager.py,HIGH,1.0,1.0,0.0,0.0
streamlit,lib/streamlit/runtime/stats.py,HIGH,1.0,1.0,0.0,0.0
streamlit,lib/streamlit/runtime/media_file_storage.py,MEDIUM,0.9989,0.0008,0.0003,0.9989
streamlit,lib/streamlit/runtime/download_data_util.py,MEDIUM,0.9999,1e-04,0.0,0.9999
streamlit,lib/streamlit/runtime/parallel_coordinator.py,HIGH,1.0,1.0,0.0,0.0
streamlit,lib/streamlit/runtime/runtime_util.py,MEDIUM,0.9996,0.0004,0.0,0.9996
streamlit,lib/streamlit/runtime/theme_util.py,HIGH,0.7889,0.7889,0.0,0.2111
streamlit,lib/streamlit/runtime/script_data.py,MEDIUM,0.9859,1e-04,0.014,0.9859
streamlit,lib/streamlit/runtime/state/session_state.py,HIGH,1.0,1.0,0.0,0.0
streamlit,lib/streamlit/runtime/state/session_state_proxy.py,MEDIUM,0.5988,0.4012,0.0,0.5988
streamlit,lib/streamlit/runtime/state/safe_session_state.py,HIGH,0.8184,0.8184,0.0,0.1816
streamlit,lib/streamlit/runtime/state/__init__.py,MEDIUM,0.9938,1e-04,0.0061,0.9938
streamlit,lib/streamlit/runtime/state/widgets.py,HIGH,1.0,1.0,0.0,0.0
streamlit,lib/streamlit/runtime/state/presentation.py,MEDIUM,0.9993,0.0007,0.0,0.9993
streamlit,lib/streamlit/runtime/state/common.py,HIGH,0.5764,0.5764,0.0,0.4235
streamlit,lib/streamlit/runtime/state/query_params.py,HIGH,1.0,1.0,0.0,0.0
streamlit,lib/streamlit/runtime/state/query_params_proxy.py,HIGH,1.0,1.0,0.0,0.0
streamlit,lib/streamlit/runtime/scriptrunner/magic.py,HIGH,0.9995,0.9995,0.0,0.0005
streamlit,lib/streamlit/runtime/scriptrunner/exec_code.py,HIGH,0.7205,0.7205,0.0,0.2795
streamlit,lib/streamlit/runtime/scriptrunner/__init__.py,MEDIUM,0.9896,1e-04,0.0103,0.9896
streamlit,lib/streamlit/runtime/scriptrunner/script_runner.py,HIGH,1.0,1.0,0.0,0.0
streamlit,lib/streamlit/runtime/scriptrunner/script_cache.py,MEDIUM,0.9997,0.0003,0.0,0.9997
streamlit,lib/streamlit/runtime/scriptrunner/magic_funcs.py,MEDIUM,0.9981,0.0,0.0019,0.9981
streamlit,lib/streamlit/runtime/caching/cache_type.py,MEDIUM,0.9995,0.0,0.0005,0.9995
streamlit,lib/streamlit/runtime/caching/cache_errors.py,MEDIUM,0.5587,0.4413,0.0,0.5587
streamlit,lib/streamlit/runtime/caching/cache_data_api.py,HIGH,1.0,1.0,0.0,0.0
streamlit,lib/streamlit/runtime/caching/__init__.py,MEDIUM,0.9998,0.0002,0.0,0.9998
streamlit,lib/streamlit/runtime/caching/legacy_cache_api.py,MEDIUM,0.9977,0.0023,0.0,0.9977
streamlit,lib/streamlit/runtime/caching/ttl_cleanup_cache.py,MEDIUM,0.9995,0.0005,0.0,0.9995
streamlit,lib/streamlit/runtime/caching/cache_utils.py,HIGH,1.0,1.0,0.0,0.0
streamlit,lib/streamlit/runtime/caching/cached_message_replay.py,HIGH,0.9998,0.9998,0.0,0.0002
streamlit,lib/streamlit/runtime/caching/cache_resource_api.py,HIGH,1.0,1.0,0.0,0.0
streamlit,lib/streamlit/runtime/caching/hashing.py,HIGH,1.0,1.0,0.0,0.0
streamlit,lib/streamlit/runtime/caching/storage/in_memory_cache_storage_wrapper.py,HIGH,0.8351,0.8351,0.0,0.1649
streamlit,lib/streamlit/runtime/caching/storage/local_disk_cache_storage.py,HIGH,0.9979,0.9979,0.0,0.0021
streamlit,lib/streamlit/runtime/caching/storage/__init__.py,MEDIUM,0.9789,0.0,0.0211,0.9789
streamlit,lib/streamlit/runtime/caching/storage/dummy_cache_storage.py,MEDIUM,0.9941,1e-04,0.0059,0.9941
streamlit,lib/streamlit/runtime/caching/storage/cache_storage_protocol.py,MEDIUM,0.7499,0.2496,0.0005,0.7499
streamlit,lib/streamlit/runtime/scriptrunner_utils/script_requests.py,HIGH,1.0,1.0,0.0,0.0
streamlit,lib/streamlit/runtime/scriptrunner_utils/thread_safe_set.py,MEDIUM,0.9998,1e-04,0.0,0.9998
streamlit,lib/streamlit/runtime/scriptrunner_utils/__init__.py,LOW,0.9721,0.0,0.9721,0.0279
streamlit,lib/streamlit/runtime/scriptrunner_utils/shared_run_state.py,HIGH,1.0,1.0,0.0,0.0
streamlit,lib/streamlit/runtime/scriptrunner_utils/script_run_context.py,HIGH,1.0,1.0,0.0,0.0
streamlit,lib/streamlit/runtime/scriptrunner_utils/exceptions.py,MEDIUM,0.9863,0.0,0.0136,0.9863
streamlit,lib/streamlit/runtime/scriptrunner_utils/script_run_context_attr.py,HIGH,0.8834,0.8834,0.0002,0.1164
streamlit,lib/streamlit/.agents/skills/developing-with-streamlit/assets/templates/apps/dashboard-compute/streamlit_app.py,HIGH,1.0,1.0,0.0,0.0
streamlit,lib/streamlit/.agents/skills/developing-with-streamlit/assets/templates/apps/dashboard-feature-usage/streamlit_app.py,HIGH,1.0,1.0,0.0,0.0
streamlit,lib/streamlit/.agents/skills/developing-with-streamlit/assets/templates/apps/dashboard-stock-peers/streamlit_app.py,HIGH,0.9998,0.9998,0.0,0.0002
streamlit,lib/streamlit/.agents/skills/developing-with-streamlit/assets/templates/apps/dashboard-companies/streamlit_app.py,HIGH,1.0,1.0,0.0,0.0
streamlit,lib/streamlit/.agents/skills/developing-with-streamlit/assets/templates/apps/dashboard-seattle-weather/streamlit_app.py,HIGH,0.9994,0.9994,0.0,0.0006
streamlit,lib/streamlit/.agents/skills/developing-with-streamlit/assets/templates/apps/dashboard-metrics/streamlit_app.py,HIGH,1.0,1.0,0.0,0.0
streamlit,lib/streamlit/navigation/page.py,HIGH,1.0,1.0,0.0,0.0
streamlit,lib/streamlit/testing/v1/app_test.py,HIGH,1.0,1.0,0.0,0.0
streamlit,lib/streamlit/testing/v1/util.py,MEDIUM,0.9999,0.0,1e-04,0.9999
streamlit,lib/streamlit/testing/v1/__init__.py,LOW,1.0,0.0,1.0,0.0
streamlit,lib/streamlit/testing/v1/local_script_runner.py,HIGH,1.0,1.0,0.0,0.0
streamlit,lib/streamlit/testing/v1/element_tree.py,HIGH,1.0,1.0,0.0,0.0
streamlit,lib/streamlit/connections/sql_connection.py,HIGH,0.9998,0.9998,0.0,0.0002
streamlit,lib/streamlit/connections/util.py,MEDIUM,0.9935,0.0064,0.0,0.9935
streamlit,lib/streamlit/connections/base_connection.py,HIGH,0.9747,0.9747,0.0,0.0253
streamlit,lib/streamlit/connections/__init__.py,MEDIUM,0.9819,0.0,0.0181,0.9819
streamlit,lib/streamlit/connections/snowflake_connection.py,HIGH,1.0,1.0,0.0,0.0
streamlit,lib/streamlit/connections/snowpark_connection.py,HIGH,0.9861,0.9861,0.0,0.0139
streamlit,lib/streamlit/components/v1/component_registry.py,MEDIUM,0.7713,0.2287,0.0,0.7713
streamlit,lib/streamlit/components/v1/component_arrow.py,MEDIUM,0.9921,0.0079,0.0,0.9921
streamlit,lib/streamlit/components/v1/__init__.py,MEDIUM,0.9914,0.0,0.0085,0.9914
streamlit,lib/streamlit/components/v1/custom_component.py,HIGH,0.998,0.998,0.0,0.002
streamlit,lib/streamlit/components/v1/components.py,MEDIUM,0.9789,0.0,0.0211,0.9789
streamlit,lib/streamlit/components/types/base_component_registry.py,MEDIUM,0.9998,1e-04,1e-04,0.9998
streamlit,lib/streamlit/components/types/base_custom_component.py,MEDIUM,0.6551,0.3449,0.0,0.6551
streamlit,lib/streamlit/components/v2/get_bidi_component_manager.py,MEDIUM,0.9995,0.0,0.0004,0.9995
streamlit,lib/streamlit/components/v2/component_registry.py,HIGH,1.0,1.0,0.0,0.0
streamlit,lib/streamlit/components/v2/__init__.py,HIGH,0.9998,0.9998,0.0,0.0002
streamlit,lib/streamlit/components/v2/types.py,HIGH,0.9386,0.9386,0.0,0.0614
streamlit,lib/streamlit/components/v2/presentation.py,HIGH,1.0,1.0,0.0,0.0
streamlit,lib/streamlit/components/v2/component_definition_resolver.py,MEDIUM,0.9212,0.0788,0.0,0.9212
streamlit,lib/streamlit/components/v2/manifest_scanner.py,HIGH,1.0,1.0,0.0,0.0
streamlit,lib/streamlit/components/v2/component_manifest_handler.py,MEDIUM,0.9995,0.0004,0.0,0.9995
streamlit,lib/streamlit/components/v2/component_path_utils.py,HIGH,0.9978,0.9978,0.0,0.0022
streamlit,lib/streamlit/components/v2/component_manager.py,HIGH,1.0,1.0,0.0,0.0
streamlit,lib/streamlit/components/v2/component_file_watcher.py,HIGH,1.0,1.0,0.0,0.0
streamlit,lib/streamlit/components/v2/bidi_component/constants.py,LOW,0.9721,0.0,0.9721,0.0279
streamlit,lib/streamlit/components/v2/bidi_component/__init__.py,MEDIUM,0.5758,0.0,0.4242,0.5758
streamlit,lib/streamlit/components/v2/bidi_component/main.py,HIGH,1.0,1.0,0.0,0.0
streamlit,lib/streamlit/components/v2/bidi_component/serialization.py,HIGH,0.9992,0.9992,0.0,0.0008
streamlit,lib/streamlit/components/v2/bidi_component/state.py,MEDIUM,0.9998,0.0002,0.0,0.9998
streamlit,lib/streamlit/components/lib/local_component_registry.py,MEDIUM,0.9989,0.0011,0.0,0.9989
streamlit,lib/streamlit/elements/exception.py,HIGH,0.9999,0.9999,0.0,1e-04
streamlit,lib/streamlit/elements/media.py,HIGH,1.0,1.0,0.0,0.0
streamlit,lib/streamlit/elements/write.py,HIGH,1.0,1.0,0.0,0.0
streamlit,lib/streamlit/elements/vega_charts.py,HIGH,1.0,1.0,0.0,0.0
streamlit,lib/streamlit/elements/graphviz_chart.py,HIGH,0.9711,0.9711,0.0,0.0289
streamlit,lib/streamlit/elements/snow.py,MEDIUM,0.9983,0.0,0.0016,0.9983
streamlit,lib/streamlit/elements/bottom.py,MEDIUM,0.9996,0.0004,0.0,0.9996
streamlit,lib/streamlit/elements/dialog_decorator.py,HIGH,1.0,1.0,0.0,0.0
streamlit,lib/streamlit/elements/html.py,HIGH,0.903,0.903,0.0,0.097
streamlit,lib/streamlit/elements/empty.py,MEDIUM,0.9994,0.0006,0.0,0.9994
streamlit,lib/streamlit/elements/arrow.py,HIGH,1.0,1.0,0.0,0.0
streamlit,lib/streamlit/elements/code.py,MEDIUM,0.9812,0.0188,0.0,0.9812
streamlit,lib/streamlit/elements/iframe.py,HIGH,1.0,1.0,0.0,0.0
streamlit,lib/streamlit/elements/pdf.py,HIGH,0.91,0.91,0.0,0.09
streamlit,lib/streamlit/elements/map.py,HIGH,1.0,1.0,0.0,0.0
streamlit,lib/streamlit/elements/metric.py,HIGH,1.0,1.0,0.0,0.0
streamlit,lib/streamlit/elements/heading.py,HIGH,1.0,1.0,0.0,0.0
streamlit,lib/streamlit/elements/form.py,HIGH,0.9999,0.9999,0.0,1e-04
streamlit,lib/streamlit/elements/markdown.py,HIGH,0.9999,0.9999,0.0,1e-04
streamlit,lib/streamlit/elements/text.py,MEDIUM,0.9999,1e-04,0.0,0.9999
streamlit,lib/streamlit/elements/deck_gl_json_chart.py,HIGH,1.0,1.0,0.0,0.0
streamlit,lib/streamlit/elements/toast.py,HIGH,0.8919,0.8919,0.0,0.1081
streamlit,lib/streamlit/elements/balloons.py,MEDIUM,0.9983,0.0,0.0016,0.9983
streamlit,lib/streamlit/elements/table.py,HIGH,0.9997,0.9997,0.0,0.0003
streamlit,lib/streamlit/elements/plotly_chart.py,HIGH,1.0,1.0,0.0,0.0
streamlit,lib/streamlit/elements/pyplot.py,HIGH,0.9883,0.9883,0.0,0.0117
streamlit,lib/streamlit/elements/space.py,MEDIUM,0.9999,1e-04,0.0,0.9999
streamlit,lib/streamlit/elements/progress.py,HIGH,0.8374,0.8374,0.0,0.1626
streamlit,lib/streamlit/elements/spinner.py,MEDIUM,0.8485,0.1515,0.0,0.8485
streamlit,lib/streamlit/elements/help.py,HIGH,1.0,1.0,0.0,0.0
streamlit,lib/streamlit/elements/layouts.py,HIGH,1.0,1.0,0.0,0.0
streamlit,lib/streamlit/elements/json.py,HIGH,0.9177,0.9177,0.0,0.0823
streamlit,lib/streamlit/elements/bokeh_chart.py,MEDIUM,0.9998,0.0,1e-04,0.9998
streamlit,lib/streamlit/elements/image.py,HIGH,0.9982,0.9982,0.0,0.0018
streamlit,lib/streamlit/elements/alert.py,HIGH,1.0,1.0,0.0,0.0
streamlit,lib/streamlit/elements/lib/column_config_utils.py,HIGH,1.0,1.0,0.0,0.0
streamlit,lib/streamlit/elements/lib/layout_utils.py,HIGH,1.0,1.0,0.0,0.0
streamlit,lib/streamlit/elements/lib/image_utils.py,HIGH,1.0,1.0,0.0,0.0
streamlit,lib/streamlit/elements/lib/built_in_chart_utils.py,HIGH,1.0,1.0,0.0,0.0
streamlit,lib/streamlit/elements/lib/shortcut_utils.py,HIGH,1.0,1.0,0.0,0.0
streamlit,lib/streamlit/elements/lib/dialog.py,HIGH,0.9649,0.9649,0.0,0.0351
streamlit,lib/streamlit/elements/lib/file_uploader_utils.py,HIGH,0.8728,0.8728,0.0,0.1272
streamlit,lib/streamlit/elements/lib/mutable_tab_container.py,MEDIUM,0.9997,0.0002,0.0,0.9997
streamlit,lib/streamlit/elements/lib/mutable_status_container.py,HIGH,1.0,1.0,0.0,0.0
streamlit,lib/streamlit/elements/lib/color_util.py,HIGH,1.0,1.0,0.0,0.0
streamlit,lib/streamlit/elements/lib/subtitle_utils.py,HIGH,0.9093,0.9093,0.0,0.0907
streamlit,lib/streamlit/elements/lib/js_number.py,MEDIUM,0.9974,0.0026,0.0,0.9974
streamlit,lib/streamlit/elements/lib/mutable_popover_container.py,MEDIUM,0.9999,1e-04,0.0,0.9999
streamlit,lib/streamlit/elements/lib/utils.py,HIGH,1.0,1.0,0.0,0.0
streamlit,lib/streamlit/elements/lib/mutable_expander_container.py,MEDIUM,0.9999,1e-04,0.0,0.9999
streamlit,lib/streamlit/elements/lib/streamlit_plotly_theme.py,MEDIUM,0.9073,0.0926,1e-04,0.9073
streamlit,lib/streamlit/elements/lib/dicttools.py,HIGH,0.5747,0.5747,0.0,0.4253
streamlit,lib/streamlit/elements/lib/column_types.py,HIGH,1.0,1.0,0.0,0.0
streamlit,lib/streamlit/elements/lib/policies.py,HIGH,1.0,1.0,0.0,0.0
streamlit,lib/streamlit/elements/lib/form_utils.py,MEDIUM,0.9997,0.0003,0.0,0.9997
streamlit,lib/streamlit/elements/lib/pandas_styler_utils.py,HIGH,0.9995,0.9995,0.0,0.0005
streamlit,lib/streamlit/elements/lib/options_selector_utils.py,HIGH,1.0,1.0,0.0,0.0
streamlit,lib/streamlit/elements/widgets/time_widgets.py,HIGH,1.0,1.0,0.0,0.0
streamlit,lib/streamlit/elements/widgets/select_slider.py,HIGH,1.0,1.0,0.0,0.0
streamlit,lib/streamlit/elements/widgets/data_editor.py,HIGH,1.0,1.0,0.0,0.0
streamlit,lib/streamlit/elements/widgets/feedback.py,HIGH,0.9998,0.9998,0.0,0.0002
streamlit,lib/streamlit/elements/widgets/camera_input.py,HIGH,0.9991,0.9991,0.0,0.0009
streamlit,lib/streamlit/elements/widgets/multiselect.py,HIGH,1.0,1.0,0.0,0.0
streamlit,lib/streamlit/elements/widgets/text_widgets.py,HIGH,1.0,1.0,0.0,0.0
streamlit,lib/streamlit/elements/widgets/slider.py,HIGH,1.0,1.0,0.0,0.0
streamlit,lib/streamlit/elements/widgets/color_picker.py,HIGH,0.9996,0.9996,0.0,0.0004
streamlit,lib/streamlit/elements/widgets/menu_button.py,HIGH,1.0,1.0,0.0,0.0
streamlit,lib/streamlit/elements/widgets/button.py,HIGH,1.0,1.0,0.0,0.0
streamlit,lib/streamlit/elements/widgets/chat.py,HIGH,1.0,1.0,0.0,0.0
streamlit,lib/streamlit/elements/widgets/file_uploader.py,HIGH,1.0,1.0,0.0,0.0
streamlit,lib/streamlit/elements/widgets/audio_input.py,HIGH,0.9995,0.9995,0.0,0.0005
streamlit,lib/streamlit/elements/widgets/radio.py,HIGH,1.0,1.0,0.0,0.0
streamlit,lib/streamlit/elements/widgets/pagination.py,HIGH,0.9999,0.9999,0.0,1e-04
streamlit,lib/streamlit/elements/widgets/button_group.py,HIGH,1.0,1.0,0.0,0.0
streamlit,lib/streamlit/elements/widgets/selectbox.py,HIGH,1.0,1.0,0.0,0.0
streamlit,lib/streamlit/elements/widgets/checkbox.py,HIGH,0.9999,0.9999,0.0,1e-04
streamlit,lib/streamlit/elements/widgets/number_input.py,HIGH,1.0,1.0,0.0,0.0
streamlit,lib/streamlit/commands/page_config.py,HIGH,1.0,1.0,0.0,0.0
streamlit,lib/streamlit/commands/execution_control.py,HIGH,1.0,1.0,0.0,0.0
streamlit,lib/streamlit/commands/logo.py,HIGH,0.9982,0.9982,0.0,0.0018
streamlit,lib/streamlit/commands/navigation.py,HIGH,1.0,1.0,0.0,0.0
streamlit,lib/streamlit/commands/echo.py,MEDIUM,0.689,0.3109,0.0,0.689
streamlit,lib/streamlit/hello/hello.py,MEDIUM,0.9992,0.0,0.0008,0.9992
streamlit,lib/streamlit/hello/plotting_demo.py,MEDIUM,0.9994,0.0,0.0005,0.9994
streamlit,lib/streamlit/hello/streamlit_app.py,MEDIUM,0.9996,0.0,0.0004,0.9996
streamlit,lib/streamlit/hello/mapping_demo.py,MEDIUM,0.9984,0.0016,0.0,0.9984
streamlit,lib/streamlit/hello/utils.py,MEDIUM,0.9978,0.0,0.0022,0.9978
streamlit,lib/streamlit/hello/dataframe_demo.py,MEDIUM,0.9999,1e-04,1e-04,0.9999
streamlit,lib/streamlit/hello/animation_demo.py,MEDIUM,0.9999,0.0,1e-04,0.9999
streamlit,lib/tests/conftest.py,HIGH,1.0,1.0,0.0,0.0
streamlit,lib/tests/delta_generator_test_case.py,HIGH,0.9939,0.9939,0.0,0.0061
streamlit,lib/tests/testutil.py,HIGH,1.0,1.0,0.0,0.0
streamlit,lib/tests/exception_capturing_thread.py,HIGH,1.0,1.0,0.0,0.0
streamlit,lib/tests/streamlit/path_security_test.py,MEDIUM,0.9992,0.0008,0.0,0.9992
streamlit,lib/tests/streamlit/errors_test.py,HIGH,0.9929,0.9929,0.0,0.0071
streamlit,lib/tests/streamlit/spinner_test.py,HIGH,0.9163,0.9163,0.0,0.0837
streamlit,lib/tests/streamlit/deprecation_util_test.py,HIGH,1.0,1.0,0.0,0.0
streamlit,lib/tests/streamlit/streamlit_test.py,HIGH,0.985,0.985,0.0,0.015
streamlit,lib/tests/streamlit/config_option_test.py,HIGH,0.9039,0.9039,0.0,0.0961
streamlit,lib/tests/streamlit/dataframe_util_test.py,HIGH,1.0,1.0,0.0,0.0
streamlit,lib/tests/streamlit/form_utils_test.py,MEDIUM,0.9994,0.0005,0.0,0.9994
streamlit,lib/tests/streamlit/git_util_test.py,HIGH,1.0,1.0,0.0,0.0
streamlit,lib/tests/streamlit/write_test.py,HIGH,1.0,1.0,0.0,0.0
streamlit,lib/tests/streamlit/config_util_test.py,HIGH,1.0,1.0,0.0,0.0
streamlit,lib/tests/streamlit/delta_generator_test.py,HIGH,1.0,1.0,0.0,0.0
streamlit,lib/tests/streamlit/platform_test.py,MEDIUM,0.9958,0.0,0.0042,0.9958
streamlit,lib/tests/streamlit/form_test.py,HIGH,1.0,1.0,0.0,0.0
streamlit,lib/tests/streamlit/message_mocks.py,MEDIUM,0.9995,0.0,0.0005,0.9995
streamlit,lib/tests/streamlit/file_util_test.py,HIGH,1.0,1.0,0.0,0.0
streamlit,lib/tests/streamlit/user_info_test.py,HIGH,1.0,1.0,0.0,0.0
streamlit,lib/tests/streamlit/util_test.py,HIGH,0.9978,0.9978,0.0,0.0022
streamlit,lib/tests/streamlit/cli_util_test.py,MEDIUM,0.9998,0.0002,0.0,0.9998
streamlit,lib/tests/streamlit/proto_compatibility_test.py,HIGH,0.9993,0.9993,0.0,0.0007
streamlit,lib/tests/streamlit/components_test.py,HIGH,1.0,1.0,0.0,0.0
streamlit,lib/tests/streamlit/repr_test.py,MEDIUM,0.9997,1e-04,0.0002,0.9997
streamlit,lib/tests/streamlit/temporary_directory_test.py,MEDIUM,0.9997,0.0,0.0003,0.9997
streamlit,lib/tests/streamlit/auth_util_test.py,HIGH,1.0,1.0,0.0,0.0
streamlit,lib/tests/streamlit/source_util_test.py,MEDIUM,0.9996,0.0004,0.0,0.9996
streamlit,lib/tests/streamlit/url_util_test.py,HIGH,0.91,0.91,0.0,0.09
streamlit,lib/tests/streamlit/data_test_cases.py,HIGH,1.0,1.0,0.0,0.0
streamlit,lib/tests/streamlit/type_util_test.py,HIGH,1.0,1.0,0.0,0.0
streamlit,lib/tests/streamlit/net_util_test.py,HIGH,0.5172,0.5172,0.0,0.4828
streamlit,lib/tests/streamlit/file_uploader_utils_test.py,HIGH,0.9835,0.9835,0.0,0.0165
streamlit,lib/tests/streamlit/time_util_test.py,HIGH,0.9993,0.9993,0.0,0.0007
streamlit,lib/tests/streamlit/dataframe_coercion_test.py,MEDIUM,0.9998,0.0002,0.0,0.9998
streamlit,lib/tests/streamlit/logger_test.py,MEDIUM,0.8946,0.1054,0.0,0.8946
streamlit,lib/tests/streamlit/error_util_test.py,MEDIUM,0.8924,0.1075,0.0,0.8924
streamlit,lib/tests/streamlit/stop_test.py,MEDIUM,0.9609,0.0,0.0391,0.9609
streamlit,lib/tests/streamlit/string_util_test.py,HIGH,0.9998,0.9998,0.0,0.0002
streamlit,lib/tests/streamlit/element_mocks.py,HIGH,0.9969,0.9969,0.0,0.0031
streamlit,lib/tests/streamlit/config_test.py,HIGH,1.0,1.0,0.0,0.0
streamlit,lib/tests/streamlit/delta_generator_singletons_test.py,HIGH,1.0,1.0,0.0,0.0
streamlit,lib/tests/streamlit/toast_test.py,MEDIUM,0.9033,0.0967,0.0,0.9033
streamlit,lib/tests/streamlit/cursor_test.py,HIGH,1.0,1.0,0.0,0.0
streamlit,lib/tests/streamlit/watcher/event_based_path_watcher_test.py,HIGH,1.0,1.0,0.0,0.0
streamlit,lib/tests/streamlit/watcher/__init__.py,LOW,1.0,0.0,1.0,0.0
streamlit,lib/tests/streamlit/watcher/util_test.py,HIGH,0.9127,0.9127,0.0,0.0873
streamlit,lib/tests/streamlit/watcher/polling_path_watcher_test.py,HIGH,0.9988,0.9988,0.0,0.0012
streamlit,lib/tests/streamlit/watcher/path_watcher_test.py,HIGH,0.9852,0.9852,0.0,0.0148
streamlit,lib/tests/streamlit/watcher/folder_black_list_test.py,MEDIUM,0.9997,0.0003,0.0,0.9997
streamlit,lib/tests/streamlit/watcher/local_sources_watcher_test.py,HIGH,1.0,1.0,0.0,0.0
streamlit,lib/tests/streamlit/watcher/test_data/misbehaved_module.py,LOW,0.8126,0.0,0.8126,0.1873
streamlit,lib/tests/streamlit/watcher/test_data/nested_module_parent.py,LOW,1.0,0.0,1.0,0.0
streamlit,lib/tests/streamlit/data_mocks/snowpark_mocks.py,MEDIUM,0.9998,1e-04,1e-04,0.9998
streamlit,lib/tests/streamlit/data_mocks/pyspark_mocks.py,MEDIUM,0.9991,0.0,0.0009,0.9991
streamlit,lib/tests/streamlit/data_mocks/snowpandas_mocks.py,MEDIUM,0.9998,1e-04,1e-04,0.9998
streamlit,lib/tests/streamlit/data_mocks/modin_mocks.py,MEDIUM,0.9996,0.0,0.0004,0.9996
streamlit,lib/tests/streamlit/data_mocks/dask_mocks.py,MEDIUM,0.9998,0.0,1e-04,0.9998
streamlit,lib/tests/streamlit/data_mocks/pyspark_connect_mocks.py,MEDIUM,0.9991,0.0,0.0009,0.9991
streamlit,lib/tests/streamlit/web/skills_test.py,HIGH,1.0,1.0,0.0,0.0
streamlit,lib/tests/streamlit/web/cli_test.py,HIGH,1.0,1.0,0.0,0.0
streamlit,lib/tests/streamlit/web/bootstrap_test.py,HIGH,1.0,1.0,0.0,0.0
streamlit,lib/tests/streamlit/web/server/app_discovery_test.py,HIGH,1.0,1.0,0.0,0.0
streamlit,lib/tests/streamlit/web/server/component_file_utils_test.py,HIGH,1.0,1.0,0.0,0.0
streamlit,lib/tests/streamlit/web/server/server_util_test.py,HIGH,0.9996,0.9996,0.0,0.0004
streamlit,lib/tests/streamlit/web/server/starlette/starlette_app_utils_test.py,HIGH,1.0,1.0,0.0,0.0
streamlit,lib/tests/streamlit/web/server/starlette/starlette_gzip_middleware_test.py,HIGH,0.8619,0.8619,0.0,0.138
streamlit,lib/tests/streamlit/web/server/starlette/starlette_app_test.py,HIGH,1.0,1.0,0.0,0.0
streamlit,lib/tests/streamlit/web/server/starlette/starlette_routes_test.py,HIGH,1.0,1.0,0.0,0.0
streamlit,lib/tests/streamlit/web/server/starlette/starlette_server_config_test.py,HIGH,1.0,1.0,0.0,0.0
streamlit,lib/tests/streamlit/web/server/starlette/starlette_websocket_test.py,HIGH,1.0,1.0,0.0,0.0
streamlit,lib/tests/streamlit/web/server/starlette/starlette_path_security_middleware_test.py,HIGH,1.0,1.0,0.0,0.0
streamlit,lib/tests/streamlit/web/server/starlette/starlette_server_test.py,HIGH,1.0,1.0,0.0,0.0
streamlit,lib/tests/streamlit/web/server/starlette/starlette_static_routes_test.py,HIGH,1.0,1.0,0.0,0.0
streamlit,lib/tests/streamlit/web/server/starlette/starlette_auth_routes_test.py,HIGH,1.0,1.0,0.0,0.0
streamlit,lib/tests/streamlit/test_data/widgets_script.py,MEDIUM,0.9995,0.0,0.0005,0.9995
streamlit,lib/tests/streamlit/runtime/pages_manager_test.py,HIGH,1.0,1.0,0.0,0.0
streamlit,lib/tests/streamlit/runtime/memory_media_file_storage_test.py,HIGH,1.0,1.0,0.0,0.0
streamlit,lib/tests/streamlit/runtime/runtime_threading_test.py,MEDIUM,0.9998,0.0002,0.0,0.9998
streamlit,lib/tests/streamlit/runtime/context_util_test.py,MEDIUM,0.9995,0.0005,0.0,0.9995
streamlit,lib/tests/streamlit/runtime/websocket_session_manager_test.py,HIGH,1.0,1.0,0.0,0.0
streamlit,lib/tests/streamlit/runtime/theme_util_test.py,HIGH,1.0,1.0,0.0,0.0
streamlit,lib/tests/streamlit/runtime/media_file_manager_test.py,HIGH,1.0,1.0,0.0,0.0
streamlit,lib/tests/streamlit/runtime/parallel_fragment_coordinator_test.py,HIGH,1.0,1.0,0.0,0.0
streamlit,lib/tests/streamlit/runtime/uploaded_file_manager_test.py,HIGH,1.0,1.0,0.0,0.0
streamlit,lib/tests/streamlit/runtime/runtime_test_case.py,HIGH,0.5338,0.5338,0.0,0.4661
streamlit,lib/tests/streamlit/runtime/backend_operation_handler_test.py,HIGH,1.0,1.0,0.0,0.0
streamlit,lib/tests/streamlit/runtime/runtime_util_test.py,MEDIUM,0.9999,0.0,1e-04,0.9999
streamlit,lib/tests/streamlit/runtime/download_data_util_test.py,HIGH,0.9805,0.9805,0.0,0.0195
streamlit,lib/tests/streamlit/runtime/forward_msg_cache_test.py,HIGH,0.6887,0.6887,0.0,0.3113
streamlit,lib/tests/streamlit/runtime/metrics_util_test.py,HIGH,1.0,1.0,0.0,0.0
streamlit,lib/tests/streamlit/runtime/fragment_test.py,HIGH,1.0,1.0,0.0,0.0
streamlit,lib/tests/streamlit/runtime/secrets_test.py,HIGH,1.0,1.0,0.0,0.0
streamlit,lib/tests/streamlit/runtime/context_test.py,HIGH,1.0,1.0,0.0,0.0
streamlit,lib/tests/streamlit/runtime/connection_factory_test.py,HIGH,1.0,1.0,0.0,0.0
streamlit,lib/tests/streamlit/runtime/script_data_test.py,MEDIUM,0.9999,1e-04,0.0,0.9999
streamlit,lib/tests/streamlit/runtime/stats_test.py,HIGH,1.0,1.0,0.0,0.0
streamlit,lib/tests/streamlit/runtime/forward_msg_queue_test.py,HIGH,1.0,1.0,0.0,0.0
streamlit,lib/tests/streamlit/runtime/runtime_test.py,HIGH,1.0,1.0,0.0,0.0
streamlit,lib/tests/streamlit/runtime/app_session_test.py,HIGH,1.0,1.0,0.0,0.0
streamlit,lib/tests/streamlit/runtime/credentials_test.py,HIGH,1.0,1.0,0.0,0.0
streamlit,lib/tests/streamlit/runtime/memory_session_storage_test.py,MEDIUM,0.9998,0.0002,0.0,0.9998
streamlit,lib/tests/streamlit/runtime/state/query_params_test.py,HIGH,1.0,1.0,0.0,0.0
streamlit,lib/tests/streamlit/runtime/state/strategies.py,MEDIUM,0.9975,0.0025,0.0,0.9975
streamlit,lib/tests/streamlit/runtime/state/session_state_test.py,HIGH,1.0,1.0,0.0,0.0
streamlit,lib/tests/streamlit/runtime/state/test_presentation.py,HIGH,0.9999,0.9999,0.0,1e-04
streamlit,lib/tests/streamlit/runtime/state/query_params_proxy_test.py,HIGH,0.8769,0.8769,0.0,0.1231
streamlit,lib/tests/streamlit/runtime/state/safe_session_state_test.py,HIGH,1.0,1.0,0.0,0.0
streamlit,lib/tests/streamlit/runtime/state/session_state_proxy_test.py,HIGH,1.0,1.0,0.0,0.0
streamlit,lib/tests/streamlit/runtime/state/widgets_test.py,HIGH,1.0,1.0,0.0,0.0
streamlit,lib/tests/streamlit/runtime/state/test_data/linked_sliders.py,MEDIUM,0.9994,0.0,0.0005,0.9994
streamlit,lib/tests/streamlit/runtime/scriptrunner/script_cache_test.py,MEDIUM,0.9997,0.0003,0.0,0.9997
streamlit,lib/tests/streamlit/runtime/scriptrunner/code_exec_test.py,HIGH,0.9998,0.9998,0.0,0.0002
streamlit,lib/tests/streamlit/runtime/scriptrunner/script_runner_test.py,HIGH,1.0,1.0,0.0,0.0
streamlit,lib/tests/streamlit/runtime/scriptrunner/magic_test.py,HIGH,0.9996,0.9996,0.0,0.0004
streamlit,lib/tests/streamlit/runtime/scriptrunner/test_data/rerun_once_then_finish.py,HIGH,0.9534,0.9534,0.0,0.0465
streamlit,lib/tests/streamlit/runtime/scriptrunner/test_data/widgets_script.py,MEDIUM,0.9983,0.0,0.0017,0.9983
streamlit,lib/tests/streamlit/runtime/scriptrunner/test_data/infinite_loop.py,MEDIUM,0.9284,0.0,0.0716,0.9284
streamlit,lib/tests/streamlit/runtime/scriptrunner/test_data/good_navigation_script.py,LOW,0.9961,0.0,0.9961,0.0039
streamlit,lib/tests/streamlit/runtime/scriptrunner/test_data/good_script2.py,LOW,0.9998,0.0,0.9998,0.0002
streamlit,lib/tests/streamlit/runtime/scriptrunner/test_data/runtime_error.py,LOW,0.8126,0.0,0.8126,0.1873
streamlit,lib/tests/streamlit/runtime/scriptrunner/test_data/good_script.py,LOW,0.9998,0.0,0.9998,0.0002
streamlit,lib/tests/streamlit/runtime/scriptrunner/test_data/coordinator_id_capture.py,HIGH,0.9975,0.9975,0.0,0.0025
streamlit,lib/tests/streamlit/runtime/caching/gh14593_pickle_sys_modules_test.py,MEDIUM,0.9999,1e-04,1e-04,0.9999
streamlit,lib/tests/streamlit/runtime/caching/cache_errors_test.py,MEDIUM,0.9118,0.0881,0.0,0.9118
streamlit,lib/tests/streamlit/runtime/caching/legacy_cache_api_test.py,MEDIUM,0.9989,0.0003,0.0008,0.9989
streamlit,lib/tests/streamlit/runtime/caching/hashing_test.py,HIGH,1.0,1.0,0.0,0.0
streamlit,lib/tests/streamlit/runtime/caching/cache_utils_test.py,HIGH,1.0,1.0,0.0,0.0
streamlit,lib/tests/streamlit/runtime/caching/cache_data_api_test.py,HIGH,1.0,1.0,0.0,0.0
streamlit,lib/tests/streamlit/runtime/caching/common_cache_test.py,HIGH,1.0,1.0,0.0,0.0
streamlit,lib/tests/streamlit/runtime/caching/ttl_cleanup_cache_test.py,HIGH,0.7207,0.7207,0.0,0.2793
streamlit,lib/tests/streamlit/runtime/caching/cache_resource_api_test.py,HIGH,1.0,1.0,0.0,0.0
streamlit,lib/tests/streamlit/runtime/caching/test_data/arrow_replay.py,MEDIUM,0.9621,0.0,0.0378,0.9621
streamlit,lib/tests/streamlit/runtime/caching/storage/dummy_cache_storage_test.py,MEDIUM,0.7779,0.2221,0.0,0.7779
streamlit,lib/tests/streamlit/runtime/caching/storage/local_disk_cache_storage_test.py,HIGH,0.9999,0.9999,0.0,1e-04
streamlit,lib/tests/streamlit/runtime/caching/storage/in_memory_cache_storage_wrapper_test.py,HIGH,0.933,0.933,0.0,0.067
streamlit,lib/tests/streamlit/runtime/scriptrunner_utils/script_run_context_test.py,HIGH,1.0,1.0,0.0,0.0
streamlit,lib/tests/streamlit/runtime/scriptrunner_utils/script_requests_test.py,HIGH,0.9999,0.9999,0.0,1e-04
streamlit,lib/tests/streamlit/runtime/scriptrunner_utils/shared_run_state_test.py,HIGH,1.0,1.0,0.0,0.0
streamlit,lib/tests/streamlit/runtime/scriptrunner_utils/fragment_thread_state_test.py,HIGH,1.0,1.0,0.0,0.0
streamlit,lib/tests/streamlit/runtime/scriptrunner_utils/thread_safe_set_test.py,HIGH,1.0,1.0,0.0,0.0
streamlit,lib/tests/streamlit/navigation/page_test.py,HIGH,1.0,1.0,0.0,0.0
streamlit,lib/tests/streamlit/typing/dataframe_types.py,MEDIUM,0.859,0.141,1e-04,0.859
streamlit,lib/tests/streamlit/typing/progress_types.py,HIGH,1.0,1.0,0.0,0.0
streamlit,lib/tests/streamlit/typing/tab_container_types.py,MEDIUM,0.9999,1e-04,1e-04,0.9999
streamlit,lib/tests/streamlit/typing/button_types.py,HIGH,0.9372,0.9372,0.0,0.0627
streamlit,lib/tests/streamlit/typing/multiselect_types.py,MEDIUM,0.9999,1e-04,0.0,0.9999
streamlit,lib/tests/streamlit/typing/set_page_config_types.py,HIGH,0.9774,0.9774,0.0,0.0226
streamlit,lib/tests/streamlit/typing/expander_container_types.py,HIGH,0.9654,0.9654,0.0,0.0346
streamlit,lib/tests/streamlit/typing/exception_types.py,MEDIUM,0.9981,0.0,0.0019,0.9981
streamlit,lib/tests/streamlit/typing/menu_button_types.py,MEDIUM,0.9998,1e-04,1e-04,0.9998
streamlit,lib/tests/streamlit/typing/date_input_types.py,MEDIUM,0.9981,0.0019,0.0,0.9981
streamlit,lib/tests/streamlit/typing/navigation_types.py,MEDIUM,0.9998,1e-04,1e-04,0.9998
streamlit,lib/tests/streamlit/typing/json_types.py,HIGH,1.0,1.0,0.0,0.0
streamlit,lib/tests/streamlit/typing/button_column_types.py,HIGH,1.0,1.0,0.0,0.0
streamlit,lib/tests/streamlit/typing/map_types.py,HIGH,1.0,1.0,0.0,0.0
streamlit,lib/tests/streamlit/typing/code_types.py,HIGH,1.0,1.0,0.0,0.0
streamlit,lib/tests/streamlit/typing/bottom_types.py,MEDIUM,0.9995,0.0,0.0005,0.9995
streamlit,lib/tests/streamlit/typing/data_editor_types.py,MEDIUM,0.9998,1e-04,0.0002,0.9998
streamlit,lib/tests/streamlit/typing/segmented_control_types.py,MEDIUM,0.9998,1e-04,1e-04,0.9998
streamlit,lib/tests/streamlit/typing/audio_types.py,MEDIUM,0.9998,1e-04,1e-04,0.9998
streamlit,lib/tests/streamlit/typing/text_area_types.py,MEDIUM,0.9992,0.0008,0.0,0.9992
streamlit,lib/tests/streamlit/typing/heading_types.py,HIGH,1.0,1.0,0.0,0.0
streamlit,lib/tests/streamlit/typing/camera_input_types.py,MEDIUM,0.9998,1e-04,1e-04,0.9998
streamlit,lib/tests/streamlit/typing/chat_input_types.py,MEDIUM,0.8989,0.101,1e-04,0.8989
streamlit,lib/tests/streamlit/typing/markdown_types.py,MEDIUM,0.9996,0.0,0.0004,0.9996
streamlit,lib/tests/streamlit/typing/cache_types.py,MEDIUM,0.9998,1e-04,0.0002,0.9998
streamlit,lib/tests/streamlit/typing/toast_types.py,MEDIUM,0.9995,0.0,0.0004,0.9995
streamlit,lib/tests/streamlit/typing/text_input_types.py,MEDIUM,0.9992,0.0008,0.0,0.9992
streamlit,lib/tests/streamlit/typing/metric_types.py,MEDIUM,0.9998,0.0002,0.0,0.9998
streamlit,lib/tests/streamlit/typing/selectbox_types.py,MEDIUM,0.9998,1e-04,1e-04,0.9998
streamlit,lib/tests/streamlit/typing/color_picker_types.py,MEDIUM,0.9998,1e-04,1e-04,0.9998
streamlit,lib/tests/streamlit/typing/checkbox_types.py,MEDIUM,0.9997,0.0003,0.0,0.9997
streamlit,lib/tests/streamlit/typing/popover_container_types.py,MEDIUM,0.9997,0.0,0.0003,0.9997
streamlit,lib/tests/streamlit/typing/status_container_types.py,HIGH,0.9999,0.9999,0.0,1e-04
streamlit,lib/tests/streamlit/typing/html_types.py,HIGH,1.0,1.0,0.0,0.0
streamlit,lib/tests/streamlit/typing/alert_types.py,MEDIUM,0.9999,1e-04,0.0,0.9999
streamlit,lib/tests/streamlit/typing/datetime_input_types.py,MEDIUM,0.9997,0.0003,0.0,0.9997
streamlit,lib/tests/streamlit/typing/text_types.py,HIGH,0.9999,0.9999,0.0,1e-04
streamlit,lib/tests/streamlit/typing/video_types.py,MEDIUM,0.9999,1e-04,0.0,0.9999
streamlit,lib/tests/streamlit/typing/feedback_types.py,MEDIUM,0.9949,0.0,0.005,0.9949
streamlit,lib/tests/streamlit/typing/iframe_types.py,MEDIUM,0.9998,1e-04,1e-04,0.9998
streamlit,lib/tests/streamlit/typing/pyplot_types.py,HIGH,1.0,1.0,0.0,0.0
streamlit,lib/tests/streamlit/typing/file_uploader_types.py,HIGH,0.8703,0.8703,1e-04,0.1297
streamlit,lib/tests/streamlit/typing/time_input_types.py,MEDIUM,0.9996,0.0,0.0004,0.9996
streamlit,lib/tests/streamlit/typing/pagination_types.py,MEDIUM,0.9998,1e-04,0.0002,0.9998
streamlit,lib/tests/streamlit/typing/audio_input_types.py,MEDIUM,0.9997,0.0003,0.0,0.9997
streamlit,lib/tests/streamlit/typing/select_slider_types.py,MEDIUM,0.9996,1e-04,0.0003,0.9996
streamlit,lib/tests/streamlit/typing/slider_types.py,HIGH,0.9476,0.9476,0.0,0.0524
streamlit,lib/tests/streamlit/typing/image_types.py,MEDIUM,0.9999,1e-04,0.0,0.9999
streamlit,lib/tests/streamlit/typing/pills_types.py,MEDIUM,0.9998,1e-04,1e-04,0.9998
streamlit,lib/tests/streamlit/typing/radio_types.py,MEDIUM,0.999,0.0,0.0009,0.999
streamlit,lib/tests/streamlit/typing/table_types.py,MEDIUM,0.9996,1e-04,0.0003,0.9996
streamlit,lib/tests/streamlit/typing/number_input_types.py,MEDIUM,0.9998,0.0,1e-04,0.9998
streamlit,lib/tests/streamlit/testing/app_test_test.py,HIGH,1.0,1.0,0.0,0.0
streamlit,lib/tests/streamlit/testing/element_tree_test.py,HIGH,1.0,1.0,0.0,0.0
streamlit,lib/tests/streamlit/testing/test_data/main.py,LOW,0.9998,0.0,0.9998,0.0002
streamlit,lib/tests/streamlit/testing/test_data/pages/page1.py,LOW,1.0,0.0,1.0,0.0
streamlit,lib/tests/streamlit/connections/sql_connection_test.py,HIGH,0.9981,0.9981,0.0,0.0019
streamlit,lib/tests/streamlit/connections/base_connection_test.py,HIGH,0.8376,0.8376,0.0,0.1624
streamlit,lib/tests/streamlit/connections/util_test.py,MEDIUM,0.689,0.3109,0.0,0.689
streamlit,lib/tests/streamlit/connections/snowpark_connection_test.py,HIGH,0.9803,0.9803,0.0,0.0197
streamlit,lib/tests/streamlit/connections/snowflake_connection_test.py,HIGH,1.0,1.0,0.0,0.0
streamlit,lib/tests/streamlit/components/types/base_custom_component_test.py,HIGH,1.0,1.0,0.0,0.0
streamlit,lib/tests/streamlit/components/v2/test_manifest_scanner.py,HIGH,1.0,1.0,0.0,0.0
streamlit,lib/tests/streamlit/components/v2/test_component_api_paths.py,HIGH,0.9814,0.9814,0.0,0.0186
streamlit,lib/tests/streamlit/components/v2/test_component_manifest_handler.py,MEDIUM,0.7713,0.2287,0.0,0.7713
streamlit,lib/tests/streamlit/components/v2/test_bidi_presentation.py,HIGH,1.0,1.0,0.0,0.0
streamlit,lib/tests/streamlit/components/v2/test_default_state.py,HIGH,0.8908,0.8908,0.0,0.1092
streamlit,lib/tests/streamlit/components/v2/test_component_file_watcher.py,HIGH,1.0,1.0,0.0,0.0
streamlit,lib/tests/streamlit/components/v2/test_component_manager.py,HIGH,1.0,1.0,0.0,0.0
streamlit,lib/tests/streamlit/components/v2/test_bidi_component.py,HIGH,1.0,1.0,0.0,0.0
streamlit,lib/tests/streamlit/components/v2/test_component_path_utils.py,HIGH,0.9819,0.9819,0.0,0.0181
streamlit,lib/tests/streamlit/components/v2/test_component_registry.py,HIGH,1.0,1.0,0.0,0.0
streamlit,lib/tests/streamlit/components/v2/bidi_component/test_state.py,MEDIUM,0.9998,0.0002,0.0,0.9998
streamlit,lib/tests/streamlit/components/v2/bidi_component/test_serialization.py,HIGH,0.9995,0.9995,0.0,0.0005
streamlit,lib/tests/streamlit/elements/balloons_test.py,MEDIUM,0.9991,0.0,0.0009,0.9991
streamlit,lib/tests/streamlit/elements/datetime_input_test.py,HIGH,1.0,1.0,0.0,0.0
streamlit,lib/tests/streamlit/elements/layouts_test.py,HIGH,1.0,1.0,0.0,0.0
streamlit,lib/tests/streamlit/elements/pyplot_test.py,HIGH,0.9982,0.9982,0.0,0.0018
streamlit,lib/tests/streamlit/elements/cache_spinner_test.py,MEDIUM,0.9985,0.0014,0.0,0.9985
streamlit,lib/tests/streamlit/elements/vega_charts_test.py,HIGH,1.0,1.0,0.0,0.0
streamlit,lib/tests/streamlit/elements/bokeh_test.py,MEDIUM,0.9778,0.0,0.0222,0.9778
streamlit,lib/tests/streamlit/elements/video_test.py,HIGH,0.9993,0.9993,0.0,0.0007
streamlit,lib/tests/streamlit/elements/progress_test.py,HIGH,0.5388,0.5388,0.0,0.4612
streamlit,lib/tests/streamlit/elements/iframe_test.py,HIGH,1.0,1.0,0.0,0.0
streamlit,lib/tests/streamlit/elements/page_link_test.py,HIGH,1.0,1.0,0.0,0.0
streamlit,lib/tests/streamlit/elements/multiselect_test.py,HIGH,1.0,1.0,0.0,0.0
streamlit,lib/tests/streamlit/elements/date_input_test.py,HIGH,1.0,1.0,0.0,0.0
streamlit,lib/tests/streamlit/elements/metric_test.py,HIGH,1.0,1.0,0.0,0.0
streamlit,lib/tests/streamlit/elements/link_button_test.py,HIGH,0.9855,0.9855,0.0,0.0145
streamlit,lib/tests/streamlit/elements/feedback_test.py,HIGH,1.0,1.0,0.0,0.0
streamlit,lib/tests/streamlit/elements/table_test.py,HIGH,1.0,1.0,0.0,0.0
streamlit,lib/tests/streamlit/elements/layout_test_utils.py,MEDIUM,0.9261,0.0,0.0739,0.9261
streamlit,lib/tests/streamlit/elements/camera_input_test.py,HIGH,0.9983,0.9983,0.0,0.0017
streamlit,lib/tests/streamlit/elements/empty_test.py,MEDIUM,0.9998,0.0,0.0002,0.9998
streamlit,lib/tests/streamlit/elements/data_editor_test.py,HIGH,1.0,1.0,0.0,0.0
streamlit,lib/tests/streamlit/elements/html_test.py,HIGH,0.9997,0.9997,0.0,0.0003
streamlit,lib/tests/streamlit/elements/text_test.py,HIGH,0.8658,0.8658,0.0,0.1342
streamlit,lib/tests/streamlit/elements/pagination_test.py,HIGH,1.0,1.0,0.0,0.0
streamlit,lib/tests/streamlit/elements/button_group_test.py,HIGH,1.0,1.0,0.0,0.0
streamlit,lib/tests/streamlit/elements/echo_test.py,HIGH,0.9884,0.9884,0.0,0.0116
streamlit,lib/tests/streamlit/elements/markdown_test.py,HIGH,1.0,1.0,0.0,0.0
streamlit,lib/tests/streamlit/elements/exception_test.py,HIGH,1.0,1.0,0.0,0.0
streamlit,lib/tests/streamlit/elements/checkbox_test.py,HIGH,1.0,1.0,0.0,0.0
streamlit,lib/tests/streamlit/elements/select_slider_test.py,HIGH,1.0,1.0,0.0,0.0
streamlit,lib/tests/streamlit/elements/button_test.py,HIGH,1.0,1.0,0.0,0.0
streamlit,lib/tests/streamlit/elements/menu_button_test.py,HIGH,1.0,1.0,0.0,0.0
streamlit,lib/tests/streamlit/elements/dialog_decorator_test.py,HIGH,1.0,1.0,0.0,0.0
streamlit,lib/tests/streamlit/elements/latex_test.py,MEDIUM,0.9725,0.0275,0.0,0.9725
streamlit,lib/tests/streamlit/elements/audio_test.py,HIGH,1.0,1.0,0.0,0.0
streamlit,lib/tests/streamlit/elements/download_button_test.py,HIGH,0.9207,0.9207,0.0,0.0793
streamlit,lib/tests/streamlit/elements/plotly_chart_test.py,HIGH,1.0,1.0,0.0,0.0
streamlit,lib/tests/streamlit/elements/number_input_test.py,HIGH,1.0,1.0,0.0,0.0
streamlit,lib/tests/streamlit/elements/chat_test.py,HIGH,1.0,1.0,0.0,0.0
streamlit,lib/tests/streamlit/elements/space_test.py,MEDIUM,0.9567,0.0433,0.0,0.9567
streamlit,lib/tests/streamlit/elements/slider_test.py,HIGH,1.0,1.0,0.0,0.0
streamlit,lib/tests/streamlit/elements/color_picker_test.py,HIGH,1.0,1.0,0.0,0.0
streamlit,lib/tests/streamlit/elements/image_test.py,HIGH,1.0,1.0,0.0,0.0
streamlit,lib/tests/streamlit/elements/heading_test.py,HIGH,1.0,1.0,0.0,0.0
streamlit,lib/tests/streamlit/elements/map_test.py,HIGH,1.0,1.0,0.0,0.0
streamlit,lib/tests/streamlit/elements/file_uploader_test.py,HIGH,1.0,1.0,0.0,0.0
streamlit,lib/tests/streamlit/elements/arrow_dataframe_test.py,HIGH,1.0,1.0,0.0,0.0
streamlit,lib/tests/streamlit/elements/time_input_test.py,HIGH,1.0,1.0,0.0,0.0
streamlit,lib/tests/streamlit/elements/element_policies_test.py,HIGH,1.0,1.0,0.0,0.0
streamlit,lib/tests/streamlit/elements/text_area_test.py,HIGH,1.0,1.0,0.0,0.0
streamlit,lib/tests/streamlit/elements/json_test.py,HIGH,0.9971,0.9971,0.0,0.0029
streamlit,lib/tests/streamlit/elements/text_input_test.py,HIGH,1.0,1.0,0.0,0.0
streamlit,lib/tests/streamlit/elements/radio_test.py,HIGH,1.0,1.0,0.0,0.0
streamlit,lib/tests/streamlit/elements/divider_test.py,MEDIUM,0.9993,0.0007,0.0,0.9993
streamlit,lib/tests/streamlit/elements/alert_test.py,HIGH,1.0,1.0,0.0,0.0
streamlit,lib/tests/streamlit/elements/selectbox_test.py,HIGH,1.0,1.0,0.0,0.0
streamlit,lib/tests/streamlit/elements/arrow_dataframe_dimensions_test.py,HIGH,0.7743,0.7743,0.0,0.2257
streamlit,lib/tests/streamlit/elements/media_test.py,HIGH,1.0,1.0,0.0,0.0
streamlit,lib/tests/streamlit/elements/pdf_test.py,HIGH,0.9995,0.9995,0.0,0.0005
streamlit,lib/tests/streamlit/elements/code_test.py,HIGH,1.0,1.0,0.0,0.0
streamlit,lib/tests/streamlit/elements/pydeck_test.py,HIGH,1.0,1.0,0.0,0.0
streamlit,lib/tests/streamlit/elements/graphviz_test.py,HIGH,0.9082,0.9082,0.0,0.0918
streamlit,lib/tests/streamlit/elements/help_test.py,HIGH,1.0,1.0,0.0,0.0
streamlit,lib/tests/streamlit/elements/audio_input_test.py,HIGH,0.9998,0.9998,0.0,0.0002
streamlit,lib/tests/streamlit/elements/support_files/exception_test_utils.py,MEDIUM,0.9927,0.0,0.0073,0.9927
streamlit,lib/tests/streamlit/elements/lib/index_test.py,MEDIUM,0.9963,0.0037,0.0,0.9963
streamlit,lib/tests/streamlit/elements/lib/layout_utils_test.py,HIGH,1.0,1.0,0.0,0.0
streamlit,lib/tests/streamlit/elements/lib/image_utils_test.py,HIGH,0.9998,0.9998,0.0,0.0002
streamlit,lib/tests/streamlit/elements/lib/utils_test.py,HIGH,1.0,1.0,0.0,0.0
streamlit,lib/tests/streamlit/elements/lib/dicttools_test.py,MEDIUM,0.9992,0.0008,0.0,0.9992
streamlit,lib/tests/streamlit/elements/lib/options_selector_utils_test.py,HIGH,1.0,1.0,0.0,0.0
streamlit,lib/tests/streamlit/elements/lib/built_in_chart_utils_test.py,HIGH,1.0,1.0,0.0,0.0
streamlit,lib/tests/streamlit/elements/lib/column_types_test.py,HIGH,1.0,1.0,0.0,0.0
streamlit,lib/tests/streamlit/elements/lib/subtitle_utils_test.py,HIGH,0.9849,0.9849,0.0,0.0151
streamlit,lib/tests/streamlit/elements/lib/column_config_utils_test.py,HIGH,1.0,1.0,0.0,0.0
streamlit,lib/tests/streamlit/elements/lib/js_number_test.py,MEDIUM,0.9997,0.0,0.0003,0.9997
streamlit,lib/tests/streamlit/elements/lib/shortcut_utils_test.py,HIGH,1.0,1.0,0.0,0.0
streamlit,lib/tests/streamlit/elements/lib/color_util_test.py,HIGH,0.9997,0.9997,0.0,0.0003
streamlit,lib/tests/streamlit/commands/navigation_test.py,HIGH,1.0,1.0,0.0,0.0
streamlit,lib/tests/streamlit/commands/execution_control_test.py,HIGH,1.0,1.0,0.0,0.0
streamlit,lib/tests/streamlit/commands/logo_test.py,HIGH,0.9999,0.9999,0.0,1e-04
streamlit,lib/tests/streamlit/commands/page_config_test.py,HIGH,1.0,1.0,0.0,0.0
streamlit,lib/tests/streamlit/external/pydantic_integration.py,MEDIUM,0.9998,0.0,1e-04,0.9998
streamlit,lib/tests/streamlit/echo_test_data/multiline_param_echo.py,MEDIUM,0.7986,0.0,0.2014,0.7986
streamlit,lib/tests/streamlit/echo_test_data/root_level_echo.py,LOW,0.9587,0.0,0.9587,0.0413
streamlit,lib/tests/streamlit/echo_test_data/__init__.py,LOW,1.0,0.0,1.0,0.0
streamlit,lib/tests/streamlit/component_test_data/__init__.py,LOW,1.0,0.0,1.0,0.0
streamlit,lib/tests/streamlit/component_test_data/outer_module.py,LOW,1.0,0.0,1.0,0.0
streamlit,lib/tests/streamlit/component_test_data/nested/inner_module.py,LOW,1.0,0.0,1.0,0.0
streamlit,frontend/protobuf/index.js,LOW,1.0,0.0,1.0,0.0
streamlit,frontend/protobuf/scripts/generate-proto.js,MEDIUM,0.9906,0.0094,0.0,0.9906
streamlit,e2e_playwright/static/iframerResizer.min.js,LOW,1.0,0.0,1.0,0.0
streamlit,lib/tests/streamlit/elements/test_html.js,LOW,1.0,0.0,1.0,0.0
streamlit,frontend/test-globals.d.ts,MEDIUM,0.9998,1e-04,1e-04,0.9998
streamlit,frontend/vitest.config.ts,MEDIUM,0.9996,0.0003,1e-04,0.9996
streamlit,frontend/vitest.setup.ts,HIGH,1.0,1.0,0.0,0.0
streamlit,frontend/component-v2-lib/vite.config.ts,MEDIUM,0.9992,0.0008,0.0,0.9992
streamlit,frontend/component-v2-lib/src/index.test.ts,MEDIUM,0.9084,1e-04,0.0916,0.9084
streamlit,frontend/component-v2-lib/src/types.ts,MEDIUM,0.9991,0.0008,0.0,0.9991
streamlit,frontend/component-v2-lib/src/index.ts,LOW,0.9998,0.0,0.9998,0.0002
streamlit,frontend/component-v2-lib/src/theme.ts,MEDIUM,0.9827,0.0173,0.0,0.9827
streamlit,frontend/app/vite.config.ts,HIGH,1.0,1.0,0.0,0.0
streamlit,frontend/app/src/index.tsx,MEDIUM,0.9996,0.0003,1e-04,0.9996
streamlit,frontend/app/src/MetricsManager.ts,HIGH,1.0,1.0,0.0,0.0
streamlit,frontend/app/src/App.tsx,HIGH,1.0,1.0,0.0,0.0
streamlit,frontend/app/src/urls.ts,MEDIUM,0.9839,1e-04,0.016,0.9839
streamlit,frontend/app/src/styled-components.ts,MEDIUM,0.9997,1e-04,0.0002,0.9997
streamlit,frontend/app/src/SessionEventDispatcher.ts,MEDIUM,0.9839,1e-04,0.016,0.9839
streamlit,frontend/app/src/App.test.tsx,HIGH,1.0,1.0,0.0,0.0
streamlit,frontend/app/src/ThemedApp.test.tsx,MEDIUM,0.9992,0.0007,1e-04,0.9992
streamlit,frontend/app/src/ThemedApp.tsx,MEDIUM,0.9994,0.0006,0.0,0.9994
streamlit,frontend/app/src/MetricsManager.test.ts,HIGH,1.0,1.0,0.0,0.0
streamlit,frontend/app/src/FontPreload.test.tsx,MEDIUM,0.9998,1e-04,1e-04,0.9998
streamlit,frontend/app/src/showDevelopmentOptions.ts,MEDIUM,0.9998,1e-04,1e-04,0.9998
streamlit,frontend/app/src/emotion.d.ts,LOW,0.985,0.0,0.985,0.015
streamlit,frontend/app/src/StreamlitLib.test.tsx,HIGH,0.9998,0.9998,0.0,0.0002
streamlit,frontend/app/src/util/getBrowserInfo.ts,MEDIUM,0.9998,1e-04,1e-04,0.9998
streamlit,frontend/app/src/util/hostConfigHelpers.test.ts,HIGH,1.0,1.0,0.0,0.0
streamlit,frontend/app/src/util/ScreenCastRecorder.test.ts,HIGH,1.0,1.0,0.0,0.0
streamlit,frontend/app/src/util/AppNavigation.ts,HIGH,1.0,1.0,0.0,0.0
streamlit,frontend/app/src/util/ScreenCastRecorder.ts,HIGH,0.9727,0.9727,0.0,0.0272
streamlit,frontend/app/src/util/AppNavigation.test.ts,HIGH,1.0,1.0,0.0,0.0
streamlit,frontend/app/src/util/useThemeManager.test.ts,HIGH,1.0,1.0,0.0,0.0
streamlit,frontend/app/src/util/reactUidCompat.ts,LOW,0.9993,0.0,0.9993,0.0007
streamlit,frontend/app/src/util/useThemeManager.ts,HIGH,0.9999,0.9999,0.0,1e-04
streamlit,frontend/app/src/util/hostConfigHelpers.ts,HIGH,0.8159,0.8159,0.0,0.1841
streamlit,frontend/app/src/util/getBrowserInfo.test.ts,MEDIUM,0.9679,0.0321,0.0,0.9679
streamlit,frontend/app/src/components/StreamlitContextProvider.tsx,HIGH,1.0,1.0,0.0,0.0
streamlit,frontend/app/src/components/StreamlitDialog/StreamlitDialog.test.tsx,MEDIUM,0.9987,0.0013,0.0,0.9987
streamlit,frontend/app/src/components/StreamlitDialog/styled-components.ts,MEDIUM,0.9997,1e-04,0.0002,0.9997
streamlit,frontend/app/src/components/StreamlitDialog/DialogErrorMessage.test.tsx,HIGH,1.0,1.0,0.0,0.0
streamlit,frontend/app/src/components/StreamlitDialog/DialogErrorMessage.tsx,MEDIUM,0.9962,0.0037,0.0,0.9962
streamlit,frontend/app/src/components/StreamlitDialog/StreamlitDialog.tsx,HIGH,1.0,1.0,0.0,0.0
streamlit,frontend/app/src/components/StreamlitDialog/constants.ts,MEDIUM,0.9963,1e-04,0.0036,0.9963
streamlit,frontend/app/src/components/StreamlitDialog/UserSettings.ts,LOW,0.985,0.0,0.985,0.015
streamlit,frontend/app/src/components/StreamlitDialog/DeployErrorDialogs/DetachedHead.test.tsx,MEDIUM,0.97,1e-04,0.0299,0.97
streamlit,frontend/app/src/components/StreamlitDialog/DeployErrorDialogs/DetachedHead.tsx,MEDIUM,0.9992,1e-04,0.0008,0.9992
streamlit,frontend/app/src/components/StreamlitDialog/DeployErrorDialogs/NoRepositoryDetected.tsx,MEDIUM,0.9992,1e-04,0.0007,0.9992
streamlit,frontend/app/src/components/StreamlitDialog/DeployErrorDialogs/NoRepositoryDetected.test.tsx,MEDIUM,0.97,1e-04,0.0299,0.97
streamlit,frontend/app/src/components/StreamlitDialog/DeployErrorDialogs/ModuleIsNotAdded.test.tsx,MEDIUM,0.97,1e-04,0.0299,0.97
streamlit,frontend/app/src/components/StreamlitDialog/DeployErrorDialogs/styled-components.tsx,LOW,0.985,0.0,0.985,0.015
streamlit,frontend/app/src/components/StreamlitDialog/DeployErrorDialogs/types.ts,LOW,0.8998,0.0,0.8998,0.1002
streamlit,frontend/app/src/components/StreamlitDialog/DeployErrorDialogs/ModuleIsNotAdded.tsx,MEDIUM,0.9993,1e-04,0.0006,0.9993
streamlit,frontend/app/src/components/StreamlitDialog/DeployDialog/DeployDialog.tsx,HIGH,1.0,1.0,0.0,0.0
streamlit,frontend/app/src/components/StreamlitDialog/DeployDialog/DeployModal.tsx,HIGH,0.9999,0.9999,0.0,1e-04
streamlit,frontend/app/src/components/StreamlitDialog/DeployDialog/styled-components.tsx,HIGH,1.0,1.0,0.0,0.0
streamlit,frontend/app/src/components/StreamlitDialog/DeployDialog/DeployDialog.test.tsx,HIGH,1.0,1.0,0.0,0.0
streamlit,frontend/app/src/components/StreamlitDialog/DeployDialog/DeployListElement.tsx,MEDIUM,0.9993,1e-04,0.0006,0.9993
streamlit,frontend/app/src/components/Sidebar/Sidebar.test.tsx,HIGH,1.0,1.0,0.0,0.0
streamlit,frontend/app/src/components/Sidebar/utils.test.ts,HIGH,0.9999,0.9999,0.0,1e-04
streamlit,frontend/app/src/components/Sidebar/styled-components.ts,HIGH,0.9997,0.9997,0.0,0.0003
streamlit,frontend/app/src/components/Sidebar/ThemedSidebar.test.tsx,HIGH,0.9997,0.9997,0.0,0.0003
streamlit,frontend/app/src/components/Sidebar/utils.ts,HIGH,1.0,1.0,0.0,0.0
streamlit,frontend/app/src/components/Sidebar/Sidebar.tsx,HIGH,1.0,1.0,0.0,0.0
streamlit,frontend/app/src/components/Sidebar/ThemedSidebar.tsx,MEDIUM,0.9994,1e-04,0.0005,0.9994
streamlit,frontend/app/src/components/ToolbarActions/styled-components.ts,MEDIUM,0.9995,1e-04,0.0004,0.9995
streamlit,frontend/app/src/components/ToolbarActions/ToolbarActions.test.tsx,MEDIUM,0.995,0.005,0.0,0.995
streamlit,frontend/app/src/components/ToolbarActions/ToolbarActions.tsx,MEDIUM,0.995,0.005,0.0,0.995
streamlit,frontend/app/src/components/Countdown/Countdown.test.tsx,MEDIUM,0.9979,1e-04,0.002,0.9979
streamlit,frontend/app/src/components/Countdown/styled-components.ts,MEDIUM,0.9995,0.0002,0.0004,0.9995
streamlit,frontend/app/src/components/Countdown/Countdown.tsx,MEDIUM,0.9995,0.0004,1e-04,0.9995
streamlit,frontend/app/src/components/FontSources/FontSources.tsx,MEDIUM,0.9998,1e-04,1e-04,0.9998
streamlit,frontend/app/src/components/Navigation/TopNavSection.test.tsx,MEDIUM,0.9731,0.0269,0.0,0.9731
streamlit,frontend/app/src/components/Navigation/utils.test.ts,HIGH,0.9986,0.9986,0.0,0.0014
streamlit,frontend/app/src/components/Navigation/styled-components.ts,HIGH,0.9999,0.9999,0.0,1e-04
streamlit,frontend/app/src/components/Navigation/SidebarNavLink.tsx,HIGH,0.9697,0.9697,0.0,0.0303
streamlit,frontend/app/src/components/Navigation/TopNav.test.tsx,HIGH,0.9999,0.9999,0.0,1e-04
streamlit,frontend/app/src/components/Navigation/utils.ts,MEDIUM,0.9908,0.0092,0.0,0.9908
streamlit,frontend/app/src/components/Navigation/NavSection.tsx,MEDIUM,0.9988,0.0011,0.0,0.9988
streamlit,frontend/app/src/components/Navigation/SidebarNavLink.test.tsx,HIGH,0.9998,0.9998,0.0,0.0002
streamlit,frontend/app/src/components/Navigation/TopNavSection.tsx,HIGH,0.9978,0.9978,0.0,0.0022
streamlit,frontend/app/src/components/Navigation/SidebarNav.tsx,HIGH,1.0,1.0,0.0,0.0
streamlit,frontend/app/src/components/Navigation/SidebarNav.test.tsx,HIGH,1.0,1.0,0.0,0.0
streamlit,frontend/app/src/components/Navigation/TopNav.tsx,HIGH,0.9949,0.9949,0.0,0.0051
streamlit,frontend/app/src/components/StatusWidget/getConnectionStateUI.ts,MEDIUM,0.9994,0.0005,1e-04,0.9994
streamlit,frontend/app/src/components/StatusWidget/getConnectionStateUI.test.ts,MEDIUM,0.9683,0.0317,0.0,0.9683
streamlit,frontend/app/src/components/StatusWidget/styled-components.ts,HIGH,0.8971,0.8971,0.0,0.1029
streamlit,frontend/app/src/components/StatusWidget/StatusWidget.tsx,HIGH,1.0,1.0,0.0,0.0
streamlit,frontend/app/src/components/StatusWidget/StatusWidget.test.tsx,HIGH,0.9999,0.9999,0.0,1e-04
streamlit,frontend/app/src/components/StatusWidget/IconRunning.tsx,MEDIUM,0.6357,0.3643,0.0,0.6357
streamlit,frontend/app/src/components/Logo/LogoComponent.test.tsx,HIGH,1.0,1.0,0.0,0.0
streamlit,frontend/app/src/components/Logo/LogoComponent.tsx,HIGH,0.9871,0.9871,0.0,0.0129
streamlit,frontend/app/src/components/MainMenu/MainMenu.test.tsx,HIGH,1.0,1.0,0.0,0.0
streamlit,frontend/app/src/components/MainMenu/mainMenuTestHelpers.ts,MEDIUM,0.9996,0.0003,1e-04,0.9996
streamlit,frontend/app/src/components/MainMenu/styled-components.ts,HIGH,1.0,1.0,0.0,0.0
streamlit,frontend/app/src/components/MainMenu/themeSection.test.ts,HIGH,0.9983,0.9983,0.0,0.0017
streamlit,frontend/app/src/components/MainMenu/ToggleItemRow.test.tsx,HIGH,0.9824,0.9824,0.0,0.0176
streamlit,frontend/app/src/components/MainMenu/MainMenu.tsx,HIGH,1.0,1.0,0.0,0.0
streamlit,frontend/app/src/components/MainMenu/ToggleItemRow.tsx,MEDIUM,0.9979,0.002,0.0,0.9979
streamlit,frontend/app/src/components/MainMenu/themeSection.ts,MEDIUM,0.764,0.236,0.0,0.764
streamlit,frontend/app/src/components/AppView/AppView.tsx,HIGH,1.0,1.0,0.0,0.0
streamlit,frontend/app/src/components/AppView/styled-components.ts,HIGH,0.9997,0.9997,0.0,0.0003
streamlit,frontend/app/src/components/AppView/ScrollToBottomContainer.tsx,MEDIUM,0.9992,1e-04,0.0006,0.9992
streamlit,frontend/app/src/components/AppView/AppView.test.tsx,HIGH,1.0,1.0,0.0,0.0
streamlit,frontend/app/src/components/DeployButton/DeployButton.tsx,MEDIUM,0.9994,1e-04,0.0005,0.9994
streamlit,frontend/app/src/components/DeployButton/styled-components.tsx,MEDIUM,0.97,1e-04,0.0299,0.97
streamlit,frontend/app/src/components/Header/styled-components.ts,MEDIUM,0.9852,0.0148,0.0,0.9852
streamlit,frontend/app/src/components/Header/Header.test.tsx,HIGH,0.9984,0.9984,0.0,0.0016
streamlit,frontend/app/src/components/Header/Header.tsx,HIGH,0.8222,0.8222,0.0,0.1777
streamlit,frontend/app/src/components/FontFaceDeclaration/FontFaceDeclaration.tsx,MEDIUM,0.9992,0.0007,0.0,0.9992
streamlit,frontend/app/src/hooks/useViewportSize.test.tsx,MEDIUM,0.999,0.0009,0.0,0.999
streamlit,frontend/app/src/hooks/useViewportSize.ts,MEDIUM,0.9839,1e-04,0.016,0.9839
streamlit,frontend/app/src/hocs/withScreencast/withScreencast.test.tsx,MEDIUM,0.9988,0.0012,0.0,0.9988
streamlit,frontend/app/src/hocs/withScreencast/withScreencast.tsx,HIGH,0.9997,0.9997,0.0,0.0003
streamlit,frontend/app/src/hocs/withScreencast/components/UnsupportedBrowserDialog/styled-components.ts,MEDIUM,0.9993,1e-04,0.0006,0.9993
streamlit,frontend/app/src/hocs/withScreencast/components/UnsupportedBrowserDialog/UnsupportedBrowserDialog.test.tsx,MEDIUM,0.9995,0.0004,1e-04,0.9995
streamlit,frontend/app/src/hocs/withScreencast/components/UnsupportedBrowserDialog/UnsupportedBrowserDialog.tsx,MEDIUM,0.9996,0.0002,0.0002,0.9996
streamlit,frontend/app/src/hocs/withScreencast/components/ScreencastDialog/styled-components.ts,MEDIUM,0.97,1e-04,0.0299,0.97
streamlit,frontend/app/src/hocs/withScreencast/components/ScreencastDialog/ScreencastDialog.tsx,MEDIUM,0.9982,0.0018,0.0,0.9982
streamlit,frontend/app/src/hocs/withScreencast/components/ScreencastDialog/ScreencastDialog.test.tsx,MEDIUM,0.9988,0.0011,0.0,0.9988
streamlit,frontend/app/src/hocs/withScreencast/components/VideoRecordedDialog/VideoRecordedDialog.tsx,HIGH,1.0,1.0,0.0,0.0
streamlit,frontend/app/src/hocs/withScreencast/components/VideoRecordedDialog/styled-components.ts,MEDIUM,0.9995,0.0003,0.0002,0.9995
streamlit,frontend/app/src/hocs/withScreencast/components/VideoRecordedDialog/VideoRecordedDialog.test.tsx,MEDIUM,0.9988,0.0012,1e-04,0.9988
streamlit,frontend/connection/vite.config.ts,MEDIUM,0.9984,0.0015,0.0,0.9984
streamlit,frontend/connection/src/ConnectionManager.test.ts,HIGH,1.0,1.0,0.0,0.0
streamlit,frontend/connection/src/utils.test.ts,HIGH,1.0,1.0,0.0,0.0
streamlit,frontend/connection/src/StaticConnection.tsx,HIGH,0.9726,0.9726,0.0,0.0274
streamlit,frontend/connection/src/DefaultStreamlitEndpoints.ts,HIGH,1.0,1.0,0.0,0.0
streamlit,frontend/connection/src/ForwardMessageCache.ts,HIGH,0.986,0.986,0.0,0.014
streamlit,frontend/connection/src/DoInitPings.tsx,HIGH,1.0,1.0,0.0,0.0
streamlit,frontend/connection/src/WebsocketConnection.test.tsx,HIGH,1.0,1.0,0.0,0.0
streamlit,frontend/connection/src/utils.ts,HIGH,0.9997,0.9997,0.0,0.0003
streamlit,frontend/connection/src/ConnectionManager.ts,HIGH,0.9998,0.9998,0.0,0.0002
streamlit,frontend/connection/src/WebsocketConnection.tsx,HIGH,1.0,1.0,0.0,0.0
streamlit,frontend/connection/src/DefaultStreamlitEndpoints.test.ts,HIGH,1.0,1.0,0.0,0.0
streamlit,frontend/connection/src/types.ts,MEDIUM,0.5958,0.4042,0.0,0.5958
streamlit,frontend/connection/src/constants.ts,MEDIUM,0.9998,1e-04,1e-04,0.9998
streamlit,frontend/connection/src/testUtils.ts,MEDIUM,0.9996,0.0002,0.0003,0.9996
streamlit,frontend/connection/src/index.ts,MEDIUM,0.97,1e-04,0.0299,0.97
streamlit,frontend/connection/src/ConnectionState.ts,MEDIUM,0.9963,1e-04,0.0036,0.9963
streamlit,frontend/connection/src/StaticConnection.test.tsx,HIGH,1.0,1.0,0.0,0.0
streamlit,frontend/connection/src/ForwardMessageCache.test.ts,HIGH,1.0,1.0,0.0,0.0
streamlit,frontend/utils/vite.config.ts,MEDIUM,0.9994,0.0006,0.0,0.9994
streamlit,frontend/utils/src/index.ts,LOW,0.8998,0.0,0.8998,0.1002
streamlit,frontend/utils/src/types/index.test.ts,MEDIUM,0.9995,0.0004,1e-04,0.9995
streamlit,frontend/utils/src/types/index.ts,MEDIUM,0.9997,0.0002,1e-04,0.9997
streamlit,frontend/utils/src/config/index.test.ts,HIGH,0.9971,0.9971,0.0,0.0029
streamlit,frontend/utils/src/config/index.ts,HIGH,0.9986,0.9986,0.0,0.0014
streamlit,frontend/utils/src/browser/index.test.ts,MEDIUM,0.9952,0.0047,0.0,0.9952
streamlit,frontend/utils/src/browser/index.ts,MEDIUM,0.9998,1e-04,1e-04,0.9998
streamlit,frontend/utils/src/polyfills/index.ts,MEDIUM,0.9997,1e-04,0.0002,0.9997
streamlit,frontend/utils/src/uri/index.test.ts,MEDIUM,0.9991,0.0009,0.0,0.9991
streamlit,frontend/utils/src/uri/index.ts,MEDIUM,0.9996,0.0003,1e-04,0.9996
streamlit,frontend/eslint-plugin-streamlit-custom/vitest.config.ts,MEDIUM,0.9979,1e-04,0.002,0.9979
streamlit,frontend/eslint-plugin-streamlit-custom/src/no-force-reflow-access.ts,HIGH,1.0,1.0,0.0,0.0
streamlit,frontend/eslint-plugin-streamlit-custom/src/no-aria-hidden-with-focusable-children.test.ts,MEDIUM,0.9991,0.0009,0.0,0.9991
streamlit,frontend/eslint-plugin-streamlit-custom/src/index.test.ts,MEDIUM,0.9996,0.0002,0.0003,0.9996
streamlit,frontend/eslint-plugin-streamlit-custom/src/no-hardcoded-theme-values.test.ts,MEDIUM,0.9674,0.0325,0.0,0.9674
streamlit,frontend/eslint-plugin-streamlit-custom/src/use-strict-null-equality-checks.test.ts,MEDIUM,0.9996,0.0003,1e-04,0.9996
streamlit,frontend/eslint-plugin-streamlit-custom/src/use-strict-null-equality-checks.ts,MEDIUM,0.8842,0.1158,0.0,0.8842
streamlit,frontend/eslint-plugin-streamlit-custom/src/no-hardcoded-theme-values.ts,HIGH,0.9754,0.9754,0.0,0.0245
streamlit,frontend/eslint-plugin-streamlit-custom/src/no-aria-hidden-with-focusable-children.ts,HIGH,0.9999,0.9999,0.0,1e-04
streamlit,frontend/eslint-plugin-streamlit-custom/src/enforce-memo.test.ts,HIGH,0.9996,0.9996,0.0,0.0004
streamlit,frontend/eslint-plugin-streamlit-custom/src/index.ts,MEDIUM,0.9993,1e-04,0.0007,0.9993
streamlit,frontend/eslint-plugin-streamlit-custom/src/no-force-reflow-access.test.ts,HIGH,0.9984,0.9984,0.0,0.0016
streamlit,frontend/eslint-plugin-streamlit-custom/src/enforce-memo.ts,HIGH,1.0,1.0,0.0,0.0
streamlit,frontend/eslint-plugin-streamlit-custom/src/utils/createRule.ts,LOW,0.8998,0.0,0.8998,0.1002
streamlit,frontend/eslint-plugin-streamlit-custom/src/utils/ruleTester.ts,MEDIUM,0.9995,1e-04,0.0004,0.9995
streamlit,frontend/lib/declarations.d.ts,MEDIUM,0.9995,1e-04,0.0004,0.9995
streamlit,frontend/lib/vite.config.ts,MEDIUM,0.9785,0.0215,0.0,0.9785
streamlit,frontend/lib/emotion.d.ts,LOW,0.985,0.0,0.985,0.015
streamlit,frontend/lib/src/RootStyleProvider.tsx,MEDIUM,0.9991,0.0009,0.0,0.9991
streamlit,frontend/lib/src/SessionInfo.ts,HIGH,0.7689,0.7689,0.0,0.2311
streamlit,frontend/lib/src/FileUploadClient.test.ts,HIGH,1.0,1.0,0.0,0.0
streamlit,frontend/lib/src/testing.ts,LOW,0.8998,0.0,0.8998,0.1002
streamlit,frontend/lib/src/urls.ts,MEDIUM,0.97,1e-04,0.0299,0.97
streamlit,frontend/lib/src/WidgetStateManager.test.ts,HIGH,1.0,1.0,0.0,0.0
streamlit,frontend/lib/src/styled-components.ts,MEDIUM,0.9996,0.0002,0.0002,0.9996
streamlit,frontend/lib/src/BackendOperationClient.ts,HIGH,1.0,1.0,0.0,0.0
streamlit,frontend/lib/src/WidgetStateManager.ts,HIGH,1.0,1.0,0.0,0.0
streamlit,frontend/lib/src/test_util.tsx,HIGH,1.0,1.0,0.0,0.0
streamlit,frontend/lib/src/BackendOperationClient.test.ts,HIGH,1.0,1.0,0.0,0.0
streamlit,frontend/lib/src/SessionInfo.test.ts,HIGH,1.0,1.0,0.0,0.0
streamlit,frontend/lib/src/AppNode.ts,MEDIUM,0.9839,1e-04,0.016,0.9839
streamlit,frontend/lib/src/StreamlitEndpoints.ts,MEDIUM,0.9979,0.0021,0.0,0.9979
streamlit,frontend/lib/src/FileUploadClient.ts,HIGH,0.9819,0.9819,0.0,0.018
streamlit,frontend/lib/src/ScriptRunState.ts,MEDIUM,0.97,1e-04,0.0299,0.97
streamlit,frontend/lib/src/index.ts,HIGH,0.9996,0.9996,0.0,0.0004
streamlit,frontend/lib/src/mocks/mocks.ts,MEDIUM,0.9988,0.0012,1e-04,0.9988
streamlit,frontend/lib/src/mocks/mockTheme.ts,HIGH,0.9991,0.9991,0.0,0.0009
streamlit,frontend/lib/src/mocks/arrow/namedIndex.ts,MEDIUM,0.9994,0.0006,0.0,0.9994
streamlit,frontend/lib/src/mocks/arrow/styler.ts,MEDIUM,0.9857,0.0143,0.0,0.9857
streamlit,frontend/lib/src/mocks/arrow/multi.ts,MEDIUM,0.9846,0.0154,0.0,0.9846
streamlit,frontend/lib/src/mocks/arrow/empty.ts,MEDIUM,0.9997,0.0002,1e-04,0.9997
streamlit,frontend/lib/src/mocks/arrow/tall.ts,MEDIUM,0.993,0.0069,0.0,0.993
streamlit,frontend/lib/src/mocks/arrow/tenByTen.ts,HIGH,0.9884,0.9884,0.0,0.0116
streamlit,frontend/lib/src/mocks/arrow/types/categoricalColumn.ts,MEDIUM,0.9985,0.0015,0.0,0.9985
streamlit,frontend/lib/src/mocks/arrow/types/datetime.ts,HIGH,0.9999,0.9999,0.0,1e-04
streamlit,frontend/lib/src/mocks/arrow/types/dictionary.ts,MEDIUM,0.9984,0.0016,0.0,0.9984
streamlit,frontend/lib/src/mocks/arrow/types/timedelta.ts,MEDIUM,0.9994,0.0006,0.0,0.9994
streamlit,frontend/lib/src/mocks/arrow/types/uint64.ts,MEDIUM,0.9966,0.0034,0.0,0.9966
streamlit,frontend/lib/src/mocks/arrow/types/period.ts,HIGH,1.0,1.0,0.0,0.0
streamlit,frontend/lib/src/mocks/arrow/types/intervalDatetime64.ts,MEDIUM,0.9827,0.0173,0.0,0.9827
streamlit,frontend/lib/src/mocks/arrow/types/float64.ts,MEDIUM,0.9966,0.0034,0.0,0.9966
streamlit,frontend/lib/src/mocks/arrow/types/decimal.ts,MEDIUM,0.999,0.001,0.0,0.999
streamlit,frontend/lib/src/mocks/arrow/types/range.ts,MEDIUM,0.9987,0.0012,0.0,0.9987
streamlit,frontend/lib/src/mocks/arrow/types/int64.ts,MEDIUM,0.9966,0.0034,0.0,0.9966
streamlit,frontend/lib/src/mocks/arrow/types/intervalInt64.ts,MEDIUM,0.9852,0.0148,0.0,0.9852
streamlit,frontend/lib/src/mocks/arrow/types/unicode.ts,MEDIUM,0.997,0.003,0.0,0.997
streamlit,frontend/lib/src/mocks/arrow/types/categorical.ts,MEDIUM,0.9951,0.0048,0.0,0.9951
streamlit,frontend/lib/src/mocks/arrow/types/intervalFloat64.ts,MEDIUM,0.9846,0.0154,0.0,0.9846
streamlit,frontend/lib/src/mocks/arrow/types/intervalUint64.ts,MEDIUM,0.9852,0.0148,0.0,0.9852
streamlit,frontend/lib/src/hostComm/HostCommunicationManager.tsx,HIGH,1.0,1.0,0.0,0.0
streamlit,frontend/lib/src/hostComm/types.ts,HIGH,0.9978,0.9978,0.0,0.0021
streamlit,frontend/lib/src/hostComm/HostCommunicationManager.test.tsx,HIGH,1.0,1.0,0.0,0.0
streamlit,frontend/lib/src/util/FileHelper.test.ts,HIGH,0.9999,0.9999,0.0,1e-04
streamlit,frontend/lib/src/util/FileHelper.ts,HIGH,1.0,1.0,0.0,0.0
streamlit,frontend/lib/src/util/utils.test.ts,HIGH,1.0,1.0,0.0,0.0
streamlit,frontend/lib/src/util/ErrorHandling.ts,MEDIUM,0.9084,1e-04,0.0916,0.9084
streamlit,frontend/lib/src/util/assertNever.ts,LOW,0.9993,0.0,0.9993,0.0007
streamlit,frontend/lib/src/util/uploadFiles.ts,HIGH,0.7937,0.7937,0.0,0.2063
streamlit,frontend/lib/src/util/reactJsonViewCompat.ts,MEDIUM,0.9989,1e-04,0.001,0.9989
streamlit,frontend/lib/src/util/formatMoment.ts,MEDIUM,0.9935,0.0065,0.0,0.9935
streamlit,frontend/lib/src/util/formatNumber.ts,HIGH,0.9986,0.9986,0.0,0.0014
streamlit,frontend/lib/src/util/ErrorHandling.test.ts,HIGH,1.0,1.0,0.0,0.0
streamlit,frontend/lib/src/util/storageUtils.ts,MEDIUM,0.97,1e-04,0.0299,0.97
streamlit,frontend/lib/src/util/fuzzyFilterSelectOptions.ts,MEDIUM,0.9697,0.0303,0.0,0.9697
streamlit,frontend/lib/src/util/utils.ts,HIGH,1.0,1.0,0.0,0.0
streamlit,frontend/lib/src/util/isMobile.ts,MEDIUM,0.9084,1e-04,0.0916,0.9084
streamlit,frontend/lib/src/util/resolveDefaultExport.test.ts,MEDIUM,0.999,0.0009,0.0,0.999
streamlit,frontend/lib/src/util/UriUtil.test.ts,HIGH,1.0,1.0,0.0,0.0
streamlit,frontend/lib/src/util/inputUtils.test.ts,MEDIUM,0.9996,0.0002,0.0002,0.9996
streamlit,frontend/lib/src/util/Hooks.test.ts,MEDIUM,0.9997,0.0002,1e-04,0.9997
streamlit,frontend/lib/src/util/fuzzyFilterSelectOptions.test.ts,MEDIUM,0.9899,0.0101,0.0,0.9899
streamlit,frontend/lib/src/util/inputUtils.ts,MEDIUM,0.9995,1e-04,0.0004,0.9995
streamlit,frontend/lib/src/util/createDownloadLinkElement.ts,MEDIUM,0.9994,0.0006,0.0,0.9994
streamlit,frontend/lib/src/util/IFrameUtil.ts,MEDIUM,0.9992,0.0008,0.0,0.9992
streamlit,frontend/lib/src/util/reactPlotlyCompat.ts,MEDIUM,0.9839,1e-04,0.016,0.9839
streamlit,frontend/lib/src/util/formatMoment.test.ts,HIGH,1.0,1.0,0.0,0.0
streamlit,frontend/lib/src/util/uploadFiles.test.ts,MEDIUM,0.9888,0.0112,0.0,0.9888
streamlit,frontend/lib/src/util/createDownloadLinkElement.test.ts,MEDIUM,0.9186,0.0813,0.0,0.9186
streamlit,frontend/lib/src/util/resolveDefaultExport.ts,MEDIUM,0.9998,1e-04,1e-04,0.9998
streamlit,frontend/lib/src/util/Hooks.ts,MEDIUM,0.9996,0.0003,1e-04,0.9996
streamlit,frontend/lib/src/util/UriUtil.ts,MEDIUM,0.9286,0.0714,0.0,0.9286
streamlit,frontend/lib/src/util/withTimezones.ts,MEDIUM,0.9998,1e-04,1e-04,0.9998
streamlit,frontend/lib/src/util/formatNumber.test.ts,HIGH,1.0,1.0,0.0,0.0
streamlit,frontend/lib/src/util/performance/fns.ts,MEDIUM,0.9995,1e-04,0.0004,0.9995
streamlit,frontend/lib/src/util/performance/fns.test.ts,HIGH,1.0,1.0,0.0,0.0
streamlit,frontend/lib/src/util/performance/types.ts,LOW,0.9993,0.0,0.9993,0.0007
streamlit,frontend/lib/src/dataframes/pandasStylerUtils.ts,HIGH,0.9052,0.9052,0.0,0.0948
streamlit,frontend/lib/src/dataframes/arrowTypeUtils.ts,HIGH,1.0,1.0,0.0,0.0
streamlit,frontend/lib/src/dataframes/arrowFormatUtils.test.ts,HIGH,1.0,1.0,0.0,0.0
streamlit,frontend/lib/src/dataframes/Quiver.test.ts,HIGH,1.0,1.0,0.0,0.0
streamlit,frontend/lib/src/dataframes/arrowFormatUtils.ts,HIGH,1.0,1.0,0.0,0.0
streamlit,frontend/lib/src/dataframes/arrowParseUtils.ts,HIGH,1.0,1.0,0.0,0.0
streamlit,frontend/lib/src/dataframes/pandasStylerUtils.test.ts,HIGH,0.9989,0.9989,0.0,0.0011
streamlit,frontend/lib/src/dataframes/Quiver.ts,HIGH,0.9997,0.9997,0.0,0.0003
streamlit,frontend/lib/src/dataframes/arrowTypeUtils.test.ts,HIGH,1.0,1.0,0.0,0.0
streamlit,frontend/lib/src/components/core/ViewStateContext.tsx,MEDIUM,0.9993,1e-04,0.0006,0.9993
streamlit,frontend/lib/src/components/core/IsSidebarContext.ts,LOW,0.985,0.0,0.985,0.015
streamlit,frontend/lib/src/components/core/LibConfigContext.tsx,MEDIUM,0.9998,1e-04,1e-04,0.9998
streamlit,frontend/lib/src/components/core/NavigationContext.tsx,MEDIUM,0.9998,1e-04,1e-04,0.9998
streamlit,frontend/lib/src/components/core/IsDialogContext.ts,LOW,0.985,0.0,0.985,0.015
streamlit,frontend/lib/src/components/core/BackendOperationContext.tsx,HIGH,0.995,0.995,0.0,0.005
streamlit,frontend/lib/src/components/core/SidebarConfigContext.tsx,HIGH,0.9999,0.9999,0.0,1e-04
streamlit,frontend/lib/src/components/core/ThemeContext.tsx,MEDIUM,0.9997,1e-04,0.0002,0.9997
streamlit,frontend/lib/src/components/core/ThemeProvider.tsx,MEDIUM,0.9997,1e-04,0.0002,0.9997
streamlit,frontend/lib/src/components/core/ScriptRunContext.tsx,MEDIUM,0.9998,1e-04,0.0002,0.9998
streamlit,frontend/lib/src/components/core/FormsContext.tsx,MEDIUM,0.97,1e-04,0.0299,0.97
streamlit,frontend/lib/src/components/core/BackendOperationContext.test.tsx,HIGH,1.0,1.0,0.0,0.0
streamlit,frontend/lib/src/components/core/Portal/PortalContext.tsx,LOW,0.8998,0.0,0.8998,0.1002
streamlit,frontend/lib/src/components/core/Portal/RenderInPortalIfExists.tsx,MEDIUM,0.9998,1e-04,0.0002,0.9998
streamlit,frontend/lib/src/components/core/Portal/PortalProvider.tsx,MEDIUM,0.9995,1e-04,0.0004,0.9995
streamlit,frontend/lib/src/components/core/Layout/useLayoutStyles.ts,HIGH,1.0,1.0,0.0,0.0
streamlit,frontend/lib/src/components/core/Layout/utils.test.ts,HIGH,0.9837,0.9837,0.0,0.0163
streamlit,frontend/lib/src/components/core/Layout/FlexContext.test.tsx,HIGH,1.0,1.0,0.0,0.0
streamlit,frontend/lib/src/components/core/Layout/utils.ts,MEDIUM,0.9589,0.0411,0.0,0.9589
streamlit,frontend/lib/src/components/core/Layout/withCalculatedWidth.tsx,MEDIUM,0.9998,1e-04,1e-04,0.9998
streamlit,frontend/lib/src/components/core/Layout/FlexContext.tsx,MEDIUM,0.7947,0.2052,0.0,0.7947
streamlit,frontend/lib/src/components/core/Layout/useLayoutStyles.test.tsx,HIGH,1.0,1.0,0.0,0.0
streamlit,frontend/lib/src/components/core/Layout/withCalculatedWidth.test.tsx,MEDIUM,0.9988,0.0012,1e-04,0.9988
streamlit,frontend/lib/src/components/core/Maybe/Maybe.test.tsx,MEDIUM,0.9969,0.0031,0.0,0.9969
streamlit,frontend/lib/src/components/core/Maybe/Maybe.tsx,MEDIUM,0.9997,1e-04,0.0003,0.9997
streamlit,frontend/lib/src/components/core/Block/utils.test.ts,HIGH,1.0,1.0,0.0,0.0
streamlit,frontend/lib/src/components/core/Block/styled-components.ts,HIGH,1.0,1.0,0.0,0.0
streamlit,frontend/lib/src/components/core/Block/ElementContainer.test.tsx,HIGH,0.9999,0.9999,0.0,1e-04
streamlit,frontend/lib/src/components/core/Block/utils.ts,HIGH,0.9997,0.9997,0.0,0.0003
streamlit,frontend/lib/src/components/core/Block/StyledElementContainerLayoutWrapper.tsx,HIGH,0.9998,0.9998,0.0,0.0002
streamlit,frontend/lib/src/components/core/Block/ElementNodeRenderer.test.tsx,HIGH,1.0,1.0,0.0,0.0
streamlit,frontend/lib/src/components/core/Block/RenderNodeVisitor.tsx,HIGH,0.8216,0.8216,0.0,0.1784
streamlit,frontend/lib/src/components/core/Block/Block.test.tsx,HIGH,0.9996,0.9996,0.0,0.0004
streamlit,frontend/lib/src/components/core/Block/Block.tsx,HIGH,1.0,1.0,0.0,0.0
streamlit,frontend/lib/src/components/core/Block/ElementContainer.tsx,MEDIUM,0.995,0.0049,0.0,0.995
streamlit,frontend/lib/src/components/core/Block/ElementNodeRenderer.tsx,HIGH,1.0,1.0,0.0,0.0
streamlit,frontend/lib/src/components/core/Block/ElementContainerConfig.ts,MEDIUM,0.6202,0.3798,0.0,0.6202
streamlit,frontend/lib/src/components/core/Block/RenderNodeVisitor.test.tsx,HIGH,1.0,1.0,0.0,0.0
streamlit,frontend/lib/src/components/core/Block/ElementContainerConfig.test.ts,HIGH,0.9984,0.9984,0.0,0.0016
streamlit,frontend/lib/src/components/shared/CopyButton/styled-components.ts,MEDIUM,0.9992,0.0007,1e-04,0.9992
streamlit,frontend/lib/src/components/shared/CopyButton/CopyButton.test.tsx,MEDIUM,0.9991,0.0009,0.0,0.9991
streamlit,frontend/lib/src/components/shared/CopyButton/CopyButton.tsx,MEDIUM,0.9094,0.0905,0.0,0.9094
streamlit,frontend/lib/src/components/shared/Dropdown/Selectbox.styled.ts,HIGH,1.0,1.0,0.0,0.0
streamlit,frontend/lib/src/components/shared/Dropdown/styled-components.ts,MEDIUM,0.9949,0.0051,0.0,0.9949
streamlit,frontend/lib/src/components/shared/Dropdown/Selectbox.tsx,HIGH,1.0,1.0,0.0,0.0
streamlit,frontend/lib/src/components/shared/Dropdown/VirtualDropdown.tsx,HIGH,0.9968,0.9968,0.0,0.0032
streamlit,frontend/lib/src/components/shared/Dropdown/Selectbox.test.tsx,HIGH,1.0,1.0,0.0,0.0
streamlit,frontend/lib/src/components/shared/Dropdown/VirtualDropdown.test.tsx,HIGH,0.9395,0.9395,0.0,0.0605
streamlit,frontend/lib/src/components/shared/FullScreenWrapper/withFullScreenWrapper.test.tsx,MEDIUM,0.9731,0.0269,0.0,0.9731
streamlit,frontend/lib/src/components/shared/FullScreenWrapper/styled-components.tsx,MEDIUM,0.9997,1e-04,1e-04,0.9997
streamlit,frontend/lib/src/components/shared/FullScreenWrapper/withFullScreenWrapper.tsx,MEDIUM,0.9998,1e-04,1e-04,0.9998
streamlit,frontend/lib/src/components/shared/Tooltip/useTooltipMeasurementSideEffect.test.tsx,HIGH,0.9981,0.9981,0.0,0.0018
streamlit,frontend/lib/src/components/shared/Tooltip/OverflowTooltip.tsx,MEDIUM,0.9985,0.0015,0.0,0.9985
streamlit,frontend/lib/src/components/shared/Tooltip/Tooltip.tsx,HIGH,0.9998,0.9998,0.0,0.0002
streamlit,frontend/lib/src/components/shared/Tooltip/styled-components.tsx,MEDIUM,0.9995,0.0002,0.0004,0.9995
streamlit,frontend/lib/src/components/shared/Tooltip/OverflowTooltip.test.tsx,MEDIUM,0.9991,0.0009,0.0,0.9991
streamlit,frontend/lib/src/components/shared/Tooltip/useTooltipMeasurementSideEffect.ts,MEDIUM,0.7381,0.2619,0.0,0.7381
streamlit,frontend/lib/src/components/shared/Tooltip/Tooltip.test.tsx,MEDIUM,0.9991,0.0009,0.0,0.9991
streamlit,frontend/lib/src/components/shared/Radio/Radio.tsx,HIGH,1.0,1.0,0.0,0.0
streamlit,frontend/lib/src/components/shared/Radio/styled-components.tsx,HIGH,1.0,1.0,0.0,0.0
streamlit,frontend/lib/src/components/shared/Radio/Radio.test.tsx,HIGH,1.0,1.0,0.0,0.0
streamlit,frontend/lib/src/components/shared/AlertContainer/styled-components.ts,MEDIUM,0.9984,0.0016,0.0,0.9984
streamlit,frontend/lib/src/components/shared/AlertContainer/AlertContainer.tsx,MEDIUM,0.9995,0.0005,1e-04,0.9995
streamlit,frontend/lib/src/components/shared/AlertContainer/types.ts,MEDIUM,0.9084,1e-04,0.0916,0.9084
streamlit,frontend/lib/src/components/shared/AlertContainer/AlertContainer.test.tsx,MEDIUM,0.9996,0.0003,1e-04,0.9996
streamlit,frontend/lib/src/components/shared/ErrorBoundary/ErrorBoundary.tsx,MEDIUM,0.9922,0.0078,0.0,0.9922
streamlit,frontend/lib/src/components/shared/BaseColorPicker/styled-components.ts,HIGH,0.9999,0.9999,0.0,1e-04
streamlit,frontend/lib/src/components/shared/BaseColorPicker/BaseColorPicker.test.tsx,MEDIUM,0.9928,0.0072,0.0,0.9928
streamlit,frontend/lib/src/components/shared/BaseColorPicker/BaseColorPicker.tsx,HIGH,0.9868,0.9868,0.0,0.0132
streamlit,frontend/lib/src/components/shared/UploadedFile/UploadedFileChip.test.tsx,HIGH,0.9999,0.9999,0.0,1e-04
streamlit,frontend/lib/src/components/shared/UploadedFile/utils.test.ts,HIGH,1.0,1.0,0.0,0.0
streamlit,frontend/lib/src/components/shared/UploadedFile/styled-components.ts,HIGH,0.9925,0.9925,0.0,0.0075
streamlit,frontend/lib/src/components/shared/UploadedFile/UploadedFileChip.tsx,HIGH,0.9998,0.9998,0.0,0.0002
streamlit,frontend/lib/src/components/shared/UploadedFile/utils.ts,HIGH,0.9971,0.9971,0.0,0.0029
streamlit,frontend/lib/src/components/shared/UploadedFile/UploadedFileChips.tsx,MEDIUM,0.9997,0.0003,1e-04,0.9997
streamlit,frontend/lib/src/components/shared/UploadedFile/UploadFileInfo.ts,MEDIUM,0.9994,0.0005,1e-04,0.9994
streamlit,frontend/lib/src/components/shared/Highlight/styled-components.ts,MEDIUM,0.9996,0.0003,1e-04,0.9996
streamlit,frontend/lib/src/components/shared/Highlight/createHighlightListItem.tsx,MEDIUM,0.9996,0.0003,1e-04,0.9996
streamlit,frontend/lib/src/components/shared/WindowDimensions/useWindowDimensions.test.tsx,MEDIUM,0.9976,0.0024,0.0,0.9976
streamlit,frontend/lib/src/components/shared/WindowDimensions/Provider.test.tsx,MEDIUM,0.9994,0.0005,1e-04,0.9994
streamlit,frontend/lib/src/components/shared/WindowDimensions/useWindowDimensions.tsx,MEDIUM,0.9991,0.0009,0.0,0.9991
streamlit,frontend/lib/src/components/shared/WindowDimensions/useWindowDimensionsContext.tsx,MEDIUM,0.9084,1e-04,0.0916,0.9084
streamlit,frontend/lib/src/components/shared/WindowDimensions/index.ts,MEDIUM,0.9084,1e-04,0.0916,0.9084
streamlit,frontend/lib/src/components/shared/WindowDimensions/Provider.tsx,MEDIUM,0.9998,1e-04,1e-04,0.9998
streamlit,frontend/lib/src/components/shared/BaseButton/iconPosition.ts,MEDIUM,0.9997,1e-04,0.0002,0.9997
streamlit,frontend/lib/src/components/shared/BaseButton/DynamicButtonLabel.test.tsx,MEDIUM,0.9959,0.0041,0.0,0.9959
streamlit,frontend/lib/src/components/shared/BaseButton/BaseButton.test.tsx,MEDIUM,0.9988,0.0012,0.0,0.9988
streamlit,frontend/lib/src/components/shared/BaseButton/BaseButtonTooltip.tsx,MEDIUM,0.9996,0.0003,1e-04,0.9996
streamlit,frontend/lib/src/components/shared/BaseButton/BaseButton.tsx,HIGH,0.9773,0.9773,0.0,0.0227
streamlit,frontend/lib/src/components/shared/BaseButton/styled-components.ts,HIGH,1.0,1.0,0.0,0.0
streamlit,frontend/lib/src/components/shared/BaseButton/DynamicButtonLabel.tsx,MEDIUM,0.9695,0.0305,0.0,0.9695
streamlit,frontend/lib/src/components/shared/Toolbar/styled-components.ts,MEDIUM,0.7669,0.2331,0.0,0.7669
streamlit,frontend/lib/src/components/shared/Toolbar/Toolbar.tsx,HIGH,0.9731,0.9731,0.0,0.0269
streamlit,frontend/lib/src/components/shared/Toolbar/Toolbar.test.tsx,HIGH,0.9977,0.9977,0.0,0.0023
streamlit,frontend/lib/src/components/shared/ProgressBar/styled-components.ts,HIGH,1.0,1.0,0.0,0.0
streamlit,frontend/lib/src/components/shared/ProgressBar/ProgressBar.tsx,HIGH,1.0,1.0,0.0,0.0
streamlit,frontend/lib/src/components/shared/ProgressBar/types.ts,HIGH,0.8634,0.8634,0.0005,0.1361
streamlit,frontend/lib/src/components/shared/ProgressBar/ProgressBar.test.tsx,HIGH,1.0,1.0,0.0,0.0
streamlit,frontend/lib/src/components/shared/ElementFullscreen/testUtils.tsx,MEDIUM,0.9997,0.0002,1e-04,0.9997
streamlit,frontend/lib/src/components/shared/ElementFullscreen/ElementFullscreenContext.tsx,MEDIUM,0.9983,1e-04,0.0017,0.9983
streamlit,frontend/lib/src/components/shared/ElementFullscreen/ElementFullscreenWrapper.tsx,MEDIUM,0.9995,0.0004,1e-04,0.9995
streamlit,frontend/lib/src/components/shared/ElementFullscreen/useFullscreen.tsx,MEDIUM,0.9985,0.0014,0.0,0.9985
streamlit,frontend/lib/src/components/shared/InputInstructions/styled-components.ts,MEDIUM,0.9996,0.0003,1e-04,0.9996
streamlit,frontend/lib/src/components/shared/InputInstructions/InputInstructions.test.tsx,HIGH,0.5029,0.5029,0.0,0.4971
streamlit,frontend/lib/src/components/shared/InputInstructions/InputInstructions.tsx,MEDIUM,0.8529,0.1471,0.0,0.8529
streamlit,frontend/lib/src/components/shared/Profiler/CircularBuffer.test.ts,MEDIUM,0.9995,0.0003,0.0002,0.9995
streamlit,frontend/lib/src/components/shared/Profiler/CircularBuffer.ts,MEDIUM,0.9996,1e-04,0.0003,0.9996
streamlit,frontend/lib/src/components/shared/Profiler/Profiler.tsx,MEDIUM,0.9992,0.0008,0.0,0.9992
streamlit,frontend/lib/src/components/shared/Icon/DynamicIcon.tsx,HIGH,1.0,1.0,0.0,0.0
streamlit,frontend/lib/src/components/shared/Icon/styled-components.ts,HIGH,1.0,1.0,0.0,0.0
streamlit,frontend/lib/src/components/shared/Icon/Icon.tsx,MEDIUM,0.6419,0.3581,0.0,0.6419
streamlit,frontend/lib/src/components/shared/Icon/DynamicIcon.test.tsx,HIGH,0.9998,0.9998,0.0,0.0002
streamlit,frontend/lib/src/components/shared/Icon/Material/styled-components.ts,MEDIUM,0.9995,0.0002,0.0002,0.9995
streamlit,frontend/lib/src/components/shared/Icon/Material/MaterialFontIcon.tsx,MEDIUM,0.9986,0.0014,0.0,0.9986
streamlit,frontend/lib/src/components/shared/TooltipIcon/TooltipIcon.tsx,HIGH,0.9863,0.9863,0.0,0.0137
streamlit,frontend/lib/src/components/shared/TooltipIcon/styled-components.ts,MEDIUM,0.997,0.003,0.0,0.997
streamlit,frontend/lib/src/components/shared/TooltipIcon/TooltipIcon.test.tsx,HIGH,0.9988,0.9988,0.0,0.0012
streamlit,frontend/lib/src/components/shared/ErrorElement/styled-components.ts,MEDIUM,0.9994,1e-04,0.0005,0.9994
streamlit,frontend/lib/src/components/shared/ErrorElement/ErrorElement.tsx,MEDIUM,0.9995,0.0004,1e-04,0.9995
streamlit,frontend/lib/src/components/shared/ErrorElement/ErrorElement.test.tsx,MEDIUM,0.9996,0.0002,0.0002,0.9996
streamlit,frontend/lib/src/components/shared/Modal/styled-components.ts,HIGH,1.0,1.0,0.0,0.0
streamlit,frontend/lib/src/components/shared/Modal/Modal.test.tsx,HIGH,1.0,1.0,0.0,0.0
streamlit,frontend/lib/src/components/shared/Modal/Modal.tsx,HIGH,1.0,1.0,0.0,0.0
streamlit,frontend/lib/src/components/shared/Base/styled-components.ts,HIGH,0.999,0.999,0.0,0.001
streamlit,frontend/lib/src/components/shared/StreamlitMarkdown/utils.test.ts,HIGH,1.0,1.0,0.0,0.0
streamlit,frontend/lib/src/components/shared/StreamlitMarkdown/styled-components.ts,HIGH,1.0,1.0,0.0,0.0
streamlit,frontend/lib/src/components/shared/StreamlitMarkdown/utils.ts,HIGH,1.0,1.0,0.0,0.0
streamlit,frontend/lib/src/components/shared/StreamlitMarkdown/Heading.tsx,MEDIUM,0.836,0.1639,0.0,0.836
streamlit,frontend/lib/src/components/shared/StreamlitMarkdown/Heading.test.tsx,HIGH,0.9908,0.9908,0.0,0.0092
streamlit,frontend/lib/src/components/shared/StreamlitMarkdown/StreamlitMarkdown.test.tsx,HIGH,1.0,1.0,0.0,0.0
streamlit,frontend/lib/src/components/shared/StreamlitMarkdown/StreamlitMarkdown.tsx,HIGH,1.0,1.0,0.0,0.0
streamlit,frontend/lib/src/components/elements/DeckGlJsonChart/patchLumaCanvasContext.ts,MEDIUM,0.9996,0.0004,1e-04,0.9996
streamlit,frontend/lib/src/components/elements/DeckGlJsonChart/styled-components.ts,MEDIUM,0.9987,0.0013,0.0,0.9987
streamlit,frontend/lib/src/components/elements/DeckGlJsonChart/useDeckGl.tsx,HIGH,1.0,1.0,0.0,0.0
streamlit,frontend/lib/src/components/elements/DeckGlJsonChart/DeckGlJsonChart.test.tsx,HIGH,0.9983,0.9983,0.0,0.0017
streamlit,frontend/lib/src/components/elements/DeckGlJsonChart/types.ts,MEDIUM,0.9994,0.0005,1e-04,0.9994
streamlit,frontend/lib/src/components/elements/DeckGlJsonChart/MapBoxCss.tsx,LOW,0.8998,0.0,0.8998,0.1002
streamlit,frontend/lib/src/components/elements/DeckGlJsonChart/useDeckGl.test.tsx,HIGH,1.0,1.0,0.0,0.0
streamlit,frontend/lib/src/components/elements/DeckGlJsonChart/DeckGlJsonChart.tsx,HIGH,1.0,1.0,0.0,0.0
streamlit,frontend/lib/src/components/elements/DeckGlJsonChart/utils/colors.ts,HIGH,0.9996,0.9996,0.0,0.0004
streamlit,frontend/lib/src/components/elements/DeckGlJsonChart/utils/jsonConverter.ts,MEDIUM,0.9992,1e-04,0.0006,0.9992
streamlit,frontend/lib/src/components/elements/DeckGlJsonChart/utils/colors.test.ts,HIGH,0.9998,0.9998,0.0,0.0002
streamlit,frontend/lib/src/components/elements/PlotlyChart/utils.test.ts,HIGH,1.0,1.0,0.0,0.0
streamlit,frontend/lib/src/components/elements/PlotlyChart/styled-components.ts,LOW,0.985,0.0,0.985,0.015
streamlit,frontend/lib/src/components/elements/PlotlyChart/utils.ts,HIGH,1.0,1.0,0.0,0.0
streamlit,frontend/lib/src/components/elements/PlotlyChart/PlotlyChart.tsx,HIGH,1.0,1.0,0.0,0.0
streamlit,frontend/lib/src/components/elements/PlotlyChart/CustomTheme.test.tsx,HIGH,0.7979,0.7979,0.0,0.2021
streamlit,frontend/lib/src/components/elements/PlotlyChart/PlotlyChart.test.tsx,HIGH,1.0,1.0,0.0,0.0
streamlit,frontend/lib/src/components/elements/PlotlyChart/CustomTheme.tsx,HIGH,1.0,1.0,0.0,0.0
streamlit,frontend/lib/src/components/elements/ImageList/styled-components.ts,MEDIUM,0.9987,0.0012,0.0,0.9987
streamlit,frontend/lib/src/components/elements/ImageList/ImageList.tsx,HIGH,0.9998,0.9998,0.0,0.0002
streamlit,frontend/lib/src/components/elements/ImageList/ImageList.test.tsx,HIGH,0.9999,0.9999,0.0,1e-04
streamlit,frontend/lib/src/components/elements/Tabs/Tabs.tsx,HIGH,1.0,1.0,0.0,0.0
streamlit,frontend/lib/src/components/elements/Tabs/styled-components.ts,HIGH,1.0,1.0,0.0,0.0
streamlit,frontend/lib/src/components/elements/Tabs/Tabs.test.tsx,HIGH,1.0,1.0,0.0,0.0
streamlit,frontend/lib/src/components/elements/PageLink/PageLink.tsx,HIGH,0.9798,0.9798,0.0,0.0202
streamlit,frontend/lib/src/components/elements/PageLink/PageLink.test.tsx,HIGH,1.0,1.0,0.0,0.0
streamlit,frontend/lib/src/components/elements/PageLink/styled-components.ts,MEDIUM,0.9823,0.0176,0.0,0.9823
streamlit,frontend/lib/src/components/elements/Balloons/styled-components.ts,MEDIUM,0.9996,0.0002,0.0003,0.9996
streamlit,frontend/lib/src/components/elements/Balloons/Balloons.tsx,MEDIUM,0.9992,0.0007,1e-04,0.9992
streamlit,frontend/lib/src/components/elements/Balloons/Balloons.test.tsx,MEDIUM,0.9837,0.0162,0.0,0.9837
streamlit,frontend/lib/src/components/elements/Video/styled-components.ts,MEDIUM,0.9993,1e-04,0.0006,0.9993
streamlit,frontend/lib/src/components/elements/Video/Video.tsx,HIGH,0.9999,0.9999,0.0,1e-04
streamlit,frontend/lib/src/components/elements/Video/Video.test.tsx,HIGH,1.0,1.0,0.0,0.0
streamlit,frontend/lib/src/components/elements/IFrame/styled-components.ts,MEDIUM,0.9998,1e-04,1e-04,0.9998
streamlit,frontend/lib/src/components/elements/IFrame/IFrame.tsx,HIGH,0.9999,0.9999,0.0,1e-04
streamlit,frontend/lib/src/components/elements/IFrame/IFrame.test.tsx,HIGH,1.0,1.0,0.0,0.0
streamlit,frontend/lib/src/components/elements/Progress/Progress.test.tsx,MEDIUM,0.9994,0.0002,0.0004,0.9994
streamlit,frontend/lib/src/components/elements/Progress/styled-components.ts,LOW,0.8998,0.0,0.8998,0.1002
streamlit,frontend/lib/src/components/elements/Progress/Progress.tsx,MEDIUM,0.9995,1e-04,0.0004,0.9995
streamlit,frontend/lib/src/components/elements/CodeBlock/CodeBlockCopyToolbar.tsx,MEDIUM,0.9997,0.0002,1e-04,0.9997
streamlit,frontend/lib/src/components/elements/CodeBlock/styled-components.ts,HIGH,0.9988,0.9988,0.0,0.0012
streamlit,frontend/lib/src/components/elements/CodeBlock/StreamlitErrorCodeBlock.test.tsx,MEDIUM,0.9906,0.0094,0.0,0.9906
streamlit,frontend/lib/src/components/elements/CodeBlock/StreamlitSyntaxHighlighter.test.tsx,HIGH,0.9633,0.9633,0.0,0.0367
streamlit,frontend/lib/src/components/elements/CodeBlock/StreamlitErrorCodeBlock.tsx,MEDIUM,0.9996,0.0003,1e-04,0.9996
streamlit,frontend/lib/src/components/elements/CodeBlock/StreamlitSyntaxHighlighter.tsx,HIGH,0.7946,0.7946,0.0,0.2053
streamlit,frontend/lib/src/components/elements/Markdown/Markdown.tsx,HIGH,1.0,1.0,0.0,0.0
streamlit,frontend/lib/src/components/elements/Markdown/Markdown.test.tsx,HIGH,1.0,1.0,0.0,0.0
streamlit,frontend/lib/src/components/elements/Skeleton/AppSkeleton.test.tsx,MEDIUM,0.9991,1e-04,0.0009,0.9991
streamlit,frontend/lib/src/components/elements/Skeleton/styled-components.ts,MEDIUM,0.9966,0.0034,0.0,0.9966
streamlit,frontend/lib/src/components/elements/Skeleton/AppSkeleton.tsx,MEDIUM,0.9997,0.0002,1e-04,0.9997
streamlit,frontend/lib/src/components/elements/Skeleton/Skeleton.test.tsx,MEDIUM,0.9997,1e-04,1e-04,0.9997
streamlit,frontend/lib/src/components/elements/Skeleton/Skeleton.tsx,MEDIUM,0.9998,1e-04,1e-04,0.9998
streamlit,frontend/lib/src/components/elements/Toast/StreamlitToastItem.test.tsx,HIGH,1.0,1.0,0.0,0.0
streamlit,frontend/lib/src/components/elements/Toast/Toast.test.tsx,HIGH,1.0,1.0,0.0,0.0
streamlit,frontend/lib/src/components/elements/Toast/styled-components.tsx,HIGH,1.0,1.0,0.0,0.0
streamlit,frontend/lib/src/components/elements/Toast/toastQueue.ts,HIGH,0.9618,0.9618,0.0,0.0381
streamlit,frontend/lib/src/components/elements/Toast/StreamlitToastItem.tsx,HIGH,1.0,1.0,0.0,0.0
streamlit,frontend/lib/src/components/elements/Toast/Toast.tsx,HIGH,1.0,1.0,0.0,0.0
streamlit,frontend/lib/src/components/elements/Favicon/Favicon.tsx,HIGH,0.6873,0.6873,0.0,0.3127
streamlit,frontend/lib/src/components/elements/Favicon/Favicon.test.tsx,HIGH,0.9999,0.9999,0.0,1e-04
streamlit,frontend/lib/src/components/elements/GraphVizChart/styled-components.ts,MEDIUM,0.9997,0.0002,1e-04,0.9997
streamlit,frontend/lib/src/components/elements/GraphVizChart/GraphVizChart.tsx,HIGH,0.9701,0.9701,0.0,0.0299
streamlit,frontend/lib/src/components/elements/GraphVizChart/GraphVizChart.test.tsx,MEDIUM,0.9285,0.0715,0.0,0.9285
streamlit,frontend/lib/src/components/elements/Html/styled-components.ts,MEDIUM,0.97,1e-04,0.0299,0.97
streamlit,frontend/lib/src/components/elements/Html/SanitizedHtml.tsx,MEDIUM,0.9996,0.0002,1e-04,0.9996
streamlit,frontend/lib/src/components/elements/Html/Html.tsx,MEDIUM,0.9997,1e-04,0.0002,0.9997
streamlit,frontend/lib/src/components/elements/Html/HtmlContainer.tsx,MEDIUM,0.9994,1e-04,0.0006,0.9994
streamlit,frontend/lib/src/components/elements/Html/Html.test.tsx,HIGH,0.9999,0.9999,0.0,1e-04
streamlit,frontend/lib/src/components/elements/Html/HtmlWithJs.tsx,MEDIUM,0.9094,0.0905,0.0,0.9094
streamlit,frontend/lib/src/components/elements/Html/dompurifyHooks.ts,MEDIUM,0.9995,0.0003,1e-04,0.9995
streamlit,frontend/lib/src/components/elements/Particles/Particles.test.tsx,MEDIUM,0.9996,0.0002,0.0003,0.9996
streamlit,frontend/lib/src/components/elements/Particles/styled-components.ts,MEDIUM,0.9084,1e-04,0.0916,0.9084
streamlit,frontend/lib/src/components/elements/Particles/Particles.tsx,MEDIUM,0.9994,0.0005,1e-04,0.9994
streamlit,frontend/lib/src/components/elements/Spinner/Spinner.test.tsx,HIGH,1.0,1.0,0.0,0.0
streamlit,frontend/lib/src/components/elements/Spinner/utils.test.ts,MEDIUM,0.9993,1e-04,0.0006,0.9993
streamlit,frontend/lib/src/components/elements/Spinner/styled-components.ts,HIGH,0.9934,0.9934,0.0,0.0066
streamlit,frontend/lib/src/components/elements/Spinner/utils.ts,MEDIUM,0.9998,1e-04,1e-04,0.9998
streamlit,frontend/lib/src/components/elements/Spinner/Spinner.tsx,MEDIUM,0.9979,0.002,0.0,0.9979
streamlit,frontend/lib/src/components/elements/Dialog/Dialog.test.tsx,HIGH,0.9996,0.9996,0.0,0.0004
streamlit,frontend/lib/src/components/elements/Dialog/styled-components.ts,HIGH,0.7079,0.7079,0.0,0.292
streamlit,frontend/lib/src/components/elements/Dialog/Dialog.tsx,HIGH,0.9954,0.9954,0.0,0.0046
streamlit,frontend/lib/src/components/elements/Popover/Popover.tsx,HIGH,1.0,1.0,0.0,0.0
streamlit,frontend/lib/src/components/elements/Popover/styled-components.ts,MEDIUM,0.9998,1e-04,0.0002,0.9998
streamlit,frontend/lib/src/components/elements/Popover/Popover.test.tsx,HIGH,1.0,1.0,0.0,0.0
streamlit,frontend/lib/src/components/elements/ChatMessage/styled-components.ts,HIGH,0.5433,0.5433,0.0,0.4567
streamlit,frontend/lib/src/components/elements/ChatMessage/ChatMessage.tsx,HIGH,0.9636,0.9636,0.0,0.0364
streamlit,frontend/lib/src/components/elements/ChatMessage/ChatMessage.test.tsx,HIGH,0.99,0.99,0.0,0.01
streamlit,frontend/lib/src/components/elements/ArrowVegaLiteChart/ArrowVegaLiteChart.test.tsx,HIGH,1.0,1.0,0.0,0.0
streamlit,frontend/lib/src/components/elements/ArrowVegaLiteChart/useVegaLiteSelections.ts,HIGH,0.9789,0.9789,0.0,0.0211
streamlit,frontend/lib/src/components/elements/ArrowVegaLiteChart/arrowUtils.test.ts,HIGH,0.9999,0.9999,0.0,1e-04
streamlit,frontend/lib/src/components/elements/ArrowVegaLiteChart/styled-components.ts,HIGH,0.9991,0.9991,0.0,0.0009
streamlit,frontend/lib/src/components/elements/ArrowVegaLiteChart/useVegaElementPreprocessor.ts,HIGH,1.0,1.0,0.0,0.0
streamlit,frontend/lib/src/components/elements/ArrowVegaLiteChart/useVegaElementPreprocessor.test.ts,HIGH,1.0,1.0,0.0,0.0
streamlit,frontend/lib/src/components/elements/ArrowVegaLiteChart/arrowUtils.ts,HIGH,0.9965,0.9965,0.0,0.0035
streamlit,frontend/lib/src/components/elements/ArrowVegaLiteChart/colorUtils.ts,MEDIUM,0.737,0.263,0.0,0.737
streamlit,frontend/lib/src/components/elements/ArrowVegaLiteChart/useVegaLiteSelections.test.ts,HIGH,0.9995,0.9995,0.0,0.0005
streamlit,frontend/lib/src/components/elements/ArrowVegaLiteChart/ArrowVegaLiteChart.tsx,HIGH,1.0,1.0,0.0,0.0
streamlit,frontend/lib/src/components/elements/ArrowVegaLiteChart/useVegaEmbed.ts,HIGH,1.0,1.0,0.0,0.0
streamlit,frontend/lib/src/components/elements/ArrowVegaLiteChart/useVegaEmbed.test.ts,HIGH,1.0,1.0,0.0,0.0
streamlit,frontend/lib/src/components/elements/ArrowVegaLiteChart/CustomTheme.tsx,HIGH,0.9962,0.9962,0.0,0.0038
streamlit,frontend/lib/src/components/elements/ArrowVegaLiteChart/colorUtils.test.ts,HIGH,1.0,1.0,0.0,0.0
streamlit,frontend/lib/src/components/elements/ExceptionElement/styled-components.ts,MEDIUM,0.9996,0.0002,0.0002,0.9996
streamlit,frontend/lib/src/components/elements/ExceptionElement/ExceptionElement.test.tsx,MEDIUM,0.9186,0.0813,0.0,0.9186
streamlit,frontend/lib/src/components/elements/ExceptionElement/ExceptionElement.tsx,HIGH,0.9952,0.9952,0.0,0.0048
streamlit,frontend/lib/src/components/elements/AlertElement/utils.test.ts,MEDIUM,0.9963,1e-04,0.0036,0.9963
streamlit,frontend/lib/src/components/elements/AlertElement/utils.ts,MEDIUM,0.9997,1e-04,0.0002,0.9997
streamlit,frontend/lib/src/components/elements/AlertElement/styled-components.tsx,MEDIUM,0.9996,0.0003,1e-04,0.9996
streamlit,frontend/lib/src/components/elements/AlertElement/AlertElement.test.tsx,MEDIUM,0.9899,0.0101,0.0,0.9899
streamlit,frontend/lib/src/components/elements/AlertElement/AlertElement.tsx,MEDIUM,0.9808,0.0192,0.0,0.9808
streamlit,frontend/lib/src/components/elements/Audio/styled-components.ts,MEDIUM,0.9979,1e-04,0.002,0.9979
streamlit,frontend/lib/src/components/elements/Audio/Audio.test.tsx,HIGH,1.0,1.0,0.0,0.0
streamlit,frontend/lib/src/components/elements/Audio/Audio.tsx,HIGH,0.9962,0.9962,0.0,0.0038
streamlit,frontend/lib/src/components/elements/Json/Json.tsx,MEDIUM,0.9802,0.0198,0.0,0.9802
streamlit,frontend/lib/src/components/elements/Json/Json.test.tsx,MEDIUM,0.9985,0.0014,0.0,0.9985
streamlit,frontend/lib/src/components/elements/Json/styled-components.ts,MEDIUM,0.9969,0.0031,0.0,0.9969
streamlit,frontend/lib/src/components/elements/Json/JsonPathTooltip.tsx,MEDIUM,0.7587,0.2412,0.0,0.7587
streamlit,frontend/lib/src/components/elements/Json/JsonPathTooltip.test.tsx,MEDIUM,0.9993,0.0006,1e-04,0.9993
streamlit,frontend/lib/src/components/elements/Json/useJsonTooltip.ts,MEDIUM,0.8673,0.1327,0.0,0.8673
streamlit,frontend/lib/src/components/elements/Json/useJsonTooltip.test.ts,MEDIUM,0.9758,0.0242,0.0,0.9758
streamlit,frontend/lib/src/components/elements/Expander/styled-components.ts,HIGH,1.0,1.0,0.0,0.0
streamlit,frontend/lib/src/components/elements/Expander/Expander.test.tsx,HIGH,1.0,1.0,0.0,0.0
streamlit,frontend/lib/src/components/elements/Expander/animateHeight.test.ts,HIGH,0.9667,0.9667,0.0,0.0333
streamlit,frontend/lib/src/components/elements/Expander/animateHeight.ts,MEDIUM,0.999,0.001,0.0,0.999
streamlit,frontend/lib/src/components/elements/Expander/useDetailsAnimation.ts,HIGH,1.0,1.0,0.0,0.0
streamlit,frontend/lib/src/components/elements/Expander/Expander.tsx,HIGH,1.0,1.0,0.0,0.0
streamlit,frontend/lib/src/components/elements/Expander/useDetailsAnimation.test.ts,HIGH,1.0,1.0,0.0,0.0
streamlit,frontend/lib/src/components/elements/Table/styled-components.ts,HIGH,1.0,1.0,0.0,0.0
streamlit,frontend/lib/src/components/elements/Table/Table.tsx,HIGH,1.0,1.0,0.0,0.0
streamlit,frontend/lib/src/components/elements/Table/Table.test.tsx,HIGH,0.9998,0.9998,0.0,0.0002
streamlit,frontend/lib/src/components/elements/TextElement/TextElement.test.tsx,MEDIUM,0.9996,0.0002,0.0003,0.9996
streamlit,frontend/lib/src/components/elements/TextElement/styled-components.ts,MEDIUM,0.9997,1e-04,0.0002,0.9997
streamlit,frontend/lib/src/components/elements/TextElement/TextElement.tsx,MEDIUM,0.9997,1e-04,0.0002,0.9997
streamlit,frontend/lib/src/components/elements/LinkButton/LinkButton.tsx,HIGH,0.7115,0.7115,0.0,0.2885
streamlit,frontend/lib/src/components/elements/LinkButton/styled-components.ts,HIGH,0.9946,0.9946,0.0,0.0054
streamlit,frontend/lib/src/components/elements/LinkButton/LinkButton.test.tsx,HIGH,0.5431,0.5431,0.0,0.4568
streamlit,frontend/lib/src/components/elements/LinkButton/BaseLinkButton.tsx,MEDIUM,0.9974,0.0026,0.0,0.9974
streamlit,frontend/lib/src/components/elements/Snow/styled-components.ts,MEDIUM,0.9995,0.0004,0.0002,0.9995
streamlit,frontend/lib/src/components/elements/Snow/Snow.tsx,MEDIUM,0.9994,0.0005,1e-04,0.9994
streamlit,frontend/lib/src/components/elements/Snow/Snow.test.tsx,MEDIUM,0.973,0.0269,0.0,0.973
streamlit,frontend/lib/src/components/elements/Metric/styled-components.ts,HIGH,0.8022,0.8022,0.0,0.1978
streamlit,frontend/lib/src/components/elements/Metric/Metric.tsx,HIGH,1.0,1.0,0.0,0.0
streamlit,frontend/lib/src/components/elements/Metric/Metric.test.tsx,HIGH,1.0,1.0,0.0,0.0
streamlit,frontend/lib/src/components/elements/Metric/metricColors.ts,MEDIUM,0.8995,0.1005,0.0,0.8995
streamlit,frontend/lib/src/components/elements/Metric/metricColors.test.ts,HIGH,0.9925,0.9925,0.0,0.0075
streamlit,frontend/lib/src/components/elements/Help/styled-components.ts,MEDIUM,0.9991,0.0009,0.0,0.9991
streamlit,frontend/lib/src/components/elements/Help/Help.test.tsx,HIGH,0.9978,0.9978,0.0,0.0021
streamlit,frontend/lib/src/components/elements/Help/Help.tsx,HIGH,0.7825,0.7825,0.0,0.2175
streamlit,frontend/lib/src/components/audio/core/encodeToWav.ts,HIGH,0.9652,0.9652,0.0,0.0348
streamlit,frontend/lib/src/components/audio/core/useWaveformController.test.tsx,HIGH,1.0,1.0,0.0,0.0
streamlit,frontend/lib/src/components/audio/core/encodeToWav.test.ts,HIGH,0.8982,0.8982,0.0,0.1018
streamlit,frontend/lib/src/components/audio/core/types.ts,MEDIUM,0.9994,0.0004,1e-04,0.9994
streamlit,frontend/lib/src/components/audio/core/useWaveformController.ts,HIGH,1.0,1.0,0.0,0.0
streamlit,frontend/lib/src/components/audio/backends/WaveSurferPlayer.ts,HIGH,0.9997,0.9997,0.0,0.0003
streamlit,frontend/lib/src/components/audio/backends/WaveSurferRecordBackend.ts,HIGH,0.9999,0.9999,0.0,1e-04
streamlit,frontend/lib/src/components/audio/backends/WaveSurferPlayer.test.ts,HIGH,0.9751,0.9751,0.0,0.0249
streamlit,frontend/lib/src/components/audio/backends/WaveSurferRecordBackend.test.ts,HIGH,0.9983,0.9983,0.0,0.0017
streamlit,frontend/lib/src/components/ChatInput/logger.ts,LOW,0.9998,0.0,0.9998,0.0002
streamlit,frontend/lib/src/components/widgets/Pagination/Pagination.tsx,HIGH,1.0,1.0,0.0,0.0
streamlit,frontend/lib/src/components/widgets/Pagination/styled-components.ts,HIGH,0.7149,0.7149,0.0,0.2851
streamlit,frontend/lib/src/components/widgets/Pagination/Pagination.test.tsx,HIGH,1.0,1.0,0.0,0.0
streamlit,frontend/lib/src/components/widgets/Form/Form.test.tsx,MEDIUM,0.9906,0.0094,0.0,0.9906
streamlit,frontend/lib/src/components/widgets/Form/FormSubmitButton.test.tsx,HIGH,1.0,1.0,0.0,0.0
streamlit,frontend/lib/src/components/widgets/Form/FormClearHelper.ts,MEDIUM,0.9157,0.0843,0.0,0.9157
streamlit,frontend/lib/src/components/widgets/Form/styled-components.ts,MEDIUM,0.9997,1e-04,0.0002,0.9997
streamlit,frontend/lib/src/components/widgets/Form/FormSubmitButton.tsx,MEDIUM,0.9617,0.0383,0.0,0.9617
streamlit,frontend/lib/src/components/widgets/Form/FormSubmitContent.tsx,MEDIUM,0.9979,1e-04,0.002,0.9979
streamlit,frontend/lib/src/components/widgets/Form/FormClearHelper.test.ts,MEDIUM,0.9674,0.0325,0.0,0.9674
streamlit,frontend/lib/src/components/widgets/Form/Form.tsx,HIGH,0.7635,0.7635,0.0,0.2365
streamlit,frontend/lib/src/components/widgets/DataFrame/ReadOnlyGrid.tsx,MEDIUM,0.9975,0.0025,0.0,0.9975
streamlit,frontend/lib/src/components/widgets/DataFrame/DataFrame.test.tsx,HIGH,0.9974,0.9974,0.0,0.0026
streamlit,frontend/lib/src/components/widgets/DataFrame/arrowUtils.test.ts,HIGH,1.0,1.0,0.0,0.0
streamlit,frontend/lib/src/components/widgets/DataFrame/styled-components.ts,HIGH,0.9983,0.9983,0.0,0.0017
streamlit,frontend/lib/src/components/widgets/DataFrame/Tooltip.tsx,MEDIUM,0.9607,0.0393,0.0,0.9607
streamlit,frontend/lib/src/components/widgets/DataFrame/arrowUtils.ts,HIGH,1.0,1.0,0.0,0.0
streamlit,frontend/lib/src/components/widgets/DataFrame/dimensionUtils.test.ts,MEDIUM,0.9674,0.0325,0.0,0.9674
streamlit,frontend/lib/src/components/widgets/DataFrame/DataFrame.tsx,HIGH,1.0,1.0,0.0,0.0
streamlit,frontend/lib/src/components/widgets/DataFrame/dimensionUtils.ts,HIGH,0.5694,0.5694,0.0,0.4305
streamlit,frontend/lib/src/components/widgets/DataFrame/ReadOnlyGrid.test.tsx,MEDIUM,0.804,0.196,0.0,0.804
streamlit,frontend/lib/src/components/widgets/DataFrame/Tooltip.test.tsx,MEDIUM,0.9996,0.0002,0.0002,0.9996
streamlit,frontend/lib/src/components/widgets/DataFrame/hooks/useColumnFormatting.test.ts,MEDIUM,0.9991,0.0008,0.0,0.9991
streamlit,frontend/lib/src/components/widgets/DataFrame/hooks/useRowHover.test.ts,MEDIUM,0.5475,0.4525,0.0,0.5475
streamlit,frontend/lib/src/components/widgets/DataFrame/hooks/useColumnPinning.test.ts,HIGH,0.8388,0.8388,0.0,0.1612
streamlit,frontend/lib/src/components/widgets/DataFrame/hooks/EditingState.ts,HIGH,0.9999,0.9999,0.0,1e-04
streamlit,frontend/lib/src/components/widgets/DataFrame/hooks/useWidgetState.ts,HIGH,1.0,1.0,0.0,0.0
streamlit,frontend/lib/src/components/widgets/DataFrame/hooks/useDataExporter.ts,HIGH,1.0,1.0,0.0,0.0
streamlit,frontend/lib/src/components/widgets/DataFrame/hooks/useButtonColumnInteractions.test.ts,HIGH,1.0,1.0,0.0,0.0
streamlit,frontend/lib/src/components/widgets/DataFrame/hooks/useColumnLoader.ts,HIGH,1.0,1.0,0.0,0.0
streamlit,frontend/lib/src/components/widgets/DataFrame/hooks/useDataExporter.test.ts,HIGH,1.0,1.0,0.0,0.0
streamlit,frontend/lib/src/components/widgets/DataFrame/hooks/useColumnFormatting.ts,MEDIUM,0.9996,0.0002,0.0003,0.9996
streamlit,frontend/lib/src/components/widgets/DataFrame/hooks/useColumnVisibility.test.ts,MEDIUM,0.9991,0.0009,0.0,0.9991
streamlit,frontend/lib/src/components/widgets/DataFrame/hooks/useCustomEditors.ts,MEDIUM,0.9994,0.0006,0.0,0.9994
streamlit,frontend/lib/src/components/widgets/DataFrame/hooks/useColumnSort.test.ts,HIGH,1.0,1.0,0.0,0.0
streamlit,frontend/lib/src/components/widgets/DataFrame/hooks/useCustomEditors.test.ts,MEDIUM,0.9917,0.0082,0.0,0.9917
streamlit,frontend/lib/src/components/widgets/DataFrame/hooks/columnConfigUtils.test.ts,MEDIUM,0.9905,0.0095,0.0,0.9905
streamlit,frontend/lib/src/components/widgets/DataFrame/hooks/columnConfigUtils.ts,MEDIUM,0.9995,0.0004,1e-04,0.9995
streamlit,frontend/lib/src/components/widgets/DataFrame/hooks/useDataEditor.test.ts,HIGH,1.0,1.0,0.0,0.0
streamlit,frontend/lib/src/components/widgets/DataFrame/hooks/useColumnSort.ts,HIGH,0.9725,0.9725,0.0,0.0275
streamlit,frontend/lib/src/components/widgets/DataFrame/hooks/useDataFrameCapabilities.ts,HIGH,1.0,1.0,0.0,0.0
streamlit,frontend/lib/src/components/widgets/DataFrame/hooks/useCustomRenderer.test.ts,HIGH,0.9849,0.9849,0.0,0.0151
streamlit,frontend/lib/src/components/widgets/DataFrame/hooks/useColumnReordering.ts,MEDIUM,0.9994,0.0006,0.0,0.9994
streamlit,frontend/lib/src/components/widgets/DataFrame/hooks/useTooltips.ts,HIGH,0.9859,0.9859,0.0,0.0141
streamlit,frontend/lib/src/components/widgets/DataFrame/hooks/useCustomRenderer.ts,HIGH,0.9753,0.9753,0.0,0.0247
streamlit,frontend/lib/src/components/widgets/DataFrame/hooks/useWidgetState.test.ts,HIGH,1.0,1.0,0.0,0.0
streamlit,frontend/lib/src/components/widgets/DataFrame/hooks/useSelectionHandler.test.ts,HIGH,1.0,1.0,0.0,0.0
streamlit,frontend/lib/src/components/widgets/DataFrame/hooks/useRowHover.ts,MEDIUM,0.9988,0.0012,0.0,0.9988
streamlit,frontend/lib/src/components/widgets/DataFrame/hooks/useColumnLoader.test.ts,HIGH,1.0,1.0,0.0,0.0
streamlit,frontend/lib/src/components/widgets/DataFrame/hooks/useCustomTheme.ts,HIGH,0.9998,0.9998,0.0,0.0002
streamlit,frontend/lib/src/components/widgets/DataFrame/hooks/useSelectionHandler.ts,HIGH,1.0,1.0,0.0,0.0
streamlit,frontend/lib/src/components/widgets/DataFrame/hooks/EditingState.test.ts,HIGH,0.9997,0.9997,0.0,0.0003
streamlit,frontend/lib/src/components/widgets/DataFrame/hooks/useDataEditor.ts,HIGH,1.0,1.0,0.0,0.0
streamlit,frontend/lib/src/components/widgets/DataFrame/hooks/useColumnSizer.test.ts,MEDIUM,0.988,0.0119,0.0,0.988
streamlit,frontend/lib/src/components/widgets/DataFrame/hooks/useColumnReordering.test.ts,HIGH,0.6666,0.6666,0.0,0.3334
streamlit,frontend/lib/src/components/widgets/DataFrame/hooks/useButtonColumnInteractions.ts,HIGH,1.0,1.0,0.0,0.0
streamlit,frontend/lib/src/components/widgets/DataFrame/hooks/useTooltips.test.ts,HIGH,0.8982,0.8982,0.0,0.1018
streamlit,frontend/lib/src/components/widgets/DataFrame/hooks/useDataLoader.test.ts,HIGH,0.9999,0.9999,0.0,1e-04
streamlit,frontend/lib/src/components/widgets/DataFrame/hooks/useDataLoader.ts,HIGH,0.807,0.807,0.0,0.193
streamlit,frontend/lib/src/components/widgets/DataFrame/hooks/useColumnSizer.ts,MEDIUM,0.9985,0.0015,0.0,0.9985
streamlit,frontend/lib/src/components/widgets/DataFrame/hooks/useColumnVisibility.ts,MEDIUM,0.9994,0.0005,1e-04,0.9994
streamlit,frontend/lib/src/components/widgets/DataFrame/hooks/useTableSizer.test.ts,HIGH,1.0,1.0,0.0,0.0
streamlit,frontend/lib/src/components/widgets/DataFrame/hooks/useColumnPinning.ts,MEDIUM,0.9931,0.0069,0.0,0.9931
streamlit,frontend/lib/src/components/widgets/DataFrame/hooks/useDataFrameCapabilities.test.ts,HIGH,1.0,1.0,0.0,0.0
streamlit,frontend/lib/src/components/widgets/DataFrame/hooks/useTableSizer.ts,HIGH,0.9999,0.9999,0.0,1e-04
streamlit,frontend/lib/src/components/widgets/DataFrame/menus/ButtonActionMenu.tsx,HIGH,1.0,1.0,0.0,0.0
streamlit,frontend/lib/src/components/widgets/DataFrame/menus/statisticsUtils.test.ts,HIGH,1.0,1.0,0.0,0.0
streamlit,frontend/lib/src/components/widgets/DataFrame/menus/ColumnVisibilityMenu.tsx,HIGH,1.0,1.0,0.0,0.0
streamlit,frontend/lib/src/components/widgets/DataFrame/menus/statisticsUtils.ts,HIGH,1.0,1.0,0.0,0.0
streamlit,frontend/lib/src/components/widgets/DataFrame/menus/ButtonActionMenu.test.tsx,HIGH,1.0,1.0,0.0,0.0
streamlit,frontend/lib/src/components/widgets/DataFrame/menus/styled-components.ts,HIGH,1.0,1.0,0.0,0.0
streamlit,frontend/lib/src/components/widgets/DataFrame/menus/FormattingMenu.test.tsx,HIGH,0.9649,0.9649,0.0,0.0351
streamlit,frontend/lib/src/components/widgets/DataFrame/menus/ColumnVisibilityMenu.test.tsx,HIGH,0.9999,0.9999,0.0,1e-04
streamlit,frontend/lib/src/components/widgets/DataFrame/menus/StatisticsMenu.test.tsx,HIGH,1.0,1.0,0.0,0.0
streamlit,frontend/lib/src/components/widgets/DataFrame/menus/ColumnMenu.tsx,HIGH,1.0,1.0,0.0,0.0
streamlit,frontend/lib/src/components/widgets/DataFrame/menus/StatisticsChart.tsx,HIGH,1.0,1.0,0.0,0.0
streamlit,frontend/lib/src/components/widgets/DataFrame/menus/StatisticsChart.test.tsx,HIGH,1.0,1.0,0.0,0.0
streamlit,frontend/lib/src/components/widgets/DataFrame/menus/FormattingMenu.tsx,HIGH,0.9999,0.9999,0.0,1e-04
streamlit,frontend/lib/src/components/widgets/DataFrame/menus/ColumnMenu.test.tsx,HIGH,1.0,1.0,0.0,0.0
streamlit,frontend/lib/src/components/widgets/DataFrame/menus/StatisticsMenu.tsx,HIGH,1.0,1.0,0.0,0.0
streamlit,frontend/lib/src/components/widgets/DataFrame/columns/ButtonColumn.ts,HIGH,1.0,1.0,0.0,0.0
streamlit,frontend/lib/src/components/widgets/DataFrame/columns/MultiselectColumn.ts,HIGH,0.9995,0.9995,0.0,0.0005
streamlit,frontend/lib/src/components/widgets/DataFrame/columns/ChartColumn.test.ts,HIGH,1.0,1.0,0.0,0.0
streamlit,frontend/lib/src/components/widgets/DataFrame/columns/ButtonColumn.test.ts,HIGH,1.0,1.0,0.0,0.0
streamlit,frontend/lib/src/components/widgets/DataFrame/columns/MediaColumn.test.ts,MEDIUM,0.8197,0.1803,0.0,0.8197
streamlit,frontend/lib/src/components/widgets/DataFrame/columns/utils.test.ts,HIGH,1.0,1.0,0.0,0.0
streamlit,frontend/lib/src/components/widgets/DataFrame/columns/ProgressColumn.ts,HIGH,0.9999,0.9999,0.0,1e-04
streamlit,frontend/lib/src/components/widgets/DataFrame/columns/LinkColumn.test.ts,HIGH,0.9999,0.9999,0.0,1e-04
streamlit,frontend/lib/src/components/widgets/DataFrame/columns/JsonColumn.ts,MEDIUM,0.9787,0.0213,0.0,0.9787
streamlit,frontend/lib/src/components/widgets/DataFrame/columns/NumberColumn.ts,HIGH,0.9998,0.9998,0.0,0.0002
streamlit,frontend/lib/src/components/widgets/DataFrame/columns/ImageColumn.test.ts,MEDIUM,0.9981,0.0018,0.0,0.9981
streamlit,frontend/lib/src/components/widgets/DataFrame/columns/JsonColumn.test.ts,MEDIUM,0.9974,0.0026,0.0,0.9974
streamlit,frontend/lib/src/components/widgets/DataFrame/columns/DateTimeColumn.ts,HIGH,1.0,1.0,0.0,0.0
streamlit,frontend/lib/src/components/widgets/DataFrame/columns/DateTimeColumn.test.ts,HIGH,1.0,1.0,0.0,0.0
streamlit,frontend/lib/src/components/widgets/DataFrame/columns/ChartColumn.ts,HIGH,1.0,1.0,0.0,0.0
streamlit,frontend/lib/src/components/widgets/DataFrame/columns/SelectboxColumn.test.ts,HIGH,0.9996,0.9996,0.0,0.0004
streamlit,frontend/lib/src/components/widgets/DataFrame/columns/ProgressColumn.test.ts,HIGH,1.0,1.0,0.0,0.0
streamlit,frontend/lib/src/components/widgets/DataFrame/columns/LinkColumn.ts,HIGH,0.9977,0.9977,0.0,0.0023
streamlit,frontend/lib/src/components/widgets/DataFrame/columns/utils.ts,HIGH,1.0,1.0,0.0,0.0
streamlit,frontend/lib/src/components/widgets/DataFrame/columns/ListColumn.test.ts,MEDIUM,0.993,0.007,0.0,0.993
streamlit,frontend/lib/src/components/widgets/DataFrame/columns/TextColumn.test.ts,HIGH,1.0,1.0,0.0,0.0
streamlit,frontend/lib/src/components/widgets/DataFrame/columns/ObjectColumn.ts,MEDIUM,0.9861,0.0138,0.0,0.9861
streamlit,frontend/lib/src/components/widgets/DataFrame/columns/ListColumn.ts,MEDIUM,0.9617,0.0383,0.0,0.9617
streamlit,frontend/lib/src/components/widgets/DataFrame/columns/SelectboxColumn.ts,HIGH,0.9997,0.9997,0.0,0.0003
streamlit,frontend/lib/src/components/widgets/DataFrame/columns/MediaColumn.ts,MEDIUM,0.9773,0.0227,0.0,0.9773
streamlit,frontend/lib/src/components/widgets/DataFrame/columns/CheckboxColumn.ts,MEDIUM,0.9946,0.0054,0.0,0.9946
streamlit,frontend/lib/src/components/widgets/DataFrame/columns/index.ts,HIGH,0.9992,0.9992,0.0,0.0008
streamlit,frontend/lib/src/components/widgets/DataFrame/columns/MultiselectColumn.test.ts,HIGH,0.9999,0.9999,0.0,1e-04
streamlit,frontend/lib/src/components/widgets/DataFrame/columns/TextColumn.ts,HIGH,0.9798,0.9798,0.0,0.0202
streamlit,frontend/lib/src/components/widgets/DataFrame/columns/NumberColumn.test.ts,HIGH,1.0,1.0,0.0,0.0
streamlit,frontend/lib/src/components/widgets/DataFrame/columns/ObjectColumn.test.ts,MEDIUM,0.9983,0.0017,0.0,0.9983
streamlit,frontend/lib/src/components/widgets/DataFrame/columns/ImageColumn.ts,MEDIUM,0.9991,0.0009,0.0,0.9991
streamlit,frontend/lib/src/components/widgets/DataFrame/columns/CheckboxColumn.test.ts,MEDIUM,0.9857,0.0143,0.0,0.9857
streamlit,frontend/lib/src/components/widgets/DataFrame/columns/cells/MultiSelectCell.tsx,HIGH,1.0,1.0,0.0,0.0
streamlit,frontend/lib/src/components/widgets/DataFrame/columns/cells/ImageCellEditor.test.tsx,MEDIUM,0.9989,0.0011,1e-04,0.9989
streamlit,frontend/lib/src/components/widgets/DataFrame/columns/cells/JsonCell.test.tsx,HIGH,0.9966,0.9966,0.0,0.0034
streamlit,frontend/lib/src/components/widgets/DataFrame/columns/cells/ButtonCell.tsx,HIGH,1.0,1.0,0.0,0.0
streamlit,frontend/lib/src/components/widgets/DataFrame/columns/cells/JsonViewer.tsx,MEDIUM,0.9709,0.0291,0.0,0.9709
streamlit,frontend/lib/src/components/widgets/DataFrame/columns/cells/ImageCellEditor.tsx,MEDIUM,0.9998,1e-04,1e-04,0.9998
streamlit,frontend/lib/src/components/widgets/DataFrame/columns/cells/JsonViewer.test.tsx,MEDIUM,0.9995,0.0005,0.0,0.9995
streamlit,frontend/lib/src/components/widgets/DataFrame/columns/cells/JsonCell.tsx,MEDIUM,0.9787,0.0213,0.0,0.9787
streamlit,frontend/lib/src/components/widgets/DataFrame/columns/cells/MediaCell.test.tsx,HIGH,0.9978,0.9978,0.0,0.0022
streamlit,frontend/lib/src/components/widgets/DataFrame/columns/cells/ButtonCell.test.tsx,HIGH,1.0,1.0,0.0,0.0
streamlit,frontend/lib/src/components/widgets/DataFrame/columns/cells/MultiSelectCell.test.tsx,HIGH,1.0,1.0,0.0,0.0
streamlit,frontend/lib/src/components/widgets/DataFrame/columns/cells/MediaCell.tsx,MEDIUM,0.7114,0.2886,0.0,0.7114
streamlit,frontend/lib/src/components/widgets/TimeInput/styled-components.ts,MEDIUM,0.9996,0.0002,0.0002,0.9996
streamlit,frontend/lib/src/components/widgets/TimeInput/TimeInput.tsx,HIGH,1.0,1.0,0.0,0.0
streamlit,frontend/lib/src/components/widgets/TimeInput/TimeInput.test.tsx,HIGH,1.0,1.0,0.0,0.0
streamlit,frontend/lib/src/components/widgets/MenuButton/MenuButton.test.tsx,HIGH,1.0,1.0,0.0,0.0
streamlit,frontend/lib/src/components/widgets/MenuButton/styled-components.ts,MEDIUM,0.9994,0.0005,1e-04,0.9994
streamlit,frontend/lib/src/components/widgets/MenuButton/MenuButton.tsx,HIGH,0.9999,0.9999,0.0,1e-04
streamlit,frontend/lib/src/components/widgets/Radio/Radio.tsx,HIGH,0.9608,0.9608,0.0,0.0392
streamlit,frontend/lib/src/components/widgets/Radio/Radio.test.tsx,HIGH,0.995,0.995,0.0,0.005
streamlit,frontend/lib/src/components/widgets/BidiComponent/BidiComponent.test.tsx,HIGH,1.0,1.0,0.0,0.0
streamlit,frontend/lib/src/components/widgets/BidiComponent/BidiComponentContext.tsx,MEDIUM,0.9992,1e-04,0.0006,0.9992
streamlit,frontend/lib/src/components/widgets/BidiComponent/styled-components.ts,MEDIUM,0.9997,1e-04,0.0002,0.9997
streamlit,frontend/lib/src/components/widgets/BidiComponent/NonIsolatedComponent.tsx,MEDIUM,0.9997,1e-04,1e-04,0.9997
streamlit,frontend/lib/src/components/widgets/BidiComponent/BidiComponent.tsx,MEDIUM,0.9996,0.0003,1e-04,0.9996
streamlit,frontend/lib/src/components/widgets/BidiComponent/constants.test.tsx,MEDIUM,0.9997,1e-04,0.0002,0.9997
streamlit,frontend/lib/src/components/widgets/BidiComponent/constants.ts,LOW,0.985,0.0,0.985,0.015
streamlit,frontend/lib/src/components/widgets/BidiComponent/IsolatedComponent.tsx,MEDIUM,0.9949,0.0051,0.0,0.9949
streamlit,frontend/lib/src/components/widgets/BidiComponent/BidiComponentContextProvider.tsx,HIGH,0.9882,0.9882,0.0,0.0118
streamlit,frontend/lib/src/components/widgets/BidiComponent/ThemeCssProvider.tsx,MEDIUM,0.9994,1e-04,0.0006,0.9994
streamlit,frontend/lib/src/components/widgets/BidiComponent/utils/blobUrl.test.ts,MEDIUM,0.9983,0.0016,0.0,0.9983
streamlit,frontend/lib/src/components/widgets/BidiComponent/utils/idBuilder.ts,MEDIUM,0.9998,1e-04,0.0002,0.9998
streamlit,frontend/lib/src/components/widgets/BidiComponent/utils/reconstructMixedData.test.ts,MEDIUM,0.9711,0.0288,0.0,0.9711
streamlit,frontend/lib/src/components/widgets/BidiComponent/utils/idBuilder.test.tsx,MEDIUM,0.9996,0.0002,0.0002,0.9996
streamlit,frontend/lib/src/components/widgets/BidiComponent/utils/reconstructMixedData.ts,MEDIUM,0.6353,0.3647,0.0,0.6353
streamlit,frontend/lib/src/components/widgets/BidiComponent/utils/blobUrl.ts,MEDIUM,0.9993,0.0006,0.0,0.9993
streamlit,frontend/lib/src/components/widgets/BidiComponent/utils/parseBidiComponentData.ts,MEDIUM,0.9908,0.0092,0.0,0.9908
streamlit,frontend/lib/src/components/widgets/BidiComponent/utils/parseBidiComponentData.test.ts,HIGH,0.5675,0.5675,0.0,0.4325
streamlit,frontend/lib/src/components/widgets/BidiComponent/utils/logger.ts,LOW,0.9998,0.0,0.9998,0.0002
streamlit,frontend/lib/src/components/widgets/BidiComponent/utils/theme.ts,HIGH,0.982,0.982,0.0,0.018
streamlit,frontend/lib/src/components/widgets/BidiComponent/utils/error.ts,MEDIUM,0.9997,1e-04,1e-04,0.9997
streamlit,frontend/lib/src/components/widgets/BidiComponent/utils/theme.test.ts,HIGH,1.0,1.0,0.0,0.0
streamlit,frontend/lib/src/components/widgets/BidiComponent/hooks/useHandleHtmlAndCssContent.ts,HIGH,0.9682,0.9682,0.0,0.0317
streamlit,frontend/lib/src/components/widgets/BidiComponent/hooks/useHandleHtmlAndCssContent.test.tsx,HIGH,0.9999,0.9999,0.0,1e-04
streamlit,frontend/lib/src/components/widgets/BidiComponent/hooks/useHandleJsContent.ts,HIGH,1.0,1.0,0.0,0.0
streamlit,frontend/lib/src/components/widgets/ButtonGroup/ButtonGroup.tsx,HIGH,1.0,1.0,0.0,0.0
streamlit,frontend/lib/src/components/widgets/ButtonGroup/ButtonGroup.test.tsx,HIGH,1.0,1.0,0.0,0.0
streamlit,frontend/lib/src/components/widgets/TextInput/TextInput.tsx,HIGH,1.0,1.0,0.0,0.0
streamlit,frontend/lib/src/components/widgets/TextInput/styled-components.tsx,HIGH,1.0,1.0,0.0,0.0
streamlit,frontend/lib/src/components/widgets/TextInput/TextInput.test.tsx,HIGH,1.0,1.0,0.0,0.0
streamlit,frontend/lib/src/components/widgets/Checkbox/styled-components.tsx,HIGH,1.0,1.0,0.0,0.0
streamlit,frontend/lib/src/components/widgets/Checkbox/Checkbox.test.tsx,HIGH,1.0,1.0,0.0,0.0
streamlit,frontend/lib/src/components/widgets/Checkbox/Checkbox.tsx,HIGH,1.0,1.0,0.0,0.0
streamlit,frontend/lib/src/components/widgets/Slider/Slider.tsx,HIGH,1.0,1.0,0.0,0.0
streamlit,frontend/lib/src/components/widgets/Slider/styled-components.ts,HIGH,1.0,1.0,0.0,0.0
streamlit,frontend/lib/src/components/widgets/Slider/Slider.test.tsx,HIGH,1.0,1.0,0.0,0.0
streamlit,frontend/lib/src/components/widgets/AudioInput/styled-components.ts,HIGH,0.9607,0.9607,0.0,0.0393
streamlit,frontend/lib/src/components/widgets/AudioInput/formatTime.ts,MEDIUM,0.9996,1e-04,0.0003,0.9996
streamlit,frontend/lib/src/components/widgets/AudioInput/AudioInputActionButtons.test.tsx,MEDIUM,0.9899,0.0101,0.0,0.9899
streamlit,frontend/lib/src/components/widgets/AudioInput/formatTime.test.ts,MEDIUM,0.9995,0.0004,1e-04,0.9995
streamlit,frontend/lib/src/components/widgets/AudioInput/AudioInputErrorState.tsx,MEDIUM,0.9993,1e-04,0.0007,0.9993
streamlit,frontend/lib/src/components/widgets/AudioInput/AudioInput.tsx,HIGH,1.0,1.0,0.0,0.0
streamlit,frontend/lib/src/components/widgets/AudioInput/AudioInput.test.tsx,HIGH,1.0,1.0,0.0,0.0
streamlit,frontend/lib/src/components/widgets/AudioInput/constants.ts,LOW,1.0,0.0,1.0,0.0
streamlit,frontend/lib/src/components/widgets/AudioInput/Placeholder.tsx,MEDIUM,0.9992,1e-04,0.0008,0.9992
streamlit,frontend/lib/src/components/widgets/AudioInput/AudioInputActionButtons.tsx,HIGH,1.0,1.0,0.0,0.0
streamlit,frontend/lib/src/components/widgets/AudioInput/NoMicPermissions.tsx,MEDIUM,0.9992,1e-04,0.0007,0.9992
streamlit,frontend/lib/src/components/widgets/Feedback/styled-components.ts,MEDIUM,0.9978,0.0021,0.0,0.9978
streamlit,frontend/lib/src/components/widgets/Feedback/Feedback.test.tsx,HIGH,1.0,1.0,0.0,0.0
streamlit,frontend/lib/src/components/widgets/Feedback/Feedback.tsx,HIGH,1.0,1.0,0.0,0.0
streamlit,frontend/lib/src/components/widgets/Selectbox/Selectbox.tsx,HIGH,0.9603,0.9603,0.0,0.0397
streamlit,frontend/lib/src/components/widgets/Selectbox/Selectbox.test.tsx,HIGH,1.0,1.0,0.0,0.0
streamlit,frontend/lib/src/components/widgets/DownloadButton/DownloadButton.tsx,HIGH,1.0,1.0,0.0,0.0
streamlit,frontend/lib/src/components/widgets/DownloadButton/DownloadButton.test.tsx,HIGH,1.0,1.0,0.0,0.0
streamlit,frontend/lib/src/components/widgets/DateTimeInput/dateTimeInputUtils.test.ts,HIGH,0.8828,0.8828,0.0,0.1172
streamlit,frontend/lib/src/components/widgets/DateTimeInput/dateTimeInputUtils.ts,HIGH,0.9727,0.9727,0.0,0.0273
streamlit,frontend/lib/src/components/widgets/DateTimeInput/createDateTimePickerOverrides.tsx,HIGH,1.0,1.0,0.0,0.0
streamlit,frontend/lib/src/components/widgets/DateTimeInput/DateTimeInput.test.tsx,HIGH,0.9999,0.9999,0.0,1e-04
streamlit,frontend/lib/src/components/widgets/DateTimeInput/DateTimeInput.tsx,HIGH,1.0,1.0,0.0,0.0
streamlit,frontend/lib/src/components/widgets/TextArea/styled-components.ts,HIGH,1.0,1.0,0.0,0.0
streamlit,frontend/lib/src/components/widgets/TextArea/heightUtils.test.ts,HIGH,0.9603,0.9603,0.0,0.0397
streamlit,frontend/lib/src/components/widgets/TextArea/TextArea.test.tsx,HIGH,1.0,1.0,0.0,0.0
streamlit,frontend/lib/src/components/widgets/TextArea/heightUtils.ts,MEDIUM,0.9994,0.0006,0.0,0.9994
streamlit,frontend/lib/src/components/widgets/TextArea/TextArea.tsx,HIGH,1.0,1.0,0.0,0.0
streamlit,frontend/lib/src/components/widgets/CameraInput/CameraInputButton.tsx,HIGH,1.0,1.0,0.0,0.0
streamlit,frontend/lib/src/components/widgets/CameraInput/CameraInputButton.test.tsx,MEDIUM,0.9996,0.0002,0.0002,0.9996
streamlit,frontend/lib/src/components/widgets/CameraInput/CameraInput.test.tsx,HIGH,0.9986,0.9986,0.0,0.0014
streamlit,frontend/lib/src/components/widgets/CameraInput/styled-components.ts,HIGH,0.9999,0.9999,0.0,1e-04
streamlit,frontend/lib/src/components/widgets/CameraInput/SwitchFacingModeButton.tsx,MEDIUM,0.9996,0.0002,0.0002,0.9996
streamlit,frontend/lib/src/components/widgets/CameraInput/CameraInput.tsx,HIGH,1.0,1.0,0.0,0.0
streamlit,frontend/lib/src/components/widgets/CameraInput/WebcamComponent.tsx,HIGH,0.996,0.996,0.0,0.004
streamlit,frontend/lib/src/components/widgets/CameraInput/WebcamComponent.test.tsx,MEDIUM,0.9758,0.0242,0.0,0.9758
streamlit,frontend/lib/src/components/widgets/Button/Button.test.tsx,HIGH,1.0,1.0,0.0,0.0
streamlit,frontend/lib/src/components/widgets/Button/Button.tsx,MEDIUM,0.9878,0.0122,0.0,0.9878
streamlit,frontend/lib/src/components/widgets/DateInput/useIntlLocale.tsx,MEDIUM,0.9935,0.0065,0.0,0.9935
streamlit,frontend/lib/src/components/widgets/DateInput/DateInput.test.tsx,HIGH,1.0,1.0,0.0,0.0
streamlit,frontend/lib/src/components/widgets/DateInput/DateInput.tsx,HIGH,1.0,1.0,0.0,0.0
streamlit,frontend/lib/src/components/widgets/ColorPicker/ColorPicker.test.tsx,HIGH,0.6616,0.6616,0.0,0.3384
streamlit,frontend/lib/src/components/widgets/ColorPicker/ColorPicker.tsx,HIGH,0.7189,0.7189,0.0,0.2811
streamlit,frontend/lib/src/components/widgets/ChatInput/styled-components.ts,HIGH,1.0,1.0,0.0,0.0
streamlit,frontend/lib/src/components/widgets/ChatInput/ChatInput.test.tsx,HIGH,1.0,1.0,0.0,0.0
streamlit,frontend/lib/src/components/widgets/ChatInput/ChatInput.tsx,HIGH,1.0,1.0,0.0,0.0
streamlit,frontend/lib/src/components/widgets/ChatInput/fileUpload/ChatFileUploadButton.tsx,MEDIUM,0.9802,0.0198,0.0,0.9802
streamlit,frontend/lib/src/components/widgets/ChatInput/fileUpload/styled-components.ts,MEDIUM,0.9997,0.0002,1e-04,0.9997
streamlit,frontend/lib/src/components/widgets/ChatInput/fileUpload/createFileUploadHandler.ts,MEDIUM,0.9878,0.0122,0.0,0.9878
streamlit,frontend/lib/src/components/widgets/ChatInput/fileUpload/ChatFileUploadDropzone.tsx,MEDIUM,0.9996,0.0002,0.0002,0.9996
streamlit,frontend/lib/src/components/widgets/ChatInput/fileUpload/createDropHandler.ts,HIGH,0.9875,0.9875,0.0,0.0125
streamlit,frontend/lib/src/components/widgets/ChatInput/fileUpload/createDropHandler.test.ts,HIGH,0.9978,0.9978,0.0,0.0022
streamlit,frontend/lib/src/components/widgets/ChatInput/fileUpload/fileUploadUtils.ts,MEDIUM,0.9947,0.0053,0.0,0.9947
streamlit,frontend/lib/src/components/widgets/ChatInput/fileUpload/fileUploadUtils.test.ts,HIGH,0.999,0.999,0.0,0.001
streamlit,frontend/lib/src/components/widgets/CustomComponent/ComponentRegistry.test.ts,HIGH,0.9998,0.9998,0.0,0.0002
streamlit,frontend/lib/src/components/widgets/CustomComponent/styled-components.ts,MEDIUM,0.9997,1e-04,0.0003,0.9997
streamlit,frontend/lib/src/components/widgets/CustomComponent/componentUtils.test.ts,HIGH,1.0,1.0,0.0,0.0
streamlit,frontend/lib/src/components/widgets/CustomComponent/ComponentInstance.tsx,HIGH,1.0,1.0,0.0,0.0
streamlit,frontend/lib/src/components/widgets/CustomComponent/componentUtils.tsx,HIGH,1.0,1.0,0.0,0.0
streamlit,frontend/lib/src/components/widgets/CustomComponent/ComponentInstance.test.tsx,HIGH,1.0,1.0,0.0,0.0
streamlit,frontend/lib/src/components/widgets/CustomComponent/ComponentRegistry.ts,HIGH,0.9724,0.9724,0.0,0.0276
streamlit,frontend/lib/src/components/widgets/CustomComponent/enums.ts,MEDIUM,0.9839,1e-04,0.016,0.9839
streamlit,frontend/lib/src/components/widgets/NumberInput/utils.test.ts,HIGH,1.0,1.0,0.0,0.0
streamlit,frontend/lib/src/components/widgets/NumberInput/styled-components.ts,HIGH,1.0,1.0,0.0,0.0
streamlit,frontend/lib/src/components/widgets/NumberInput/utils.ts,HIGH,0.9998,0.9998,0.0,0.0002
streamlit,frontend/lib/src/components/widgets/NumberInput/NumberInput.tsx,HIGH,1.0,1.0,0.0,0.0
streamlit,frontend/lib/src/components/widgets/NumberInput/NumberInput.test.tsx,HIGH,1.0,1.0,0.0,0.0
streamlit,frontend/lib/src/components/widgets/FileUploader/FileDropzone.test.tsx,HIGH,0.9966,0.9966,0.0,0.0034
streamlit,frontend/lib/src/components/widgets/FileUploader/utils.test.ts,MEDIUM,0.9989,0.0011,1e-04,0.9989
streamlit,frontend/lib/src/components/widgets/FileUploader/FileDropzoneInstructions.tsx,MEDIUM,0.9995,0.0004,1e-04,0.9995
streamlit,frontend/lib/src/components/widgets/FileUploader/FileUploader.test.tsx,HIGH,1.0,1.0,0.0,0.0
streamlit,frontend/lib/src/components/widgets/FileUploader/styled-components.ts,HIGH,0.9974,0.9974,0.0,0.0026
streamlit,frontend/lib/src/components/widgets/FileUploader/utils.ts,MEDIUM,0.9997,0.0002,1e-04,0.9997
streamlit,frontend/lib/src/components/widgets/FileUploader/UploadedFiles.tsx,MEDIUM,0.9992,1e-04,0.0006,0.9992
streamlit,frontend/lib/src/components/widgets/FileUploader/FileUploader.tsx,HIGH,1.0,1.0,0.0,0.0
streamlit,frontend/lib/src/components/widgets/FileUploader/FileDropzoneInstructions.test.tsx,MEDIUM,0.9991,0.0009,0.0,0.9991
streamlit,frontend/lib/src/components/widgets/FileUploader/FileDropzone.tsx,HIGH,0.9649,0.9649,0.0,0.0351
streamlit,frontend/lib/src/components/widgets/Multiselect/Multiselect.test.tsx,HIGH,1.0,1.0,0.0,0.0
streamlit,frontend/lib/src/components/widgets/Multiselect/styled-components.ts,MEDIUM,0.9084,1e-04,0.0916,0.9084
streamlit,frontend/lib/src/components/widgets/Multiselect/Multiselect.tsx,HIGH,1.0,1.0,0.0,0.0
streamlit,frontend/lib/src/components/widgets/BaseWidget/WidgetLabelHelpIcon.tsx,MEDIUM,0.9992,0.0007,1e-04,0.9992
streamlit,frontend/lib/src/components/widgets/BaseWidget/styled-components.ts,MEDIUM,0.9988,0.0012,0.0,0.9988
streamlit,frontend/lib/src/components/widgets/BaseWidget/WidgetLabel.tsx,MEDIUM,0.9993,0.0007,0.0,0.9993
streamlit,frontend/lib/src/components/widgets/BaseWidget/WidgetLabel.test.tsx,MEDIUM,0.9827,0.0173,0.0,0.9827
streamlit,frontend/lib/src/components/widgets/BaseWidget/WidgetLabelHelpIconInline.tsx,MEDIUM,0.9992,0.0007,1e-04,0.9992
streamlit,frontend/lib/src/theme/utils.test.ts,HIGH,1.0,1.0,0.0,0.0
streamlit,frontend/lib/src/theme/namedColors.test.ts,HIGH,0.9751,0.9751,0.0,0.0249
streamlit,frontend/lib/src/theme/getColors.ts,HIGH,1.0,1.0,0.0,0.0
streamlit,frontend/lib/src/theme/globalStyles.ts,HIGH,0.8924,0.8924,0.0,0.1076
streamlit,frontend/lib/src/theme/utils.ts,HIGH,1.0,1.0,0.0,0.0
streamlit,frontend/lib/src/theme/getShadows.ts,MEDIUM,0.9991,0.0008,0.0,0.9991
streamlit,frontend/lib/src/theme/consts.ts,HIGH,0.541,0.541,0.0008,0.4582
streamlit,frontend/lib/src/theme/types.ts,MEDIUM,0.7457,0.2543,0.0,0.7457
streamlit,frontend/lib/src/theme/baseui.ts,MEDIUM,0.9994,1e-04,0.0006,0.9994
streamlit,frontend/lib/src/theme/createBaseUiTheme.ts,HIGH,1.0,1.0,0.0,0.0
streamlit,frontend/lib/src/theme/themeConfigs.ts,MEDIUM,0.9996,0.0002,0.0003,0.9996
streamlit,frontend/lib/src/theme/getShadows.test.ts,HIGH,0.9975,0.9975,0.0,0.0025
streamlit,frontend/lib/src/theme/getColors.test.ts,HIGH,1.0,1.0,0.0,0.0
streamlit,frontend/lib/src/theme/namedColors.ts,MEDIUM,0.9997,0.0002,1e-04,0.9997
streamlit,frontend/lib/src/theme/emotionBaseTheme/elevationShadows.ts,MEDIUM,0.9989,1e-04,0.001,0.9989
streamlit,frontend/lib/src/theme/emotionBaseTheme/index.ts,HIGH,0.9888,0.9888,0.0,0.0112
streamlit,frontend/lib/src/theme/emotionBaseTheme/themeColors.ts,MEDIUM,0.9994,0.0005,1e-04,0.9994
streamlit,frontend/lib/src/theme/emotionDarkTheme/elevationShadows.ts,MEDIUM,0.9839,1e-04,0.016,0.9839
streamlit,frontend/lib/src/theme/emotionDarkTheme/index.ts,MEDIUM,0.9993,1e-04,0.0007,0.9993
streamlit,frontend/lib/src/theme/emotionDarkTheme/themeColors.ts,MEDIUM,0.9996,0.0002,0.0003,0.9996
streamlit,frontend/lib/src/theme/primitives/colors.ts,MEDIUM,0.9968,0.0031,0.0,0.9968
streamlit,frontend/lib/src/theme/primitives/opacities.ts,HIGH,0.8626,0.8626,0.0005,0.1369
streamlit,frontend/lib/src/theme/primitives/breakpoints.ts,MEDIUM,0.97,1e-04,0.0299,0.97
streamlit,frontend/lib/src/theme/primitives/zIndices.ts,HIGH,0.9978,0.9978,0.0,0.0022
streamlit,frontend/lib/src/theme/primitives/sizes.ts,MEDIUM,0.907,0.093,0.0,0.907
streamlit,frontend/lib/src/theme/primitives/radii.ts,MEDIUM,0.9995,1e-04,0.0004,0.9995
streamlit,frontend/lib/src/theme/primitives/iconSizes.ts,MEDIUM,0.9979,1e-04,0.002,0.9979
streamlit,frontend/lib/src/theme/primitives/typography.ts,MEDIUM,0.9969,0.0031,0.0,0.9969
streamlit,frontend/lib/src/theme/primitives/spacing.ts,MEDIUM,0.9994,1e-04,0.0006,0.9994
streamlit,frontend/lib/src/theme/emotionLightTheme/index.ts,LOW,0.8998,0.0,0.8998,0.1002
streamlit,frontend/lib/src/hooks/useScrollbarGutterSize.ts,MEDIUM,0.9996,0.0003,0.0002,0.9996
streamlit,frontend/lib/src/hooks/useScrollSpy.ts,MEDIUM,0.9765,0.0235,0.0,0.9765
streamlit,frontend/lib/src/hooks/useExecuteWhenChanged.test.ts,MEDIUM,0.9674,0.0325,0.0,0.9674
streamlit,frontend/lib/src/hooks/useOnInputChange.ts,MEDIUM,0.9908,0.0092,0.0,0.9908
streamlit,frontend/lib/src/hooks/useScrollToBottom.test.tsx,HIGH,1.0,1.0,0.0,0.0
streamlit,frontend/lib/src/hooks/useSubmitFormViaEnterKey.ts,MEDIUM,0.9979,0.0021,0.0,0.9979
streamlit,frontend/lib/src/hooks/useQueryParamBinding.test.ts,MEDIUM,0.9908,0.0092,0.0,0.9908
streamlit,frontend/lib/src/hooks/useThrottledCallback.test.ts,HIGH,0.9496,0.9496,0.0,0.0504
streamlit,frontend/lib/src/hooks/useRegisterShortcut.test.tsx,HIGH,1.0,1.0,0.0,0.0
streamlit,frontend/lib/src/hooks/useResizeObserver.ts,MEDIUM,0.9194,0.0805,0.0,0.9194
streamlit,frontend/lib/src/hooks/useStWidthHeight.test.ts,MEDIUM,0.9888,0.0112,0.0,0.9888
streamlit,frontend/lib/src/hooks/useSubmitFormViaEnterKey.test.ts,HIGH,0.9949,0.9949,0.0,0.0051
streamlit,frontend/lib/src/hooks/useSelectCommon.ts,HIGH,0.9627,0.9627,0.0,0.0373
streamlit,frontend/lib/src/hooks/useDownloadUrl.test.ts,MEDIUM,0.9996,0.0003,1e-04,0.9996
streamlit,frontend/lib/src/hooks/useScrollAnimation.test.ts,MEDIUM,0.9906,0.0093,0.0,0.9906
streamlit,frontend/lib/src/hooks/useUpdateUiValue.test.ts,MEDIUM,0.9998,1e-04,1e-04,0.9998
streamlit,frontend/lib/src/hooks/useStateRef.test.ts,MEDIUM,0.9995,0.0004,0.0,0.9995
streamlit,frontend/lib/src/hooks/useScrollAnimation.ts,HIGH,0.8216,0.8216,0.0,0.1784
streamlit,frontend/lib/src/hooks/useResizeObserver.test.tsx,HIGH,0.9902,0.9902,0.0,0.0098
streamlit,frontend/lib/src/hooks/useBasicWidgetState.test.ts,HIGH,1.0,1.0,0.0,0.0
streamlit,frontend/lib/src/hooks/useCrossOriginAttribute.ts,MEDIUM,0.9997,1e-04,0.0002,0.9997
streamlit,frontend/lib/src/hooks/useBasicWidgetState.ts,HIGH,1.0,1.0,0.0,0.0
streamlit,frontend/lib/src/hooks/useWidgetManagerElementState.tsx,MEDIUM,0.9977,0.0023,0.0,0.9977
streamlit,frontend/lib/src/hooks/useOnInputChange.test.ts,HIGH,0.9922,0.9922,0.0,0.0078
streamlit,frontend/lib/src/hooks/useDebouncedCallback.test.ts,MEDIUM,0.9988,0.0012,0.0,0.9988
streamlit,frontend/lib/src/hooks/useTimeout.tsx,MEDIUM,0.9917,0.0082,0.0,0.9917
streamlit,frontend/lib/src/hooks/useThrottledCallback.ts,MEDIUM,0.997,0.003,0.0,0.997
streamlit,frontend/lib/src/hooks/useExecuteWhenChanged.ts,MEDIUM,0.9995,0.0003,1e-04,0.9995
streamlit,frontend/lib/src/hooks/useScrollToBottom.ts,HIGH,0.9997,0.9997,0.0,0.0003
streamlit,frontend/lib/src/hooks/useRequiredContext.tsx,MEDIUM,0.9993,1e-04,0.0006,0.9993
streamlit,frontend/lib/src/hooks/useCopyToClipboard.ts,MEDIUM,0.9987,0.0012,0.0,0.9987
streamlit,frontend/lib/src/hooks/useEmotionTheme.ts,MEDIUM,0.9084,1e-04,0.0916,0.9084
streamlit,frontend/lib/src/hooks/useQueryParamBinding.ts,MEDIUM,0.9786,0.0214,0.0,0.9786
streamlit,frontend/lib/src/hooks/useTextInputAutoExpand.ts,HIGH,0.9861,0.9861,0.0,0.0139
streamlit,frontend/lib/src/hooks/useScrollbarGutterSize.test.ts,MEDIUM,0.9785,0.0215,0.0,0.9785
streamlit,frontend/lib/src/hooks/useTextInputAutoExpand.test.ts,HIGH,0.998,0.998,0.0,0.002
streamlit,frontend/lib/src/hooks/useCrossOriginAttribute.test.tsx,HIGH,0.9999,0.9999,0.0,1e-04
streamlit,frontend/lib/src/hooks/useStateRef.ts,MEDIUM,0.9993,1e-04,0.0007,0.9993
streamlit,frontend/lib/src/hooks/useDownloadUrl.ts,MEDIUM,0.9996,0.0003,1e-04,0.9996
streamlit,frontend/lib/src/hooks/useStWidthHeight.ts,MEDIUM,0.9853,0.0147,0.0,0.9853
streamlit,frontend/lib/src/hooks/useDebouncedCallback.ts,MEDIUM,0.999,0.001,0.0,0.999
streamlit,frontend/lib/src/hooks/useScrollSpy.test.ts,MEDIUM,0.836,0.1639,0.0,0.836
streamlit,frontend/lib/src/hooks/useCalculatedDimensions.test.ts,MEDIUM,0.5279,0.4721,0.0,0.5279
streamlit,frontend/lib/src/hooks/useCalculatedDimensions.ts,MEDIUM,0.9995,0.0004,1e-04,0.9995
streamlit,frontend/lib/src/hooks/useTimeout.test.ts,HIGH,0.9998,0.9998,0.0,0.0002
streamlit,frontend/lib/src/hooks/useWidgetManagerElementState.test.tsx,MEDIUM,0.9728,0.0271,0.0,0.9728
streamlit,frontend/lib/src/hooks/useRegisterShortcut.ts,HIGH,1.0,1.0,0.0,0.0
streamlit,frontend/lib/src/hooks/useUpdateUiValue.ts,MEDIUM,0.9998,1e-04,1e-04,0.9998
streamlit,frontend/lib/src/hooks/useCopyToClipboard.test.tsx,MEDIUM,0.9265,0.0735,0.0,0.9265
streamlit,frontend/lib/src/render-tree/BlockNode.ts,MEDIUM,0.9588,0.0412,0.0,0.9588
streamlit,frontend/lib/src/render-tree/BlockNode.test.ts,MEDIUM,0.9674,0.0325,0.0,0.9674
streamlit,frontend/lib/src/render-tree/TransientNode.ts,MEDIUM,0.9543,0.0456,0.0,0.9543
streamlit,frontend/lib/src/render-tree/AppNode.interface.ts,MEDIUM,0.9997,1e-04,0.0002,0.9997
streamlit,frontend/lib/src/render-tree/test-utils.ts,HIGH,0.9768,0.9768,0.0,0.0232
streamlit,frontend/lib/src/render-tree/ElementNode.test.ts,MEDIUM,0.9991,0.0009,0.0,0.9991
streamlit,frontend/lib/src/render-tree/AppRoot.ts,HIGH,1.0,1.0,0.0,0.0
streamlit,frontend/lib/src/render-tree/TransientNode.test.ts,HIGH,0.9857,0.9857,0.0,0.0143
streamlit,frontend/lib/src/render-tree/AppRoot.test.ts,HIGH,1.0,1.0,0.0,0.0
streamlit,frontend/lib/src/render-tree/ElementNode.ts,MEDIUM,0.9868,0.0131,0.0,0.9868
streamlit,frontend/lib/src/render-tree/visitors/FilterMainScriptElementsVisitor.test.ts,HIGH,0.9984,0.9984,0.0,0.0016
streamlit,frontend/lib/src/render-tree/visitors/ElementsSetVisitor.test.ts,HIGH,0.9908,0.9908,0.0,0.0092
streamlit,frontend/lib/src/render-tree/visitors/DebugVisitor.ts,HIGH,0.9448,0.9448,0.0,0.0552
streamlit,frontend/lib/src/render-tree/visitors/SetNodeByDeltaPathVisitor.test.ts,HIGH,1.0,1.0,0.0,0.0
streamlit,frontend/lib/src/render-tree/visitors/AppNodeVisitor.interface.ts,MEDIUM,0.9839,1e-04,0.016,0.9839
streamlit,frontend/lib/src/render-tree/visitors/SetNodeByDeltaPathVisitor.ts,HIGH,0.9861,0.9861,0.0,0.0139
streamlit,frontend/lib/src/render-tree/visitors/ElementsSetVisitor.ts,MEDIUM,0.9985,0.0015,0.0,0.9985
streamlit,frontend/lib/src/render-tree/visitors/ClearStaleNodeVisitor.test.ts,HIGH,1.0,1.0,0.0,0.0
streamlit,frontend/lib/src/render-tree/visitors/ClearTransientNodesVisitor.ts,MEDIUM,0.9932,0.0068,0.0,0.9932
streamlit,frontend/lib/src/render-tree/visitors/FilterMainScriptElementsVisitor.ts,MEDIUM,0.6371,0.3629,0.0,0.6371
streamlit,frontend/lib/src/render-tree/visitors/DebugVisitor.test.ts,MEDIUM,0.8197,0.1803,0.0,0.8197
streamlit,frontend/lib/src/render-tree/visitors/ClearStaleNodeVisitor.ts,HIGH,0.986,0.986,0.0,0.014
streamlit,frontend/lib/src/render-tree/visitors/GetNodeByDeltaPathVisitor.test.ts,HIGH,0.9979,0.9979,0.0,0.0021
streamlit,frontend/lib/src/render-tree/visitors/GetNodeByDeltaPathVisitor.ts,MEDIUM,0.9977,0.0023,0.0,0.9977
streamlit,frontend/lib/src/render-tree/visitors/ClearTransientNodesVisitor.test.ts,HIGH,0.5296,0.5296,0.0,0.4704
streamlit,frontend/component-lib/vite.config.ts,MEDIUM,0.9988,0.0011,0.0,0.9988
streamlit,frontend/component-lib/src/streamlit.test.ts,HIGH,0.9996,0.9996,0.0,0.0004
streamlit,frontend/component-lib/src/StreamlitReact.tsx,HIGH,0.9726,0.9726,0.0,0.0274
streamlit,frontend/component-lib/src/ArrowTable.ts,HIGH,1.0,1.0,0.0,0.0
streamlit,frontend/component-lib/src/ArrowTable.test.ts,MEDIUM,0.9711,0.0288,0.0,0.9711
streamlit,frontend/component-lib/src/setupTests.ts,MEDIUM,0.9994,1e-04,0.0005,0.9994
streamlit,frontend/component-lib/src/mock_data.ts,HIGH,0.9845,0.9845,0.0,0.0155
streamlit,frontend/component-lib/src/StreamlitReact.test.tsx,MEDIUM,0.9674,0.0325,0.0,0.9674
streamlit,frontend/component-lib/src/index.ts,MEDIUM,0.9995,1e-04,0.0004,0.9995
streamlit,frontend/component-lib/src/streamlit.ts,HIGH,0.9999,0.9999,0.0,1e-04
streamlit,frontend/component-lib/src/test_utils.ts,LOW,0.9998,0.0,0.9998,0.0002
cal.com,i18n-unused.config.js,MEDIUM,0.7718,0.2281,1e-04,0.7718
cal.com,example-apps/credential-sync/next.config.js,LOW,0.6197,1e-04,0.6197,0.3802
cal.com,scripts/prepare-local-for-delegation-credentials-testing.js,HIGH,0.9895,0.9895,0.0,0.0105
cal.com,packages/platform/atoms/postcss.config.js,MEDIUM,0.9703,0.0003,0.0294,0.9703
cal.com,packages/platform/atoms/scripts/dev-on.js,MEDIUM,0.9929,0.0002,0.0069,0.9929
cal.com,packages/platform/libraries/vite.config.js,HIGH,1.0,1.0,0.0,0.0
cal.com,packages/platform/libraries/scripts/local.js,MEDIUM,0.9929,0.0002,0.0069,0.9929
cal.com,packages/platform/libraries/scripts/prepublish.js,MEDIUM,0.9995,0.0005,0.0,0.9995
cal.com,packages/platform/libraries/scripts/postpublish.js,MEDIUM,0.8991,0.1009,0.0,0.8991
cal.com,packages/platform/examples/base/next.config.js,MEDIUM,0.9986,1e-04,0.0013,0.9986
cal.com,packages/platform/examples/base/postcss.config.js,LOW,0.9268,1e-04,0.9268,0.0732
cal.com,packages/prisma/run-enum-generator.js,MEDIUM,0.815,0.178,0.0071,0.815
cal.com,packages/testing/performance/smoke/booking.js,MEDIUM,0.9929,0.0002,0.0069,0.9929
cal.com,packages/testing/performance/utils/config.js,MEDIUM,0.993,0.007,0.0,0.993
cal.com,packages/testing/performance/utils/helpers.js,MEDIUM,0.9993,1e-04,0.0005,0.9993
cal.com,packages/testing/performance/load/booking.js,MEDIUM,0.9994,1e-04,0.0005,0.9994
cal.com,packages/testing/performance/spike/booking.js,MEDIUM,0.9971,0.0002,0.0026,0.9971
cal.com,packages/testing/performance/stress/booking.js,MEDIUM,0.9996,0.0002,0.0002,0.9996
cal.com,packages/embeds/vite.config.js,MEDIUM,0.9986,0.0013,0.0,0.9986
cal.com,packages/embeds/embed-snippet/vite.config.js,MEDIUM,0.9915,0.0002,0.0082,0.9915
cal.com,packages/embeds/embed-react/vite.config.js,MEDIUM,0.9973,0.0027,0.0,0.9973
cal.com,packages/embeds/embed-core/vite.config.js,HIGH,0.9932,0.9932,0.0,0.0068
cal.com,packages/i18n/next-i18next.config.js,MEDIUM,0.7667,0.233,0.0002,0.7667
cal.com,__checks__/calcom-dashboard.check.js,MEDIUM,0.9996,0.0002,0.0003,0.9996
cal.com,__checks__/location-link.check.js,MEDIUM,0.9997,0.0002,0.0002,0.9997
cal.com,apps/web/test/jest-setup.js,LOW,0.9995,0.0,0.9995,0.0005
cal.com,apps/web/test/jest-resolver.js,MEDIUM,0.9995,1e-04,0.0004,0.9995
cal.com,apps/web/public/service-worker.js,HIGH,1.0,1.0,0.0,0.0
cal.com,apps/web/scripts/create-sentry-release.js,MEDIUM,0.9994,0.0006,1e-04,0.9994
cal.com,apps/web/scripts/copy-app-store-static.js,MEDIUM,0.999,0.001,0.0,0.999
cal.com,apps/api/index.js,MEDIUM,0.9915,0.0002,0.0082,0.9915
cal.com,vitest.workspace.ts,HIGH,1.0,1.0,0.0,0.0
cal.com,setupVitest.ts,MEDIUM,0.9994,1e-04,0.0006,0.9994
cal.com,playwright.config.ts,HIGH,1.0,1.0,0.0,0.0
cal.com,checkly.config.ts,MEDIUM,0.9998,1e-04,1e-04,0.9998
cal.com,example-apps/credential-sync/constants.ts,MEDIUM,0.9979,1e-04,0.002,0.9979
cal.com,example-apps/credential-sync/lib/integrations.ts,MEDIUM,0.9829,0.0171,0.0,0.9829
cal.com,example-apps/credential-sync/pages/index.tsx,HIGH,0.9995,0.9995,0.0,0.0005
cal.com,example-apps/credential-sync/pages/api/setTokenInCalCom.ts,MEDIUM,0.9641,0.0358,0.0,0.9641
cal.com,example-apps/credential-sync/pages/api/getToken.ts,MEDIUM,0.9991,0.0009,0.0,0.9991
cal.com,scripts/reassign-attributes.ts,MEDIUM,0.9996,0.0002,0.0002,0.9996
cal.com,scripts/seed-booking-audit.ts,HIGH,1.0,1.0,0.0,0.0
cal.com,scripts/seed-performance-testing.ts,HIGH,1.0,1.0,0.0,0.0
cal.com,scripts/seed-huge-event-types.ts,MEDIUM,0.9959,0.0041,0.0,0.9959
cal.com,scripts/seed.ts,HIGH,1.0,1.0,0.0,0.0
cal.com,scripts/pull-coss-ui-components.ts,HIGH,1.0,1.0,0.0,0.0
cal.com,scripts/seed-app-store.ts,HIGH,1.0,1.0,0.0,0.0
cal.com,scripts/seed-utils.ts,HIGH,1.0,1.0,0.0,0.0
cal.com,packages/ui/classNames.ts,LOW,0.985,0.0,0.985,0.015
cal.com,packages/ui/styles/useCalcomTheme.tsx,MEDIUM,0.9997,1e-04,1e-04,0.9997
cal.com,packages/ui/styles/index.ts,LOW,1.0,0.0,1.0,0.0
cal.com,packages/ui/components/test-setup.tsx,HIGH,0.9999,0.9999,0.0,1e-04
cal.com,packages/ui/components/arrow-button/index.ts,LOW,0.9998,0.0,0.9998,0.0002
cal.com,packages/ui/components/arrow-button/ArrowButton.tsx,MEDIUM,0.9992,1e-04,0.0007,0.9992
cal.com,packages/ui/components/dropdown/Dropdown.tsx,HIGH,0.9999,0.9999,0.0,1e-04
cal.com,packages/ui/components/dropdown/index.ts,MEDIUM,0.995,1e-04,0.0048,0.995
cal.com,packages/ui/components/pagination/Pagination.tsx,MEDIUM,0.8401,0.1598,0.0,0.8401
cal.com,packages/ui/components/pagination/index.ts,LOW,0.9998,0.0,0.9998,0.0002
cal.com,packages/ui/components/__mocks__/UnpublishedEntity.tsx,LOW,0.985,0.0,0.985,0.015
cal.com,packages/ui/components/image-uploader/ImageUploader.tsx,HIGH,1.0,1.0,0.0,0.0
cal.com,packages/ui/components/image-uploader/index.ts,LOW,0.9998,0.0,0.9998,0.0002
cal.com,packages/ui/components/image-uploader/BannerUploader.tsx,HIGH,1.0,1.0,0.0,0.0
cal.com,packages/ui/components/image-uploader/Common.tsx,MEDIUM,0.8262,0.1738,0.0,0.8262
cal.com,packages/ui/components/form/index.ts,MEDIUM,0.996,0.0002,0.0038,0.996
cal.com,packages/ui/components/form/date-range-picker/DateRangePicker.tsx,HIGH,0.9974,0.9974,0.0,0.0026
cal.com,packages/ui/components/form/date-range-picker/Calendar.tsx,MEDIUM,0.9991,0.0009,0.0,0.9991
cal.com,packages/ui/components/form/date-range-picker/dateRangeLogic.test.ts,MEDIUM,0.9319,0.0681,0.0,0.9319
cal.com,packages/ui/components/form/date-range-picker/index.ts,LOW,0.985,0.0,0.985,0.015
cal.com,packages/ui/components/form/date-range-picker/dateRangeLogic.ts,MEDIUM,0.9996,0.0003,1e-04,0.9996
cal.com,packages/ui/components/form/datepicker/DatePicker.tsx,HIGH,0.9997,0.9997,0.0,0.0003
cal.com,packages/ui/components/form/datepicker/datepicker.test.tsx,MEDIUM,0.9994,0.0005,1e-04,0.9994
cal.com,packages/ui/components/form/datepicker/index.ts,LOW,1.0,0.0,1.0,0.0
cal.com,packages/ui/components/form/toggleGroup/ToggleGroup.tsx,HIGH,0.9725,0.9725,0.0,0.0275
cal.com,packages/ui/components/form/toggleGroup/index.ts,LOW,0.9998,0.0,0.9998,0.0002
cal.com,packages/ui/components/form/toggleGroup/BooleanToggleGroup.tsx,HIGH,0.9767,0.9767,0.0,0.0233
cal.com,packages/ui/components/form/wizard/WizardForm.tsx,HIGH,0.8828,0.8828,0.0,0.1172
cal.com,packages/ui/components/form/wizard/useWizardState.ts,MEDIUM,0.9977,0.0023,0.0,0.9977
cal.com,packages/ui/components/form/wizard/index.ts,LOW,0.985,0.0,0.985,0.015
cal.com,packages/ui/components/form/wizard/wizardForm.test.tsx,HIGH,0.9815,0.9815,0.0,0.0185
cal.com,packages/ui/components/form/checkbox/Checkbox.test.tsx,MEDIUM,0.9995,0.0004,0.0002,0.9995
cal.com,packages/ui/components/form/checkbox/MultiSelectCheckboxes.tsx,HIGH,0.9875,0.9875,0.0,0.0125
cal.com,packages/ui/components/form/checkbox/index.ts,LOW,0.9993,0.0,0.9993,0.0007
cal.com,packages/ui/components/form/checkbox/Checkbox.tsx,HIGH,0.9865,0.9865,0.0,0.0135
cal.com,packages/ui/components/form/step/Steps.tsx,MEDIUM,0.9978,0.0021,0.0,0.9978
cal.com,packages/ui/components/form/step/index.ts,LOW,1.0,0.0,1.0,0.0
cal.com,packages/ui/components/form/step/steps.test.tsx,MEDIUM,0.9954,0.0045,0.0,0.9954
cal.com,packages/ui/components/form/switch/Switch.tsx,HIGH,0.9008,0.9008,0.0,0.0992
cal.com,packages/ui/components/form/switch/SettingsToggle.tsx,HIGH,0.974,0.974,0.0,0.026
cal.com,packages/ui/components/form/switch/index.ts,LOW,0.9998,0.0,0.9998,0.0002
cal.com,packages/ui/components/form/select/selectTheme.ts,MEDIUM,0.9961,0.0002,0.0037,0.9961
cal.com,packages/ui/components/form/select/types.ts,MEDIUM,0.9899,1e-04,0.01,0.9899
cal.com,packages/ui/components/form/select/select.test.tsx,HIGH,1.0,1.0,0.0,0.0
cal.com,packages/ui/components/form/select/components.tsx,HIGH,1.0,1.0,0.0,0.0
cal.com,packages/ui/components/form/select/index.ts,LOW,0.9998,0.0,0.9998,0.0002
cal.com,packages/ui/components/form/select/Select.tsx,HIGH,1.0,1.0,0.0,0.0
cal.com,packages/ui/components/form/color-picker/colorpicker.test.tsx,MEDIUM,0.9967,0.0033,0.0,0.9967
cal.com,packages/ui/components/form/color-picker/colorpicker.tsx,MEDIUM,0.8465,0.1535,0.0,0.8465
cal.com,packages/ui/components/form/inputs/MultiOptionInput.tsx,HIGH,1.0,1.0,0.0,0.0
cal.com,packages/ui/components/form/inputs/types.d.ts,MEDIUM,0.9976,0.0002,0.0022,0.9976
cal.com,packages/ui/components/form/inputs/input.test.tsx,HIGH,0.9269,0.9269,0.0,0.0731
cal.com,packages/ui/components/form/inputs/Label.tsx,MEDIUM,0.9944,1e-04,0.0055,0.9944
cal.com,packages/ui/components/form/inputs/TextField.tsx,HIGH,1.0,1.0,0.0,0.0
cal.com,packages/ui/components/form/inputs/HintOrErrors.tsx,HIGH,0.982,0.982,0.0,0.018
cal.com,packages/ui/components/form/inputs/InputError.tsx,MEDIUM,0.9941,1e-04,0.0058,0.9941
cal.com,packages/ui/components/form/inputs/Input.tsx,HIGH,0.9976,0.9976,0.0,0.0024
cal.com,packages/ui/components/form/inputs/Form.tsx,MEDIUM,0.9978,0.0003,0.0019,0.9978
cal.com,packages/ui/components/tooltip/Tooltip.tsx,MEDIUM,0.9971,0.0029,0.0,0.9971
cal.com,packages/ui/components/tooltip/index.ts,LOW,1.0,0.0,1.0,0.0
cal.com,packages/ui/components/section/section.tsx,HIGH,1.0,1.0,0.0,0.0
cal.com,packages/ui/components/section/index.ts,LOW,1.0,0.0,1.0,0.0
cal.com,packages/ui/components/radio/RadioAreaGroup.tsx,MEDIUM,0.9976,0.0023,0.0,0.9976
cal.com,packages/ui/components/radio/Radio.tsx,MEDIUM,0.995,0.005,0.0,0.995
cal.com,packages/ui/components/radio/index.ts,MEDIUM,0.9797,1e-04,0.0201,0.9797
cal.com,packages/ui/components/card/Card.tsx,HIGH,1.0,1.0,0.0,0.0
cal.com,packages/ui/components/card/card.test.tsx,MEDIUM,0.9988,0.0011,0.0,0.9988
cal.com,packages/ui/components/card/StepCard.tsx,LOW,0.5277,1e-04,0.5277,0.4723
cal.com,packages/ui/components/card/index.ts,LOW,0.8998,0.0,0.8998,0.1002
cal.com,packages/ui/components/card/FormCard.tsx,HIGH,1.0,1.0,0.0,0.0
cal.com,packages/ui/components/card/PanelCard.tsx,HIGH,0.9814,0.9814,0.0,0.0186
cal.com,packages/ui/components/filter-select/index.tsx,MEDIUM,0.7102,0.2898,0.0,0.7102
cal.com,packages/ui/components/buttonGroup/ButtonGroup.tsx,MEDIUM,0.9994,0.0006,0.0,0.9994
cal.com,packages/ui/components/buttonGroup/index.ts,LOW,1.0,0.0,1.0,0.0
cal.com,packages/ui/components/errorBoundary/error-boundary.test.tsx,MEDIUM,0.9996,0.0002,0.0003,0.9996
cal.com,packages/ui/components/errorBoundary/index.ts,LOW,1.0,0.0,1.0,0.0
cal.com,packages/ui/components/errorBoundary/ErrorBoundary.tsx,MEDIUM,0.9992,0.0007,0.0,0.9992
cal.com,packages/ui/components/segmented-control/index.ts,LOW,0.9998,0.0,0.9998,0.0002
cal.com,packages/ui/components/segmented-control/SegmentedControl.tsx,MEDIUM,0.9931,0.0069,0.0,0.9931
cal.com,packages/ui/components/alert/Alert.tsx,HIGH,0.7904,0.7904,0.0,0.2096
cal.com,packages/ui/components/alert/alert.test.tsx,MEDIUM,0.9995,0.0002,0.0004,0.9995
cal.com,packages/ui/components/alert/index.ts,LOW,0.9998,0.0,0.9998,0.0002
cal.com,packages/ui/components/skeleton/Loader.tsx,MEDIUM,0.8404,1e-04,0.1595,0.8404
cal.com,packages/ui/components/skeleton/index.ts,MEDIUM,0.9797,1e-04,0.0201,0.9797
cal.com,packages/ui/components/skeleton/Skeleton.tsx,HIGH,0.874,0.874,0.0,0.126
cal.com,packages/ui/components/layout/ShellSubHeading.tsx,MEDIUM,0.9998,1e-04,1e-04,0.9998
cal.com,packages/ui/components/layout/WizardLayout.tsx,MEDIUM,0.9878,0.0122,0.0,0.9878
cal.com,packages/ui/components/layout/shellSubHeading.test.tsx,MEDIUM,0.9997,0.0002,1e-04,0.9997
cal.com,packages/ui/components/layout/index.ts,LOW,0.9998,0.0,0.9998,0.0002
cal.com,packages/ui/components/progress-bar/ProgressBar.tsx,MEDIUM,0.9996,0.0002,0.0002,0.9996
cal.com,packages/ui/components/progress-bar/index.ts,LOW,0.9998,0.0,0.9998,0.0002
cal.com,packages/ui/components/organization-banner/OrgBanner.tsx,MEDIUM,0.9996,0.0002,0.0002,0.9996
cal.com,packages/ui/components/organization-banner/index.ts,LOW,0.9998,0.0,0.9998,0.0002
cal.com,packages/ui/components/organization-banner/OrgBanner.test.tsx,MEDIUM,0.9993,1e-04,0.0007,0.9993
cal.com,packages/ui/components/toast/toast.test.tsx,MEDIUM,0.9992,1e-04,0.0006,0.9992
cal.com,packages/ui/components/toast/index.ts,LOW,0.9998,0.0,0.9998,0.0002
cal.com,packages/ui/components/toast/ProgressToast.tsx,MEDIUM,0.9995,0.0004,1e-04,0.9995
cal.com,packages/ui/components/toast/showToast.tsx,MEDIUM,0.9544,0.0456,0.0,0.9544
cal.com,packages/ui/components/TokenHandler/token-handler.test.tsx,MEDIUM,0.9995,1e-04,0.0004,0.9995
cal.com,packages/ui/components/TokenHandler/TokenHandler.tsx,MEDIUM,0.9996,0.0002,0.0002,0.9996
cal.com,packages/ui/components/hover-card/index.tsx,MEDIUM,0.9961,0.0002,0.0037,0.9961
cal.com,packages/ui/components/navigation/index.ts,MEDIUM,0.8404,1e-04,0.1595,0.8404
cal.com,packages/ui/components/navigation/tabs/navigation.test.tsx,HIGH,0.998,0.998,0.0,0.002
cal.com,packages/ui/components/navigation/tabs/VerticalTabs.tsx,MEDIUM,0.9994,0.0006,1e-04,0.9994
cal.com,packages/ui/components/navigation/tabs/HorizontalTabItem.tsx,MEDIUM,0.8748,0.1251,0.0,0.8748
cal.com,packages/ui/components/navigation/tabs/HorizontalTabs.tsx,MEDIUM,0.9631,0.0369,0.0,0.9631
cal.com,packages/ui/components/navigation/tabs/VerticalTabItem.tsx,HIGH,0.9791,0.9791,0.0,0.0209
cal.com,packages/ui/components/calendar-switch/CalendarSwitch.tsx,MEDIUM,0.9992,0.0007,1e-04,0.9992
cal.com,packages/ui/components/calendar-switch/index.ts,LOW,1.0,0.0,1.0,0.0
cal.com,packages/ui/components/top-banner/topBanner.test.tsx,MEDIUM,0.9996,0.0002,0.0002,0.9996
cal.com,packages/ui/components/top-banner/index.ts,LOW,0.9998,0.0,0.9998,0.0002
cal.com,packages/ui/components/top-banner/TopBanner.tsx,MEDIUM,0.9987,0.0013,0.0,0.9987
cal.com,packages/ui/components/dialog/dialog.test.tsx,MEDIUM,0.9899,0.0101,0.0,0.9899
cal.com,packages/ui/components/dialog/Dialog.tsx,HIGH,0.9998,0.9998,0.0,0.0002
cal.com,packages/ui/components/dialog/index.ts,LOW,0.985,0.0,0.985,0.015
cal.com,packages/ui/components/dialog/ConfirmationDialogContent.tsx,MEDIUM,0.6248,0.3752,0.0,0.6248
cal.com,packages/ui/components/popover/MeetingTimeInTimezones.tsx,HIGH,0.7189,0.7189,0.0,0.2811
cal.com,packages/ui/components/popover/Popover.tsx,MEDIUM,0.9961,0.0002,0.0037,0.9961
cal.com,packages/ui/components/popover/AnimatedPopover.tsx,HIGH,0.9084,0.9084,0.0,0.0916
cal.com,packages/ui/components/popover/index.ts,LOW,0.9993,0.0,0.9993,0.0007
cal.com,packages/ui/components/button/button.test.tsx,HIGH,0.9999,0.9999,0.0,1e-04
cal.com,packages/ui/components/button/LinkIconButton.tsx,MEDIUM,0.9977,1e-04,0.0022,0.9977
cal.com,packages/ui/components/button/SplitButton.tsx,MEDIUM,0.9983,0.0016,0.0,0.9983
cal.com,packages/ui/components/button/index.ts,LOW,0.985,0.0,0.985,0.015
cal.com,packages/ui/components/button/Button.tsx,HIGH,1.0,1.0,0.0,0.0
cal.com,packages/ui/components/logo/Logo.tsx,HIGH,0.9949,0.9949,0.0,0.0051
cal.com,packages/ui/components/logo/index.ts,LOW,1.0,0.0,1.0,0.0
cal.com,packages/ui/components/table/TableExamples.tsx,MEDIUM,0.9977,0.0021,0.0002,0.9977
cal.com,packages/ui/components/table/TableNew.tsx,MEDIUM,0.9972,0.0024,0.0005,0.9972
cal.com,packages/ui/components/table/Table.tsx,MEDIUM,0.9995,0.0005,0.0,0.9995
cal.com,packages/ui/components/table/index.ts,MEDIUM,0.9945,1e-04,0.0054,0.9945
cal.com,packages/ui/components/table/TableActions.tsx,HIGH,0.5555,0.5555,0.0,0.4445
cal.com,packages/ui/components/table/table.test.tsx,MEDIUM,0.9996,0.0002,0.0002,0.9996
cal.com,packages/ui/components/editable-heading/EditableHeading.tsx,MEDIUM,0.9094,0.0905,0.0,0.9094
cal.com,packages/ui/components/editable-heading/index.ts,LOW,1.0,0.0,1.0,0.0
cal.com,packages/ui/components/list/List.tsx,HIGH,0.9955,0.9955,0.0,0.0045
cal.com,packages/ui/components/list/list.test.tsx,MEDIUM,0.8393,0.1606,0.0,0.8393
cal.com,packages/ui/components/list/index.ts,LOW,0.9998,0.0,0.9998,0.0002
cal.com,packages/ui/components/divider/Divider.tsx,MEDIUM,0.998,1e-04,0.0019,0.998
cal.com,packages/ui/components/divider/index.ts,LOW,1.0,0.0,1.0,0.0
cal.com,packages/ui/components/address/MultiEmailLazy.tsx,LOW,0.8998,0.0,0.8998,0.1002
cal.com,packages/ui/components/address/fields.tsx,HIGH,1.0,1.0,0.0,0.0
cal.com,packages/ui/components/address/MultiEmail.tsx,MEDIUM,0.7073,0.2927,0.0,0.7073
cal.com,packages/ui/components/address/index.ts,LOW,0.9998,0.0,0.9998,0.0002
cal.com,packages/ui/components/address/AddressInput.tsx,MEDIUM,0.9996,0.0002,0.0003,0.9996
cal.com,packages/ui/components/address/AddressInputLazy.tsx,LOW,0.8998,0.0,0.8998,0.1002
cal.com,packages/ui/components/address/Select.tsx,MEDIUM,0.9124,0.0876,0.0,0.9124
cal.com,packages/ui/components/avatar/UserAvatarGroupWithOrg.tsx,HIGH,0.9982,0.9982,0.0,0.0018
cal.com,packages/ui/components/avatar/Avatar.tsx,HIGH,0.8828,0.8828,0.0,0.1172
cal.com,packages/ui/components/avatar/UserAvatarGroup.tsx,HIGH,0.9995,0.9995,0.0,0.0005
cal.com,packages/ui/components/avatar/UserAvatar.test.tsx,MEDIUM,0.9994,0.0005,1e-04,0.9994
cal.com,packages/ui/components/avatar/AvatarGroup.tsx,MEDIUM,0.9909,0.009,0.0,0.9909
cal.com,packages/ui/components/avatar/index.ts,MEDIUM,0.8404,1e-04,0.1595,0.8404
cal.com,packages/ui/components/avatar/UserAvatar.tsx,MEDIUM,0.9788,0.0212,0.0,0.9788
cal.com,packages/ui/components/scrollable/ScrollableArea.tsx,MEDIUM,0.9996,0.0003,1e-04,0.9996
cal.com,packages/ui/components/scrollable/scrollablearea.test.tsx,MEDIUM,0.9996,0.0002,0.0002,0.9996
cal.com,packages/ui/components/scrollable/index.ts,LOW,1.0,0.0,1.0,0.0
cal.com,packages/ui/components/file-uploader/FileUploader.tsx,HIGH,1.0,1.0,0.0,0.0
cal.com,packages/ui/components/file-uploader/index.ts,LOW,0.9998,0.0,0.9998,0.0002
cal.com,packages/ui/components/command/Command.tsx,MEDIUM,0.9804,0.0194,1e-04,0.9804
cal.com,packages/ui/components/command/index.ts,MEDIUM,0.9899,1e-04,0.01,0.9899
cal.com,packages/ui/components/breadcrumb/breadcrumb.test.tsx,MEDIUM,0.957,0.043,0.0,0.957
cal.com,packages/ui/components/breadcrumb/Breadcrumb.tsx,MEDIUM,0.9969,0.0031,0.0,0.9969
cal.com,packages/ui/components/breadcrumb/index.ts,LOW,1.0,0.0,1.0,0.0
cal.com,packages/ui/components/disconnect-calendar-integration/DisconnectIntegration.tsx,MEDIUM,0.9962,0.0037,0.0,0.9962
cal.com,packages/ui/components/disconnect-calendar-integration/index.ts,LOW,1.0,0.0,1.0,0.0
cal.com,packages/ui/components/icon/icon-names.ts,MEDIUM,0.888,0.1119,1e-04,0.888
cal.com,packages/ui/components/icon/Icon.tsx,MEDIUM,0.996,0.0002,0.0038,0.996
cal.com,packages/ui/components/icon/SatSymbol.tsx,MEDIUM,0.9974,0.0018,0.0008,0.9974
cal.com,packages/ui/components/icon/IconSprites.tsx,MEDIUM,0.9983,1e-04,0.0017,0.9983
cal.com,packages/ui/components/icon/index.ts,LOW,0.8998,0.0,0.8998,0.1002
cal.com,packages/ui/components/icon/Spinner.tsx,MEDIUM,0.998,1e-04,0.0019,0.998
cal.com,packages/ui/components/empty-screen/EmptyScreen.tsx,HIGH,0.7105,0.7105,0.0,0.2895
cal.com,packages/ui/components/empty-screen/index.ts,LOW,1.0,0.0,1.0,0.0
cal.com,packages/ui/components/sheet/Sheet.tsx,HIGH,0.6605,0.6605,0.0,0.3395
cal.com,packages/ui/components/sheet/index.ts,MEDIUM,0.9899,1e-04,0.01,0.9899
cal.com,packages/ui/components/unpublished-entity/UnpublishedEntity.tsx,MEDIUM,0.9994,0.0005,0.0,0.9994
cal.com,packages/ui/components/unpublished-entity/index.ts,LOW,0.9998,0.0,0.9998,0.0002
cal.com,packages/ui/components/app-list-card/index.ts,LOW,0.9998,0.0,0.9998,0.0002
cal.com,packages/ui/components/app-list-card/AppListCard.tsx,HIGH,0.9763,0.9763,0.0,0.0237
cal.com,packages/ui/components/credits/credits.test.tsx,HIGH,0.9728,0.9728,0.0,0.0272
cal.com,packages/ui/components/credits/index.ts,LOW,1.0,0.0,1.0,0.0
cal.com,packages/ui/components/credits/Credits.tsx,HIGH,0.9941,0.9941,0.0,0.0059
cal.com,packages/ui/components/editor/Editor.tsx,HIGH,0.983,0.983,0.0,0.017
cal.com,packages/ui/components/editor/ExampleTheme.ts,MEDIUM,0.9961,0.0002,0.0037,0.9961
cal.com,packages/ui/components/editor/types.ts,MEDIUM,0.9963,1e-04,0.0035,0.9963
cal.com,packages/ui/components/editor/index.ts,LOW,0.9993,0.0,0.9993,0.0007
cal.com,packages/ui/components/editor/Editor.test.tsx,MEDIUM,0.9968,0.0025,0.0007,0.9968
cal.com,packages/ui/components/editor/nodes/VariableNode.ts,MEDIUM,0.9976,0.0007,0.0017,0.9976
cal.com,packages/ui/components/editor/nodes/VariableNode.test.ts,MEDIUM,0.9983,0.0016,0.0,0.9983
cal.com,packages/ui/components/editor/plugins/PlainTextPlugin.tsx,MEDIUM,0.9995,1e-04,0.0004,0.9995
cal.com,packages/ui/components/editor/plugins/ToolbarPlugin.tsx,HIGH,1.0,1.0,0.0,0.0
cal.com,packages/ui/components/editor/plugins/AddVariablesDropdown.tsx,HIGH,0.9998,0.9998,0.0,0.0002
cal.com,packages/ui/components/editor/plugins/EditablePlugin.test.tsx,MEDIUM,0.9983,0.0008,0.0009,0.9983
cal.com,packages/ui/components/editor/plugins/customEnterKeyPlugin.tsx,MEDIUM,0.9994,0.0005,1e-04,0.9994
cal.com,packages/ui/components/editor/plugins/AutoLinkPlugin.test.tsx,MEDIUM,0.9969,0.0026,0.0005,0.9969
cal.com,packages/ui/components/editor/plugins/CustomEnterKeyPlugin.test.tsx,MEDIUM,0.9973,0.0027,0.0,0.9973
cal.com,packages/ui/components/editor/plugins/ToolbarPlugin.test.tsx,HIGH,0.9998,0.9998,0.0,0.0002
cal.com,packages/ui/components/editor/plugins/AutoLinkPlugin.tsx,MEDIUM,0.9997,0.0002,1e-04,0.9997
cal.com,packages/ui/components/editor/plugins/AddVariablesPlugin.tsx,HIGH,0.9901,0.9901,0.0,0.0099
cal.com,packages/ui/components/editor/plugins/EditablePlugin.tsx,LOW,0.5277,1e-04,0.5277,0.4723
cal.com,packages/ui/components/editor/plugins/AddVariablesDropdown.test.tsx,MEDIUM,0.997,0.003,0.0,0.997
cal.com,packages/ui/components/badge/CreditsBadge.tsx,MEDIUM,0.9996,0.0002,0.0003,0.9996
cal.com,packages/ui/components/badge/badge.test.tsx,MEDIUM,0.9969,0.0025,0.0005,0.9969
cal.com,packages/ui/components/badge/Badge.tsx,HIGH,0.559,0.559,0.0,0.441
cal.com,packages/ui/components/badge/InfoBadge.tsx,MEDIUM,0.9945,1e-04,0.0054,0.9945
cal.com,packages/ui/components/badge/index.ts,MEDIUM,0.9109,0.0272,0.0619,0.9109
cal.com,packages/types/App.d.ts,HIGH,1.0,1.0,0.0,0.0
cal.com,packages/types/CrmService.d.ts,MEDIUM,0.9973,0.0014,0.0013,0.9973
cal.com,packages/types/AppHandler.d.ts,MEDIUM,0.9976,1e-04,0.0023,0.9976
cal.com,packages/types/next.d.ts,MEDIUM,0.998,1e-04,0.0019,0.998
cal.com,packages/types/PaymentService.d.ts,MEDIUM,0.9985,0.0014,0.0,0.9985
cal.com,packages/types/Credential.d.ts,HIGH,0.9986,0.9986,0.0,0.0014
cal.com,packages/types/next-auth.d.ts,HIGH,0.9946,0.9946,0.0,0.0054
cal.com,packages/types/Event.d.ts,MEDIUM,0.9797,1e-04,0.0201,0.9797
cal.com,packages/types/JsonObject.d.ts,LOW,0.9993,0.0,0.9993,0.0007
cal.com,packages/types/UserProfile.d.ts,MEDIUM,0.9975,0.0002,0.0024,0.9975
cal.com,packages/types/CredentialOwner.d.ts,MEDIUM,0.8404,1e-04,0.1595,0.8404
cal.com,packages/types/oauth.d.ts,MEDIUM,0.9797,1e-04,0.0201,0.9797
cal.com,packages/types/data-table.d.ts,MEDIUM,0.9974,0.0012,0.0014,0.9974
cal.com,packages/types/AnalyticsService.d.ts,MEDIUM,0.9899,1e-04,0.01,0.9899
cal.com,packages/types/business-days-plugin.d.ts,MEDIUM,0.9973,0.0004,0.0023,0.9973
cal.com,packages/types/utils.d.ts,MEDIUM,0.9997,1e-04,0.0002,0.9997
cal.com,packages/types/ical.d.ts,HIGH,0.9999,0.9999,0.0,1e-04
cal.com,packages/types/AppMetaSchema.ts,HIGH,0.9994,0.9994,0.0,0.0006
cal.com,packages/types/EventManager.d.ts,MEDIUM,0.9973,0.0004,0.0023,0.9973
cal.com,packages/types/AppGetServerSideProps.d.ts,MEDIUM,0.9945,1e-04,0.0054,0.9945
cal.com,packages/types/schedule.d.ts,MEDIUM,0.998,1e-04,0.0019,0.998
cal.com,packages/types/Json.d.ts,LOW,0.8998,0.0,0.8998,0.1002
cal.com,packages/types/BufferedBusyTime.d.ts,LOW,0.985,0.0,0.985,0.015
cal.com,packages/types/inferSSRProps.d.ts,MEDIUM,0.9084,1e-04,0.0916,0.9084
cal.com,packages/types/Calendar.d.ts,HIGH,0.6446,0.6446,1e-04,0.3553
cal.com,packages/types/@wojtekmaj__react-daterange-picker.d.ts,MEDIUM,0.9963,1e-04,0.0035,0.9963
cal.com,packages/types/VideoApiAdapter.d.ts,MEDIUM,0.9976,0.0003,0.0021,0.9976
cal.com,packages/types/window.d.ts,LOW,0.8998,0.0,0.8998,0.1002
cal.com,packages/types/environment.d.ts,MEDIUM,0.9969,0.0031,0.0,0.9969
cal.com,packages/types/tanstack-table.d.ts,MEDIUM,0.9111,1e-04,0.0888,0.9111
cal.com,packages/app-store-cli/src/App.tsx,MEDIUM,0.9961,0.0039,0.0,0.9961
cal.com,packages/app-store-cli/src/validateCreateAppFlags.test.ts,HIGH,0.9983,0.9983,0.0,0.0017
cal.com,packages/app-store-cli/src/cli.tsx,HIGH,0.9975,0.9975,0.0,0.0025
cal.com,packages/app-store-cli/src/types.d.ts,MEDIUM,0.8404,1e-04,0.1595,0.8404
cal.com,packages/app-store-cli/src/validateCreateAppFlags.ts,MEDIUM,0.9995,0.0004,1e-04,0.9995
cal.com,packages/app-store-cli/src/core.ts,HIGH,0.9952,0.9952,0.0,0.0048
cal.com,packages/app-store-cli/src/constants.ts,MEDIUM,0.9952,1e-04,0.0047,0.9952
cal.com,packages/app-store-cli/src/build.ts,HIGH,1.0,1.0,0.0,0.0
cal.com,packages/app-store-cli/src/utils/templates.ts,MEDIUM,0.9996,0.0003,0.0002,0.9996
cal.com,packages/app-store-cli/src/utils/execSync.ts,MEDIUM,0.9995,0.0004,1e-04,0.9995
cal.com,packages/app-store-cli/src/utils/getAppName.ts,MEDIUM,0.9998,1e-04,1e-04,0.9998
cal.com,packages/app-store-cli/src/utils/getApp.ts,MEDIUM,0.9996,0.0003,1e-04,0.9996
cal.com,packages/app-store-cli/src/commandViews/EditTemplate.tsx,LOW,0.8998,0.0,0.8998,0.1002
cal.com,packages/app-store-cli/src/commandViews/Create.tsx,LOW,0.8998,0.0,0.8998,0.1002
cal.com,packages/app-store-cli/src/commandViews/DeleteTemplate.tsx,LOW,0.985,0.0,0.985,0.015
cal.com,packages/app-store-cli/src/commandViews/Delete.tsx,LOW,0.985,0.0,0.985,0.015
cal.com,packages/app-store-cli/src/commandViews/CreateTemplate.tsx,LOW,0.8998,0.0,0.8998,0.1002
cal.com,packages/app-store-cli/src/commandViews/Edit.tsx,LOW,0.8998,0.0,0.8998,0.1002
cal.com,packages/app-store-cli/src/components/AppCreateUpdateForm.tsx,HIGH,1.0,1.0,0.0,0.0
cal.com,packages/app-store-cli/src/components/Label.tsx,MEDIUM,0.9876,1e-04,0.0123,0.9876
cal.com,packages/app-store-cli/src/components/ImportantText.tsx,LOW,0.8998,0.0,0.8998,0.1002
cal.com,packages/app-store-cli/src/components/DeleteForm.tsx,HIGH,0.9608,0.9608,0.0,0.0392
cal.com,packages/app-store-cli/src/components/Message.tsx,MEDIUM,0.9995,0.0005,1e-04,0.9995
cal.com,packages/sms/sms-manager.ts,HIGH,1.0,1.0,0.0,0.0
cal.com,packages/sms/test/sms-manager.test.ts,HIGH,1.0,1.0,0.0,0.0
cal.com,packages/sms/attendee/event-location-changed-sms.ts,MEDIUM,0.9994,1e-04,0.0005,0.9994
cal.com,packages/sms/attendee/event-request-sms.ts,MEDIUM,0.9992,1e-04,0.0006,0.9992
cal.com,packages/sms/attendee/event-cancelled-sms.ts,MEDIUM,0.9996,1e-04,0.0003,0.9996
cal.com,packages/sms/attendee/awaiting-payment-sms.ts,MEDIUM,0.9995,1e-04,0.0004,0.9995
cal.com,packages/sms/attendee/event-rescheduled-sms.ts,MEDIUM,0.9992,1e-04,0.0006,0.9992
cal.com,packages/sms/attendee/event-scheduled-sms.ts,MEDIUM,0.9995,1e-04,0.0004,0.9995
cal.com,packages/sms/attendee/event-request-to-reschedule-sms.ts,MEDIUM,0.9996,1e-04,0.0003,0.9996
cal.com,packages/sms/attendee/event-declined-sms.ts,MEDIUM,0.9977,1e-04,0.0022,0.9977
cal.com,packages/sms/attendee/cancelled-seat-sms.ts,MEDIUM,0.9997,1e-04,0.0002,0.9997
cal.com,packages/config/theme/generateColor.ts,MEDIUM,0.9194,0.0805,0.0,0.9194
cal.com,packages/config/theme/interfaces.ts,MEDIUM,0.9952,1e-04,0.0047,0.9952
cal.com,packages/trpc/server/onErrorHandler.ts,MEDIUM,0.9996,1e-04,0.0003,0.9996
cal.com,packages/trpc/server/trpc.ts,MEDIUM,0.9945,1e-04,0.0054,0.9945
cal.com,packages/trpc/server/createNextApiHandler.test.ts,MEDIUM,0.9218,0.0781,1e-04,0.9218
cal.com,packages/trpc/server/createContext.ts,MEDIUM,0.6248,0.3752,0.0,0.6248
cal.com,packages/trpc/server/errorFormatter.ts,MEDIUM,0.9996,0.0002,0.0002,0.9996
cal.com,packages/trpc/server/types.ts,MEDIUM,0.6421,0.1117,0.2462,0.6421
cal.com,packages/trpc/server/errorFormatter.test.ts,HIGH,0.975,0.975,0.0,0.025
cal.com,packages/trpc/server/createNextApiHandler.ts,MEDIUM,0.9566,0.0434,0.0,0.9566
cal.com,packages/trpc/server/procedures/authedProcedure.ts,MEDIUM,0.9996,1e-04,0.0003,0.9996
cal.com,packages/trpc/server/procedures/publicProcedure.ts,LOW,0.8998,0.0,0.8998,0.1002
cal.com,packages/trpc/server/procedures/pbacProcedures.ts,HIGH,1.0,1.0,0.0,0.0
cal.com,packages/trpc/server/routers/_app.ts,LOW,0.5277,1e-04,0.5277,0.4723
cal.com,packages/trpc/server/routers/publicViewer/submitRating.schema.ts,MEDIUM,0.9314,0.0684,0.0002,0.9314
cal.com,packages/trpc/server/routers/publicViewer/event.handler.ts,MEDIUM,0.8486,0.1512,0.0003,0.8486
cal.com,packages/trpc/server/routers/publicViewer/countryCode.schema.ts,LOW,1.0,0.0,1.0,0.0
cal.com,packages/trpc/server/routers/publicViewer/countryCode.handler.ts,MEDIUM,0.9993,1e-04,0.0006,0.9993
cal.com,packages/trpc/server/routers/publicViewer/markHostAsNoShow.handler.ts,MEDIUM,0.975,0.0055,0.0195,0.975
cal.com,packages/trpc/server/routers/publicViewer/submitRating.handler.ts,MEDIUM,0.9963,1e-04,0.0035,0.9963
cal.com,packages/trpc/server/routers/publicViewer/event.schema.ts,HIGH,0.8482,0.8482,0.0,0.1518
cal.com,packages/trpc/server/routers/publicViewer/_router.tsx,HIGH,0.9741,0.9741,0.0,0.0259
cal.com,packages/trpc/server/routers/publicViewer/checkIfUserEmailVerificationRequired.schema.ts,MEDIUM,0.9899,1e-04,0.01,0.9899
cal.com,packages/trpc/server/routers/publicViewer/markHostAsNoShow.schema.ts,MEDIUM,0.9797,1e-04,0.0201,0.9797
cal.com,packages/trpc/server/routers/publicViewer/checkIfUserEmailVerificationRequired.handler.ts,MEDIUM,0.9992,0.0008,0.0,0.9992
cal.com,packages/trpc/server/routers/publicViewer/procedures/event.ts,MEDIUM,0.8997,0.1002,1e-04,0.8997
cal.com,packages/trpc/server/routers/publicViewer/timezones/_router.tsx,MEDIUM,0.9899,1e-04,0.01,0.9899
cal.com,packages/trpc/server/routers/publicViewer/timezones/cityTimezones.schema.ts,LOW,0.8998,0.0,0.8998,0.1002
cal.com,packages/trpc/server/routers/loggedInViewer/unlinkConnectedAccount.handler.ts,MEDIUM,0.9982,0.0018,0.0,0.9982
cal.com,packages/trpc/server/routers/loggedInViewer/eventTypeOrder.schema.ts,MEDIUM,0.8404,1e-04,0.1595,0.8404
cal.com,packages/trpc/server/routers/loggedInViewer/addSecondaryEmail.handler.ts,HIGH,1.0,1.0,0.0,0.0
cal.com,packages/trpc/server/routers/loggedInViewer/removeNotificationsSubscription.handler.ts,MEDIUM,0.9997,1e-04,1e-04,0.9997
cal.com,packages/trpc/server/routers/loggedInViewer/unlinkConnectedAccount.handler.test.ts,MEDIUM,0.9995,0.0004,1e-04,0.9995
cal.com,packages/trpc/server/routers/loggedInViewer/removeNotificationsSubscription.schema.ts,MEDIUM,0.9111,1e-04,0.0888,0.9111
cal.com,packages/trpc/server/routers/loggedInViewer/addNotificationsSubscription.schema.ts,MEDIUM,0.9111,1e-04,0.0888,0.9111
cal.com,packages/trpc/server/routers/loggedInViewer/eventTypeOrder.handler.ts,MEDIUM,0.9988,0.0011,1e-04,0.9988
cal.com,packages/trpc/server/routers/loggedInViewer/addNotificationsSubscription.handler.ts,HIGH,0.9998,0.9998,0.0,0.0002
cal.com,packages/trpc/server/routers/loggedInViewer/markNoShow.handler.ts,MEDIUM,0.8924,0.1019,0.0057,0.8924
cal.com,packages/trpc/server/routers/loggedInViewer/_router.tsx,HIGH,0.9983,0.9983,0.0,0.0017
cal.com,packages/trpc/server/routers/loggedInViewer/stripeCustomer.schema.ts,LOW,1.0,0.0,1.0,0.0
cal.com,packages/trpc/server/routers/loggedInViewer/connectAndJoin.schema.ts,MEDIUM,0.8404,1e-04,0.1595,0.8404
cal.com,packages/trpc/server/routers/loggedInViewer/connectAndJoin.handler.ts,HIGH,1.0,1.0,0.0,0.0
cal.com,packages/trpc/server/routers/loggedInViewer/markNoShow.schema.ts,LOW,1.0,0.0,1.0,0.0
cal.com,packages/trpc/server/routers/loggedInViewer/addSecondaryEmail.schema.ts,MEDIUM,0.7232,0.2766,0.0002,0.7232
cal.com,packages/trpc/server/routers/loggedInViewer/teamsAndUserProfilesQuery.schema.ts,MEDIUM,0.9945,1e-04,0.0054,0.9945
cal.com,packages/trpc/server/routers/loggedInViewer/teamsAndUserProfilesQuery.handler.ts,HIGH,1.0,1.0,0.0,0.0
cal.com,packages/trpc/server/routers/loggedInViewer/connectAndJoin.handler.test.ts,HIGH,0.9999,0.9999,0.0,1e-04
cal.com,packages/trpc/server/routers/loggedInViewer/stripeCustomer.handler.ts,HIGH,1.0,1.0,0.0,0.0
cal.com,packages/trpc/server/routers/loggedInViewer/procedures/teamsAndUserProfilesQuery.ts,MEDIUM,0.9111,1e-04,0.0888,0.9111
cal.com,packages/trpc/server/routers/features/map.ts,MEDIUM,0.7095,0.29,0.0005,0.7095
cal.com,packages/trpc/server/routers/features/_router.ts,MEDIUM,0.9961,0.0002,0.0037,0.9961
cal.com,packages/trpc/server/routers/viewer/_router.tsx,HIGH,1.0,1.0,0.0,0.0
cal.com,packages/trpc/server/routers/viewer/webhook/delete.handler.ts,HIGH,0.9871,0.9871,0.0,0.0129
cal.com,packages/trpc/server/routers/viewer/webhook/create.handler.ts,HIGH,0.9997,0.9997,0.0,0.0003
cal.com,packages/trpc/server/routers/viewer/webhook/list.schema.ts,MEDIUM,0.9941,1e-04,0.0058,0.9941
cal.com,packages/trpc/server/routers/viewer/webhook/testTrigger.schema.ts,MEDIUM,0.9797,1e-04,0.0201,0.9797
cal.com,packages/trpc/server/routers/viewer/webhook/edit.handler.ts,HIGH,0.9996,0.9996,0.0,0.0004
cal.com,packages/trpc/server/routers/viewer/webhook/list.handler.ts,MEDIUM,0.9998,1e-04,1e-04,0.9998
cal.com,packages/trpc/server/routers/viewer/webhook/create.schema.ts,HIGH,0.7638,0.7638,1e-04,0.2361
cal.com,packages/trpc/server/routers/viewer/webhook/getByViewer.handler.ts,MEDIUM,0.996,0.0002,0.0038,0.996
cal.com,packages/trpc/server/routers/viewer/webhook/get.schema.ts,MEDIUM,0.7845,0.2101,0.0053,0.7845
cal.com,packages/trpc/server/routers/viewer/webhook/_router.tsx,HIGH,1.0,1.0,0.0,0.0
cal.com,packages/trpc/server/routers/viewer/webhook/types.ts,MEDIUM,0.9716,0.0265,0.0019,0.9716
cal.com,packages/trpc/server/routers/viewer/webhook/edit.schema.ts,HIGH,0.716,0.716,1e-04,0.2839
cal.com,packages/trpc/server/routers/viewer/webhook/get.handler.ts,MEDIUM,0.8163,0.1836,1e-04,0.8163
cal.com,packages/trpc/server/routers/viewer/webhook/util.ts,HIGH,1.0,1.0,0.0,0.0
cal.com,packages/trpc/server/routers/viewer/webhook/delete.schema.ts,MEDIUM,0.9111,1e-04,0.0888,0.9111
cal.com,packages/trpc/server/routers/viewer/webhook/getByViewer.schema.ts,LOW,1.0,0.0,1.0,0.0
cal.com,packages/trpc/server/routers/viewer/webhook/testTrigger.handler.ts,HIGH,0.9974,0.9974,0.0,0.0026
cal.com,packages/trpc/server/routers/viewer/googleWorkspace/_router.tsx,MEDIUM,0.9975,0.0002,0.0024,0.9975
cal.com,packages/trpc/server/routers/viewer/googleWorkspace/googleWorkspace.handler.ts,MEDIUM,0.845,0.1549,0.0,0.845
cal.com,packages/trpc/server/routers/viewer/googleWorkspace/googleWorkspace.handler.test.ts,MEDIUM,0.9888,0.0112,0.0,0.9888
cal.com,packages/trpc/server/routers/viewer/calendars/setDestinationCalendar.schema.ts,MEDIUM,0.9945,1e-04,0.0054,0.9945
cal.com,packages/trpc/server/routers/viewer/calendars/_router.tsx,MEDIUM,0.9971,0.0002,0.0027,0.9971
cal.com,packages/trpc/server/routers/viewer/calendars/connectedCalendars.handler.ts,MEDIUM,0.9985,0.0015,0.0,0.9985
cal.com,packages/trpc/server/routers/viewer/calendars/setDestinationReminder.handler.ts,MEDIUM,0.998,1e-04,0.0019,0.998
cal.com,packages/trpc/server/routers/viewer/calendars/setDestinationCalendar.handler.ts,HIGH,0.9737,0.9737,0.0,0.0263
cal.com,packages/trpc/server/routers/viewer/calendars/connectedCalendars.schema.ts,MEDIUM,0.9998,1e-04,1e-04,0.9998
cal.com,packages/trpc/server/routers/viewer/calendars/setDestinationCalendar.handler.test.ts,HIGH,0.7597,0.7597,1e-04,0.2403
cal.com,packages/trpc/server/routers/viewer/calendars/setDestinationReminder.schema.ts,MEDIUM,0.9876,1e-04,0.0123,0.9876
cal.com,packages/trpc/server/routers/viewer/payments/chargeCard.schema.ts,LOW,0.985,0.0,0.985,0.015
cal.com,packages/trpc/server/routers/viewer/payments/type.ts,LOW,0.8998,0.0,0.8998,0.1002
cal.com,packages/trpc/server/routers/viewer/payments/chargeCard.handler.ts,MEDIUM,0.8889,0.1111,0.0,0.8889
cal.com,packages/trpc/server/routers/viewer/payments/_router.ts,MEDIUM,0.9996,0.0002,1e-04,0.9996
cal.com,packages/trpc/server/routers/viewer/oAuth/getClientForAuthorization.schema.ts,LOW,0.5277,1e-04,0.5277,0.4723
cal.com,packages/trpc/server/routers/viewer/oAuth/listUserClients.handler.ts,MEDIUM,0.995,1e-04,0.0048,0.995
cal.com,packages/trpc/server/routers/viewer/oAuth/generateAuthCode.handler.test.ts,HIGH,1.0,1.0,0.0,0.0
cal.com,packages/trpc/server/routers/viewer/oAuth/createClient.schema.ts,MEDIUM,0.9995,0.0004,1e-04,0.9995
cal.com,packages/trpc/server/routers/viewer/oAuth/deleteClient.schema.ts,LOW,0.8998,0.0,0.8998,0.1002
cal.com,packages/trpc/server/routers/viewer/oAuth/listClients.handler.ts,MEDIUM,0.9993,1e-04,0.0006,0.9993
cal.com,packages/trpc/server/routers/viewer/oAuth/listClients.schema.ts,LOW,0.5277,1e-04,0.5277,0.4723
cal.com,packages/trpc/server/routers/viewer/oAuth/submitClientForReview.handler.test.ts,HIGH,0.9992,0.9992,0.0,0.0008
cal.com,packages/trpc/server/routers/viewer/oAuth/generateAuthCode.handler.ts,MEDIUM,0.9984,0.0015,0.0,0.9984
cal.com,packages/trpc/server/routers/viewer/oAuth/updateClient.schema.ts,HIGH,0.996,0.996,0.0,0.004
cal.com,packages/trpc/server/routers/viewer/oAuth/deleteClient.handler.ts,MEDIUM,0.9997,0.0002,1e-04,0.9997
cal.com,packages/trpc/server/routers/viewer/oAuth/submitClientForReview.schema.ts,MEDIUM,0.9996,0.0003,1e-04,0.9996
cal.com,packages/trpc/server/routers/viewer/oAuth/_router.tsx,MEDIUM,0.9968,0.0026,0.0006,0.9968
cal.com,packages/trpc/server/routers/viewer/oAuth/generateAuthCode.schema.ts,MEDIUM,0.9977,1e-04,0.0022,0.9977
cal.com,packages/trpc/server/routers/viewer/oAuth/createClient.handler.ts,MEDIUM,0.9995,0.0004,0.0002,0.9995
cal.com,packages/trpc/server/routers/viewer/oAuth/submitClientForReview.handler.ts,HIGH,0.9954,0.9954,0.0,0.0046
cal.com,packages/trpc/server/routers/viewer/oAuth/getClientForAuthorization.handler.ts,MEDIUM,0.9991,0.0008,0.0,0.9991
cal.com,packages/trpc/server/routers/viewer/oAuth/updateClient.handler.ts,HIGH,1.0,1.0,0.0,0.0
cal.com,packages/trpc/server/routers/viewer/bookings/updateWrongAssignmentReportStatus.schema.ts,MEDIUM,0.9797,1e-04,0.0201,0.9797
cal.com,packages/trpc/server/routers/viewer/bookings/reportWrongAssignment.schema.ts,MEDIUM,0.8404,1e-04,0.1595,0.8404
cal.com,packages/trpc/server/routers/viewer/bookings/getBookingAttendees.schema.ts,MEDIUM,0.8404,1e-04,0.1595,0.8404
cal.com,packages/trpc/server/routers/viewer/bookings/getBookingHistory.handler.ts,HIGH,0.9985,0.9985,0.0,0.0015
cal.com,packages/trpc/server/routers/viewer/bookings/editLocation.schema.ts,MEDIUM,0.9839,1e-04,0.016,0.9839
cal.com,packages/trpc/server/routers/viewer/bookings/reportBooking.handler.test.ts,HIGH,0.9997,0.9997,0.0,0.0003
cal.com,packages/trpc/server/routers/viewer/bookings/getWrongAssignmentReports.handler.ts,HIGH,0.9605,0.9605,0.0,0.0395
cal.com,packages/trpc/server/routers/viewer/bookings/editLocation.handler.test.ts,HIGH,0.9999,0.9999,0.0,1e-04
cal.com,packages/trpc/server/routers/viewer/bookings/reportWrongAssignment.handler.ts,HIGH,0.9899,0.9899,0.0,0.0101
cal.com,packages/trpc/server/routers/viewer/bookings/reportBooking.handler.ts,HIGH,0.9999,0.9999,0.0,1e-04
cal.com,packages/trpc/server/routers/viewer/bookings/find.schema.ts,MEDIUM,0.8404,1e-04,0.1595,0.8404
cal.com,packages/trpc/server/routers/viewer/bookings/getBookingHistory.schema.ts,MEDIUM,0.8404,1e-04,0.1595,0.8404
cal.com,packages/trpc/server/routers/viewer/bookings/get.schema.ts,MEDIUM,0.9966,0.0034,0.0,0.9966
cal.com,packages/trpc/server/routers/viewer/bookings/editLocation.handler.ts,HIGH,1.0,1.0,0.0,0.0
cal.com,packages/trpc/server/routers/viewer/bookings/find.handler.ts,MEDIUM,0.9976,0.0002,0.0022,0.9976
cal.com,packages/trpc/server/routers/viewer/bookings/requestReschedule.handler.ts,HIGH,1.0,1.0,0.0,0.0
cal.com,packages/trpc/server/routers/viewer/bookings/_router.tsx,HIGH,0.9997,0.9997,0.0,0.0003
cal.com,packages/trpc/server/routers/viewer/bookings/addGuests.handler.ts,HIGH,1.0,1.0,0.0,0.0
cal.com,packages/trpc/server/routers/viewer/bookings/confirm.handler.test.ts,HIGH,1.0,1.0,0.0,0.0
cal.com,packages/trpc/server/routers/viewer/bookings/types.ts,MEDIUM,0.9963,1e-04,0.0036,0.9963
cal.com,packages/trpc/server/routers/viewer/bookings/getWrongAssignmentReports.schema.ts,MEDIUM,0.759,0.2408,0.0002,0.759
cal.com,packages/trpc/server/routers/viewer/bookings/getBookingDetails.handler.ts,MEDIUM,0.9958,1e-04,0.0041,0.9958
cal.com,packages/trpc/server/routers/viewer/bookings/reportWrongAssignment.handler.test.ts,HIGH,1.0,1.0,0.0,0.0
cal.com,packages/trpc/server/routers/viewer/bookings/requestReschedule.schema.ts,MEDIUM,0.9797,1e-04,0.0201,0.9797
cal.com,packages/trpc/server/routers/viewer/bookings/addGuests.schema.ts,MEDIUM,0.9971,0.0002,0.0027,0.9971
cal.com,packages/trpc/server/routers/viewer/bookings/get.handler.test.ts,HIGH,1.0,1.0,0.0,0.0
cal.com,packages/trpc/server/routers/viewer/bookings/confirm.handler.ts,HIGH,1.0,1.0,0.0,0.0
cal.com,packages/trpc/server/routers/viewer/bookings/get.handler.ts,HIGH,1.0,1.0,0.0,0.0
cal.com,packages/trpc/server/routers/viewer/bookings/get.handler.integration-test.ts,HIGH,1.0,1.0,0.0,0.0
cal.com,packages/trpc/server/routers/viewer/bookings/util.ts,MEDIUM,0.9711,0.0288,0.0,0.9711
cal.com,packages/trpc/server/routers/viewer/bookings/confirm.schema.ts,LOW,0.985,0.0,0.985,0.015
cal.com,packages/trpc/server/routers/viewer/bookings/hasWrongAssignmentReport.schema.ts,LOW,0.8998,0.0,0.8998,0.1002
cal.com,packages/trpc/server/routers/viewer/bookings/updateWrongAssignmentReportStatus.handler.ts,HIGH,0.9998,0.9998,0.0,0.0002
cal.com,packages/trpc/server/routers/viewer/bookings/getBookingDetails.schema.ts,MEDIUM,0.8404,1e-04,0.1595,0.8404
cal.com,packages/trpc/server/routers/viewer/bookings/hasWrongAssignmentReport.handler.ts,MEDIUM,0.9992,1e-04,0.0006,0.9992
cal.com,packages/trpc/server/routers/viewer/bookings/reportBooking.schema.ts,MEDIUM,0.9941,1e-04,0.0058,0.9941
cal.com,packages/trpc/server/routers/viewer/bookings/getBookingAttendees.handler.ts,MEDIUM,0.9994,0.0002,0.0004,0.9994
cal.com,packages/trpc/server/routers/viewer/auth/sendVerifyEmailCode.handler.ts,HIGH,0.9997,0.9997,0.0,0.0003
cal.com,packages/trpc/server/routers/viewer/auth/verifyPassword.handler.ts,MEDIUM,0.9996,0.0003,0.0002,0.9996
cal.com,packages/trpc/server/routers/viewer/auth/verifyPassword.schema.ts,MEDIUM,0.8404,1e-04,0.1595,0.8404
cal.com,packages/trpc/server/routers/viewer/auth/createAccountPassword.handler.ts,MEDIUM,0.9995,0.0005,1e-04,0.9995
cal.com,packages/trpc/server/routers/viewer/auth/changePassword.schema.ts,MEDIUM,0.9797,1e-04,0.0201,0.9797
cal.com,packages/trpc/server/routers/viewer/auth/sendVerifyEmailCode.schema.ts,MEDIUM,0.7759,0.2239,0.0002,0.7759
cal.com,packages/trpc/server/routers/viewer/auth/verifyCodeUnAuthenticated.handler.ts,MEDIUM,0.999,1e-04,0.0009,0.999
cal.com,packages/trpc/server/routers/viewer/auth/_router.tsx,MEDIUM,0.9968,0.0025,0.0008,0.9968
cal.com,packages/trpc/server/routers/viewer/auth/resendVerifyEmail.schema.ts,MEDIUM,0.9111,1e-04,0.0888,0.9111
cal.com,packages/trpc/server/routers/viewer/auth/createAccountPassword.schema.ts,LOW,1.0,0.0,1.0,0.0
cal.com,packages/trpc/server/routers/viewer/auth/changePassword.handler.ts,MEDIUM,0.9588,0.0412,0.0,0.9588
cal.com,packages/trpc/server/routers/viewer/auth/resendVerifyEmail.handler.ts,MEDIUM,0.899,0.101,0.0,0.899
cal.com,packages/trpc/server/routers/viewer/holidays/checkConflicts.schema.ts,LOW,0.5277,1e-04,0.5277,0.4723
cal.com,packages/trpc/server/routers/viewer/holidays/toggleHoliday.handler.ts,MEDIUM,0.9997,0.0002,1e-04,0.9997
cal.com,packages/trpc/server/routers/viewer/holidays/updateSettings.schema.ts,LOW,0.5277,1e-04,0.5277,0.4723
cal.com,packages/trpc/server/routers/viewer/holidays/toggleHoliday.schema.ts,LOW,0.5277,1e-04,0.5277,0.4723
cal.com,packages/trpc/server/routers/viewer/holidays/updateSettings.handler.ts,MEDIUM,0.9996,0.0003,0.0002,0.9996
cal.com,packages/trpc/server/routers/viewer/holidays/getSupportedCountries.handler.ts,LOW,0.5277,1e-04,0.5277,0.4723
cal.com,packages/trpc/server/routers/viewer/holidays/getUserSettings.handler.ts,MEDIUM,0.9944,1e-04,0.0055,0.9944
cal.com,packages/trpc/server/routers/viewer/holidays/checkConflicts.handler.ts,MEDIUM,0.995,1e-04,0.0048,0.995
cal.com,packages/trpc/server/routers/viewer/holidays/getUserSettings.schema.ts,LOW,0.9993,0.0,0.9993,0.0007
cal.com,packages/trpc/server/routers/viewer/holidays/_router.ts,MEDIUM,0.997,0.0002,0.0028,0.997
cal.com,packages/trpc/server/routers/viewer/apiKeys/delete.handler.ts,MEDIUM,0.9994,0.0006,1e-04,0.9994
cal.com,packages/trpc/server/routers/viewer/apiKeys/create.handler.ts,HIGH,0.9822,0.9822,0.0,0.0178
cal.com,packages/trpc/server/routers/viewer/apiKeys/findKeyOfType.schema.ts,MEDIUM,0.9797,1e-04,0.0201,0.9797
cal.com,packages/trpc/server/routers/viewer/apiKeys/_auth-middleware.ts,MEDIUM,0.9997,1e-04,0.0002,0.9997
cal.com,packages/trpc/server/routers/viewer/apiKeys/list.schema.ts,LOW,1.0,0.0,1.0,0.0
cal.com,packages/trpc/server/routers/viewer/apiKeys/edit.handler.ts,MEDIUM,0.9977,0.0003,0.002,0.9977
cal.com,packages/trpc/server/routers/viewer/apiKeys/list.handler.ts,MEDIUM,0.9226,0.0772,0.0002,0.9226
cal.com,packages/trpc/server/routers/viewer/apiKeys/create.schema.ts,MEDIUM,0.995,1e-04,0.0048,0.995
cal.com,packages/trpc/server/routers/viewer/apiKeys/findKeyOfType.handler.ts,MEDIUM,0.9994,1e-04,0.0005,0.9994
cal.com,packages/trpc/server/routers/viewer/apiKeys/_router.tsx,MEDIUM,0.9976,0.001,0.0014,0.9976
cal.com,packages/trpc/server/routers/viewer/apiKeys/edit.schema.ts,MEDIUM,0.9899,1e-04,0.01,0.9899
cal.com,packages/trpc/server/routers/viewer/apiKeys/delete.schema.ts,MEDIUM,0.9797,1e-04,0.0201,0.9797
cal.com,packages/trpc/server/routers/viewer/admin/assignFeatureToTeam.schema.ts,LOW,0.5277,1e-04,0.5277,0.4723
cal.com,packages/trpc/server/routers/viewer/admin/lockUserAccount.handler.ts,MEDIUM,0.9981,0.0019,0.0,0.9981
cal.com,packages/trpc/server/routers/viewer/admin/createSelfHostedLicenseKey.schema.ts,MEDIUM,0.9945,1e-04,0.0054,0.9945
cal.com,packages/trpc/server/routers/viewer/admin/lockUserAccount.schema.ts,LOW,0.5277,1e-04,0.5277,0.4723
cal.com,packages/trpc/server/routers/viewer/admin/getTeamsForFeature.schema.ts,MEDIUM,0.9111,1e-04,0.0888,0.9111
cal.com,packages/trpc/server/routers/viewer/admin/toggleFeatureFlag.procedure.ts,MEDIUM,0.9111,1e-04,0.0888,0.9111
cal.com,packages/trpc/server/routers/viewer/admin/setSMSLockState.schema.ts,MEDIUM,0.9797,1e-04,0.0201,0.9797
cal.com,packages/trpc/server/routers/viewer/admin/sendPasswordReset.schema.ts,LOW,0.8998,0.0,0.8998,0.1002
cal.com,packages/trpc/server/routers/viewer/admin/assignFeatureToTeam.handler.ts,MEDIUM,0.996,0.0002,0.0038,0.996
cal.com,packages/trpc/server/routers/viewer/admin/setSMSLockState.handler.ts,HIGH,0.8945,0.8945,0.0,0.1055
cal.com,packages/trpc/server/routers/viewer/admin/unassignFeatureFromTeam.schema.ts,LOW,0.5277,1e-04,0.5277,0.4723
cal.com,packages/trpc/server/routers/viewer/admin/createSelfHostedLicenseKey.handler.ts,MEDIUM,0.9966,0.0034,0.0,0.9966
cal.com,packages/trpc/server/routers/viewer/admin/unassignFeatureFromTeam.handler.ts,MEDIUM,0.9961,0.0002,0.0037,0.9961
cal.com,packages/trpc/server/routers/viewer/admin/toggleFeatureFlag.handler.ts,MEDIUM,0.998,1e-04,0.0019,0.998
cal.com,packages/trpc/server/routers/viewer/admin/listPaginated.schema.ts,MEDIUM,0.8404,1e-04,0.1595,0.8404
cal.com,packages/trpc/server/routers/viewer/admin/removeTwoFactor.schema.ts,LOW,0.8998,0.0,0.8998,0.1002
cal.com,packages/trpc/server/routers/viewer/admin/sendPasswordReset.handler.ts,HIGH,0.9944,0.9944,0.0,0.0056
cal.com,packages/trpc/server/routers/viewer/admin/createCoupon.schema.ts,MEDIUM,0.9994,0.0002,0.0004,0.9994
cal.com,packages/trpc/server/routers/viewer/admin/toggleFeatureFlag.schema.ts,LOW,0.5277,1e-04,0.5277,0.4723
cal.com,packages/trpc/server/routers/viewer/admin/getTeamsForFeature.handler.ts,MEDIUM,0.9925,0.0075,0.0,0.9925
cal.com,packages/trpc/server/routers/viewer/admin/removeTwoFactor.handler.ts,MEDIUM,0.9975,0.0002,0.0024,0.9975
cal.com,packages/trpc/server/routers/viewer/admin/lockUserAccount.handler.test.ts,MEDIUM,0.9804,0.0194,1e-04,0.9804
cal.com,packages/trpc/server/routers/viewer/admin/_router.ts,HIGH,0.9973,0.9973,0.0,0.0027
cal.com,packages/trpc/server/routers/viewer/admin/listPaginated.handler.ts,HIGH,0.9997,0.9997,0.0,0.0003
cal.com,packages/trpc/server/routers/viewer/admin/getSMSLockStateTeamsUsers.handler.ts,MEDIUM,0.9965,0.0027,0.0008,0.9965
cal.com,packages/trpc/server/routers/viewer/admin/createCoupon.handler.ts,MEDIUM,0.9927,0.0073,0.0,0.9927
cal.com,packages/trpc/server/routers/viewer/admin/getSMSLockStateTeamsUsers.schema.ts,LOW,1.0,0.0,1.0,0.0
cal.com,packages/trpc/server/routers/viewer/admin/watchlist/getDetails.schema.ts,LOW,0.8998,0.0,0.8998,0.1002
cal.com,packages/trpc/server/routers/viewer/admin/watchlist/delete.handler.ts,MEDIUM,0.9991,0.0009,0.0,0.9991
cal.com,packages/trpc/server/routers/viewer/admin/watchlist/create.handler.ts,MEDIUM,0.9992,0.0007,1e-04,0.9992
cal.com,packages/trpc/server/routers/viewer/admin/watchlist/dismissReport.schema.ts,LOW,0.8998,0.0,0.8998,0.1002
cal.com,packages/trpc/server/routers/viewer/admin/watchlist/addToWatchlist.handler.ts,MEDIUM,0.9963,1e-04,0.0035,0.9963
cal.com,packages/trpc/server/routers/viewer/admin/watchlist/listReports.schema.ts,MEDIUM,0.998,1e-04,0.0019,0.998
cal.com,packages/trpc/server/routers/viewer/admin/watchlist/list.schema.ts,MEDIUM,0.9944,1e-04,0.0055,0.9944
cal.com,packages/trpc/server/routers/viewer/admin/watchlist/listReports.handler.ts,MEDIUM,0.998,1e-04,0.0019,0.998
cal.com,packages/trpc/server/routers/viewer/admin/watchlist/list.handler.ts,MEDIUM,0.9963,1e-04,0.0035,0.9963
cal.com,packages/trpc/server/routers/viewer/admin/watchlist/create.schema.ts,MEDIUM,0.9111,1e-04,0.0888,0.9111
cal.com,packages/trpc/server/routers/viewer/admin/watchlist/bulkDelete.schema.ts,LOW,0.8998,0.0,0.8998,0.1002
cal.com,packages/trpc/server/routers/viewer/admin/watchlist/pendingReportsCount.handler.ts,LOW,0.8998,0.0,0.8998,0.1002
cal.com,packages/trpc/server/routers/viewer/admin/watchlist/bulkDelete.handler.ts,MEDIUM,0.9991,0.0009,0.0,0.9991
cal.com,packages/trpc/server/routers/viewer/admin/watchlist/getDetails.handler.ts,MEDIUM,0.9991,0.0008,0.0,0.9991
cal.com,packages/trpc/server/routers/viewer/admin/watchlist/delete.schema.ts,LOW,0.8998,0.0,0.8998,0.1002
cal.com,packages/trpc/server/routers/viewer/admin/watchlist/dismissReport.handler.ts,MEDIUM,0.9963,1e-04,0.0035,0.9963
cal.com,packages/trpc/server/routers/viewer/admin/watchlist/_router.ts,MEDIUM,0.9979,0.0014,0.0007,0.9979
cal.com,packages/trpc/server/routers/viewer/admin/watchlist/bulkDismiss.schema.ts,LOW,0.8998,0.0,0.8998,0.1002
cal.com,packages/trpc/server/routers/viewer/admin/watchlist/addToWatchlist.schema.ts,MEDIUM,0.9111,1e-04,0.0888,0.9111
cal.com,packages/trpc/server/routers/viewer/admin/watchlist/bulkDismiss.handler.ts,MEDIUM,0.9945,1e-04,0.0054,0.9945
cal.com,packages/trpc/server/routers/viewer/filterSegments/delete.handler.ts,MEDIUM,0.9976,1e-04,0.0023,0.9976
cal.com,packages/trpc/server/routers/viewer/filterSegments/create.handler.ts,MEDIUM,0.9963,1e-04,0.0035,0.9963
cal.com,packages/trpc/server/routers/viewer/filterSegments/list.handler.ts,MEDIUM,0.9963,1e-04,0.0035,0.9963
cal.com,packages/trpc/server/routers/viewer/filterSegments/update.handler.ts,MEDIUM,0.9963,1e-04,0.0035,0.9963
cal.com,packages/trpc/server/routers/viewer/filterSegments/_router.tsx,MEDIUM,0.9979,0.0009,0.0012,0.9979
cal.com,packages/trpc/server/routers/viewer/filterSegments/preference.handler.ts,MEDIUM,0.9977,1e-04,0.0022,0.9977
cal.com,packages/trpc/server/routers/viewer/feedback/_router.ts,MEDIUM,0.9992,0.0008,0.0,0.9992
cal.com,packages/trpc/server/routers/viewer/calVideo/getDownloadLinkOfCalVideoRecordings.handler.ts,MEDIUM,0.9995,0.0005,0.0,0.9995
cal.com,packages/trpc/server/routers/viewer/calVideo/getDownloadLinkOfCalVideoRecordings.schema.ts,MEDIUM,0.8404,1e-04,0.1595,0.8404
cal.com,packages/trpc/server/routers/viewer/calVideo/_router.tsx,MEDIUM,0.9976,0.0002,0.0022,0.9976
cal.com,packages/trpc/server/routers/viewer/calVideo/getCalVideoRecordings.schema.ts,LOW,0.8998,0.0,0.8998,0.1002
cal.com,packages/trpc/server/routers/viewer/calVideo/getMeetingInformation.schema.ts,LOW,0.8998,0.0,0.8998,0.1002
cal.com,packages/trpc/server/routers/viewer/calVideo/getMeetingInformation.handler.ts,MEDIUM,0.9994,0.0006,0.0,0.9994
cal.com,packages/trpc/server/routers/viewer/calVideo/getCalVideoRecordings.handler.ts,MEDIUM,0.9996,1e-04,0.0003,0.9996
cal.com,packages/trpc/server/routers/viewer/deploymentSetup/update.schema.ts,MEDIUM,0.9797,1e-04,0.0201,0.9797
cal.com,packages/trpc/server/routers/viewer/deploymentSetup/update.handler.ts,MEDIUM,0.9997,0.0002,1e-04,0.9997
cal.com,packages/trpc/server/routers/viewer/deploymentSetup/validateLicense.schema.ts,MEDIUM,0.8404,1e-04,0.1595,0.8404
cal.com,packages/trpc/server/routers/viewer/deploymentSetup/_router.tsx,MEDIUM,0.9961,0.0002,0.0037,0.9961
cal.com,packages/trpc/server/routers/viewer/deploymentSetup/validateLicense.handler.ts,HIGH,0.9984,0.9984,0.0,0.0016
cal.com,packages/trpc/server/routers/viewer/eventTypes/delete.handler.ts,MEDIUM,0.996,0.0002,0.0038,0.996
cal.com,packages/trpc/server/routers/viewer/eventTypes/getHostsWithLocationOptions.schema.ts,MEDIUM,0.9597,0.039,0.0014,0.9597
cal.com,packages/trpc/server/routers/viewer/eventTypes/teamAccessUseCase.ts,HIGH,0.9993,0.9993,0.0,0.0007
cal.com,packages/trpc/server/routers/viewer/eventTypes/getEventTypesFromGroup.integration-test.ts,HIGH,1.0,1.0,0.0,0.0
cal.com,packages/trpc/server/routers/viewer/eventTypes/listWithTeam.handler.ts,MEDIUM,0.9991,0.0009,0.0,0.9991
cal.com,packages/trpc/server/routers/viewer/eventTypes/getChildrenForAssignment.handler.ts,HIGH,0.9998,0.9998,0.0,0.0002
cal.com,packages/trpc/server/routers/viewer/eventTypes/bulkUpdateToDefaultLocation.handler.ts,MEDIUM,0.9996,0.0002,0.0002,0.9996
cal.com,packages/trpc/server/routers/viewer/eventTypes/list.schema.ts,LOW,1.0,0.0,1.0,0.0
cal.com,packages/trpc/server/routers/viewer/eventTypes/listWithTeam.schema.ts,LOW,1.0,0.0,1.0,0.0
cal.com,packages/trpc/server/routers/viewer/eventTypes/list.handler.ts,MEDIUM,0.9976,0.0002,0.0022,0.9976
cal.com,packages/trpc/server/routers/viewer/eventTypes/getHostsForAssignment.handler.ts,HIGH,0.9998,0.9998,0.0,0.0002
cal.com,packages/trpc/server/routers/viewer/eventTypes/exportHostsForWeights.handler.ts,HIGH,0.8957,0.8957,0.0005,0.1038
cal.com,packages/trpc/server/routers/viewer/eventTypes/getActiveOnOptions.schema.ts,LOW,0.5277,1e-04,0.5277,0.4723
cal.com,packages/trpc/server/routers/viewer/eventTypes/bulkEventFetch.schema.ts,LOW,1.0,0.0,1.0,0.0
cal.com,packages/trpc/server/routers/viewer/eventTypes/getByViewer.handler.ts,HIGH,0.8398,0.8398,0.0,0.1602
cal.com,packages/trpc/server/routers/viewer/eventTypes/bulkUpdateToDefaultLocation.schema.ts,LOW,0.8998,0.0,0.8998,0.1002
cal.com,packages/trpc/server/routers/viewer/eventTypes/getEventTypesFromGroup.handler.ts,HIGH,0.9997,0.9997,0.0,0.0003
cal.com,packages/trpc/server/routers/viewer/eventTypes/getHashedLink.schema.ts,LOW,0.8998,0.0,0.8998,0.1002
cal.com,packages/trpc/server/routers/viewer/eventTypes/get.schema.ts,MEDIUM,0.8404,1e-04,0.1595,0.8404
cal.com,packages/trpc/server/routers/viewer/eventTypes/getHashedLink.handler.ts,MEDIUM,0.9987,0.0013,0.0,0.9987
cal.com,packages/trpc/server/routers/viewer/eventTypes/bulkEventFetch.handler.ts,MEDIUM,0.9876,1e-04,0.0123,0.9876
cal.com,packages/trpc/server/routers/viewer/eventTypes/getHashedLinks.schema.ts,LOW,0.8998,0.0,0.8998,0.1002
cal.com,packages/trpc/server/routers/viewer/eventTypes/getUserEventGroups.handler.ts,HIGH,1.0,1.0,0.0,0.0
cal.com,packages/trpc/server/routers/viewer/eventTypes/types.ts,HIGH,0.9849,0.9849,0.0,0.015
cal.com,packages/trpc/server/routers/viewer/eventTypes/getActiveOnOptions.handler.ts,HIGH,1.0,1.0,0.0,0.0
cal.com,packages/trpc/server/routers/viewer/eventTypes/massApplyHostLocation.schema.ts,MEDIUM,0.9797,1e-04,0.0201,0.9797
cal.com,packages/trpc/server/routers/viewer/eventTypes/getChildrenForAssignment.schema.ts,MEDIUM,0.5883,0.4116,1e-04,0.5883
cal.com,packages/trpc/server/routers/viewer/eventTypes/get.handler.ts,HIGH,0.7613,0.7613,0.0,0.2387
cal.com,packages/trpc/server/routers/viewer/eventTypes/getHostsForAssignment.schema.ts,HIGH,0.5501,0.5501,1e-04,0.4499
cal.com,packages/trpc/server/routers/viewer/eventTypes/util.ts,HIGH,1.0,1.0,0.0,0.0
cal.com,packages/trpc/server/routers/viewer/eventTypes/getHostsForAvailability.schema.ts,MEDIUM,0.5883,0.4116,1e-04,0.5883
cal.com,packages/trpc/server/routers/viewer/eventTypes/delete.schema.ts,MEDIUM,0.8404,1e-04,0.1595,0.8404
cal.com,packages/trpc/server/routers/viewer/eventTypes/searchTeamMembers.schema.ts,HIGH,0.5501,0.5501,1e-04,0.4499
cal.com,packages/trpc/server/routers/viewer/eventTypes/getByViewer.schema.ts,HIGH,0.9996,0.9996,0.0,0.0004
cal.com,packages/trpc/server/routers/viewer/eventTypes/getHostsWithLocationOptions.handler.ts,HIGH,1.0,1.0,0.0,0.0
cal.com,packages/trpc/server/routers/viewer/eventTypes/massApplyHostLocation.handler.ts,HIGH,0.9998,0.9998,0.0,0.0002
cal.com,packages/trpc/server/routers/viewer/eventTypes/_router.ts,HIGH,1.0,1.0,0.0,0.0
cal.com,packages/trpc/server/routers/viewer/eventTypes/searchTeamMembers.handler.ts,HIGH,0.9995,0.9995,0.0,0.0005
cal.com,packages/trpc/server/routers/viewer/eventTypes/getHostsForAvailability.handler.ts,HIGH,0.9998,0.9998,0.0,0.0002
cal.com,packages/trpc/server/routers/viewer/eventTypes/exportHostsForWeights.schema.ts,MEDIUM,0.9368,0.0568,0.0064,0.9368
cal.com,packages/trpc/server/routers/viewer/eventTypes/getHashedLinks.handler.ts,MEDIUM,0.9995,0.0005,1e-04,0.9995
cal.com,packages/trpc/server/routers/viewer/eventTypes/procedures/get.ts,MEDIUM,0.9952,1e-04,0.0047,0.9952
cal.com,packages/trpc/server/routers/viewer/eventTypes/utils/permissionUtils.ts,HIGH,1.0,1.0,0.0,0.0
cal.com,packages/trpc/server/routers/viewer/eventTypes/utils/EventTypeGroupFilter.test.ts,HIGH,0.787,0.787,0.0,0.213
cal.com,packages/trpc/server/routers/viewer/eventTypes/utils/EventTypeGroupFilter.ts,HIGH,0.9998,0.9998,0.0,0.0002
cal.com,packages/trpc/server/routers/viewer/eventTypes/utils/transformUtils.ts,HIGH,1.0,1.0,0.0,0.0
cal.com,packages/trpc/server/routers/viewer/eventTypes/utils/filterUtils.ts,HIGH,0.9994,0.9994,0.0,0.0006
cal.com,packages/trpc/server/routers/viewer/eventTypes/__tests__/util.test.ts,HIGH,1.0,1.0,0.0,0.0
cal.com,packages/trpc/server/routers/viewer/eventTypes/__tests__/getUserEventGroups.test.ts,HIGH,1.0,1.0,0.0,0.0
cal.com,packages/trpc/server/routers/viewer/eventTypes/heavy/create.handler.ts,HIGH,1.0,1.0,0.0,0.0
cal.com,packages/trpc/server/routers/viewer/eventTypes/heavy/update.schema.ts,LOW,0.9998,0.0,0.9998,0.0002
cal.com,packages/trpc/server/routers/viewer/eventTypes/heavy/update.handler.ts,HIGH,1.0,1.0,0.0,0.0
cal.com,packages/trpc/server/routers/viewer/eventTypes/heavy/create.schema.ts,LOW,0.985,0.0,0.985,0.015
cal.com,packages/trpc/server/routers/viewer/eventTypes/heavy/duplicate.handler.ts,HIGH,1.0,1.0,0.0,0.0
cal.com,packages/trpc/server/routers/viewer/eventTypes/heavy/duplicate.schema.ts,LOW,0.985,0.0,0.985,0.015
cal.com,packages/trpc/server/routers/viewer/eventTypes/heavy/_router.ts,MEDIUM,0.9978,0.0003,0.0019,0.9978
cal.com,packages/trpc/server/routers/viewer/eventTypes/heavy/duplicate.handler.test.ts,MEDIUM,0.9985,0.0007,0.0008,0.9985
cal.com,packages/trpc/server/routers/viewer/eventTypes/heavy/update.handler.test.ts,MEDIUM,0.9995,0.0004,1e-04,0.9995
cal.com,packages/trpc/server/routers/viewer/eventTypes/usecases/ProfilePermissionProcessor.ts,MEDIUM,0.9944,1e-04,0.0055,0.9944
cal.com,packages/trpc/server/routers/viewer/eventTypes/usecases/EventGroupBuilder.ts,HIGH,1.0,1.0,0.0,0.0
cal.com,packages/trpc/server/routers/viewer/me/updateProfile.schema.ts,HIGH,0.9995,0.9995,0.0,0.0005
cal.com,packages/trpc/server/routers/viewer/me/shouldVerifyEmail.handler.ts,MEDIUM,0.9993,1e-04,0.0006,0.9993
cal.com,packages/trpc/server/routers/viewer/me/bookingUnconfirmedCount.handler.ts,MEDIUM,0.9997,0.0002,1e-04,0.9997
cal.com,packages/trpc/server/routers/viewer/me/deleteMeWithoutPassword.handler.ts,MEDIUM,0.9996,0.0003,1e-04,0.9996
cal.com,packages/trpc/server/routers/viewer/me/checkForInvalidAppCredentials.ts,HIGH,0.9995,0.9995,0.0,0.0005
cal.com,packages/trpc/server/routers/viewer/me/myStats.handler.ts,MEDIUM,0.9995,0.0004,1e-04,0.9995
cal.com,packages/trpc/server/routers/viewer/me/deleteMe.handler.ts,MEDIUM,0.559,0.4409,0.0,0.559
cal.com,packages/trpc/server/routers/viewer/me/shouldVerifyEmail.schema.ts,LOW,1.0,0.0,1.0,0.0
cal.com,packages/trpc/server/routers/viewer/me/get.schema.ts,MEDIUM,0.8404,1e-04,0.1595,0.8404
cal.com,packages/trpc/server/routers/viewer/me/bookingUnconfirmedCount.schema.ts,LOW,1.0,0.0,1.0,0.0
cal.com,packages/trpc/server/routers/viewer/me/platformMe.handler.ts,MEDIUM,0.9994,0.0005,0.0,0.9994
cal.com,packages/trpc/server/routers/viewer/me/_router.tsx,MEDIUM,0.9979,0.0003,0.0018,0.9979
cal.com,packages/trpc/server/routers/viewer/me/deleteMeWithoutPassword.schema.ts,LOW,1.0,0.0,1.0,0.0
cal.com,packages/trpc/server/routers/viewer/me/deleteMe.schema.ts,LOW,0.5277,1e-04,0.5277,0.4723
cal.com,packages/trpc/server/routers/viewer/me/get.handler.test.ts,HIGH,1.0,1.0,0.0,0.0
cal.com,packages/trpc/server/routers/viewer/me/get.handler.ts,HIGH,1.0,1.0,0.0,0.0
cal.com,packages/trpc/server/routers/viewer/me/myStats.schema.ts,LOW,1.0,0.0,1.0,0.0
cal.com,packages/trpc/server/routers/viewer/me/getUserTopBanners.handler.ts,HIGH,1.0,1.0,0.0,0.0
cal.com,packages/trpc/server/routers/viewer/me/updateProfile.handler.ts,HIGH,1.0,1.0,0.0,0.0
cal.com,packages/trpc/server/routers/viewer/me/procedures/get.ts,LOW,0.5277,1e-04,0.5277,0.4723
cal.com,packages/trpc/server/routers/viewer/me/procedures/platformMe.ts,LOW,0.8998,0.0,0.8998,0.1002
cal.com,packages/trpc/server/routers/viewer/me/procedures/myStats.ts,LOW,0.8998,0.0,0.8998,0.1002
cal.com,packages/trpc/server/routers/viewer/users/_router.ts,HIGH,1.0,1.0,0.0,0.0
cal.com,packages/trpc/server/routers/viewer/travelSchedules/getTravelSchedules.handler.ts,MEDIUM,0.9876,1e-04,0.0123,0.9876
cal.com,packages/trpc/server/routers/viewer/travelSchedules/getTravelSchedules.schema.ts,LOW,1.0,0.0,1.0,0.0
cal.com,packages/trpc/server/routers/viewer/travelSchedules/_router.tsx,MEDIUM,0.9111,1e-04,0.0888,0.9111
cal.com,packages/trpc/server/routers/viewer/availability/calendarOverlay.handler.ts,MEDIUM,0.7102,0.2898,0.0,0.7102
cal.com,packages/trpc/server/routers/viewer/availability/user.schema.ts,MEDIUM,0.9899,1e-04,0.01,0.9899
cal.com,packages/trpc/server/routers/viewer/availability/list.schema.ts,LOW,1.0,0.0,1.0,0.0
cal.com,packages/trpc/server/routers/viewer/availability/list.handler.ts,MEDIUM,0.9987,0.0013,0.0,0.9987
cal.com,packages/trpc/server/routers/viewer/availability/calendarOverlay.schema.ts,MEDIUM,0.9945,1e-04,0.0054,0.9945
cal.com,packages/trpc/server/routers/viewer/availability/_router.tsx,MEDIUM,0.9977,0.0006,0.0017,0.9977
cal.com,packages/trpc/server/routers/viewer/availability/user.handler.ts,HIGH,0.9861,0.9861,0.0,0.0139
cal.com,packages/trpc/server/routers/viewer/availability/schedule/delete.handler.ts,MEDIUM,0.8673,0.1327,0.0,0.8673
cal.com,packages/trpc/server/routers/viewer/availability/schedule/create.handler.ts,MEDIUM,0.9806,0.0194,0.0,0.9806
cal.com,packages/trpc/server/routers/viewer/availability/schedule/getScheduleByEventTypeSlug.handler.ts,MEDIUM,0.8942,0.1057,0.0,0.8942
cal.com,packages/trpc/server/routers/viewer/availability/schedule/update.schema.ts,LOW,0.985,0.0,0.985,0.015
cal.com,packages/trpc/server/routers/viewer/availability/schedule/getScheduleByUserId.schema.ts,LOW,0.8998,0.0,0.8998,0.1002
cal.com,packages/trpc/server/routers/viewer/availability/schedule/update.handler.ts,MEDIUM,0.9977,1e-04,0.0022,0.9977
cal.com,packages/trpc/server/routers/viewer/availability/schedule/create.schema.ts,MEDIUM,0.998,1e-04,0.0019,0.998
cal.com,packages/trpc/server/routers/viewer/availability/schedule/getAllSchedulesByUserId.schema.ts,LOW,0.8998,0.0,0.8998,0.1002
cal.com,packages/trpc/server/routers/viewer/availability/schedule/getScheduleByUserId.handler.ts,MEDIUM,0.9925,0.0074,0.0,0.9925
cal.com,packages/trpc/server/routers/viewer/availability/schedule/getAllSchedulesByUserId.handler.ts,HIGH,0.9997,0.9997,0.0,0.0003
cal.com,packages/trpc/server/routers/viewer/availability/schedule/get.schema.ts,LOW,0.5277,1e-04,0.5277,0.4723
cal.com,packages/trpc/server/routers/viewer/availability/schedule/getAllSchedulesByUserId.handler.test.ts,HIGH,0.9998,0.9998,0.0,0.0002
cal.com,packages/trpc/server/routers/viewer/availability/schedule/_router.tsx,MEDIUM,0.9938,0.006,0.0002,0.9938
cal.com,packages/trpc/server/routers/viewer/availability/schedule/duplicate.handler.ts,MEDIUM,0.9946,0.0054,0.0,0.9946
cal.com,packages/trpc/server/routers/viewer/availability/schedule/getScheduleByEventTypeSlug.schema.ts,LOW,0.8998,0.0,0.8998,0.1002
cal.com,packages/trpc/server/routers/viewer/availability/schedule/get.handler.ts,MEDIUM,0.998,1e-04,0.0019,0.998
cal.com,packages/trpc/server/routers/viewer/availability/schedule/delete.schema.ts,LOW,0.8998,0.0,0.8998,0.1002
cal.com,packages/trpc/server/routers/viewer/availability/schedule/duplicate.schema.ts,LOW,0.8998,0.0,0.8998,0.1002
cal.com,packages/trpc/server/routers/viewer/availability/schedule/bulkUpdateDefaultAvailability.schema.ts,MEDIUM,0.9111,1e-04,0.0888,0.9111
cal.com,packages/trpc/server/routers/viewer/availability/schedule/bulkUpdateDefaultAvailability.handler.ts,MEDIUM,0.9996,0.0003,1e-04,0.9996
cal.com,packages/trpc/server/routers/viewer/availability/team/listTeamAvailability.schema.ts,MEDIUM,0.9899,1e-04,0.01,0.9899
cal.com,packages/trpc/server/routers/viewer/availability/team/listTeamAvailability.handler.ts,HIGH,1.0,1.0,0.0,0.0
cal.com,packages/trpc/server/routers/viewer/i18n/i18n.handler.test.ts,HIGH,0.9999,0.9999,0.0,1e-04
cal.com,packages/trpc/server/routers/viewer/i18n/_router.tsx,MEDIUM,0.9797,1e-04,0.0201,0.9797
cal.com,packages/trpc/server/routers/viewer/i18n/i18n.handler.ts,MEDIUM,0.6476,0.3522,0.0002,0.6476
cal.com,packages/trpc/server/routers/viewer/i18n/i18n.schema.ts,MEDIUM,0.9102,0.0897,1e-04,0.9102
cal.com,packages/trpc/server/routers/viewer/apps/checkForGCal.handler.ts,MEDIUM,0.9952,1e-04,0.0047,0.9952
cal.com,packages/trpc/server/routers/viewer/apps/toggle.handler.ts,HIGH,1.0,1.0,0.0,0.0
cal.com,packages/trpc/server/routers/viewer/apps/updateUserDefaultConferencingApp.schema.ts,MEDIUM,0.9111,1e-04,0.0888,0.9111
cal.com,packages/trpc/server/routers/viewer/apps/setDefaultConferencingApp.schema.ts,LOW,0.8998,0.0,0.8998,0.1002
cal.com,packages/trpc/server/routers/viewer/apps/queryForDependencies.schema.ts,LOW,0.9993,0.0,0.9993,0.0007
cal.com,packages/trpc/server/routers/viewer/apps/saveKeys.handler.ts,MEDIUM,0.9935,0.0065,0.0,0.9935
cal.com,packages/trpc/server/routers/viewer/apps/checkGlobalKeys.handler.ts,MEDIUM,0.9958,1e-04,0.0041,0.9958
cal.com,packages/trpc/server/routers/viewer/apps/toggle.schema.ts,LOW,0.5277,1e-04,0.5277,0.4723
cal.com,packages/trpc/server/routers/viewer/apps/appById.schema.ts,LOW,0.8998,0.0,0.8998,0.1002
cal.com,packages/trpc/server/routers/viewer/apps/locationOptions.handler.ts,HIGH,0.9449,0.9449,0.0,0.0551
cal.com,packages/trpc/server/routers/viewer/apps/integrations.schema.ts,MEDIUM,0.995,1e-04,0.0048,0.995
cal.com,packages/trpc/server/routers/viewer/apps/listLocal.handler.ts,HIGH,0.8159,0.8159,0.0,0.1841
cal.com,packages/trpc/server/routers/viewer/apps/locationOptions.schema.ts,LOW,0.8998,0.0,0.8998,0.1002
cal.com,packages/trpc/server/routers/viewer/apps/_router.tsx,MEDIUM,0.9793,0.0206,1e-04,0.9793
cal.com,packages/trpc/server/routers/viewer/apps/types.ts,MEDIUM,0.9945,1e-04,0.0054,0.9945
cal.com,packages/trpc/server/routers/viewer/apps/setDefaultConferencingApp.handler.ts,MEDIUM,0.9941,1e-04,0.0058,0.9941
cal.com,packages/trpc/server/routers/viewer/apps/updateAppCredentials.schema.ts,LOW,0.5277,1e-04,0.5277,0.4723
cal.com,packages/trpc/server/routers/viewer/apps/getUsersDefaultConferencingApp.schema.ts,LOW,1.0,0.0,1.0,0.0
cal.com,packages/trpc/server/routers/viewer/apps/saveKeys.schema.ts,MEDIUM,0.9797,1e-04,0.0201,0.9797
cal.com,packages/trpc/server/routers/viewer/apps/appById.handler.ts,MEDIUM,0.9992,1e-04,0.0006,0.9992
cal.com,packages/trpc/server/routers/viewer/apps/appCredentialsByType.schema.ts,LOW,0.8998,0.0,0.8998,0.1002
cal.com,packages/trpc/server/routers/viewer/apps/checkForGCal.schema.ts,LOW,1.0,0.0,1.0,0.0
cal.com,packages/trpc/server/routers/viewer/apps/appById.handler.test.ts,HIGH,0.9999,0.9999,0.0,1e-04
cal.com,packages/trpc/server/routers/viewer/apps/listLocal.schema.ts,LOW,0.5277,1e-04,0.5277,0.4723
cal.com,packages/trpc/server/routers/viewer/apps/queryForDependencies.handler.ts,MEDIUM,0.9995,0.0005,1e-04,0.9995
cal.com,packages/trpc/server/routers/viewer/apps/integrations.handler.ts,MEDIUM,0.9944,1e-04,0.0055,0.9944
cal.com,packages/trpc/server/routers/viewer/apps/checkGlobalKeys.schema.ts,LOW,0.8998,0.0,0.8998,0.1002
cal.com,packages/trpc/server/routers/viewer/apps/updateUserDefaultConferencingApp.handler.ts,MEDIUM,0.9908,0.0092,0.0,0.9908
cal.com,packages/trpc/server/routers/viewer/apps/updateAppCredentials.handler.ts,MEDIUM,0.9868,0.0131,0.0,0.9868
cal.com,packages/trpc/server/routers/viewer/apps/appCredentialsByType.handler.ts,MEDIUM,0.995,0.0049,0.0,0.995
cal.com,packages/trpc/server/routers/viewer/apps/getUsersDefaultConferencingApp.handler.ts,MEDIUM,0.9991,1e-04,0.0009,0.9991
cal.com,packages/trpc/server/routers/viewer/ooo/outOfOffice.utils.ts,HIGH,0.9956,0.9956,0.0,0.0044
cal.com,packages/trpc/server/routers/viewer/ooo/outOfOfficeEntriesList.handler.ts,HIGH,1.0,1.0,0.0,0.0
cal.com,packages/trpc/server/routers/viewer/ooo/outOfOfficeEntryDelete.handler.ts,HIGH,0.9998,0.9998,0.0,0.0002
cal.com,packages/trpc/server/routers/viewer/ooo/_router.tsx,MEDIUM,0.996,0.0002,0.0038,0.996
cal.com,packages/trpc/server/routers/viewer/ooo/outOfOfficeEntryDelete.schema.ts,LOW,0.5277,1e-04,0.5277,0.4723
cal.com,packages/trpc/server/routers/viewer/ooo/outOfOfficeCreateOrUpdate.handler.ts,HIGH,1.0,1.0,0.0,0.0
cal.com,packages/trpc/server/routers/viewer/ooo/outOfOfficeCreateOrUpdate.handler.test.ts,MEDIUM,0.9888,0.0112,0.0,0.9888
cal.com,packages/trpc/server/routers/viewer/ooo/outOfOfficeEntriesList.schema.ts,MEDIUM,0.9876,1e-04,0.0123,0.9876
cal.com,packages/trpc/server/routers/viewer/ooo/outOfOfficeReasons.handler.ts,MEDIUM,0.9797,1e-04,0.0201,0.9797
cal.com,packages/trpc/server/routers/viewer/ooo/outOfOfficeCreateOrUpdate.schema.ts,MEDIUM,0.9952,1e-04,0.0047,0.9952
cal.com,packages/trpc/server/routers/viewer/slots/reserveSlot.schema.ts,LOW,0.985,0.0,0.985,0.015
cal.com,packages/trpc/server/routers/viewer/slots/getBusyTimesFromLimitsForUsers.test.ts,HIGH,1.0,1.0,0.0,0.0
cal.com,packages/trpc/server/routers/viewer/slots/removeSelectedSlot.schema.ts,LOW,0.985,0.0,0.985,0.015
cal.com,packages/trpc/server/routers/viewer/slots/util.test.ts,MEDIUM,0.9994,0.0005,1e-04,0.9994
cal.com,packages/trpc/server/routers/viewer/slots/getSchedule.schema.ts,LOW,0.9998,0.0,0.9998,0.0002
cal.com,packages/trpc/server/routers/viewer/slots/_router.tsx,MEDIUM,0.9981,0.0019,0.0,0.9981
cal.com,packages/trpc/server/routers/viewer/slots/types.ts,HIGH,0.9999,0.9999,0.0,1e-04
cal.com,packages/trpc/server/routers/viewer/slots/util.ts,HIGH,1.0,1.0,0.0,0.0
cal.com,packages/trpc/server/routers/viewer/slots/reserveSlot.handler.test.ts,MEDIUM,0.9959,0.0041,0.0,0.9959
cal.com,packages/trpc/server/routers/viewer/slots/isAvailable.schema.ts,MEDIUM,0.9976,1e-04,0.0023,0.9976
cal.com,packages/trpc/server/routers/viewer/slots/reserveSlot.handler.ts,HIGH,0.9778,0.9778,0.0,0.0222
cal.com,packages/trpc/server/routers/viewer/slots/isAvailable.handler.ts,MEDIUM,0.6199,0.3801,0.0,0.6199
cal.com,packages/trpc/server/routers/viewer/slots/getSchedule.handler.ts,LOW,0.5277,1e-04,0.5277,0.4723
cal.com,packages/trpc/server/routers/viewer/credentials/_router.tsx,MEDIUM,0.9941,1e-04,0.0058,0.9941
cal.com,packages/trpc/server/routers/viewer/credentials/deleteCredential.handler.ts,MEDIUM,0.9944,1e-04,0.0055,0.9944
cal.com,packages/trpc/server/routers/viewer/credentials/deleteCredential.schema.ts,MEDIUM,0.8404,1e-04,0.1595,0.8404
cal.com,packages/trpc/server/middlewares/errorConversionMiddleware.ts,MEDIUM,0.9963,1e-04,0.0036,0.9963
cal.com,packages/trpc/server/middlewares/sessionMiddleware.ts,HIGH,1.0,1.0,0.0,0.0
cal.com,packages/trpc/server/middlewares/perfMiddleware.ts,MEDIUM,0.9963,1e-04,0.0036,0.9963
cal.com,packages/trpc/server/adapters/next.ts,LOW,1.0,0.0,1.0,0.0
cal.com,packages/trpc/server/lib/toTRPCError.ts,MEDIUM,0.9966,0.0034,0.0,0.9966
cal.com,packages/trpc/server/lib/toTRPCError.test.ts,MEDIUM,0.9984,0.0016,0.0,0.9984
cal.com,packages/trpc/components/QueryCell.tsx,MEDIUM,0.5347,0.4653,0.0,0.5347
cal.com,packages/trpc/react/trpc.ts,HIGH,0.8964,0.8964,0.0,0.1036
cal.com,packages/trpc/react/shared.ts,HIGH,0.9986,0.9986,0.0,0.0014
cal.com,packages/trpc/react/index.ts,LOW,0.9993,0.0,0.9993,0.0007
cal.com,packages/trpc/react/hooks/useMeQuery.ts,MEDIUM,0.9876,1e-04,0.0123,0.9876
cal.com,packages/trpc/react/hooks/useEmailVerifyCheck.ts,MEDIUM,0.9876,1e-04,0.0123,0.9876
cal.com,packages/emails/workflow-email-service.ts,HIGH,0.9799,0.9799,0.0,0.0201
cal.com,packages/emails/email-manager.test.ts,HIGH,1.0,1.0,0.0,0.0
cal.com,packages/emails/integration-email-service.ts,HIGH,0.9999,0.9999,0.0,1e-04
cal.com,packages/emails/auth-email-service.ts,MEDIUM,0.9996,0.0002,0.0002,0.9996
cal.com,packages/emails/organization-email-service.ts,MEDIUM,0.9995,0.0002,0.0002,0.9995
cal.com,packages/emails/oauth-email-service.ts,MEDIUM,0.9995,0.0005,0.0,0.9995
cal.com,packages/emails/daily-video-emails.ts,MEDIUM,0.9994,0.0006,1e-04,0.9994
cal.com,packages/emails/recording-email-service.ts,MEDIUM,0.9994,0.0006,1e-04,0.9994
cal.com,packages/emails/email-manager.ts,HIGH,1.0,1.0,0.0,0.0
cal.com,packages/emails/billing-email-service.ts,HIGH,1.0,1.0,0.0,0.0
cal.com,packages/emails/email-types.ts,MEDIUM,0.9899,1e-04,0.01,0.9899
cal.com,packages/emails/lib/sanitizeDisplayName.ts,MEDIUM,0.9991,1e-04,0.0009,0.9991
cal.com,packages/emails/lib/generateIcsString.test.ts,HIGH,0.9999,0.9999,0.0,1e-04
cal.com,packages/emails/lib/getICalUID.ts,MEDIUM,0.9996,0.0003,1e-04,0.9996
cal.com,packages/emails/lib/generateIcsString.ts,HIGH,0.9818,0.9818,0.0,0.0182
cal.com,packages/emails/lib/generateIcsFile.ts,MEDIUM,0.9992,0.0007,0.0,0.9992
cal.com,packages/emails/lib/getICalUID.test.ts,MEDIUM,0.9962,0.0002,0.0036,0.9962
cal.com,packages/emails/lib/types/booking-redirect-types.ts,MEDIUM,0.9899,1e-04,0.01,0.9899
cal.com,packages/emails/lib/types/email-types.ts,MEDIUM,0.6755,0.3243,1e-04,0.6755
cal.com,packages/emails/lib/utils/team-invite-utils.ts,MEDIUM,0.9951,0.0049,0.0,0.9951
cal.com,packages/emails/lib/utils/date-formatting.ts,MEDIUM,0.9996,1e-04,0.0003,0.9996
cal.com,packages/emails/templates/organizer-add-attendee-email.ts,MEDIUM,0.9996,0.0003,1e-04,0.9996
cal.com,packages/emails/templates/admin-organization-notification.ts,MEDIUM,0.9977,0.0003,0.002,0.9977
cal.com,packages/emails/templates/attendee-add-guests-email.ts,MEDIUM,0.9997,0.0002,1e-04,0.9997
cal.com,packages/emails/templates/attendee-awaiting-payment-email.ts,MEDIUM,0.998,1e-04,0.0019,0.998
cal.com,packages/emails/templates/attendee-rescheduled-email.ts,MEDIUM,0.9978,0.0003,0.0019,0.9978
cal.com,packages/emails/templates/booking-redirect-notification.ts,MEDIUM,0.9976,0.0002,0.0022,0.9976
cal.com,packages/emails/templates/forgot-password-email.ts,MEDIUM,0.9976,0.0007,0.0017,0.9976
cal.com,packages/emails/templates/oauth-client-approved-notification.test.ts,HIGH,0.9999,0.9999,0.0,1e-04
cal.com,packages/emails/templates/team-invite-email.ts,MEDIUM,0.9976,1e-04,0.0023,0.9976
cal.com,packages/emails/templates/admin-oauth-client-notification.test.ts,HIGH,0.6873,0.6873,0.0,0.3127
cal.com,packages/emails/templates/_base-email.ts,HIGH,0.9084,0.9084,0.0,0.0916
cal.com,packages/emails/templates/admin-oauth-client-notification.ts,MEDIUM,0.9994,0.0004,1e-04,0.9994
cal.com,packages/emails/templates/organization-email-verification.ts,MEDIUM,0.9978,0.0002,0.0019,0.9978
cal.com,packages/emails/templates/attendee-daily-video-download-transcript-email.ts,MEDIUM,0.9988,0.0012,0.0,0.9988
cal.com,packages/emails/templates/oauth-client-approved-notification.ts,MEDIUM,0.9977,0.0003,0.002,0.9977
cal.com,packages/emails/templates/attendee-cancelled-seat-email.ts,MEDIUM,0.998,1e-04,0.0019,0.998
cal.com,packages/emails/templates/organizer-payment-refund-failed-email.ts,MEDIUM,0.9996,0.0003,1e-04,0.9996
cal.com,packages/emails/templates/attendee-daily-video-download-recording-email.ts,MEDIUM,0.9988,0.0011,1e-04,0.9988
cal.com,packages/emails/templates/feedback-email.ts,MEDIUM,0.9977,0.0002,0.0021,0.9977
cal.com,packages/emails/templates/organizer-reassigned-email.ts,MEDIUM,0.9997,0.0002,1e-04,0.9997
cal.com,packages/emails/templates/oauth-client-rejected-notification.ts,MEDIUM,0.9981,0.0004,0.0015,0.9981
cal.com,packages/emails/templates/no-show-fee-charged-email.ts,MEDIUM,0.9996,0.0002,0.0002,0.9996
cal.com,packages/emails/templates/slug-replacement-email.ts,MEDIUM,0.9995,0.0002,0.0002,0.9995
cal.com,packages/emails/templates/attendee-location-change-email.ts,MEDIUM,0.9996,0.0002,0.0002,0.9996
cal.com,packages/emails/templates/account-verify-email.ts,MEDIUM,0.9994,0.0005,1e-04,0.9994
cal.com,packages/emails/templates/attendee-updated-email.ts,MEDIUM,0.9978,0.0003,0.0019,0.9978
cal.com,packages/emails/templates/organization-admin-no-slots-email.ts,MEDIUM,0.9981,0.0004,0.0015,0.9981
cal.com,packages/emails/templates/organizer-attendee-cancelled-seat-email.ts,MEDIUM,0.9996,0.0003,1e-04,0.9996
cal.com,packages/emails/templates/org-auto-join-invite.ts,MEDIUM,0.9977,0.0002,0.0021,0.9977
cal.com,packages/emails/templates/organizer-cancelled-email.ts,MEDIUM,0.9996,0.0003,1e-04,0.9996
cal.com,packages/emails/templates/organizer-add-guests-email.ts,MEDIUM,0.9996,0.0003,1e-04,0.9996
cal.com,packages/emails/templates/organizer-requested-to-reschedule-email.ts,MEDIUM,0.9981,0.0004,0.0015,0.9981
cal.com,packages/emails/templates/organizer-rescheduled-email.ts,MEDIUM,0.9995,0.0004,1e-04,0.9995
cal.com,packages/emails/templates/attendee-request-email.ts,MEDIUM,0.9973,0.0004,0.0023,0.9973
cal.com,packages/emails/templates/monthly-digest-email.ts,MEDIUM,0.998,1e-04,0.0019,0.998
cal.com,packages/emails/templates/attendee-scheduled-email.ts,HIGH,0.8965,0.8965,0.0,0.1034
cal.com,packages/emails/templates/organizer-location-change-email.ts,MEDIUM,0.9997,0.0002,1e-04,0.9997
cal.com,packages/emails/templates/attendee-verify-email.ts,HIGH,1.0,1.0,0.0,0.0
cal.com,packages/emails/templates/broken-integration-email.ts,MEDIUM,0.9906,0.0094,0.0,0.9906
cal.com,packages/emails/templates/attendee-was-requested-to-reschedule-email.ts,MEDIUM,0.9965,0.0027,0.0008,0.9965
cal.com,packages/emails/templates/organizer-daily-video-download-transcript-email.ts,MEDIUM,0.9988,0.0011,0.0,0.9988
cal.com,packages/emails/templates/organizer-daily-video-download-recording-email.ts,MEDIUM,0.9988,0.0011,1e-04,0.9988
cal.com,packages/emails/templates/organization-creation-email.ts,MEDIUM,0.9976,1e-04,0.0023,0.9976
cal.com,packages/emails/templates/attendee-cancelled-email.ts,MEDIUM,0.9978,0.0002,0.0019,0.9978
cal.com,packages/emails/templates/organizer-request-email.ts,MEDIUM,0.9969,0.0031,0.0,0.9969
cal.com,packages/emails/templates/attendee-declined-email.ts,MEDIUM,0.9997,1e-04,1e-04,0.9997
cal.com,packages/emails/templates/organizer-request-reminder-email.ts,MEDIUM,0.9997,1e-04,1e-04,0.9997
cal.com,packages/emails/templates/organizer-scheduled-email.ts,HIGH,0.9758,0.9758,0.0,0.0242
cal.com,packages/emails/templates/oauth-client-rejected-notification.test.ts,HIGH,0.5555,0.5555,0.0,0.4445
cal.com,packages/emails/templates/disabled-app-email.ts,MEDIUM,0.9976,0.0023,0.0,0.9976
cal.com,packages/emails/templates/change-account-email-verify.ts,MEDIUM,0.9979,0.0009,0.0012,0.9979
cal.com,packages/emails/src/renderEmail.ts,MEDIUM,0.9958,1e-04,0.0041,0.9958
cal.com,packages/emails/src/components/EmailBodyLogo.tsx,MEDIUM,0.9988,0.0011,0.0,0.9988
cal.com,packages/emails/src/components/V2BaseEmailHtml.tsx,HIGH,0.9999,0.9999,0.0,1e-04
cal.com,packages/emails/src/components/WhenInfo.tsx,MEDIUM,0.9869,0.0131,0.0,0.9869
cal.com,packages/emails/src/components/Info.tsx,MEDIUM,0.9946,0.0054,0.0,0.9946
cal.com,packages/emails/src/components/EmailScheduledBodyHeaderContent.tsx,MEDIUM,0.9995,0.0005,0.0,0.9995
cal.com,packages/emails/src/components/AppsStatus.tsx,MEDIUM,0.9987,0.0013,0.0,0.9987
cal.com,packages/emails/src/components/EmailSchedulingBodyDivider.tsx,MEDIUM,0.9994,0.0002,0.0004,0.9994
cal.com,packages/emails/src/components/CallToActionTable.tsx,MEDIUM,0.998,1e-04,0.0019,0.998
cal.com,packages/emails/src/components/WhoInfo.tsx,MEDIUM,0.9697,0.0303,0.0,0.9697
cal.com,packages/emails/src/components/UserFieldsResponses.tsx,MEDIUM,0.9995,0.0005,0.0,0.9995
cal.com,packages/emails/src/components/BaseTable.tsx,MEDIUM,0.9899,1e-04,0.01,0.9899
cal.com,packages/emails/src/components/RawHtml.tsx,LOW,0.985,0.0,0.985,0.015
cal.com,packages/emails/src/components/EmailHead.tsx,MEDIUM,0.9603,0.0397,0.0,0.9603
cal.com,packages/emails/src/components/Row.tsx,MEDIUM,0.9991,1e-04,0.0009,0.9991
cal.com,packages/emails/src/components/EmailCommonDivider.tsx,MEDIUM,0.9973,0.0027,0.0,0.9973
cal.com,packages/emails/src/components/CallToAction.tsx,HIGH,0.7205,0.7205,0.0,0.2795
cal.com,packages/emails/src/components/index.ts,MEDIUM,0.995,1e-04,0.0048,0.995
cal.com,packages/emails/src/components/BaseEmailHtml.tsx,HIGH,1.0,1.0,0.0,0.0
cal.com,packages/emails/src/components/Separator.tsx,LOW,0.9993,0.0,0.9993,0.0007
cal.com,packages/emails/src/components/EmailSchedulingBodyHeader.tsx,HIGH,0.9998,0.9998,0.0,0.0002
cal.com,packages/emails/src/components/LocationInfo.tsx,HIGH,0.871,0.871,0.0,0.129
cal.com,packages/emails/src/components/CallToActionIcon.tsx,MEDIUM,0.9952,1e-04,0.0047,0.9952
cal.com,packages/emails/src/components/ManageLink.tsx,HIGH,0.9873,0.9873,0.0,0.0127
cal.com,packages/emails/src/components/BookingConfirmationForm.tsx,MEDIUM,0.9975,0.0025,0.0,0.9975
cal.com,packages/emails/src/templates/OrgAutoInviteEmail.tsx,MEDIUM,0.9967,0.0033,0.0,0.9967
cal.com,packages/emails/src/templates/AttendeeCancelledSeatEmail.tsx,MEDIUM,0.9899,1e-04,0.01,0.9899
cal.com,packages/emails/src/templates/OrganizerReassignedEmail.tsx,MEDIUM,0.9997,1e-04,1e-04,0.9997
cal.com,packages/emails/src/templates/OrganizerAddGuestsEmail.tsx,MEDIUM,0.9876,1e-04,0.0123,0.9876
cal.com,packages/emails/src/templates/OrganizationCreationEmail.tsx,HIGH,0.7915,0.7915,0.0,0.2085
cal.com,packages/emails/src/templates/AdminOrganizationNotificationEmail.tsx,MEDIUM,0.9969,0.0031,0.0,0.9969
cal.com,packages/emails/src/templates/OAuthClientApprovedNotificationEmail.tsx,MEDIUM,0.9991,0.0009,0.0,0.9991
cal.com,packages/emails/src/templates/OrganizerCancelledEmail.tsx,MEDIUM,0.9996,0.0003,1e-04,0.9996
cal.com,packages/emails/src/templates/DisabledAppEmail.tsx,MEDIUM,0.9878,0.0122,0.0,0.9878
cal.com,packages/emails/src/templates/AttendeeRequestEmail.tsx,MEDIUM,0.9995,0.0004,1e-04,0.9995
cal.com,packages/emails/src/templates/ForgotPasswordEmail.tsx,MEDIUM,0.9985,0.0006,0.0009,0.9985
cal.com,packages/emails/src/templates/AttendeeDeclinedEmail.tsx,MEDIUM,0.9996,0.0,0.0003,0.9996
cal.com,packages/emails/src/templates/OrganizerAttendeeCancelledSeatEmail.tsx,MEDIUM,0.9945,1e-04,0.0054,0.9945
cal.com,packages/emails/src/templates/OrganizerScheduledEmail.tsx,HIGH,0.6268,0.6268,0.0,0.3732
cal.com,packages/emails/src/templates/BrokenIntegrationEmail.tsx,HIGH,0.9831,0.9831,0.0,0.0169
cal.com,packages/emails/src/templates/BookingRedirectEmailNotification.tsx,MEDIUM,0.9995,0.0005,0.0,0.9995
cal.com,packages/emails/src/templates/OrganizationAdminNoSlots.tsx,MEDIUM,0.9995,0.0004,1e-04,0.9995
cal.com,packages/emails/src/templates/AttendeeLocationChangeEmail.tsx,MEDIUM,0.9797,1e-04,0.0201,0.9797
cal.com,packages/emails/src/templates/OrganizerRescheduledEmail.tsx,MEDIUM,0.9797,1e-04,0.0201,0.9797
cal.com,packages/emails/src/templates/OrganizerRequestedToRescheduleEmail.tsx,MEDIUM,0.9971,0.0002,0.0027,0.9971
cal.com,packages/emails/src/templates/TeamInviteEmail.tsx,HIGH,1.0,1.0,0.0,0.0
cal.com,packages/emails/src/templates/SlugReplacementEmail.tsx,MEDIUM,0.9968,0.0025,0.0007,0.9968
cal.com,packages/emails/src/templates/OrganizerRequestEmail.tsx,MEDIUM,0.9982,0.0018,0.0,0.9982
cal.com,packages/emails/src/templates/AdminOAuthClientNotificationEmail.tsx,MEDIUM,0.9728,0.0271,0.0,0.9728
cal.com,packages/emails/src/templates/OrganizerRequestReminderEmail.tsx,LOW,0.985,0.0,0.985,0.015
cal.com,packages/emails/src/templates/DailyVideoDownloadRecordingEmail.tsx,MEDIUM,0.9937,0.0062,1e-04,0.9937
cal.com,packages/emails/src/templates/VerifyEmailChangeEmail.tsx,MEDIUM,0.9937,0.0062,1e-04,0.9937
cal.com,packages/emails/src/templates/AttendeeUpdatedEmail.tsx,MEDIUM,0.9797,1e-04,0.0201,0.9797
cal.com,packages/emails/src/templates/OrganizerAddAttendeeEmail.tsx,MEDIUM,0.9876,1e-04,0.0123,0.9876
cal.com,packages/emails/src/templates/NoShowFeeChargedEmail.tsx,MEDIUM,0.9995,0.0004,1e-04,0.9995
cal.com,packages/emails/src/templates/MonthlyDigestEmail.tsx,HIGH,1.0,1.0,0.0,0.0
cal.com,packages/emails/src/templates/AttendeeWasRequestedToRescheduleEmail.tsx,MEDIUM,0.9969,0.0003,0.0028,0.9969
cal.com,packages/emails/src/templates/DailyVideoDownloadTranscriptEmail.tsx,MEDIUM,0.9929,0.0069,0.0002,0.9929
cal.com,packages/emails/src/templates/VerifyEmailByCode.tsx,HIGH,1.0,1.0,0.0,0.0
cal.com,packages/emails/src/templates/AttendeeScheduledEmail.tsx,MEDIUM,0.9994,1e-04,0.0005,0.9994
cal.com,packages/emails/src/templates/OrganizerRequestEmailV2.tsx,MEDIUM,0.9988,0.0012,0.0,0.9988
cal.com,packages/emails/src/templates/index.ts,HIGH,0.9936,0.9936,0.0,0.0064
cal.com,packages/emails/src/templates/AttendeeAddGuestsEmail.tsx,MEDIUM,0.9797,1e-04,0.0201,0.9797
cal.com,packages/emails/src/templates/AttendeeCancelledEmail.tsx,MEDIUM,0.9876,1e-04,0.0123,0.9876
cal.com,packages/emails/src/templates/OrganizerPaymentRefundFailedEmail.tsx,MEDIUM,0.9969,0.0031,0.0,0.9969
cal.com,packages/emails/src/templates/VerifyAccountEmail.tsx,MEDIUM,0.9977,0.0015,0.0008,0.9977
cal.com,packages/emails/src/templates/AttendeeRescheduledEmail.tsx,MEDIUM,0.9797,1e-04,0.0201,0.9797
cal.com,packages/emails/src/templates/FeedbackEmail.tsx,MEDIUM,0.9958,1e-04,0.0041,0.9958
cal.com,packages/emails/src/templates/BaseScheduledEmail.tsx,HIGH,1.0,1.0,0.0,0.0
cal.com,packages/emails/src/templates/AttendeeAwaitingPaymentEmail.tsx,MEDIUM,0.9995,0.0004,1e-04,0.9995
cal.com,packages/emails/src/templates/OrganizerLocationChangeEmail.tsx,MEDIUM,0.9876,1e-04,0.0123,0.9876
cal.com,packages/emails/src/templates/OAuthClientRejectedNotificationEmail.tsx,MEDIUM,0.9967,0.0033,0.0,0.9967
cal.com,packages/emails/src/templates/OrganizationAccountVerifyEmail.tsx,MEDIUM,0.9968,0.0025,0.0008,0.9968
cal.com,packages/platform/atoms/types.ts,LOW,0.9993,0.0,0.9993,0.0007
cal.com,packages/platform/atoms/index.ts,HIGH,0.9909,0.9909,0.0,0.0091
cal.com,packages/platform/atoms/vite.config.ts,HIGH,1.0,1.0,0.0,0.0
cal.com,packages/platform/atoms/timezone/index.tsx,MEDIUM,0.9995,0.0004,1e-04,0.9995
cal.com,packages/platform/atoms/calendar-settings/index.ts,LOW,1.0,0.0,1.0,0.0
cal.com,packages/platform/atoms/calendar-settings/wrappers/CalendarSettingsPlatformWrapper.tsx,MEDIUM,0.9985,0.0015,0.0,0.9985
cal.com,packages/platform/atoms/event-types/types.ts,MEDIUM,0.9941,1e-04,0.0058,0.9941
cal.com,packages/platform/atoms/event-types/index.ts,LOW,1.0,0.0,1.0,0.0
cal.com,packages/platform/atoms/event-types/wrappers/EventAdvancedPlatformWrapper.tsx,MEDIUM,0.9993,1e-04,0.0006,0.9993
cal.com,packages/platform/atoms/event-types/wrappers/CreateEventTypePlatformWrapper.tsx,HIGH,1.0,1.0,0.0,0.0
cal.com,packages/platform/atoms/event-types/wrappers/EventLimitsTabPlatformWrapper.tsx,LOW,0.5277,1e-04,0.5277,0.4723
cal.com,packages/platform/atoms/event-types/wrappers/ListEventTypesPlatformWrapper.tsx,MEDIUM,0.9724,0.0276,0.0,0.9724
cal.com,packages/platform/atoms/event-types/wrappers/types.ts,LOW,0.985,0.0,0.985,0.015
cal.com,packages/platform/atoms/event-types/wrappers/EventSetupTabPlatformWrapper.tsx,MEDIUM,0.8404,1e-04,0.1595,0.8404
cal.com,packages/platform/atoms/event-types/wrappers/EventTypePlatformWrapper.tsx,HIGH,1.0,1.0,0.0,0.0
cal.com,packages/platform/atoms/event-types/wrappers/EventPaymentsTabPlatformWrapper.tsx,HIGH,1.0,1.0,0.0,0.0
cal.com,packages/platform/atoms/event-types/wrappers/EventTeamAssignmentTabPlatformWrapper.tsx,HIGH,0.5197,0.5197,0.0011,0.4792
cal.com,packages/platform/atoms/event-types/wrappers/EventRecurringTabPlatformWrapper.tsx,LOW,0.5277,1e-04,0.5277,0.4723
cal.com,packages/platform/atoms/event-types/wrappers/EventAvailabilityTabPlatformWrapper.tsx,HIGH,0.9999,0.9999,0.0,1e-04
cal.com,packages/platform/atoms/event-types/payments/StripePaymentForm.tsx,HIGH,1.0,1.0,0.0,0.0
cal.com,packages/platform/atoms/event-types/payments/PaymentForm.tsx,HIGH,1.0,1.0,0.0,0.0
cal.com,packages/platform/atoms/event-types/components/EventTypeListItem.tsx,HIGH,0.9566,0.9566,0.0,0.0434
cal.com,packages/platform/atoms/event-types/__tests__/formatEventTypeDuration.test.ts,MEDIUM,0.9977,0.0003,0.002,0.9977
cal.com,packages/platform/atoms/event-types/__tests__/EventTypeListItem.test.tsx,MEDIUM,0.9319,0.0681,0.0,0.9319
cal.com,packages/platform/atoms/event-types/hooks/useAddVerifiedEmail.ts,MEDIUM,0.995,0.0049,0.0,0.995
cal.com,packages/platform/atoms/event-types/hooks/useAtomEventTypeById.ts,MEDIUM,0.9996,0.0003,1e-04,0.9996
cal.com,packages/platform/atoms/event-types/hooks/useEventTypeForm.ts,HIGH,1.0,1.0,0.0,0.0
cal.com,packages/platform/atoms/event-types/hooks/useAtomEventTypeAppIntegration.ts,MEDIUM,0.9987,0.0012,0.0,0.9987
cal.com,packages/platform/atoms/event-types/hooks/useGetVerifiedEmails.ts,MEDIUM,0.9996,0.0003,1e-04,0.9996
cal.com,packages/platform/atoms/event-types/hooks/useAtomGetAllEventTypes.ts,MEDIUM,0.9996,0.0002,0.0002,0.9996
cal.com,packages/platform/atoms/event-types/hooks/useAtomHostSchedules.ts,MEDIUM,0.9993,0.0007,0.0,0.9993
cal.com,packages/platform/atoms/event-types/hooks/usePlatformTabsNavigations.tsx,HIGH,1.0,1.0,0.0,0.0
cal.com,packages/platform/atoms/event-types/hooks/useAtomEventTypePaymentInfo.ts,HIGH,0.9981,0.9981,0.0,0.0019
cal.com,packages/platform/atoms/event-types/hooks/useHandleRouteChange.ts,HIGH,1.0,1.0,0.0,0.0
cal.com,packages/platform/atoms/event-types/hooks/useAtomUpdateEventType.ts,MEDIUM,0.9029,0.0971,0.0,0.9029
cal.com,packages/platform/atoms/event-types/hooks/useTabsNavigations.tsx,HIGH,1.0,1.0,0.0,0.0
cal.com,packages/platform/atoms/event-types/hooks/useEventTypeForm.test.ts,HIGH,1.0,1.0,0.0,0.0
cal.com,packages/platform/atoms/event-types/lib/formatEventTypeDuration.ts,MEDIUM,0.9995,1e-04,0.0004,0.9995
cal.com,packages/platform/atoms/destination-calendar/DestinationReminderSelector.tsx,MEDIUM,0.9991,0.0009,0.0,0.9991
cal.com,packages/platform/atoms/destination-calendar/DestinationCalendar.tsx,MEDIUM,0.6371,0.3629,0.0,0.6371
cal.com,packages/platform/atoms/destination-calendar/DestinationCalendarSelector.tsx,HIGH,0.9973,0.9973,0.0,0.0027
cal.com,packages/platform/atoms/destination-calendar/index.ts,LOW,1.0,0.0,1.0,0.0
cal.com,packages/platform/atoms/destination-calendar/wrappers/DestinationCalendarSettingsPlatformWrapper.tsx,MEDIUM,0.988,0.0119,0.0,0.988
cal.com,packages/platform/atoms/booker-embed/BookerEmbed.tsx,HIGH,1.0,1.0,0.0,0.0
cal.com,packages/platform/atoms/booker-embed/index.ts,LOW,1.0,0.0,1.0,0.0
cal.com,packages/platform/atoms/troubleshooter/index.ts,LOW,1.0,0.0,1.0,0.0
cal.com,packages/platform/atoms/troubleshooter/sidebar/TroubleshooterSidebar.tsx,MEDIUM,0.9973,0.0004,0.0023,0.9973
cal.com,packages/platform/atoms/troubleshooter/sidebar/CalendarToggleContainer.tsx,MEDIUM,0.9996,0.0003,1e-04,0.9996
cal.com,packages/platform/atoms/troubleshooter/sidebar/EventTypeSelect.tsx,MEDIUM,0.9983,1e-04,0.0017,0.9983
cal.com,packages/platform/atoms/troubleshooter/sidebar/EventScheduleItem.tsx,MEDIUM,0.9993,1e-04,0.0006,0.9993
cal.com,packages/platform/atoms/troubleshooter/wrappers/TroubleshooterPlatformWrapper.tsx,MEDIUM,0.9991,0.0009,0.0,0.9991
cal.com,packages/platform/atoms/troubleshooter/large-calendar/LargeCalendar.tsx,MEDIUM,0.9996,0.0003,1e-04,0.9996
cal.com,packages/platform/atoms/hooks/useCalendarsBusyTimes.ts,MEDIUM,0.8338,0.1662,0.0,0.8338
cal.com,packages/platform/atoms/hooks/useVerifyCode.ts,HIGH,0.9759,0.9759,0.0,0.0241
cal.com,packages/platform/atoms/hooks/useReserveSlot.ts,MEDIUM,0.9982,0.0018,0.0,0.9982
cal.com,packages/platform/atoms/hooks/useOAuthFlow.ts,HIGH,0.9789,0.9789,0.0,0.0211
cal.com,packages/platform/atoms/hooks/useMe.ts,MEDIUM,0.9998,1e-04,1e-04,0.9998
cal.com,packages/platform/atoms/hooks/useIsPlatformBookerEmbed.ts,LOW,0.8998,0.0,0.8998,0.1002
cal.com,packages/platform/atoms/hooks/useUpdateUserTimezone.ts,MEDIUM,0.9997,1e-04,0.0002,0.9997
cal.com,packages/platform/atoms/hooks/useApiKeys.ts,LOW,0.9993,0.0,0.9993,0.0007
cal.com,packages/platform/atoms/hooks/useAvailableSlots.ts,MEDIUM,0.9991,0.0008,0.0,0.9991
cal.com,packages/platform/atoms/hooks/useEventTypesList.tsx,MEDIUM,0.9994,0.0005,0.0,0.9994
cal.com,packages/platform/atoms/hooks/useSlots.ts,HIGH,0.9682,0.9682,0.0,0.0317
cal.com,packages/platform/atoms/hooks/useIsPlatform.ts,LOW,0.8998,0.0,0.8998,0.1002
cal.com,packages/platform/atoms/hooks/useTimezone.ts,MEDIUM,0.9998,1e-04,1e-04,0.9998
cal.com,packages/platform/atoms/hooks/useScheduleByEventSlug.tsx,MEDIUM,0.9993,0.0007,0.0,0.9993
cal.com,packages/platform/atoms/hooks/useOAuthClient.ts,MEDIUM,0.805,0.195,0.0,0.805
cal.com,packages/platform/atoms/hooks/useDeleteSelectedSlot.ts,MEDIUM,0.9969,0.0031,0.0,0.9969
cal.com,packages/platform/atoms/hooks/useGetCityTimezones.ts,MEDIUM,0.9998,1e-04,1e-04,0.9998
cal.com,packages/platform/atoms/hooks/useAtomsContext.ts,MEDIUM,0.9976,0.0007,0.0017,0.9976
cal.com,packages/platform/atoms/hooks/useVerifyEmail.ts,HIGH,1.0,1.0,0.0,0.0
cal.com,packages/platform/atoms/hooks/useConnectedCalendars.tsx,MEDIUM,0.9996,0.0003,1e-04,0.9996
cal.com,packages/platform/atoms/hooks/organizations/bookings/useOrganizationUserBookings.ts,MEDIUM,0.9997,0.0002,1e-04,0.9997
cal.com,packages/platform/atoms/hooks/organizations/bookings/useOrganizationBookings.ts,MEDIUM,0.9996,0.0003,1e-04,0.9996
cal.com,packages/platform/atoms/hooks/calendars/useAddSelectedCalendar.ts,MEDIUM,0.9917,0.0082,0.0,0.9917
cal.com,packages/platform/atoms/hooks/calendars/useUpdateDestinationCalendars.ts,MEDIUM,0.997,0.003,0.0,0.997
cal.com,packages/platform/atoms/hooks/calendars/useRemoveSelectedCalendar.ts,MEDIUM,0.9917,0.0082,0.0,0.9917
cal.com,packages/platform/atoms/hooks/calendars/useDeleteCalendarCredentials.ts,MEDIUM,0.9946,0.0054,0.0,0.9946
cal.com,packages/platform/atoms/hooks/bookings/useGetBookingForReschedule.ts,MEDIUM,0.9962,0.0037,0.0,0.9962
cal.com,packages/platform/atoms/hooks/bookings/useHandleBookEvent.ts,HIGH,1.0,1.0,0.0,0.0
cal.com,packages/platform/atoms/hooks/bookings/useBookings.ts,MEDIUM,0.9969,0.0031,0.0,0.9969
cal.com,packages/platform/atoms/hooks/bookings/useCreateRecurringBooking.ts,MEDIUM,0.9992,0.0008,0.0,0.9992
cal.com,packages/platform/atoms/hooks/bookings/useCreateBooking.ts,MEDIUM,0.9985,0.0015,0.0,0.9985
cal.com,packages/platform/atoms/hooks/bookings/useBooking.ts,MEDIUM,0.9996,0.0003,1e-04,0.9996
cal.com,packages/platform/atoms/hooks/bookings/useCancelBooking.ts,MEDIUM,0.9985,0.0015,0.0,0.9985
cal.com,packages/platform/atoms/hooks/event-types/public/useAtomGetPublicEvent.tsx,HIGH,0.8676,0.8676,0.0,0.1324
cal.com,packages/platform/atoms/hooks/event-types/public/useEventType.ts,MEDIUM,0.9978,0.0022,0.0,0.9978
cal.com,packages/platform/atoms/hooks/event-types/public/useEventTypes.ts,MEDIUM,0.9998,1e-04,1e-04,0.9998
cal.com,packages/platform/atoms/hooks/event-types/private/useCreateEventType.ts,MEDIUM,0.9996,0.0003,1e-04,0.9996
cal.com,packages/platform/atoms/hooks/event-types/private/useDeleteEventTypeById.ts,MEDIUM,0.9996,0.0003,1e-04,0.9996
cal.com,packages/platform/atoms/hooks/event-types/private/useEventTypeById.ts,MEDIUM,0.9998,1e-04,1e-04,0.9998
cal.com,packages/platform/atoms/hooks/event-types/private/useCreateEventTypeForm.ts,MEDIUM,0.9992,1e-04,0.0006,0.9992
cal.com,packages/platform/atoms/hooks/schedules/useAtomUpdateSchedule.ts,MEDIUM,0.9988,0.0011,0.0,0.9988
cal.com,packages/platform/atoms/hooks/schedules/useAtomSchedule.ts,MEDIUM,0.9996,0.0003,1e-04,0.9996
cal.com,packages/platform/atoms/hooks/schedules/useAtomCreateSchedule.ts,MEDIUM,0.9988,0.0011,0.0,0.9988
cal.com,packages/platform/atoms/hooks/schedules/useAtomDuplicateSchedule.ts,MEDIUM,0.9992,0.0008,0.0,0.9992
cal.com,packages/platform/atoms/hooks/schedules/useEnsureDefaultSchedule.ts,MEDIUM,0.9997,1e-04,0.0002,0.9997
cal.com,packages/platform/atoms/hooks/schedules/types.ts,MEDIUM,0.9976,0.0002,0.0022,0.9976
cal.com,packages/platform/atoms/hooks/schedules/useSchedule.ts,MEDIUM,0.9996,0.0003,1e-04,0.9996
cal.com,packages/platform/atoms/hooks/schedules/useSchedules.ts,MEDIUM,0.9997,0.0002,1e-04,0.9997
cal.com,packages/platform/atoms/hooks/schedules/useUpdateSchedule.ts,MEDIUM,0.9981,0.0019,0.0,0.9981
cal.com,packages/platform/atoms/hooks/schedules/useAtomGetAllSchedules.ts,MEDIUM,0.9996,0.0002,0.0002,0.9996
cal.com,packages/platform/atoms/hooks/schedules/useDeleteSchedule.ts,MEDIUM,0.9978,0.0022,0.0,0.9978
cal.com,packages/platform/atoms/hooks/connect/useCheck.ts,MEDIUM,0.891,0.1089,0.0,0.891
cal.com,packages/platform/atoms/hooks/connect/useConnect.ts,HIGH,0.8238,0.8238,0.0,0.1762
cal.com,packages/platform/atoms/hooks/stripe/useCheck.ts,MEDIUM,0.7403,0.2597,0.0,0.7403
cal.com,packages/platform/atoms/hooks/stripe/useConnect.ts,MEDIUM,0.9979,0.0021,0.0,0.9979
cal.com,packages/platform/atoms/lib/getUtmTrackingParameters.ts,MEDIUM,0.9989,1e-04,0.001,0.9989
cal.com,packages/platform/atoms/lib/http.ts,MEDIUM,0.6662,0.3338,0.0,0.6662
cal.com,packages/platform/atoms/lib/setQueryParam.ts,MEDIUM,0.9963,1e-04,0.0036,0.9963
cal.com,packages/platform/atoms/lib/getPlaceholderContent.ts,MEDIUM,0.9993,1e-04,0.0007,0.9993
cal.com,packages/platform/atoms/lib/markdownToSafeHTML.ts,MEDIUM,0.9839,1e-04,0.016,0.9839
cal.com,packages/platform/atoms/lib/useLocale.ts,MEDIUM,0.9997,1e-04,0.0002,0.9997
cal.com,packages/platform/atoms/lib/getQueryParam.ts,MEDIUM,0.7015,0.2984,1e-04,0.7015
cal.com,packages/platform/atoms/lib/appendClientIdToEmail.ts,LOW,0.985,0.0,0.985,0.015
cal.com,packages/platform/atoms/kysely-types/index.ts,LOW,1.0,0.0,1.0,0.0
cal.com,packages/platform/atoms/cal-provider/languages.ts,HIGH,0.9996,0.9996,0.0,0.0004
cal.com,packages/platform/atoms/cal-provider/BaseCalProvider.tsx,HIGH,1.0,1.0,0.0,0.0
cal.com,packages/platform/atoms/cal-provider/CalProvider.tsx,HIGH,0.6017,0.6017,0.0,0.3983
cal.com,packages/platform/atoms/cal-provider/index.ts,LOW,0.9998,0.0,0.9998,0.0002
cal.com,packages/platform/atoms/cal-provider/CalOAuthProvider.tsx,MEDIUM,0.9987,0.0012,0.0,0.9987
cal.com,packages/platform/atoms/availability/types.ts,MEDIUM,0.9983,0.0008,0.0009,0.9983
cal.com,packages/platform/atoms/availability/index.ts,LOW,0.9993,0.0,0.9993,0.0007
cal.com,packages/platform/atoms/availability/AvailabilitySettings.tsx,HIGH,1.0,1.0,0.0,0.0
cal.com,packages/platform/atoms/availability/wrappers/AvailabilitySettingsPlatformWrapper.tsx,HIGH,1.0,1.0,0.0,0.0
cal.com,packages/platform/atoms/connect/OAuthConnect.tsx,HIGH,0.996,0.996,0.0,0.004
cal.com,packages/platform/atoms/connect/index.ts,LOW,0.9993,0.0,0.9993,0.0007
cal.com,packages/platform/atoms/connect/apple/AppleConnect.tsx,HIGH,1.0,1.0,0.0,0.0
cal.com,packages/platform/atoms/connect/conferencing-apps/ConferencingAppsViewPlatformWrapper.tsx,HIGH,1.0,1.0,0.0,0.0
cal.com,packages/platform/atoms/connect/conferencing-apps/AppListCardPlatformWrapper.tsx,MEDIUM,0.946,0.0517,0.0023,0.946
cal.com,packages/platform/atoms/connect/conferencing-apps/hooks/useGetDefaultConferencingApp.ts,MEDIUM,0.9995,0.0004,0.0,0.9995
cal.com,packages/platform/atoms/connect/conferencing-apps/hooks/useAtomBulkUpdateEventTypesToDefaultLocation.ts,MEDIUM,0.9982,0.0018,0.0,0.9982
cal.com,packages/platform/atoms/connect/conferencing-apps/hooks/useAtomsGetInstalledConferencingApps.ts,MEDIUM,0.9996,0.0004,0.0,0.9996
cal.com,packages/platform/atoms/connect/conferencing-apps/hooks/useAtomGetEventTypes.ts,MEDIUM,0.9995,0.0004,1e-04,0.9995
cal.com,packages/platform/atoms/connect/conferencing-apps/hooks/useUpdateUserDefaultConferencingApp.ts,MEDIUM,0.9993,0.0006,0.0,0.9993
cal.com,packages/platform/atoms/connect/conferencing-apps/hooks/useConnect.ts,HIGH,0.9965,0.9965,0.0,0.0035
cal.com,packages/platform/atoms/connect/conferencing-apps/hooks/useDeleteCredential.ts,MEDIUM,0.9995,0.0004,1e-04,0.9995
cal.com,packages/platform/atoms/connect/google/GcalConnect.tsx,MEDIUM,0.9994,0.0005,1e-04,0.9994
cal.com,packages/platform/atoms/connect/stripe/StripeConnect.tsx,HIGH,0.7912,0.7912,0.0,0.2088
cal.com,packages/platform/atoms/connect/outlook/OutlookConnect.tsx,MEDIUM,0.9994,0.0005,1e-04,0.9994
cal.com,packages/platform/atoms/prisma-types/index.ts,LOW,0.9993,0.0,0.9993,0.0007
cal.com,packages/platform/atoms/selected-calendars/SelectedCalendarsSettings.tsx,LOW,0.8998,0.0,0.8998,0.1002
cal.com,packages/platform/atoms/selected-calendars/index.ts,LOW,1.0,0.0,1.0,0.0
cal.com,packages/platform/atoms/selected-calendars/wrappers/SelectedCalendarsSettingsPlatformWrapper.tsx,HIGH,1.0,1.0,0.0,0.0
cal.com,packages/platform/atoms/list-schedules/index.ts,LOW,1.0,0.0,1.0,0.0
cal.com,packages/platform/atoms/list-schedules/wrappers/ListSchedulesPlatformWrapper.tsx,HIGH,0.9874,0.9874,0.0,0.0126
cal.com,packages/platform/atoms/calendar-view/CalendarViewComponent.tsx,HIGH,0.8772,0.8772,0.0,0.1228
cal.com,packages/platform/atoms/calendar-view/EventTypeCalendarViewComponent.tsx,HIGH,1.0,1.0,0.0,0.0
cal.com,packages/platform/atoms/calendar-view/index.ts,LOW,1.0,0.0,1.0,0.0
cal.com,packages/platform/atoms/calendar-view/wrappers/CalendarViewPlatformWrapper.tsx,MEDIUM,0.9996,0.0002,0.0003,0.9996
cal.com,packages/platform/atoms/create-schedule/index.tsx,LOW,1.0,0.0,1.0,0.0
cal.com,packages/platform/atoms/create-schedule/CreateScheduleForm.tsx,HIGH,0.9735,0.9735,0.0,0.0265
cal.com,packages/platform/atoms/create-schedule/wrappers/CreateSchedulePlatformWrapper.tsx,MEDIUM,0.8518,0.1481,0.0,0.8518
cal.com,packages/platform/atoms/booker/types.ts,HIGH,0.9998,0.9998,0.0,0.0002
cal.com,packages/platform/atoms/booker/export.ts,LOW,0.9998,0.0,0.9998,0.0002
cal.com,packages/platform/atoms/booker/BookerPlatformWrapper.tsx,HIGH,1.0,1.0,0.0,0.0
cal.com,packages/platform/atoms/src/constants/styles.ts,LOW,1.0,0.0,1.0,0.0
cal.com,packages/platform/atoms/src/components/atoms-wrapper.tsx,MEDIUM,0.9998,1e-04,1e-04,0.9998
cal.com,packages/platform/atoms/src/components/ui/shell.tsx,MEDIUM,0.9952,1e-04,0.0047,0.9952
cal.com,packages/platform/atoms/src/components/ui/popover.tsx,MEDIUM,0.996,0.0002,0.0038,0.996
cal.com,packages/platform/atoms/src/components/ui/toaster.tsx,MEDIUM,0.9997,1e-04,1e-04,0.9997
cal.com,packages/platform/atoms/src/components/ui/tooltip.tsx,MEDIUM,0.9963,1e-04,0.0035,0.9963
cal.com,packages/platform/atoms/src/components/ui/use-toast.ts,HIGH,0.9979,0.9979,0.0,0.0021
cal.com,packages/platform/atoms/src/components/ui/switch.tsx,MEDIUM,0.9971,0.0002,0.0027,0.9971
cal.com,packages/platform/atoms/src/components/ui/dialog.tsx,MEDIUM,0.9805,0.0194,1e-04,0.9805
cal.com,packages/platform/atoms/src/components/ui/button.tsx,MEDIUM,0.9995,0.0004,1e-04,0.9995
cal.com,packages/platform/atoms/src/components/ui/toast.tsx,MEDIUM,0.9882,0.0117,1e-04,0.9882
cal.com,packages/platform/atoms/src/lib/timeZones.ts,MEDIUM,0.9977,1e-04,0.0022,0.9977
cal.com,packages/platform/atoms/src/lib/utils.ts,LOW,0.8998,0.0,0.8998,0.1002
cal.com,packages/platform/types/permissions.ts,LOW,0.9998,0.0,0.9998,0.0002
cal.com,packages/platform/types/api.ts,MEDIUM,0.9996,0.0002,0.0002,0.9996
cal.com,packages/platform/types/index.ts,HIGH,0.9926,0.9926,0.0,0.0074
cal.com,packages/platform/types/embed.ts,HIGH,0.7722,0.7722,0.0,0.2277
cal.com,packages/platform/types/billing.ts,LOW,0.8998,0.0,0.8998,0.1002
cal.com,packages/platform/types/me.ts,MEDIUM,0.9952,1e-04,0.0047,0.9952
cal.com,packages/platform/types/pagination/pagination.input.ts,MEDIUM,0.9978,0.0021,0.0,0.9978
cal.com,packages/platform/types/pagination/pagination.output.ts,MEDIUM,0.9878,0.0122,0.0,0.9878
cal.com,packages/platform/types/calendars/index.ts,LOW,1.0,0.0,1.0,0.0
cal.com,packages/platform/types/calendars/inputs/busy-times.input.ts,MEDIUM,0.8467,0.1533,0.0,0.8467
cal.com,packages/platform/types/calendars/inputs/create-calendar-credentials.input.ts,MEDIUM,0.9997,1e-04,0.0002,0.9997
cal.com,packages/platform/types/calendars/inputs/index.ts,LOW,0.9998,0.0,0.9998,0.0002
cal.com,packages/platform/types/bookings/index.ts,LOW,0.9998,0.0,0.9998,0.0002
cal.com,packages/platform/types/bookings/2024-08-13/index.ts,LOW,0.9998,0.0,0.9998,0.0002
cal.com,packages/platform/types/bookings/2024-08-13/outputs/booking.output.ts,HIGH,1.0,1.0,0.0,0.0
cal.com,packages/platform/types/bookings/2024-08-13/outputs/get-booking-transcripts.output.ts,MEDIUM,0.9945,1e-04,0.0054,0.9945
cal.com,packages/platform/types/bookings/2024-08-13/outputs/get-booking-recordings.output.ts,MEDIUM,0.9985,0.0006,0.0009,0.9985
cal.com,packages/platform/types/bookings/2024-08-13/outputs/get-booking.output.ts,MEDIUM,0.9976,0.0007,0.0017,0.9976
cal.com,packages/platform/types/bookings/2024-08-13/outputs/get-booking-video-sessions.output.ts,MEDIUM,0.9979,0.0014,0.0007,0.9979
cal.com,packages/platform/types/bookings/2024-08-13/outputs/get-bookings.output.ts,MEDIUM,0.9996,0.0003,1e-04,0.9996
cal.com,packages/platform/types/bookings/2024-08-13/outputs/index.ts,LOW,0.5277,1e-04,0.5277,0.4723
cal.com,packages/platform/types/bookings/2024-08-13/inputs/decline-booking.input.ts,MEDIUM,0.9983,1e-04,0.0017,0.9983
cal.com,packages/platform/types/bookings/2024-08-13/inputs/add-guests.input.ts,MEDIUM,0.9954,0.0046,0.0,0.9954
cal.com,packages/platform/types/bookings/2024-08-13/inputs/reschedule-booking-input.pipe.ts,MEDIUM,0.9664,0.0336,0.0,0.9664
cal.com,packages/platform/types/bookings/2024-08-13/inputs/location.input.ts,HIGH,0.9998,0.9998,0.0,0.0002
cal.com,packages/platform/types/bookings/2024-08-13/inputs/language.ts,MEDIUM,0.9985,0.0007,0.0008,0.9985
cal.com,packages/platform/types/bookings/2024-08-13/inputs/add-attendee.input.ts,MEDIUM,0.9941,1e-04,0.0058,0.9941
cal.com,packages/platform/types/bookings/2024-08-13/inputs/mark-absent.input.ts,MEDIUM,0.9961,0.0002,0.0037,0.9961
cal.com,packages/platform/types/bookings/2024-08-13/inputs/create-booking.input.ts,HIGH,1.0,1.0,0.0,0.0
cal.com,packages/platform/types/bookings/2024-08-13/inputs/cancel-booking-input.pipe.ts,MEDIUM,0.9667,0.0332,0.0,0.9667
cal.com,packages/platform/types/bookings/2024-08-13/inputs/reassign-to-user.input.ts,MEDIUM,0.9983,1e-04,0.0017,0.9983
cal.com,packages/platform/types/bookings/2024-08-13/inputs/index.ts,HIGH,0.9816,0.9816,0.0,0.0184
cal.com,packages/platform/types/bookings/2024-08-13/inputs/create-booking-input.pipe.ts,HIGH,1.0,1.0,0.0,0.0
cal.com,packages/platform/types/bookings/2024-08-13/inputs/get-bookings.input.ts,HIGH,0.9999,0.9999,0.0,1e-04
cal.com,packages/platform/types/bookings/2024-08-13/inputs/cancel-booking.input.ts,MEDIUM,0.9994,0.0002,0.0004,0.9994
cal.com,packages/platform/types/bookings/2024-08-13/inputs/update-location.input.ts,HIGH,1.0,1.0,0.0,0.0
cal.com,packages/platform/types/bookings/2024-08-13/inputs/reschedule-booking.input.ts,HIGH,0.9998,0.9998,0.0,0.0002
cal.com,packages/platform/types/bookings/2024-08-13/inputs/validators/validate-metadata.ts,MEDIUM,0.9925,0.0074,0.0,0.9925
cal.com,packages/platform/types/bookings/2024-04-15/index.ts,LOW,1.0,0.0,1.0,0.0
cal.com,packages/platform/types/bookings/2024-04-15/inputs/index.ts,MEDIUM,0.957,0.043,0.0,0.957
cal.com,packages/platform/types/event-types/index.ts,LOW,0.9993,0.0,0.9993,0.0007
cal.com,packages/platform/types/event-types/event-types_2024_06_14/index.ts,LOW,0.9998,0.0,0.9998,0.0002
cal.com,packages/platform/types/event-types/event-types_2024_06_14/outputs/locations.output.ts,HIGH,0.9978,0.9978,0.0,0.0022
cal.com,packages/platform/types/event-types/event-types_2024_06_14/outputs/disable-cancelling.output.ts,MEDIUM,0.9995,1e-04,0.0004,0.9995
cal.com,packages/platform/types/event-types/event-types_2024_06_14/outputs/event-type.output.ts,HIGH,1.0,1.0,0.0,0.0
cal.com,packages/platform/types/event-types/event-types_2024_06_14/outputs/booking-fields.output.ts,HIGH,1.0,1.0,0.0,0.0
cal.com,packages/platform/types/event-types/event-types_2024_06_14/outputs/booker-active-bookings-limit.output.ts,MEDIUM,0.9995,1e-04,0.0004,0.9995
cal.com,packages/platform/types/event-types/event-types_2024_06_14/outputs/index.ts,LOW,0.8998,0.0,0.8998,0.1002
cal.com,packages/platform/types/event-types/event-types_2024_06_14/outputs/disable-rescheduling.output.ts,MEDIUM,0.9996,1e-04,0.0003,0.9996
cal.com,packages/platform/types/event-types/event-types_2024_06_14/inputs/booking-fields.input.ts,HIGH,1.0,1.0,0.0,0.0
cal.com,packages/platform/types/event-types/event-types_2024_06_14/inputs/booking-limits-duration.input.ts,HIGH,0.9773,0.9773,0.0,0.0227
cal.com,packages/platform/types/event-types/event-types_2024_06_14/inputs/booking-window.input.ts,HIGH,0.9946,0.9946,0.0,0.0054
cal.com,packages/platform/types/event-types/event-types_2024_06_14/inputs/booking-limits-count.input.ts,HIGH,0.9745,0.9745,0.0,0.0255
cal.com,packages/platform/types/event-types/event-types_2024_06_14/inputs/event-type-color.input.ts,MEDIUM,0.9997,1e-04,0.0002,0.9997
cal.com,packages/platform/types/event-types/event-types_2024_06_14/inputs/confirmation-policy.input.ts,HIGH,0.8193,0.8193,0.0,0.1807
cal.com,packages/platform/types/event-types/event-types_2024_06_14/inputs/booker-active-booking-limit.input.ts,MEDIUM,0.9995,1e-04,0.0004,0.9995
cal.com,packages/platform/types/event-types/event-types_2024_06_14/inputs/get-event-types-query.input.ts,MEDIUM,0.864,0.1359,0.0,0.864
cal.com,packages/platform/types/event-types/event-types_2024_06_14/inputs/destination-calendar.input.ts,MEDIUM,0.9952,1e-04,0.0047,0.9952
cal.com,packages/platform/types/event-types/event-types_2024_06_14/inputs/disable-cancelling.input.ts,MEDIUM,0.9995,1e-04,0.0004,0.9995
cal.com,packages/platform/types/event-types/event-types_2024_06_14/inputs/disabled.input.ts,MEDIUM,0.9996,0.0,0.0003,0.9996
cal.com,packages/platform/types/event-types/event-types_2024_06_14/inputs/booker-layouts.input.ts,MEDIUM,0.8459,0.1541,0.0,0.8459
cal.com,packages/platform/types/event-types/event-types_2024_06_14/inputs/email-settings.input.ts,MEDIUM,0.9997,1e-04,0.0002,0.9997
cal.com,packages/platform/types/event-types/event-types_2024_06_14/inputs/update-event-type.input.ts,HIGH,1.0,1.0,0.0,0.0
cal.com,packages/platform/types/event-types/event-types_2024_06_14/inputs/locations.input.ts,HIGH,1.0,1.0,0.0,0.0
cal.com,packages/platform/types/event-types/event-types_2024_06_14/inputs/index.ts,MEDIUM,0.9963,1e-04,0.0035,0.9963
cal.com,packages/platform/types/event-types/event-types_2024_06_14/inputs/disable-rescheduling.input.ts,MEDIUM,0.9996,1e-04,0.0003,0.9996
cal.com,packages/platform/types/event-types/event-types_2024_06_14/inputs/recurrence.input.ts,MEDIUM,0.9995,1e-04,0.0004,0.9995
cal.com,packages/platform/types/event-types/event-types_2024_06_14/inputs/create-event-type.input.ts,HIGH,1.0,1.0,0.0,0.0
cal.com,packages/platform/types/event-types/event-types_2024_06_14/inputs/seats.input.ts,MEDIUM,0.9977,0.0003,0.002,0.9977
cal.com,packages/platform/types/event-types/event-types_2024_06_14/inputs/validators/CantHaveRecurrenceAndBookerActiveBookingsLimit.ts,MEDIUM,0.9993,0.0006,0.0,0.9993
cal.com,packages/platform/types/event-types/outputs/private-link.output.ts,HIGH,0.7979,0.7979,0.0,0.2021
cal.com,packages/platform/types/event-types/inputs/private-link.input.ts,MEDIUM,0.995,0.005,0.0,0.995
cal.com,packages/platform/types/utils/RequiresOneOfPropertiesWhenNotDisabled.ts,MEDIUM,0.9992,0.0007,0.0,0.9992
cal.com,packages/platform/types/utils/normalizeTimezone.ts,MEDIUM,0.9996,1e-04,0.0003,0.9996
cal.com,packages/platform/types/schedules/index.ts,LOW,0.9993,0.0,0.9993,0.0007
cal.com,packages/platform/types/schedules/update-atom-schedule-body.input.ts,MEDIUM,0.9977,0.0003,0.002,0.9977
cal.com,packages/platform/types/schedules/schedules-2024-04-15/schedules.ts,MEDIUM,0.9936,0.0063,1e-04,0.9936
cal.com,packages/platform/types/schedules/schedules-2024-04-15/index.ts,LOW,1.0,0.0,1.0,0.0
cal.com,packages/platform/types/schedules/schedules-2024-06-11/constants.ts,MEDIUM,0.9899,1e-04,0.01,0.9899
cal.com,packages/platform/types/schedules/schedules-2024-06-11/index.ts,LOW,0.9993,0.0,0.9993,0.0007
cal.com,packages/platform/types/schedules/schedules-2024-06-11/outputs/delete-schedule.output.ts,MEDIUM,0.9111,1e-04,0.0888,0.9111
cal.com,packages/platform/types/schedules/schedules-2024-06-11/outputs/create-schedule.output.ts,MEDIUM,0.9958,1e-04,0.0041,0.9958
cal.com,packages/platform/types/schedules/schedules-2024-06-11/outputs/get-schedules.output.ts,MEDIUM,0.9958,1e-04,0.0041,0.9958
cal.com,packages/platform/types/schedules/schedules-2024-06-11/outputs/schedule.output.ts,MEDIUM,0.9974,0.0018,0.0008,0.9974
cal.com,packages/platform/types/schedules/schedules-2024-06-11/outputs/update-schedule.output.ts,MEDIUM,0.9963,1e-04,0.0035,0.9963
cal.com,packages/platform/types/schedules/schedules-2024-06-11/outputs/get-default-schedule.output.ts,MEDIUM,0.9958,1e-04,0.0041,0.9958
cal.com,packages/platform/types/schedules/schedules-2024-06-11/outputs/index.ts,MEDIUM,0.8404,1e-04,0.1595,0.8404
cal.com,packages/platform/types/schedules/schedules-2024-06-11/outputs/get-schedule.output.ts,MEDIUM,0.9963,1e-04,0.0035,0.9963
cal.com,packages/platform/types/schedules/schedules-2024-06-11/inputs/create-schedule.input.ts,MEDIUM,0.7523,0.2477,0.0,0.7523
cal.com,packages/platform/types/schedules/schedules-2024-06-11/inputs/index.ts,LOW,0.9998,0.0,0.9998,0.0002
cal.com,packages/platform/types/schedules/schedules-2024-06-11/inputs/update-schedule.input.ts,MEDIUM,0.9974,0.0012,0.0014,0.9974
cal.com,packages/platform/types/oauth-clients/index.ts,LOW,0.9998,0.0,0.9998,0.0002
cal.com,packages/platform/types/oauth-clients/outputs/oauth-client.output.ts,MEDIUM,0.9984,0.0016,0.0,0.9984
cal.com,packages/platform/types/oauth-clients/outputs/create-oauth-client.output.ts,MEDIUM,0.9944,1e-04,0.0055,0.9944
cal.com,packages/platform/types/oauth-clients/outputs/index.ts,LOW,0.9998,0.0,0.9998,0.0002
cal.com,packages/platform/types/oauth-clients/inputs/delete-oauth-client.input.ts,MEDIUM,0.8404,1e-04,0.1595,0.8404
cal.com,packages/platform/types/oauth-clients/inputs/create-oauth-client.input.ts,MEDIUM,0.9628,0.0372,0.0,0.9628
cal.com,packages/platform/types/oauth-clients/inputs/index.ts,LOW,0.9993,0.0,0.9993,0.0007
cal.com,packages/platform/types/oauth-clients/inputs/update-oauth-client.input.ts,MEDIUM,0.9974,0.0012,0.0014,0.9974
cal.com,packages/platform/types/me/index.ts,LOW,1.0,0.0,1.0,0.0
cal.com,packages/platform/types/me/outputs/index.ts,LOW,1.0,0.0,1.0,0.0
cal.com,packages/platform/types/me/outputs/me.ts,MEDIUM,0.9945,1e-04,0.0054,0.9945
cal.com,packages/platform/types/slots/index.ts,LOW,0.9998,0.0,0.9998,0.0002
cal.com,packages/platform/types/slots/slots-2024-04-15/index.ts,LOW,1.0,0.0,1.0,0.0
cal.com,packages/platform/types/slots/slots-2024-04-15/inputs/index.ts,HIGH,1.0,1.0,0.0,0.0
cal.com,packages/platform/types/slots/slots-2024-09-04/index.ts,LOW,0.9998,0.0,0.9998,0.0002
cal.com,packages/platform/types/slots/slots-2024-09-04/outputs/slots.output.ts,MEDIUM,0.9994,0.0006,0.0,0.9994
cal.com,packages/platform/types/slots/slots-2024-09-04/outputs/get-reserved-slot.output.ts,MEDIUM,0.9995,0.0004,1e-04,0.9995
cal.com,packages/platform/types/slots/slots-2024-09-04/outputs/index.ts,LOW,0.9993,0.0,0.9993,0.0007
cal.com,packages/platform/types/slots/slots-2024-09-04/outputs/reserve-slot.output.ts,MEDIUM,0.9976,0.0023,0.0,0.9976
cal.com,packages/platform/types/slots/slots-2024-09-04/inputs/get-slots-input.pipe.ts,HIGH,1.0,1.0,0.0,0.0
cal.com,packages/platform/types/slots/slots-2024-09-04/inputs/get-slots.input.ts,HIGH,0.9999,0.9999,0.0,1e-04
cal.com,packages/platform/types/slots/slots-2024-09-04/inputs/index.ts,LOW,0.9993,0.0,0.9993,0.0007
cal.com,packages/platform/types/slots/slots-2024-09-04/inputs/reserve-slot.input.ts,MEDIUM,0.9995,0.0005,1e-04,0.9995
cal.com,packages/platform/constants/permissions.ts,MEDIUM,0.9973,0.0023,0.0004,0.9973
cal.com,packages/platform/constants/api.ts,MEDIUM,0.9937,0.0062,1e-04,0.9937
cal.com,packages/platform/constants/apps.ts,MEDIUM,0.9978,0.0002,0.0019,0.9978
cal.com,packages/platform/constants/index.ts,LOW,0.9993,0.0,0.9993,0.0007
cal.com,packages/platform/enums/monorepo.ts,MEDIUM,0.9797,1e-04,0.0201,0.9797
cal.com,packages/platform/enums/permissions.ts,MEDIUM,0.9969,0.0031,0.0,0.9969
cal.com,packages/platform/enums/slot-format.enum.ts,LOW,0.985,0.0,0.985,0.015
cal.com,packages/platform/enums/index.ts,MEDIUM,0.9876,1e-04,0.0123,0.9876
cal.com,packages/platform/enums/event-types/booker-layouts.enum.ts,MEDIUM,0.9876,1e-04,0.0123,0.9876
cal.com,packages/platform/enums/event-types/scheduling-type.ts,LOW,0.8998,0.0,0.8998,0.1002
cal.com,packages/platform/enums/event-types/confirmation-policy.enum.ts,MEDIUM,0.9111,1e-04,0.0888,0.9111
cal.com,packages/platform/enums/event-types/interval-limits.enum.ts,LOW,0.5277,1e-04,0.5277,0.4723
cal.com,packages/platform/enums/event-types/field-type.ts,MEDIUM,0.9958,1e-04,0.0041,0.9958
cal.com,packages/platform/enums/event-types/period-type.ts,LOW,0.8998,0.0,0.8998,0.1002
cal.com,packages/platform/enums/event-types/booking-window.enum.ts,MEDIUM,0.9899,1e-04,0.01,0.9899
cal.com,packages/platform/enums/event-types/editable.ts,MEDIUM,0.8404,1e-04,0.1595,0.8404
cal.com,packages/platform/enums/event-types/frequency.ts,MEDIUM,0.9876,1e-04,0.0123,0.9876
cal.com,packages/platform/libraries/calendars.ts,LOW,0.985,0.0,0.985,0.015
cal.com,packages/platform/libraries/schedules.ts,MEDIUM,0.9971,0.0002,0.0027,0.9971
cal.com,packages/platform/libraries/errors.ts,LOW,0.985,0.0,0.985,0.015
cal.com,packages/platform/libraries/app-store.ts,HIGH,1.0,1.0,0.0,0.0
cal.com,packages/platform/libraries/repositories.ts,MEDIUM,0.6476,0.3522,0.0002,0.6476
cal.com,packages/platform/libraries/organizations.ts,HIGH,0.9999,0.9999,0.0,1e-04
cal.com,packages/platform/libraries/private-links.ts,LOW,0.9993,0.0,0.9993,0.0007
cal.com,packages/platform/libraries/event-types.ts,HIGH,0.7916,0.7916,1e-04,0.2084
cal.com,packages/platform/libraries/emails.ts,HIGH,0.9998,0.9998,0.0,0.0002
cal.com,packages/platform/libraries/bookings.ts,HIGH,0.8176,0.8176,0.0003,0.1821
cal.com,packages/platform/libraries/tasker.ts,HIGH,0.848,0.848,1e-04,0.1519
cal.com,packages/platform/libraries/slots.ts,HIGH,0.993,0.993,0.0,0.007
cal.com,packages/platform/libraries/index.ts,HIGH,1.0,1.0,0.0,0.0
cal.com,packages/platform/libraries/conferencing.ts,MEDIUM,0.6679,0.332,1e-04,0.6679
cal.com,packages/platform/utils/permissions.ts,MEDIUM,0.9969,0.0031,0.0,0.9969
cal.com,packages/platform/utils/index.ts,LOW,1.0,0.0,1.0,0.0
cal.com,packages/platform/utils/jest.config.ts,MEDIUM,0.8404,1e-04,0.1595,0.8404
cal.com,packages/platform/utils/tests/permissions.test.ts,MEDIUM,0.8465,0.1535,0.0,0.8465
cal.com,packages/platform/examples/base/playwright.config.ts,MEDIUM,0.9652,0.0348,0.0,0.9652
cal.com,packages/platform/examples/base/tests/availability-settings-atom/availability-settings-atom.e2e.ts,MEDIUM,0.9995,0.0004,1e-04,0.9995
cal.com,packages/platform/examples/base/tests/create-team-event-type-atom/create-team-event-type.e2e.ts,MEDIUM,0.9975,0.0012,0.0014,0.9975
cal.com,packages/platform/examples/base/tests/connect-atoms/apple-connect.e2e.ts,MEDIUM,0.9995,0.0005,1e-04,0.9995
cal.com,packages/platform/examples/base/tests/create-event-type-atom/create-event-type.e2e.ts,MEDIUM,0.9979,0.0003,0.0018,0.9979
cal.com,packages/platform/examples/base/tests/booker-atom/booker-atom.e2e.ts,MEDIUM,0.9996,0.0002,0.0002,0.9996
cal.com,packages/platform/examples/base/src/components/Navbar/index.tsx,MEDIUM,0.9983,0.0008,0.0009,0.9983
cal.com,packages/platform/examples/base/src/lib/generateRandomText.ts,MEDIUM,0.9997,1e-04,0.0002,0.9997
cal.com,packages/platform/examples/base/src/lib/words.ts,MEDIUM,0.9977,0.002,0.0004,0.9977
cal.com,packages/platform/examples/base/src/lib/prismaClient.ts,MEDIUM,0.9993,1e-04,0.0006,0.9993
cal.com,packages/platform/examples/base/src/pages/index.tsx,MEDIUM,0.9968,0.0025,0.0008,0.9968
cal.com,packages/platform/examples/base/src/pages/event-types.tsx,HIGH,1.0,1.0,0.0,0.0
cal.com,packages/platform/examples/base/src/pages/conferencing-apps.tsx,MEDIUM,0.9976,0.0002,0.0022,0.9976
cal.com,packages/platform/examples/base/src/pages/booking.tsx,HIGH,0.9998,0.9998,0.0,0.0002
cal.com,packages/platform/examples/base/src/pages/_document.tsx,MEDIUM,0.9941,1e-04,0.0058,0.9941
cal.com,packages/platform/examples/base/src/pages/bookings.tsx,HIGH,0.6672,0.6672,0.0,0.3328
cal.com,packages/platform/examples/base/src/pages/router.tsx,MEDIUM,0.9945,1e-04,0.0054,0.9945
cal.com,packages/platform/examples/base/src/pages/troubleshooter.tsx,MEDIUM,0.9962,0.0002,0.0036,0.9962
cal.com,packages/platform/examples/base/src/pages/calendar-view.tsx,MEDIUM,0.995,1e-04,0.0048,0.995
cal.com,packages/platform/examples/base/src/pages/embed.tsx,MEDIUM,0.9945,1e-04,0.0054,0.9945
cal.com,packages/platform/examples/base/src/pages/[bookingUid].tsx,HIGH,0.9997,0.9997,0.0,0.0003
cal.com,packages/platform/examples/base/src/pages/_app.tsx,HIGH,0.9998,0.9998,0.0,0.0002
cal.com,packages/platform/examples/base/src/pages/calendars.tsx,MEDIUM,0.9975,0.0012,0.0014,0.9975
cal.com,packages/platform/examples/base/src/pages/payment/[paymentUid].tsx,MEDIUM,0.9992,1e-04,0.0006,0.9992
cal.com,packages/platform/examples/base/src/pages/api/oauth2-user.ts,HIGH,0.7338,0.7338,0.0,0.2662
cal.com,packages/platform/examples/base/src/pages/api/refresh.ts,HIGH,0.7912,0.7912,0.0,0.2088
cal.com,packages/platform/examples/base/src/pages/api/get-users.ts,MEDIUM,0.9996,0.0003,1e-04,0.9996
cal.com,packages/platform/examples/base/src/pages/api/managed-user.ts,HIGH,1.0,1.0,0.0,0.0
cal.com,packages/platform/examples/base/src/pages/availability/index.tsx,MEDIUM,0.9977,1e-04,0.0022,0.9977
cal.com,packages/platform/examples/base/src/pages/availability/[scheduleId].tsx,MEDIUM,0.9946,0.0053,0.0,0.9946
cal.com,packages/debugging/index.tsx,LOW,1.0,0.0,1.0,0.0
cal.com,packages/debugging/components/RenderCounter.tsx,MEDIUM,0.9899,1e-04,0.01,0.9899
cal.com,packages/features/get-cal-video-reference.ts,MEDIUM,0.9941,1e-04,0.0058,0.9941
cal.com,packages/features/trigger.config.ts,MEDIUM,0.9956,0.0044,0.0,0.9956
cal.com,packages/features/get-cal-video-reference.test.ts,MEDIUM,0.9975,0.0002,0.0024,0.9975
cal.com,packages/features/isValidEmail.ts,LOW,1.0,0.0,1.0,0.0
cal.com,packages/features/CalendarEventBuilder.test.ts,HIGH,1.0,1.0,0.0,0.0
cal.com,packages/features/handleMarkNoShow.test.ts,HIGH,1.0,1.0,0.0,0.0
cal.com,packages/features/handleMarkNoShow.ts,HIGH,1.0,1.0,0.0,0.0
cal.com,packages/features/CalendarEventBuilder.ts,HIGH,1.0,1.0,0.0,0.0
cal.com,packages/features/filters/types/filter.d.ts,LOW,0.985,0.0,0.985,0.015
cal.com,packages/features/filters/lib/hasFilter.ts,LOW,0.8998,0.0,0.8998,0.1002
cal.com,packages/features/filters/lib/getTeamsFiltersFromQuery.ts,MEDIUM,0.9937,0.0063,0.0,0.9937
cal.com,packages/features/settings/SectionBottomActions.tsx,MEDIUM,0.9994,1e-04,0.0005,0.9994
cal.com,packages/features/settings/ThemeLabel.tsx,MEDIUM,0.9976,0.0003,0.0021,0.9976
cal.com,packages/features/settings/appDir/SettingsHeaderWithBackButton.tsx,MEDIUM,0.9952,1e-04,0.0047,0.9952
cal.com,packages/features/settings/appDir/SettingsHeader.tsx,MEDIUM,0.9724,0.0276,0.0,0.9724
cal.com,packages/features/eventTypeTranslation/di/EventTypeTranslationRepository.container.ts,HIGH,0.9033,0.9033,0.0,0.0967
cal.com,packages/features/eventTypeTranslation/di/EventTypeTranslationRepository.module.ts,HIGH,0.9987,0.9987,0.0,0.0013
cal.com,packages/features/eventTypeTranslation/repositories/EventTypeTranslationRepository.ts,HIGH,0.9999,0.9999,0.0,1e-04
cal.com,packages/features/eventTypeTranslation/repositories/EventTypeTranslationRepository.test.ts,HIGH,1.0,1.0,0.0,0.0
cal.com,packages/features/calendars/di/tasker/CalendarsTasker.module.ts,MEDIUM,0.9961,0.0002,0.0037,0.9961
cal.com,packages/features/calendars/di/tasker/CalendarsTasker.container.ts,MEDIUM,0.9111,1e-04,0.0888,0.9111
cal.com,packages/features/calendars/di/tasker/CalendarsTaskService.module.ts,MEDIUM,0.9976,1e-04,0.0023,0.9976
cal.com,packages/features/calendars/di/tasker/CalendarsTaskService.container.ts,MEDIUM,0.9111,1e-04,0.0888,0.9111
cal.com,packages/features/calendars/di/tasker/CalendarsTriggerTasker.module.ts,MEDIUM,0.998,1e-04,0.0019,0.998
cal.com,packages/features/calendars/di/tasker/tokens.ts,MEDIUM,0.9876,1e-04,0.0123,0.9876
cal.com,packages/features/calendars/di/tasker/CalendarsSyncTasker.module.ts,MEDIUM,0.9976,1e-04,0.0023,0.9976
cal.com,packages/features/calendars/repositories/DestinationCalendarRepository.ts,HIGH,0.8695,0.8695,0.0,0.1305
cal.com,packages/features/calendars/components/DatePicker.tsx,HIGH,1.0,1.0,0.0,0.0
cal.com,packages/features/calendars/components/DestinationCalendarSelector.tsx,HIGH,1.0,1.0,0.0,0.0
cal.com,packages/features/calendars/components/NoAvailabilityDialog.tsx,HIGH,0.7563,0.7563,0.0,0.2437
cal.com,packages/features/calendars/__tests__/NoAvailabilityDialog.test.tsx,HIGH,0.9882,0.9882,0.0,0.0118
cal.com,packages/features/calendars/__tests__/DatePicker.test.tsx,HIGH,0.9986,0.9986,0.0,0.0014
cal.com,packages/features/calendars/lib/getAvailableDatesInMonth.timezone.test.ts,MEDIUM,0.9965,0.0027,0.0008,0.9965
cal.com,packages/features/calendars/lib/getConnectedDestinationCalendars.ts,HIGH,1.0,1.0,0.0,0.0
cal.com,packages/features/calendars/lib/types.ts,MEDIUM,0.9941,1e-04,0.0058,0.9941
cal.com,packages/features/calendars/lib/CalendarManager.test.ts,HIGH,1.0,1.0,0.0,0.0
cal.com,packages/features/calendars/lib/getAvailableDatesInMonth.ts,MEDIUM,0.9995,0.0005,1e-04,0.9995
cal.com,packages/features/calendars/lib/timezone-conversion.ts,MEDIUM,0.9994,0.0006,0.0,0.9994
cal.com,packages/features/calendars/lib/timezone-conversion.test.ts,HIGH,0.6928,0.6928,0.0,0.3072
cal.com,packages/features/calendars/lib/getCalendarsEvents.ts,HIGH,1.0,1.0,0.0,0.0
cal.com,packages/features/calendars/lib/CalendarManager.ts,HIGH,1.0,1.0,0.0,0.0
cal.com,packages/features/calendars/lib/getCalendarsEvents.test.ts,HIGH,1.0,1.0,0.0,0.0
cal.com,packages/features/calendars/lib/__mocks__/CalendarManager.ts,MEDIUM,0.9797,1e-04,0.0201,0.9797
cal.com,packages/features/calendars/lib/tasker/CalendarsSyncTasker.ts,MEDIUM,0.9958,1e-04,0.0041,0.9958
cal.com,packages/features/calendars/lib/tasker/CalendarsTaskService.ts,MEDIUM,0.9962,0.0037,0.0,0.9962
cal.com,packages/features/calendars/lib/tasker/types.ts,MEDIUM,0.9983,1e-04,0.0017,0.9983
cal.com,packages/features/calendars/lib/tasker/CalendarsTriggerTasker.ts,MEDIUM,0.9944,1e-04,0.0055,0.9944
cal.com,packages/features/calendars/lib/tasker/CalendarsTasker.ts,MEDIUM,0.9996,0.0002,0.0002,0.9996
cal.com,packages/features/calendars/lib/tasker/trigger/schema.ts,LOW,0.985,0.0,0.985,0.015
cal.com,packages/features/calendars/lib/tasker/trigger/ensure-default-calendars.ts,MEDIUM,0.998,1e-04,0.0019,0.998
cal.com,packages/features/calendars/lib/tasker/trigger/config.ts,MEDIUM,0.998,1e-04,0.0019,0.998
cal.com,packages/features/calendars/weeklyview/_storybookData.ts,MEDIUM,0.9975,0.002,0.0004,0.9975
cal.com,packages/features/calendars/weeklyview/types/state.ts,HIGH,1.0,1.0,0.0,0.0
cal.com,packages/features/calendars/weeklyview/types/common.ts,LOW,1.0,0.0,1.0,0.0
cal.com,packages/features/calendars/weeklyview/types/events.ts,MEDIUM,0.9995,1e-04,0.0004,0.9995
cal.com,packages/features/calendars/weeklyview/utils/overlap.test.ts,HIGH,1.0,1.0,0.0,0.0
cal.com,packages/features/calendars/weeklyview/utils/overlap.ts,HIGH,0.9977,0.9977,0.0,0.0023
cal.com,packages/features/calendars/weeklyview/utils/index.ts,HIGH,0.7937,0.7937,0.0,0.2063
cal.com,packages/features/calendars/weeklyview/state/store.ts,HIGH,0.8193,0.8193,0.0,0.1807
cal.com,packages/features/calendars/weeklyview/components/DefaultOutOfOfficeSlot.tsx,MEDIUM,0.8377,0.1623,0.0,0.8377
cal.com,packages/features/form/components/LocationSelect.tsx,HIGH,0.9967,0.9967,0.0,0.0033
cal.com,packages/features/form/components/Select.tsx,HIGH,0.9972,0.9972,0.0,0.0028
cal.com,packages/features/form/components/CheckboxField.tsx,MEDIUM,0.9808,0.0192,0.0,0.9808
cal.com,packages/features/noShow/handleSendingAttendeeNoShowDataToApps.ts,HIGH,1.0,1.0,0.0,0.0
cal.com,packages/features/noShow/noShowEnabledApps.ts,LOW,1.0,0.0,1.0,0.0
cal.com,packages/features/di/tokens.ts,MEDIUM,0.6489,0.3508,0.0003,0.6489
cal.com,packages/features/di/di.ts,HIGH,0.8642,0.8642,0.0,0.1358
cal.com,packages/features/di/shared/shared.tokens.ts,MEDIUM,0.8404,1e-04,0.1595,0.8404
cal.com,packages/features/di/shared/services/tasker.service.ts,MEDIUM,0.9958,1e-04,0.0041,0.9958
cal.com,packages/features/di/shared/services/logger.service.ts,MEDIUM,0.9976,0.0002,0.0022,0.9976
cal.com,packages/features/di/shared/services/triggerDevLogger.service.ts,MEDIUM,0.9971,0.0002,0.0027,0.9971
cal.com,packages/features/di/containers/UserFeatureRepository.ts,MEDIUM,0.9876,1e-04,0.0123,0.9876
cal.com,packages/features/di/containers/FeatureOptInService.ts,MEDIUM,0.9111,1e-04,0.0888,0.9111
cal.com,packages/features/di/containers/FilterHosts.ts,HIGH,0.9022,0.9022,0.0,0.0978
cal.com,packages/features/di/containers/UserRepository.ts,MEDIUM,0.5883,0.4116,1e-04,0.5883
cal.com,packages/features/di/containers/BookingAccessService.ts,MEDIUM,0.9111,1e-04,0.0888,0.9111
cal.com,packages/features/di/containers/FeaturesRepository.ts,MEDIUM,0.9876,1e-04,0.0123,0.9876
cal.com,packages/features/di/containers/TranslationService.ts,MEDIUM,0.5883,0.4116,1e-04,0.5883
cal.com,packages/features/di/containers/BookingAuditViewerService.container.ts,MEDIUM,0.9944,1e-04,0.0055,0.9944
cal.com,packages/features/di/containers/AvailableSlots.ts,HIGH,0.9955,0.9955,0.0,0.0045
cal.com,packages/features/di/containers/BusyTimes.ts,MEDIUM,0.9945,1e-04,0.0054,0.9945
cal.com,packages/features/di/containers/BookingLimits.ts,MEDIUM,0.9961,0.0002,0.0037,0.9961
cal.com,packages/features/di/containers/Redis.ts,MEDIUM,0.9797,1e-04,0.0201,0.9797
cal.com,packages/features/di/containers/NoSlotsNotification.ts,MEDIUM,0.7759,0.2239,0.0002,0.7759
cal.com,packages/features/di/containers/DestinationCalendar.ts,MEDIUM,0.9111,1e-04,0.0888,0.9111
cal.com,packages/features/di/containers/LuckyUser.ts,MEDIUM,0.9111,1e-04,0.0888,0.9111
cal.com,packages/features/di/containers/ManagedEventReassignment.ts,MEDIUM,0.9597,0.039,0.0014,0.9597
cal.com,packages/features/di/containers/TeamFeatureRepository.ts,MEDIUM,0.9876,1e-04,0.0123,0.9876
cal.com,packages/features/di/containers/FeatureRepository.ts,MEDIUM,0.9111,1e-04,0.0888,0.9111
cal.com,packages/features/di/containers/QualifiedHosts.ts,HIGH,0.9998,0.9998,0.0,0.0002
cal.com,packages/features/di/containers/FeatureRepository.integration-test.ts,HIGH,0.982,0.982,0.0,0.018
cal.com,packages/features/di/containers/GetUserAvailability.ts,MEDIUM,0.9971,0.0002,0.0027,0.9971
cal.com,packages/features/di/modules/Holiday.ts,MEDIUM,0.9945,1e-04,0.0054,0.9945
cal.com,packages/features/di/modules/Prisma.ts,MEDIUM,0.9952,1e-04,0.0047,0.9952
cal.com,packages/features/di/modules/FeatureOptInService.ts,MEDIUM,0.9962,0.0002,0.0036,0.9962
cal.com,packages/features/di/modules/CheckBookingAndDurationLimits.ts,MEDIUM,0.998,1e-04,0.0019,0.998
cal.com,packages/features/di/modules/Credential.ts,MEDIUM,0.9963,1e-04,0.0035,0.9963
cal.com,packages/features/di/modules/FilterHosts.ts,MEDIUM,0.6668,0.3223,0.0109,0.6668
cal.com,packages/features/di/modules/BookingAccessService.ts,MEDIUM,0.9963,1e-04,0.0035,0.9963
cal.com,packages/features/di/modules/FeaturesRepository.ts,MEDIUM,0.9977,1e-04,0.0022,0.9977
cal.com,packages/features/di/modules/Schedule.ts,MEDIUM,0.8404,1e-04,0.1595,0.8404
cal.com,packages/features/di/modules/AssignmentReason.ts,MEDIUM,0.9963,1e-04,0.0035,0.9963
cal.com,packages/features/di/modules/TranslationService.ts,HIGH,0.9671,0.9671,0.0002,0.0326
cal.com,packages/features/di/modules/AvailableSlots.ts,HIGH,0.8742,0.8742,0.0,0.1258
cal.com,packages/features/di/modules/BusyTimes.ts,MEDIUM,0.9111,1e-04,0.0888,0.9111
cal.com,packages/features/di/modules/EventType.ts,MEDIUM,0.9945,1e-04,0.0054,0.9945
cal.com,packages/features/di/modules/NoSlotsNotification.ts,MEDIUM,0.8002,0.1994,0.0003,0.8002
cal.com,packages/features/di/modules/DestinationCalendar.ts,MEDIUM,0.9963,1e-04,0.0035,0.9963
cal.com,packages/features/di/modules/CheckBookingLimits.ts,MEDIUM,0.995,1e-04,0.0048,0.995
cal.com,packages/features/di/modules/LuckyUser.ts,HIGH,0.8501,0.8501,1e-04,0.1498
cal.com,packages/features/di/modules/ManagedEventReassignment.ts,HIGH,0.9428,0.9428,0.0,0.0572
cal.com,packages/features/di/modules/Ooo.ts,MEDIUM,0.9963,1e-04,0.0035,0.9963
cal.com,packages/features/di/modules/Booking.ts,MEDIUM,0.9945,1e-04,0.0054,0.9945
cal.com,packages/features/di/modules/QualifiedHosts.ts,HIGH,1.0,1.0,0.0,0.0
cal.com,packages/features/di/modules/OrgMembershipLookup.ts,MEDIUM,0.9992,1e-04,0.0008,0.9992
cal.com,packages/features/di/modules/Host.ts,MEDIUM,0.9963,1e-04,0.0035,0.9963
cal.com,packages/features/di/modules/SelectedSlots.ts,MEDIUM,0.8404,1e-04,0.1595,0.8404
cal.com,packages/features/di/modules/GetUserAvailability.ts,MEDIUM,0.9941,1e-04,0.0058,0.9941
cal.com,packages/features/di/modules/User.ts,MEDIUM,0.9963,1e-04,0.0035,0.9963
cal.com,packages/features/di/webhooks/Webhooks.tokens.ts,HIGH,0.799,0.799,0.0,0.201
cal.com,packages/features/di/webhooks/repositories/Webhook.repository.ts,LOW,0.8998,0.0,0.8998,0.1002
cal.com,packages/features/di/webhooks/containers/webhook.ts,HIGH,0.9997,0.9997,0.0,0.0003
cal.com,packages/features/di/webhooks/modules/WebhookTaskConsumer.module.ts,HIGH,0.8584,0.8584,0.0,0.1416
cal.com,packages/features/di/webhooks/modules/PaymentWebhookDataFetcher.module.ts,MEDIUM,0.9111,1e-04,0.0888,0.9111
cal.com,packages/features/di/webhooks/modules/OOOWebhookDataFetcher.module.ts,MEDIUM,0.9111,1e-04,0.0888,0.9111
cal.com,packages/features/di/webhooks/modules/WebhookProducerService.module.ts,MEDIUM,0.9994,1e-04,0.0005,0.9994
cal.com,packages/features/di/webhooks/modules/BookingWebhookDataFetcher.module.ts,MEDIUM,0.9876,1e-04,0.0123,0.9876
cal.com,packages/features/di/webhooks/modules/Webhook.module.ts,HIGH,0.9992,0.9992,0.0,0.0008
cal.com,packages/features/di/webhooks/modules/RecordingWebhookDataFetcher.module.ts,MEDIUM,0.9111,1e-04,0.0888,0.9111
cal.com,packages/features/di/webhooks/services/Webhook.service.ts,HIGH,0.9804,0.9804,0.0,0.0196
cal.com,packages/features/di/webhooks/tasker/WebhookTasker.module.ts,MEDIUM,0.996,0.0002,0.0038,0.996
cal.com,packages/features/di/webhooks/tasker/WebhookTaskConsumer.module.ts,HIGH,0.9778,0.9778,0.0,0.0222
cal.com,packages/features/di/webhooks/tasker/WebhookTriggerTasker.module.ts,MEDIUM,0.998,1e-04,0.0019,0.998
cal.com,packages/features/di/webhooks/tasker/tokens.ts,MEDIUM,0.9111,1e-04,0.0888,0.9111
cal.com,packages/features/di/webhooks/tasker/WebhookSyncTasker.module.ts,MEDIUM,0.998,1e-04,0.0019,0.998
cal.com,packages/features/di/watchlist/Watchlist.tokens.ts,MEDIUM,0.9945,1e-04,0.0054,0.9945
cal.com,packages/features/di/watchlist/containers/SpamCheckService.container.ts,MEDIUM,0.9797,1e-04,0.0201,0.9797
cal.com,packages/features/di/watchlist/containers/watchlist.ts,HIGH,0.9997,0.9997,0.0,0.0003
cal.com,packages/features/di/watchlist/modules/Watchlist.module.ts,MEDIUM,0.9961,0.0002,0.0037,0.9961
cal.com,packages/features/oauth/di/AccessCodeRepository.module.ts,MEDIUM,0.9977,1e-04,0.0022,0.9977
cal.com,packages/features/oauth/di/tokens.ts,MEDIUM,0.9111,1e-04,0.0888,0.9111
cal.com,packages/features/oauth/di/OAuthService.module.ts,HIGH,0.7882,0.7882,0.0,0.2118
cal.com,packages/features/oauth/di/OAuthService.container.ts,MEDIUM,0.8404,1e-04,0.1595,0.8404
cal.com,packages/features/oauth/di/OAuthClientRepository.module.ts,MEDIUM,0.9977,1e-04,0.0022,0.9977
cal.com,packages/features/oauth/utils/generateSecret.ts,LOW,0.9993,0.0,0.9993,0.0007
cal.com,packages/features/oauth/repositories/AccessCodeRepository.ts,MEDIUM,0.9968,0.0025,0.0007,0.9968
cal.com,packages/features/oauth/repositories/OAuthClientRepository.ts,HIGH,0.9978,0.9978,0.0,0.0021
cal.com,packages/features/oauth/services/OAuthService.ts,HIGH,1.0,1.0,0.0,0.0
cal.com,packages/features/flags/features.repository.interface.ts,MEDIUM,0.9997,1e-04,0.0002,0.9997
cal.com,packages/features/flags/features.repository.ts,HIGH,1.0,1.0,0.0,0.0
cal.com,packages/features/flags/features.repository.mock.ts,MEDIUM,0.9988,0.0012,0.0,0.9988
cal.com,packages/features/flags/config.ts,HIGH,0.7276,0.7276,0.0004,0.272
cal.com,packages/features/flags/features.repository.integration-test.ts,HIGH,1.0,1.0,0.0,0.0
cal.com,packages/features/flags/di/CachedFeatureRepository.module.ts,MEDIUM,0.9963,1e-04,0.0035,0.9963
cal.com,packages/features/flags/di/tokens.ts,MEDIUM,0.9978,0.0002,0.0019,0.9978
cal.com,packages/features/flags/di/CachedTeamFeatureRepository.module.ts,MEDIUM,0.9963,1e-04,0.0035,0.9963
cal.com,packages/features/flags/di/PrismaTeamFeatureRepository.module.ts,MEDIUM,0.9963,1e-04,0.0035,0.9963
cal.com,packages/features/flags/di/PrismaFeatureRepository.module.ts,MEDIUM,0.9963,1e-04,0.0035,0.9963
cal.com,packages/features/flags/di/CachedUserFeatureRepository.module.ts,MEDIUM,0.9963,1e-04,0.0035,0.9963
cal.com,packages/features/flags/di/PrismaUserFeatureRepository.module.ts,MEDIUM,0.9963,1e-04,0.0035,0.9963
cal.com,packages/features/flags/context/provider.ts,MEDIUM,0.9991,1e-04,0.0009,0.9991
cal.com,packages/features/flags/repositories/PrismaTeamFeatureRepository.ts,HIGH,1.0,1.0,0.0,0.0
cal.com,packages/features/flags/repositories/PrismaFeatureRepository.ts,HIGH,0.9999,0.9999,0.0,1e-04
cal.com,packages/features/flags/repositories/CachedTeamFeatureRepository.ts,MEDIUM,0.9978,0.002,0.0002,0.9978
cal.com,packages/features/flags/repositories/schemas.ts,MEDIUM,0.9975,0.0012,0.0014,0.9975
cal.com,packages/features/flags/repositories/PrismaUserFeatureRepository.ts,HIGH,0.9999,0.9999,0.0,1e-04
cal.com,packages/features/flags/repositories/CachedFeatureRepository.ts,HIGH,0.9999,0.9999,0.0,1e-04
cal.com,packages/features/flags/repositories/CachedUserFeatureRepository.ts,MEDIUM,0.9968,0.0025,0.0007,0.9968
cal.com,packages/features/flags/repositories/__tests__/FeatureRepository.test.ts,HIGH,0.9886,0.9886,0.0,0.0114
cal.com,packages/features/flags/repositories/__tests__/TeamFeatureRepository.test.ts,HIGH,0.9957,0.9957,0.0,0.0043
cal.com,packages/features/flags/repositories/__tests__/UserFeatureRepository.test.ts,HIGH,0.9894,0.9894,0.0,0.0106
cal.com,packages/features/flags/operations/check-if-user-has-feature.controller.ts,MEDIUM,0.9993,1e-04,0.0006,0.9993
cal.com,packages/features/flags/operations/check-if-user-has-feature.use-case.test.ts,MEDIUM,0.9993,1e-04,0.0006,0.9993
cal.com,packages/features/flags/operations/check-if-user-has-feature.controller.test.ts,MEDIUM,0.9993,1e-04,0.0006,0.9993
cal.com,packages/features/flags/operations/check-if-user-has-feature.use-case.ts,MEDIUM,0.9797,1e-04,0.0201,0.9797
cal.com,packages/features/flags/operations/check-if-user-has-feature.ts,LOW,1.0,0.0,1.0,0.0
cal.com,packages/features/flags/hooks/useIsFeatureEnabledForTeam.ts,MEDIUM,0.9997,1e-04,1e-04,0.9997
cal.com,packages/features/timezone/components/TimezoneSelectComponent.tsx,HIGH,0.9998,0.9998,0.0,0.0002
cal.com,packages/features/host/repositories/HostLocationRepository.ts,MEDIUM,0.9974,0.0018,0.0008,0.9974
cal.com,packages/features/host/repositories/HostRepository.test.ts,MEDIUM,0.9971,0.0024,0.0005,0.9971
cal.com,packages/features/host/repositories/HostRepository.ts,HIGH,1.0,1.0,0.0,0.0
cal.com,packages/features/host/services/EventTypeHostService.test.ts,HIGH,1.0,1.0,0.0,0.0
cal.com,packages/features/host/services/IEventTypeHostService.ts,HIGH,0.9999,0.9999,0.0,1e-04
cal.com,packages/features/host/services/EventTypeHostService.ts,HIGH,1.0,1.0,0.0,0.0
cal.com,packages/features/selectedCalendar/repositories/SelectedCalendarRepository.interface.ts,MEDIUM,0.9995,0.0005,1e-04,0.9995
cal.com,packages/features/selectedCalendar/repositories/SelectedCalendarRepository.test.ts,HIGH,1.0,1.0,0.0,0.0
cal.com,packages/features/selectedCalendar/repositories/SelectedCalendarRepository.ts,HIGH,1.0,1.0,0.0,0.0
cal.com,packages/features/cache/index.ts,LOW,0.9993,0.0,0.9993,0.0007
cal.com,packages/features/cache/decorators/Unmemoize.ts,MEDIUM,0.9995,0.0004,1e-04,0.9995
cal.com,packages/features/cache/decorators/types.ts,LOW,0.9998,0.0,0.9998,0.0002
cal.com,packages/features/cache/decorators/Memoize.ts,MEDIUM,0.8428,0.1572,0.0,0.8428
cal.com,packages/features/cache/decorators/__tests__/Memoize.test.ts,HIGH,0.5835,0.5835,1e-04,0.4164
cal.com,packages/features/cache/decorators/__tests__/Unmemoize.test.ts,MEDIUM,0.9218,0.0781,1e-04,0.9218
cal.com,packages/features/embed/types/index.d.ts,MEDIUM,0.9982,0.0012,0.0006,0.9982
cal.com,packages/features/embed/lib/getApiName.tsx,MEDIUM,0.9996,1e-04,0.0003,0.9996
cal.com,packages/features/embed/lib/EmbedTabs.tsx,HIGH,1.0,1.0,0.0,0.0
cal.com,packages/features/embed/lib/buildCssVarsPerTheme.ts,MEDIUM,0.9997,0.0002,1e-04,0.9997
cal.com,packages/features/embed/lib/constants.ts,MEDIUM,0.9111,1e-04,0.0888,0.9111
cal.com,packages/features/embed/lib/EmbedCodes.tsx,HIGH,1.0,1.0,0.0,0.0
cal.com,packages/features/embed/lib/getApiName.test.tsx,MEDIUM,0.9996,0.0003,1e-04,0.9996
cal.com,packages/features/embed/lib/getDimension.tsx,MEDIUM,0.9084,1e-04,0.0916,0.9084
cal.com,packages/features/embed/lib/hooks/index.tsx,HIGH,0.9895,0.9895,0.0,0.0105
cal.com,packages/features/embed/lib/hooks/useEmbedParams.ts,MEDIUM,0.9981,0.0019,0.0,0.9981
cal.com,packages/features/embed/lib/hooks/useEmbedDialogCtx.tsx,MEDIUM,0.9997,0.0002,1e-04,0.9997
cal.com,packages/features/bookings/types.ts,HIGH,0.9997,0.9997,0.0,0.0003
cal.com,packages/features/bookings/types.server.ts,MEDIUM,0.8404,1e-04,0.1595,0.8404
cal.com,packages/features/bookings/di/BookingAttendeesRemoveService.module.ts,HIGH,0.8472,0.8472,0.0008,0.152
cal.com,packages/features/bookings/di/BookingAttendeeRepository.module.ts,HIGH,0.5933,0.5933,1e-04,0.4066
cal.com,packages/features/bookings/di/RegularBookingService.module.ts,HIGH,0.9637,0.9637,0.0,0.0363
cal.com,packages/features/bookings/di/BookingReferenceRepository.module.ts,HIGH,0.6591,0.6591,1e-04,0.3408
cal.com,packages/features/bookings/di/BookingAttendeesService.container.ts,HIGH,0.7488,0.7488,0.0,0.2511
cal.com,packages/features/bookings/di/RecurringBookingService.container.ts,MEDIUM,0.9876,1e-04,0.0123,0.9876
cal.com,packages/features/bookings/di/RegularBookingService.container.ts,MEDIUM,0.9876,1e-04,0.0123,0.9876
cal.com,packages/features/bookings/di/RecurringBookingService.module.ts,HIGH,0.9141,0.9141,0.0,0.0859
cal.com,packages/features/bookings/di/BookingEventHandlerService.container.ts,MEDIUM,0.9876,1e-04,0.0123,0.9876
cal.com,packages/features/bookings/di/BookingEmailSmsHandler.container.ts,MEDIUM,0.8792,0.1199,0.0008,0.8792
cal.com,packages/features/bookings/di/BookingEmailSmsHandler.module.ts,MEDIUM,0.998,1e-04,0.0019,0.998
cal.com,packages/features/bookings/di/BookingAttendeesRemoveService.container.ts,HIGH,0.9033,0.9033,0.0,0.0967
cal.com,packages/features/bookings/di/Attendee.module.ts,MEDIUM,0.9945,1e-04,0.0054,0.9945
cal.com,packages/features/bookings/di/tokens.ts,MEDIUM,0.9457,0.0484,0.006,0.9457
cal.com,packages/features/bookings/di/BookingEventHandlerService.module.ts,HIGH,0.9437,0.9437,0.0,0.0563
cal.com,packages/features/bookings/di/BookingCancelService.container.ts,MEDIUM,0.9876,1e-04,0.0123,0.9876
cal.com,packages/features/bookings/di/BookingAttendeesService.module.ts,HIGH,0.8927,0.8927,0.0005,0.1068
cal.com,packages/features/bookings/di/BookingCancelService.module.ts,MEDIUM,0.9969,0.0003,0.0028,0.9969
cal.com,packages/features/bookings/di/tasker/BookingEmailAndSmsSyncTasker.module.ts,MEDIUM,0.9976,1e-04,0.0023,0.9976
cal.com,packages/features/bookings/di/tasker/BookingEmailAndSmsTaskService.module.ts,MEDIUM,0.9961,0.0002,0.0037,0.9961
cal.com,packages/features/bookings/di/tasker/BookingEmailAndSmsTriggerDevTasker.module.ts,MEDIUM,0.998,1e-04,0.0019,0.998
cal.com,packages/features/bookings/di/tasker/BookingEmailAndSmsTriggerDevTasker.container.ts,MEDIUM,0.9111,1e-04,0.0888,0.9111
cal.com,packages/features/bookings/di/tasker/BookingEmailAndSmsTasker.container.ts,MEDIUM,0.9111,1e-04,0.0888,0.9111
cal.com,packages/features/bookings/di/tasker/tokens.ts,MEDIUM,0.9876,1e-04,0.0123,0.9876
cal.com,packages/features/bookings/di/tasker/BookingEmailAndSmsTaskService.container.ts,MEDIUM,0.9111,1e-04,0.0888,0.9111
cal.com,packages/features/bookings/di/tasker/BookingEmailAndSmsTasker.module.ts,MEDIUM,0.9961,0.0002,0.0037,0.9961
cal.com,packages/features/bookings/di/tasker/BookingEmailAndSmsSyncTasker.container.ts,MEDIUM,0.9111,1e-04,0.0888,0.9111
cal.com,packages/features/bookings/repositories/PrismaBookingAttendeeRepository.ts,HIGH,0.9988,0.9988,0.0,0.0012
cal.com,packages/features/bookings/repositories/BookingSeatRepository.ts,MEDIUM,0.9973,0.0004,0.0023,0.9973
cal.com,packages/features/bookings/repositories/TrackingRepository.interface.ts,LOW,0.985,0.0,0.985,0.015
cal.com,packages/features/bookings/repositories/BookingRepository.test.ts,HIGH,0.9999,0.9999,0.0,1e-04
cal.com,packages/features/bookings/repositories/BookingRepository.ts,HIGH,1.0,1.0,0.0,0.0
cal.com,packages/features/bookings/repositories/IAttendeeRepository.ts,LOW,0.985,0.0,0.985,0.015
cal.com,packages/features/bookings/repositories/PrismaBookingPaymentRepository.ts,MEDIUM,0.9968,0.0025,0.0007,0.9968
cal.com,packages/features/bookings/repositories/PrismaTrackingRepository.ts,MEDIUM,0.995,1e-04,0.0048,0.995
cal.com,packages/features/bookings/repositories/WrongAssignmentReportRepository.test.ts,HIGH,0.9999,0.9999,0.0,1e-04
cal.com,packages/features/bookings/repositories/BookingPaymentRepository.interface.ts,MEDIUM,0.9985,0.0007,0.0008,0.9985
cal.com,packages/features/bookings/repositories/WrongAssignmentReportRepository.ts,HIGH,1.0,1.0,0.0,0.0
cal.com,packages/features/bookings/repositories/AttendeeRepository.ts,MEDIUM,0.9888,0.0112,0.0,0.9888
cal.com,packages/features/bookings/repositories/IBookingRepository.ts,HIGH,0.999,0.999,0.0,0.001
cal.com,packages/features/bookings/components/Section.tsx,MEDIUM,0.9991,0.0008,0.0,0.9991
cal.com,packages/features/bookings/components/Header.tsx,HIGH,1.0,1.0,0.0,0.0
cal.com,packages/features/bookings/components/TimeFormatToggle.tsx,MEDIUM,0.9996,1e-04,0.0003,0.9996
cal.com,packages/features/bookings/components/event-meta/Price.tsx,MEDIUM,0.9997,1e-04,0.0002,0.9997
cal.com,packages/features/bookings/components/event-meta/PayIcon.tsx,LOW,0.8998,0.0,0.8998,0.1002
cal.com,packages/features/bookings/hooks/useInitializeWeekStart.ts,MEDIUM,0.9998,1e-04,1e-04,0.9998
cal.com,packages/features/bookings/hooks/useBookerUrl.ts,MEDIUM,0.6017,0.3981,0.0003,0.6017
cal.com,packages/features/bookings/hooks/index.ts,LOW,0.9998,0.0,0.9998,0.0002
cal.com,packages/features/bookings/hooks/useBookingLocation.ts,MEDIUM,0.9985,0.0015,0.0,0.9985
cal.com,packages/features/bookings/lib/EventManager.ts,HIGH,1.0,1.0,0.0,0.0
cal.com,packages/features/bookings/lib/get-booking.ts,HIGH,1.0,1.0,0.0,0.0
cal.com,packages/features/bookings/lib/timePreferences.ts,MEDIUM,0.9992,1e-04,0.0007,0.9992
cal.com,packages/features/bookings/lib/getCalendarLinks.test.ts,HIGH,0.9996,0.9996,0.0,0.0004
cal.com,packages/features/bookings/lib/handlePayment.ts,HIGH,1.0,1.0,0.0,0.0
cal.com,packages/features/bookings/lib/getAssignmentReasonCategory.ts,MEDIUM,0.5277,0.4722,1e-04,0.5277
cal.com,packages/features/bookings/lib/getBookingDataSchema.ts,MEDIUM,0.9958,1e-04,0.0041,0.9958
cal.com,packages/features/bookings/lib/handlePayment.test.ts,HIGH,0.9999,0.9999,0.0,1e-04
cal.com,packages/features/bookings/lib/getAllUserBookings.ts,MEDIUM,0.988,0.0119,0.0,0.988
cal.com,packages/features/bookings/lib/handleWebhookTrigger.ts,MEDIUM,0.9988,0.0012,0.0,0.9988
cal.com,packages/features/bookings/lib/getLocationOptionsForSelect.ts,MEDIUM,0.9995,0.0005,1e-04,0.9995
cal.com,packages/features/bookings/lib/getCalendarLinks.ts,HIGH,1.0,1.0,0.0,0.0
cal.com,packages/features/bookings/lib/bookingSuccessRedirect.test.ts,HIGH,1.0,1.0,0.0,0.0
cal.com,packages/features/bookings/lib/checkDurationLimits.ts,MEDIUM,0.9946,0.0054,0.0,0.9946
cal.com,packages/features/bookings/lib/getBookingFields.ts,HIGH,1.0,1.0,0.0,0.0
cal.com,packages/features/bookings/lib/getBookingInfo.ts,MEDIUM,0.9983,1e-04,0.0017,0.9983
cal.com,packages/features/bookings/lib/getBookingDataSchemaForApi.ts,MEDIUM,0.9108,0.0892,0.0,0.9108
cal.com,packages/features/bookings/lib/getBookingResponsesSchema.test.ts,HIGH,1.0,1.0,0.0,0.0
cal.com,packages/features/bookings/lib/getAssignmentReasonCategory.test.ts,HIGH,0.9959,0.9959,0.0,0.0041
cal.com,packages/features/bookings/lib/getBookingResponsesSchema.ts,HIGH,1.0,1.0,0.0,0.0
cal.com,packages/features/bookings/lib/buildEventUrlFromBooking.test.ts,HIGH,1.0,1.0,0.0,0.0
cal.com,packages/features/bookings/lib/checkBookingLimits.ts,HIGH,0.559,0.559,0.0,0.441
cal.com,packages/features/bookings/lib/handleBookingRequested.ts,HIGH,1.0,1.0,0.0,0.0
cal.com,packages/features/bookings/lib/create-recurring-booking.ts,MEDIUM,0.9941,1e-04,0.0058,0.9941
cal.com,packages/features/bookings/lib/useCheckOverlapWithOverlay.tsx,MEDIUM,0.9984,0.0015,0.0,0.9984
cal.com,packages/features/bookings/lib/getHostsAndGuests.ts,MEDIUM,0.9648,0.0352,0.0,0.9648
cal.com,packages/features/bookings/lib/getBookingToDelete.ts,MEDIUM,0.5446,0.4553,1e-04,0.5446
cal.com,packages/features/bookings/lib/bookingSuccessRedirect.ts,HIGH,1.0,1.0,0.0,0.0
cal.com,packages/features/bookings/lib/BookingEmailSmsHandler.ts,HIGH,1.0,1.0,0.0,0.0
cal.com,packages/features/bookings/lib/useFilterQuery.tsx,MEDIUM,0.9998,1e-04,1e-04,0.9998
cal.com,packages/features/bookings/lib/rating.ts,MEDIUM,0.9992,0.0007,0.0,0.9992
cal.com,packages/features/bookings/lib/create-booking.ts,MEDIUM,0.9941,1e-04,0.0058,0.9941
cal.com,packages/features/bookings/lib/index.ts,MEDIUM,0.9582,0.0407,0.001,0.9582
cal.com,packages/features/bookings/lib/getLuckyUser.test.ts,HIGH,1.0,1.0,0.0,0.0
cal.com,packages/features/bookings/lib/getWebhookPayloadForBooking.ts,HIGH,0.9969,0.9969,0.0,0.0031
cal.com,packages/features/bookings/lib/getCalEventResponses.ts,HIGH,0.9748,0.9748,0.0,0.0252
cal.com,packages/features/bookings/lib/handleCancelBooking.ts,HIGH,1.0,1.0,0.0,0.0
cal.com,packages/features/bookings/lib/isEventTypeLoggingEnabled.ts,MEDIUM,0.9995,0.0005,1e-04,0.9995
cal.com,packages/features/bookings/lib/EventManager.test.ts,HIGH,1.0,1.0,0.0,0.0
cal.com,packages/features/bookings/lib/buildEventUrlFromBooking.ts,HIGH,0.9996,0.9996,0.0,0.0004
cal.com,packages/features/bookings/lib/handleInternalNote.ts,MEDIUM,0.8987,0.1013,0.0,0.8987
cal.com,packages/features/bookings/lib/getLuckyUser.ts,HIGH,1.0,1.0,0.0,0.0
cal.com,packages/features/bookings/lib/cancellationReason.ts,HIGH,0.9996,0.9996,0.0,0.0004
cal.com,packages/features/bookings/lib/doesBookingRequireConfirmation.ts,MEDIUM,0.9995,0.0005,1e-04,0.9995
cal.com,packages/features/bookings/lib/getUserBooking.ts,MEDIUM,0.9944,0.0054,0.0002,0.9944
cal.com,packages/features/bookings/lib/handleConfirmation.ts,HIGH,1.0,1.0,0.0,0.0
cal.com,packages/features/bookings/lib/bookingCreateBodySchema.ts,HIGH,0.9999,0.9999,0.0,1e-04
cal.com,packages/features/bookings/lib/dto/schema.ts,MEDIUM,0.9797,1e-04,0.0201,0.9797
cal.com,packages/features/bookings/lib/dto/types.d.ts,HIGH,0.9028,0.9028,0.0,0.0972
cal.com,packages/features/bookings/lib/dto/BookingCancel.d.ts,MEDIUM,0.985,0.0134,0.0015,0.985
cal.com,packages/features/bookings/lib/dto/IBookingAttendeeRepository.ts,MEDIUM,0.6999,0.3,1e-04,0.6999
cal.com,packages/features/bookings/lib/handleCancelBooking/types.ts,MEDIUM,0.9941,1e-04,0.0058,0.9941
cal.com,packages/features/bookings/lib/handleCancelBooking/test/handleCancelBooking.test.ts,HIGH,1.0,1.0,0.0,0.0
cal.com,packages/features/bookings/lib/payment/processNoShowFeeOnCancellation.ts,HIGH,0.8407,0.8407,0.0,0.1593
cal.com,packages/features/bookings/lib/payment/shouldChargeNoShowCancellationFee.ts,HIGH,1.0,1.0,0.0,0.0
cal.com,packages/features/bookings/lib/payment/handleRefundError.ts,MEDIUM,0.9996,1e-04,0.0003,0.9996
cal.com,packages/features/bookings/lib/payment/handleNoShowFee.test.ts,HIGH,1.0,1.0,0.0,0.0
cal.com,packages/features/bookings/lib/payment/processPaymentRefund.ts,HIGH,0.8879,0.8879,0.0,0.1121
cal.com,packages/features/bookings/lib/payment/shouldChargeNoShowCancellationFee.test.ts,HIGH,0.9941,0.9941,0.0,0.0059
cal.com,packages/features/bookings/lib/payment/processNoShowFeeOnCancellation.test.ts,HIGH,1.0,1.0,0.0,0.0
cal.com,packages/features/bookings/lib/payment/getBooking.ts,HIGH,1.0,1.0,0.0,0.0
cal.com,packages/features/bookings/lib/payment/processPaymentRefund.test.ts,HIGH,1.0,1.0,0.0,0.0
cal.com,packages/features/bookings/lib/payment/deletePayment.ts,MEDIUM,0.9994,0.0006,0.0,0.9994
cal.com,packages/features/bookings/lib/payment/handleNoShowFee.ts,HIGH,1.0,1.0,0.0,0.0
cal.com,packages/features/bookings/lib/payment/handlePaymentRefund.ts,MEDIUM,0.9994,0.0006,0.0,0.9994
cal.com,packages/features/bookings/lib/getAllCredentialsForUsersOnEvent/refreshCredentials.ts,MEDIUM,0.9977,1e-04,0.0022,0.9977
cal.com,packages/features/bookings/lib/getAllCredentialsForUsersOnEvent/refreshCredential.ts,MEDIUM,0.9994,1e-04,0.0006,0.9994
cal.com,packages/features/bookings/lib/getAllCredentialsForUsersOnEvent/getAllCredentials.test.ts,HIGH,1.0,1.0,0.0,0.0
cal.com,packages/features/bookings/lib/getAllCredentialsForUsersOnEvent/getAllCredentials.ts,HIGH,1.0,1.0,0.0,0.0
cal.com,packages/features/bookings/lib/handleSeats/types.d.ts,HIGH,0.5667,0.5667,1e-04,0.4332
cal.com,packages/features/bookings/lib/handleSeats/handleSeats.ts,HIGH,1.0,1.0,0.0,0.0
cal.com,packages/features/bookings/lib/handleSeats/cancel/cancelAttendeeSeat.ts,HIGH,1.0,1.0,0.0,0.0
cal.com,packages/features/bookings/lib/handleSeats/test/handleSeats.test.ts,HIGH,1.0,1.0,0.0,0.0
cal.com,packages/features/bookings/lib/handleSeats/lib/lastAttendeeDeleteBooking.ts,MEDIUM,0.5237,0.4763,0.0,0.5237
cal.com,packages/features/bookings/lib/handleSeats/create/createNewSeat.integration-test.ts,HIGH,1.0,1.0,0.0,0.0
cal.com,packages/features/bookings/lib/handleSeats/create/createNewSeat.ts,HIGH,1.0,1.0,0.0,0.0
cal.com,packages/features/bookings/lib/handleSeats/reschedule/rescheduleSeatedBooking.ts,HIGH,0.9891,0.9891,0.0,0.0109
cal.com,packages/features/bookings/lib/handleSeats/reschedule/owner/moveSeatedBookingToNewTimeSlot.ts,HIGH,1.0,1.0,0.0,0.0
cal.com,packages/features/bookings/lib/handleSeats/reschedule/owner/ownerRescheduleSeatedBooking.ts,MEDIUM,0.9981,0.0019,0.0,0.9981
cal.com,packages/features/bookings/lib/handleSeats/reschedule/owner/combineTwoSeatedBookings.ts,HIGH,1.0,1.0,0.0,0.0
cal.com,packages/features/bookings/lib/handleSeats/reschedule/attendee/attendeeRescheduleSeatedBooking.ts,HIGH,0.9977,0.9977,0.0,0.0023
cal.com,packages/features/bookings/lib/onBookingEvents/types.d.ts,MEDIUM,0.5645,0.4353,0.0002,0.5645
cal.com,packages/features/bookings/lib/onBookingEvents/BookingEventHandlerService.ts,HIGH,1.0,1.0,0.0,0.0
cal.com,packages/features/bookings/lib/conflictChecker/checkForConflicts.test.ts,HIGH,1.0,1.0,0.0,0.0
cal.com,packages/features/bookings/lib/conflictChecker/checkForConflicts.ts,MEDIUM,0.9961,0.0039,0.0,0.9961
cal.com,packages/features/bookings/lib/requiresConfirmation/getBookingRequest.ts,MEDIUM,0.9996,0.0002,0.0002,0.9996
cal.com,packages/features/bookings/lib/service/RecurringBookingService.ts,HIGH,1.0,1.0,0.0,0.0
cal.com,packages/features/bookings/lib/service/RegularBookingService.ts,HIGH,1.0,1.0,0.0,0.0
cal.com,packages/features/bookings/lib/service/RecurringBookingService.test.ts,HIGH,1.0,1.0,0.0,0.0
cal.com,packages/features/bookings/lib/handleNewBooking/validateEventLength.ts,MEDIUM,0.9996,0.0003,0.0002,0.9996
cal.com,packages/features/bookings/lib/handleNewBooking/loadUsers.ts,HIGH,1.0,1.0,0.0,0.0
cal.com,packages/features/bookings/lib/handleNewBooking/checkBookingAndDurationLimits.ts,MEDIUM,0.997,0.003,0.0,0.997
cal.com,packages/features/bookings/lib/handleNewBooking/loadAndValidateUsers.ts,HIGH,1.0,1.0,0.0,0.0
cal.com,packages/features/bookings/lib/handleNewBooking/getLocationValuesForDb.ts,MEDIUM,0.8245,0.1755,0.0,0.8245
cal.com,packages/features/bookings/lib/handleNewBooking/getEventTypesFromDB.ts,HIGH,1.0,1.0,0.0,0.0
cal.com,packages/features/bookings/lib/handleNewBooking/originalRescheduledBookingUtils.ts,MEDIUM,0.9997,1e-04,1e-04,0.9997
cal.com,packages/features/bookings/lib/handleNewBooking/getSeatedBooking.ts,MEDIUM,0.9945,1e-04,0.0054,0.9945
cal.com,packages/features/bookings/lib/handleNewBooking/getCustomInputsResponses.ts,MEDIUM,0.9987,0.0013,0.0,0.9987
cal.com,packages/features/bookings/lib/handleNewBooking/global-booking-limits.test.ts,HIGH,1.0,1.0,0.0,0.0
cal.com,packages/features/bookings/lib/handleNewBooking/handleAppsStatus.ts,MEDIUM,0.9867,0.0132,0.0,0.9867
cal.com,packages/features/bookings/lib/handleNewBooking/scheduleNoShowTriggers.integration-test.ts,HIGH,0.9999,0.9999,0.0,1e-04
cal.com,packages/features/bookings/lib/handleNewBooking/handleCustomInputs.ts,MEDIUM,0.9969,0.0031,0.0,0.9969
cal.com,packages/features/bookings/lib/handleNewBooking/getBookingData.test.ts,HIGH,0.8778,0.8778,0.0,0.1222
cal.com,packages/features/bookings/lib/handleNewBooking/getBookingData.ts,HIGH,0.8193,0.8193,0.0,0.1807
cal.com,packages/features/bookings/lib/handleNewBooking/types.ts,MEDIUM,0.9976,0.001,0.0014,0.9976
cal.com,packages/features/bookings/lib/handleNewBooking/logger.ts,MEDIUM,0.9876,1e-04,0.0123,0.9876
cal.com,packages/features/bookings/lib/handleNewBooking/checkActiveBookingsLimitForBooker.ts,HIGH,0.9815,0.9815,0.0,0.0185
cal.com,packages/features/bookings/lib/handleNewBooking/createBooking.ts,HIGH,1.0,1.0,0.0,0.0
cal.com,packages/features/bookings/lib/handleNewBooking/checkIfBookerEmailIsBlocked.ts,HIGH,0.7338,0.7338,0.0,0.2662
cal.com,packages/features/bookings/lib/handleNewBooking/getVideoCallDetails.ts,MEDIUM,0.9995,0.0004,1e-04,0.9995
cal.com,packages/features/bookings/lib/handleNewBooking/findBookingQuery.ts,MEDIUM,0.9995,0.0004,1e-04,0.9995
cal.com,packages/features/bookings/lib/handleNewBooking/scheduleNoShowTriggers.ts,HIGH,1.0,1.0,0.0,0.0
cal.com,packages/features/bookings/lib/handleNewBooking/validateBookingTimeIsNotOutOfBounds.ts,MEDIUM,0.988,0.0119,0.0,0.988
cal.com,packages/features/bookings/lib/handleNewBooking/getEventType.ts,MEDIUM,0.9996,0.0004,1e-04,0.9996
cal.com,packages/features/bookings/lib/handleNewBooking/getRequiresConfirmationFlags.ts,MEDIUM,0.764,0.236,0.0,0.764
cal.com,packages/features/bookings/lib/handleNewBooking/ensureAvailableUsers.ts,HIGH,1.0,1.0,0.0,0.0
cal.com,packages/features/bookings/lib/handleNewBooking/test/booking-limits.test.ts,HIGH,1.0,1.0,0.0,0.0
cal.com,packages/features/bookings/lib/handleNewBooking/test/email-verification-booking.test.ts,HIGH,0.9983,0.9983,0.0,0.0017
cal.com,packages/features/bookings/lib/handleNewBooking/test/computeTeamData.test.ts,HIGH,1.0,1.0,0.0,0.0
cal.com,packages/features/bookings/lib/handleNewBooking/test/getLocationValueForDb.test.ts,HIGH,0.9986,0.9986,0.0,0.0014
cal.com,packages/features/bookings/lib/handleNewBooking/test/post-booking-handling.test.ts,HIGH,0.9999,0.9999,0.0,1e-04
cal.com,packages/features/bookings/lib/handleNewBooking/test/webhook-producer-booking-requested.test.ts,HIGH,1.0,1.0,0.0,0.0
cal.com,packages/features/bookings/lib/handleNewBooking/test/spam-booking.integration-test.ts,HIGH,1.0,1.0,0.0,0.0
cal.com,packages/features/bookings/lib/handleNewBooking/test/buildDryRunBooking.test.ts,HIGH,1.0,1.0,0.0,0.0
cal.com,packages/features/bookings/lib/handleNewBooking/test/managed-event-type-booking.test.ts,MEDIUM,0.8404,1e-04,0.1595,0.8404
cal.com,packages/features/bookings/lib/handleNewBooking/test/date-overrides.test.ts,HIGH,1.0,1.0,0.0,0.0
cal.com,packages/features/bookings/lib/handleNewBooking/test/fresh-booking.test.ts,HIGH,1.0,1.0,0.0,0.0
cal.com,packages/features/bookings/lib/handleNewBooking/test/booking-flags.test.ts,HIGH,0.9992,0.9992,0.0,0.0008
cal.com,packages/features/bookings/lib/handleNewBooking/test/reschedule.test.ts,HIGH,1.0,1.0,0.0,0.0
cal.com,packages/features/bookings/lib/handleNewBooking/test/per-host-locations.test.ts,HIGH,1.0,1.0,0.0,0.0
cal.com,packages/features/bookings/lib/handleNewBooking/test/complex-schedules.test.ts,HIGH,1.0,1.0,0.0,0.0
cal.com,packages/features/bookings/lib/handleNewBooking/test/dynamic-group-booking.test.ts,HIGH,0.9999,0.9999,0.0,1e-04
cal.com,packages/features/bookings/lib/handleNewBooking/test/getNewBookingHandler.ts,MEDIUM,0.995,1e-04,0.0048,0.995
cal.com,packages/features/bookings/lib/handleNewBooking/test/booking-validations.test.ts,HIGH,1.0,1.0,0.0,0.0
cal.com,packages/features/bookings/lib/client/decoyBookingStore.ts,MEDIUM,0.988,0.0119,0.0,0.988
cal.com,packages/features/bookings/lib/client/booking-event-form/booking-to-mutation-input-mapper.tsx,HIGH,1.0,1.0,0.0,0.0
cal.com,packages/features/bookings/lib/reschedule/isWithinMinimumRescheduleNotice.ts,MEDIUM,0.9998,1e-04,0.0002,0.9998
cal.com,packages/features/bookings/lib/reschedule/determineReschedulePreventionRedirect.test.ts,HIGH,1.0,1.0,0.0,0.0
cal.com,packages/features/bookings/lib/reschedule/determineReschedulePreventionRedirect.ts,HIGH,0.9803,0.9803,0.0,0.0197
cal.com,packages/features/bookings/lib/interfaces/IBookingCancelService.ts,MEDIUM,0.8264,0.1734,0.0002,0.8264
cal.com,packages/features/bookings/lib/interfaces/IBookingService.ts,LOW,0.985,0.0,0.985,0.015
cal.com,packages/features/bookings/lib/interfaces/IBookingCreateService.ts,LOW,0.9993,0.0,0.9993,0.0007
cal.com,packages/features/bookings/lib/tasker/BookingEmailAndSmsSyncTasker.ts,MEDIUM,0.9976,0.0002,0.0022,0.9976
cal.com,packages/features/bookings/lib/tasker/BookingEmailAndSmsTriggerTasker.ts,MEDIUM,0.996,0.0002,0.0038,0.996
cal.com,packages/features/bookings/lib/tasker/types.ts,MEDIUM,0.9996,0.0002,0.0003,0.9996
cal.com,packages/features/bookings/lib/tasker/BookingEmailAndSmsTasker.ts,MEDIUM,0.997,0.003,0.0,0.997
cal.com,packages/features/bookings/lib/tasker/BookingEmailAndSmsTaskService.ts,HIGH,1.0,1.0,0.0,0.0
cal.com,packages/features/bookings/lib/tasker/trigger/notifications/schema.ts,MEDIUM,0.9797,1e-04,0.0201,0.9797
cal.com,packages/features/bookings/lib/tasker/trigger/notifications/confirm.ts,MEDIUM,0.9961,0.0002,0.0037,0.9961
cal.com,packages/features/bookings/lib/tasker/trigger/notifications/request.ts,MEDIUM,0.9961,0.0002,0.0037,0.9961
cal.com,packages/features/bookings/lib/tasker/trigger/notifications/reschedule.ts,MEDIUM,0.9961,0.0002,0.0037,0.9961
cal.com,packages/features/bookings/lib/tasker/trigger/notifications/config.ts,MEDIUM,0.998,1e-04,0.0019,0.998
cal.com,packages/features/bookings/lib/tasker/trigger/notifications/rr-reschedule.ts,MEDIUM,0.9961,0.0002,0.0037,0.9961
cal.com,packages/features/bookings/services/BookingAccessService.ts,HIGH,1.0,1.0,0.0,0.0
cal.com,packages/features/bookings/services/BookingAttendeesRemoveService.integration-test.ts,HIGH,1.0,1.0,0.0,0.0
cal.com,packages/features/bookings/services/BookingAttendeesService.ts,HIGH,1.0,1.0,0.0,0.0
cal.com,packages/features/bookings/services/BookingDetailsService.ts,HIGH,0.9949,0.9949,0.0,0.0051
cal.com,packages/features/bookings/services/BookingAccessService.test.ts,HIGH,0.9996,0.9996,0.0,0.0004
cal.com,packages/features/bookings/services/WrongAssignmentReportService.ts,HIGH,1.0,1.0,0.0,0.0
cal.com,packages/features/bookings/services/BookingAttendeesRemoveService.ts,HIGH,1.0,1.0,0.0,0.0
cal.com,packages/features/bookings/Booker/useSlotReservationId.ts,MEDIUM,0.9876,1e-04,0.0123,0.9876
cal.com,packages/features/bookings/Booker/types.ts,HIGH,0.9993,0.9993,0.0,0.0007
cal.com,packages/features/bookings/Booker/framer-features.tsx,LOW,0.9998,0.0,0.9998,0.0002
cal.com,packages/features/bookings/Booker/index.ts,LOW,1.0,0.0,1.0,0.0
cal.com,packages/features/bookings/Booker/config.ts,HIGH,0.9999,0.9999,0.0,1e-04
cal.com,packages/features/bookings/Booker/store.ts,HIGH,1.0,1.0,0.0,0.0
cal.com,packages/features/bookings/Booker/BookerStoreProvider.tsx,HIGH,0.9999,0.9999,0.0,1e-04
cal.com,packages/features/bookings/Booker/__mocks__/config.ts,LOW,0.5277,1e-04,0.5277,0.4723
cal.com,packages/features/bookings/Booker/utils/isPrefetchNextMonthEnabled.test.ts,HIGH,0.9871,0.9871,0.0,0.0129
cal.com,packages/features/bookings/Booker/utils/isMonthViewPrefetchEnabled.ts,MEDIUM,0.9995,1e-04,0.0004,0.9995
cal.com,packages/features/bookings/Booker/utils/isSlotEquivalent.ts,MEDIUM,0.9996,0.0003,1e-04,0.9996
cal.com,packages/features/bookings/Booker/utils/dates.tsx,MEDIUM,0.9954,0.0046,0.0,0.9954
cal.com,packages/features/bookings/Booker/utils/isTimeslotAvailable.test.ts,HIGH,0.6914,0.6914,1e-04,0.3085
cal.com,packages/features/bookings/Booker/utils/use-brand-colors.tsx,MEDIUM,0.9977,1e-04,0.0022,0.9977
cal.com,packages/features/bookings/Booker/utils/query-param.ts,MEDIUM,0.9993,0.0007,0.0,0.9993
cal.com,packages/features/bookings/Booker/utils/getBookerWrapperClasses.ts,LOW,0.985,0.0,0.985,0.015
cal.com,packages/features/bookings/Booker/utils/isPrefetchNextMonthEnabled.ts,MEDIUM,0.9996,0.0003,1e-04,0.9996
cal.com,packages/features/bookings/Booker/utils/isFeatureEnabledForVisitor.test.ts,HIGH,0.6059,0.6059,0.0,0.3941
cal.com,packages/features/bookings/Booker/utils/getPrefetchMonthCount.test.ts,MEDIUM,0.9974,0.0026,0.0,0.9974
cal.com,packages/features/bookings/Booker/utils/layout.ts,LOW,0.985,0.0,0.985,0.015
cal.com,packages/features/bookings/Booker/utils/isTimeslotAvailable.ts,HIGH,0.61,0.61,0.0,0.39
cal.com,packages/features/bookings/Booker/utils/isBookingDryRun.ts,LOW,0.985,0.0,0.985,0.015
cal.com,packages/features/bookings/Booker/utils/getBookerTimezone.ts,MEDIUM,0.9963,1e-04,0.0036,0.9963
cal.com,packages/features/bookings/Booker/utils/isMonthChange.ts,MEDIUM,0.9989,1e-04,0.001,0.9989
cal.com,packages/features/bookings/Booker/utils/isMonthViewPrefetchEnabled.test.ts,MEDIUM,0.9979,0.0009,0.0012,0.9979
cal.com,packages/features/bookings/Booker/utils/areDifferentValidMonths.test.ts,MEDIUM,0.9982,0.0018,0.0,0.9982
cal.com,packages/features/bookings/Booker/utils/isFeatureEnabledForVisitor.ts,MEDIUM,0.9998,1e-04,1e-04,0.9998
cal.com,packages/features/bookings/Booker/utils/areDifferentValidMonths.ts,MEDIUM,0.9995,1e-04,0.0004,0.9995
cal.com,packages/features/bookings/Booker/utils/getPrefetchMonthCount.ts,MEDIUM,0.9998,1e-04,1e-04,0.9998
cal.com,packages/features/bookings/Booker/utils/isMonthChange.test.ts,MEDIUM,0.9994,0.0006,0.0,0.9994
cal.com,packages/features/bookings/Booker/components/OverlayCalendar/store.ts,MEDIUM,0.9961,0.0002,0.0037,0.9961
cal.com,packages/features/bookings/Booker/__tests__/test-utils.tsx,HIGH,0.9985,0.9985,0.0,0.0015
cal.com,packages/features/bookings/Booker/__tests__/utils/isSlotEquivalent.test.ts,MEDIUM,0.9988,0.0012,0.0,0.9988
cal.com,packages/features/bookings/Booker/hooks/useStableTimezone.ts,MEDIUM,0.9997,1e-04,0.0002,0.9997
cal.com,packages/features/bookings/Booker/hooks/useBookerTime.ts,MEDIUM,0.9963,1e-04,0.0035,0.9963
cal.com,packages/features/bookings/Booker/hooks/useBookerLayout.ts,HIGH,0.9786,0.9786,0.0,0.0214
cal.com,packages/features/bookings/Booker/hooks/useAvailableTimeSlots.ts,MEDIUM,0.9991,0.0008,1e-04,0.9991
cal.com,packages/features/bookings/Booker/hooks/useInitialFormValues.ts,HIGH,0.9999,0.9999,0.0,1e-04
cal.com,packages/features/bookings/Booker/hooks/useInitialFormValues.test.ts,HIGH,0.9999,0.9999,0.0,1e-04
cal.com,packages/features/bookings/Booker/hooks/useLocalSet.tsx,MEDIUM,0.997,0.003,0.0,0.997
cal.com,packages/features/bookings/Booker/hooks/useBookingForm.ts,HIGH,0.7915,0.7915,0.0,0.2085
cal.com,packages/features/crmManager/crmManager.ts,HIGH,0.8956,0.8956,0.0,0.1044
cal.com,packages/features/crmManager/crmScheduler.ts,MEDIUM,0.9996,0.0,0.0003,0.9996
cal.com,packages/features/crmManager/crmManager.test.ts,MEDIUM,0.9968,0.0032,0.0,0.9968
cal.com,packages/features/translation/di/tokens.ts,MEDIUM,0.9812,0.0119,0.0068,0.9812
cal.com,packages/features/translation/services/TranslationService.ts,HIGH,1.0,1.0,0.0,0.0
cal.com,packages/features/translation/services/ITranslationService.ts,HIGH,0.9678,0.9678,0.0002,0.032
cal.com,packages/features/translation/services/TranslationService.test.ts,HIGH,1.0,1.0,0.0,0.0
cal.com,packages/features/hashedLink/di/HashedLinkService.module.ts,MEDIUM,0.9971,0.0002,0.0027,0.9971
cal.com,packages/features/hashedLink/di/HashedLinkRepository.module.ts,MEDIUM,0.9977,1e-04,0.0022,0.9977
cal.com,packages/features/hashedLink/di/tokens.ts,LOW,0.5277,1e-04,0.5277,0.4723
cal.com,packages/features/hashedLink/repositories/HashedLinkSelect.ts,MEDIUM,0.9993,1e-04,0.0006,0.9993
cal.com,packages/features/hashedLink/lib/repository/HashedLinkRepository.ts,HIGH,0.9998,0.9998,0.0,0.0002
cal.com,packages/features/hashedLink/lib/service/HashedLinkService.ts,HIGH,0.9981,0.9981,0.0,0.0019
cal.com,packages/features/redis/IRedisService.d.ts,MEDIUM,0.9111,1e-04,0.0888,0.9111
cal.com,packages/features/redis/RedisService.ts,MEDIUM,0.9988,0.0012,0.0,0.9988
cal.com,packages/features/redis/NoopRedisService.ts,MEDIUM,0.9998,1e-04,1e-04,0.9998
cal.com,packages/features/redis/di/redisModule.ts,MEDIUM,0.9996,0.0,0.0003,0.9996
cal.com,packages/features/auth/PermissionContainer.tsx,MEDIUM,0.9997,0.0002,1e-04,0.9997
cal.com,packages/features/auth/__mocks__/getServerSession.mocks.ts,HIGH,0.9999,0.9999,0.0,1e-04
cal.com,packages/features/auth/signup/username.ts,HIGH,0.6586,0.6586,0.0,0.3414
cal.com,packages/features/auth/signup/constants.ts,LOW,0.8998,0.0,0.8998,0.1002
cal.com,packages/features/auth/signup/utils/prefillAvatar.ts,HIGH,0.7653,0.7653,0.0,0.2347
cal.com,packages/features/auth/signup/utils/getOrgUsernameFromEmail.test.ts,MEDIUM,0.9995,0.0004,0.0002,0.9995
cal.com,packages/features/auth/signup/utils/createOrUpdateMemberships.ts,HIGH,1.0,1.0,0.0,0.0
cal.com,packages/features/auth/signup/utils/organization.ts,HIGH,0.9999,0.9999,0.0,1e-04
cal.com,packages/features/auth/signup/utils/getOrgUsernameFromEmail.ts,MEDIUM,0.9993,1e-04,0.0007,0.9993
cal.com,packages/features/auth/signup/utils/validateUsername.ts,HIGH,0.9871,0.9871,0.0,0.0129
cal.com,packages/features/auth/signup/utils/token.ts,MEDIUM,0.9868,0.0131,0.0,0.9868
cal.com,packages/features/auth/signup/lib/fetchSignup.ts,HIGH,0.7022,0.7022,0.0,0.2978
cal.com,packages/features/auth/signup/lib/fetchSignup.test.ts,HIGH,0.7979,0.7979,0.0,0.2021
cal.com,packages/features/auth/signup/handlers/__tests__/p2002.test-suite.ts,MEDIUM,0.9937,0.0062,1e-04,0.9937
cal.com,packages/features/auth/signup/handlers/__tests__/mocks/next.mocks.ts,MEDIUM,0.9997,0.0002,1e-04,0.9997
cal.com,packages/features/auth/signup/handlers/__tests__/mocks/prisma.mocks.ts,MEDIUM,0.9995,0.0004,1e-04,0.9995
cal.com,packages/features/auth/signup/handlers/__tests__/mocks/signup.factories.ts,MEDIUM,0.9979,0.0014,0.0007,0.9979
cal.com,packages/features/auth/lib/getLocale.ts,HIGH,0.9934,0.9934,0.0,0.0066
cal.com,packages/features/auth/lib/ErrorCode.ts,MEDIUM,0.998,1e-04,0.0019,0.998
cal.com,packages/features/auth/lib/verifyPassword.ts,LOW,0.8998,0.0,0.8998,0.1002
cal.com,packages/features/auth/lib/getServerSession.ts,HIGH,1.0,1.0,0.0,0.0
cal.com,packages/features/auth/lib/getLocaleFromRequest.ts,HIGH,0.8963,0.8963,0.0,0.1037
cal.com,packages/features/auth/lib/onboardingUtils.ts,MEDIUM,0.9603,0.0397,0.0,0.9603
cal.com,packages/features/auth/lib/identityProviders.test.ts,HIGH,1.0,1.0,0.0,0.0
cal.com,packages/features/auth/lib/verifyEmail.ts,HIGH,0.9987,0.9987,0.0,0.0013
cal.com,packages/features/auth/lib/passwordResetRequest.ts,HIGH,0.9941,0.9941,0.0,0.0059
cal.com,packages/features/auth/lib/oAuthAuthorization.ts,MEDIUM,0.9974,0.0026,0.0,0.9974
cal.com,packages/features/auth/lib/userFromSessionUtils.ts,HIGH,1.0,1.0,0.0,0.0
cal.com,packages/features/auth/lib/checkAdminOrOwner.ts,LOW,0.985,0.0,0.985,0.015
cal.com,packages/features/auth/lib/sendVerificationRequest.ts,MEDIUM,0.9993,0.0006,1e-04,0.9993
cal.com,packages/features/auth/lib/outlook.ts,MEDIUM,0.6325,0.3674,0.0002,0.6325
cal.com,packages/features/auth/lib/identityProviders.ts,HIGH,0.9752,0.9752,0.0,0.0248
cal.com,packages/features/auth/lib/next-auth-options.test.ts,HIGH,1.0,1.0,0.0,0.0
cal.com,packages/features/auth/lib/ensureSession.ts,MEDIUM,0.9989,1e-04,0.001,0.9989
cal.com,packages/features/auth/lib/signJwt.ts,MEDIUM,0.9944,1e-04,0.0055,0.9944
cal.com,packages/features/auth/lib/dub.ts,MEDIUM,0.9996,1e-04,0.0003,0.9996
cal.com,packages/features/auth/lib/getSession.ts,MEDIUM,0.8404,1e-04,0.1595,0.8404
cal.com,packages/features/auth/lib/outlook.test.ts,HIGH,1.0,1.0,0.0,0.0
cal.com,packages/features/auth/lib/verifyCodeUnAuthenticated.ts,MEDIUM,0.9998,0.0002,1e-04,0.9998
cal.com,packages/features/auth/lib/validPassword.ts,MEDIUM,0.9084,1e-04,0.0916,0.9084
cal.com,packages/features/auth/lib/next-auth-custom-adapter.ts,HIGH,0.998,0.998,0.0,0.002
cal.com,packages/features/auth/lib/next-auth-options.ts,HIGH,1.0,1.0,0.0,0.0
cal.com,packages/features/auth/lib/getServerSession.test.ts,HIGH,0.9999,0.9999,0.0,1e-04
cal.com,packages/features/video-call-guest/repositories/VideoCallGuestRepository.ts,MEDIUM,0.997,0.0002,0.0028,0.997
cal.com,packages/features/holidays/repositories/HolidayRepository.ts,HIGH,0.9994,0.9994,0.0,0.0006
cal.com,packages/features/holidays/repositories/HolidayRepository.test.ts,HIGH,0.9982,0.9982,0.0,0.0018
cal.com,packages/features/holidays/repositories/PrismaHolidayRepository.ts,MEDIUM,0.9958,1e-04,0.0041,0.9958
cal.com,packages/features/api-keys-legacy/api-keys/repositories/PrismaApiKeyRepository.ts,HIGH,0.7557,0.7557,0.0,0.2443
cal.com,packages/features/api-keys-legacy/api-keys/lib/autoLock.ts,HIGH,1.0,1.0,0.0,0.0
cal.com,packages/features/api-keys-legacy/api-keys/lib/apiKeys.ts,MEDIUM,0.9234,0.0076,0.0689,0.9234
cal.com,packages/features/api-keys-legacy/api-keys/lib/findValidApiKey.ts,HIGH,0.8864,0.8864,0.0,0.1136
cal.com,packages/features/api-keys-legacy/api-keys/lib/autoLock.test.ts,HIGH,1.0,1.0,0.0,0.0
cal.com,packages/features/api-keys-legacy/api-keys/services/ApiKeyService.ts,HIGH,0.51,0.51,0.0,0.49
cal.com,packages/features/bookingReference/repositories/BookingReferenceRepository.ts,MEDIUM,0.9977,0.002,0.0004,0.9977
cal.com,packages/features/bookingReference/repositories/BookingReferenceRepository.integration-test.ts,HIGH,1.0,1.0,0.0,0.0
cal.com,packages/features/bookingReference/repositories/IBookingReferenceRepository.ts,MEDIUM,0.97,1e-04,0.0299,0.97
cal.com,packages/features/bot-detection/BotDetectionService.ts,MEDIUM,0.8622,0.1378,0.0,0.8622
cal.com,packages/features/bot-detection/index.ts,LOW,1.0,0.0,1.0,0.0
cal.com,packages/features/bot-detection/BotDetectionService.test.ts,HIGH,0.9984,0.9984,0.0,0.0016
cal.com,packages/features/schedules/repositories/ScheduleRepository.test.ts,HIGH,1.0,1.0,0.0,0.0
cal.com,packages/features/schedules/repositories/ScheduleRepository.ts,HIGH,1.0,1.0,0.0,0.0
cal.com,packages/features/schedules/components/ScheduleComponent.tsx,HIGH,1.0,1.0,0.0,0.0
cal.com,packages/features/schedules/components/ScheduleListItem.tsx,HIGH,0.9984,0.9984,0.0,0.0016
cal.com,packages/features/schedules/components/DateOverrideList.tsx,HIGH,0.997,0.997,0.0,0.003
cal.com,packages/features/schedules/components/parse-time-string.test.ts,HIGH,1.0,1.0,0.0,0.0
cal.com,packages/features/schedules/components/DateOverrideInputDialog.tsx,HIGH,1.0,1.0,0.0,0.0
cal.com,packages/features/schedules/hooks/useTimesForSchedule.timezone.test.ts,HIGH,1.0,1.0,0.0,0.0
cal.com,packages/features/schedules/hooks/useTimesForSchedule.ts,HIGH,0.9774,0.9774,0.0,0.0226
cal.com,packages/features/schedules/lib/date-ranges.ts,HIGH,1.0,1.0,0.0,0.0
cal.com,packages/features/schedules/lib/date-ranges.test.ts,HIGH,1.0,1.0,0.0,0.0
cal.com,packages/features/schedules/lib/slots.ts,HIGH,1.0,1.0,0.0,0.0
cal.com,packages/features/schedules/lib/slots.test.ts,HIGH,1.0,1.0,0.0,0.0
cal.com,packages/features/schedules/services/ScheduleService.ts,HIGH,1.0,1.0,0.0,0.0
cal.com,packages/features/selectedSlots/repositories/PrismaSelectedSlotRepository.ts,MEDIUM,0.9978,0.002,0.0002,0.9978
cal.com,packages/features/selectedSlots/repositories/ISelectedSlotRepository.ts,MEDIUM,0.9976,1e-04,0.0023,0.9976
cal.com,packages/features/selectedSlots/repositories/dto/SelectedSlot.ts,LOW,0.8998,0.0,0.8998,0.1002
cal.com,packages/features/calVideoSettings/repositories/CalVideoSettingsRepository.ts,HIGH,0.9307,0.9307,0.0,0.0693
cal.com,packages/features/blocklist/types.ts,MEDIUM,0.9968,0.0025,0.0007,0.9968
cal.com,packages/features/conferencing/lib/videoClient.ts,HIGH,1.0,1.0,0.0,0.0
cal.com,packages/features/booking-audit/di/BookingHistoryViewerService.module.ts,HIGH,0.7081,0.7081,1e-04,0.2919
cal.com,packages/features/booking-audit/di/BookingAuditProducerService.container.ts,MEDIUM,0.9111,1e-04,0.0888,0.9111
cal.com,packages/features/booking-audit/di/BookingAuditViewerService.container.ts,MEDIUM,0.9876,1e-04,0.0123,0.9876
cal.com,packages/features/booking-audit/di/AuditActorRepository.module.ts,MEDIUM,0.998,1e-04,0.0019,0.998
cal.com,packages/features/booking-audit/di/BookingAuditViewerService.module.ts,MEDIUM,0.9977,0.0002,0.0021,0.9977
cal.com,packages/features/booking-audit/di/BookingAuditRepository.module.ts,MEDIUM,0.998,1e-04,0.0019,0.998
cal.com,packages/features/booking-audit/di/tokens.ts,MEDIUM,0.9944,1e-04,0.0055,0.9944
cal.com,packages/features/booking-audit/di/BookingAuditTaskerProducerService.module.ts,MEDIUM,0.9961,0.0002,0.0037,0.9961
cal.com,packages/features/booking-audit/di/BookingHistoryViewerService.container.ts,MEDIUM,0.9876,1e-04,0.0123,0.9876
cal.com,packages/features/booking-audit/di/AuditActorRepository.container.ts,MEDIUM,0.9111,1e-04,0.0888,0.9111
cal.com,packages/features/booking-audit/di/BookingAuditTaskConsumer.module.ts,MEDIUM,0.997,0.0002,0.0028,0.997
cal.com,packages/features/booking-audit/di/ActorRepository.module.ts,MEDIUM,0.998,1e-04,0.0019,0.998
cal.com,packages/features/booking-audit/di/BookingAuditTaskConsumer.container.ts,MEDIUM,0.9111,1e-04,0.0888,0.9111
cal.com,packages/features/booking-audit/lib/makeActor.ts,MEDIUM,0.997,0.003,0.0,0.997
cal.com,packages/features/booking-audit/lib/getAppNameFromSlug.ts,MEDIUM,0.9998,1e-04,0.0002,0.9998
cal.com,packages/features/booking-audit/lib/dto/types.ts,MEDIUM,0.9993,0.0006,1e-04,0.9993
cal.com,packages/features/booking-audit/lib/repository/PrismaBookingAuditRepository.ts,HIGH,0.8828,0.8828,0.0,0.1172
cal.com,packages/features/booking-audit/lib/repository/PrismaAuditActorRepository.ts,HIGH,0.9791,0.9791,0.0,0.0209
cal.com,packages/features/booking-audit/lib/repository/IAuditActorRepository.ts,MEDIUM,0.996,0.0002,0.0038,0.996
cal.com,packages/features/booking-audit/lib/repository/IBookingAuditRepository.ts,MEDIUM,0.9966,0.0034,0.0,0.9966
cal.com,packages/features/booking-audit/lib/types/actionSource.ts,MEDIUM,0.9998,1e-04,1e-04,0.9998
cal.com,packages/features/booking-audit/lib/types/bookingAuditTask.ts,MEDIUM,0.9993,0.0006,0.0,0.9993
cal.com,packages/features/booking-audit/lib/common/changeSchemas.ts,MEDIUM,0.9995,1e-04,0.0004,0.9995
cal.com,packages/features/booking-audit/lib/actions/IAuditActionService.ts,MEDIUM,0.737,0.263,0.0,0.737
cal.com,packages/features/booking-audit/lib/actions/RejectedAuditActionService.ts,MEDIUM,0.9955,0.0045,0.0,0.9955
cal.com,packages/features/booking-audit/lib/actions/RescheduleRequestedAuditActionService.ts,MEDIUM,0.9986,0.0013,0.0,0.9986
cal.com,packages/features/booking-audit/lib/actions/AcceptedAuditActionService.ts,MEDIUM,0.9987,0.0013,0.0,0.9987
cal.com,packages/features/booking-audit/lib/actions/AttendeeRemovedAuditActionService.ts,MEDIUM,0.9987,0.0013,0.0,0.9987
cal.com,packages/features/booking-audit/lib/actions/ReassignmentAuditActionService.ts,HIGH,0.9977,0.9977,0.0,0.0023
cal.com,packages/features/booking-audit/lib/actions/NoShowUpdatedAuditActionService.ts,HIGH,0.9973,0.9973,0.0,0.0027
cal.com,packages/features/booking-audit/lib/actions/LocationChangedAuditActionService.ts,HIGH,0.9906,0.9906,0.0,0.0094
cal.com,packages/features/booking-audit/lib/actions/RescheduledAuditActionService.ts,HIGH,0.9958,0.9958,0.0,0.0042
cal.com,packages/features/booking-audit/lib/actions/SeatRescheduledAuditActionService.ts,HIGH,0.9588,0.9588,0.0,0.0412
cal.com,packages/features/booking-audit/lib/actions/AuditActionServiceHelper.ts,MEDIUM,0.9991,0.0009,0.0,0.9991
cal.com,packages/features/booking-audit/lib/actions/SeatBookedAuditActionService.ts,MEDIUM,0.9969,0.0026,0.0005,0.9969
cal.com,packages/features/booking-audit/lib/actions/CreatedAuditActionService.ts,HIGH,1.0,1.0,0.0,0.0
cal.com,packages/features/booking-audit/lib/actions/CancelledAuditActionService.ts,MEDIUM,0.993,0.0069,0.0,0.993
cal.com,packages/features/booking-audit/lib/actions/AttendeeAddedAuditActionService.ts,MEDIUM,0.9971,0.0024,0.0005,0.9971
cal.com,packages/features/booking-audit/lib/actions/__tests__/RescheduleRequestedAuditActionService.test.ts,MEDIUM,0.998,1e-04,0.0019,0.998
cal.com,packages/features/booking-audit/lib/actions/__tests__/RejectedAuditActionService.test.ts,MEDIUM,0.998,1e-04,0.0019,0.998
cal.com,packages/features/booking-audit/lib/actions/__tests__/AttendeeAddedAuditActionService.test.ts,MEDIUM,0.998,1e-04,0.0019,0.998
cal.com,packages/features/booking-audit/lib/actions/__tests__/CreatedAuditActionService.test.ts,MEDIUM,0.9993,0.0006,1e-04,0.9993
cal.com,packages/features/booking-audit/lib/actions/__tests__/CancelledAuditActionService.test.ts,MEDIUM,0.998,1e-04,0.0019,0.998
cal.com,packages/features/booking-audit/lib/actions/__tests__/AcceptedAuditActionService.test.ts,MEDIUM,0.9963,1e-04,0.0035,0.9963
cal.com,packages/features/booking-audit/lib/actions/__tests__/LocationChangedAuditActionService.test.ts,MEDIUM,0.998,1e-04,0.0019,0.998
cal.com,packages/features/booking-audit/lib/actions/__tests__/SeatRescheduledAuditActionService.test.ts,MEDIUM,0.9972,0.0024,0.0005,0.9972
cal.com,packages/features/booking-audit/lib/actions/__tests__/SeatBookedAuditActionService.test.ts,MEDIUM,0.9961,0.0002,0.0037,0.9961
cal.com,packages/features/booking-audit/lib/actions/__tests__/AttendeeRemovedAuditActionService.test.ts,MEDIUM,0.998,1e-04,0.0019,0.998
cal.com,packages/features/booking-audit/lib/actions/__tests__/contractVerification.ts,HIGH,0.9998,0.9998,0.0,0.0002
cal.com,packages/features/booking-audit/lib/actions/__tests__/ReassignmentAuditActionService.test.ts,HIGH,1.0,1.0,0.0,0.0
cal.com,packages/features/booking-audit/lib/actions/__tests__/NoShowUpdatedAuditActionService.test.ts,HIGH,0.9955,0.9955,0.0,0.0045
cal.com,packages/features/booking-audit/lib/actions/__tests__/RescheduledAuditActionService.test.ts,MEDIUM,0.9938,0.006,0.0002,0.9938
cal.com,packages/features/booking-audit/lib/service/BookingHistoryViewerService.ts,HIGH,0.9999,0.9999,0.0,1e-04
cal.com,packages/features/booking-audit/lib/service/EnrichmentDataStore.ts,HIGH,0.9973,0.9973,0.0,0.0027
cal.com,packages/features/booking-audit/lib/service/BookingAuditTaskerProducerService.ts,HIGH,1.0,1.0,0.0,0.0
cal.com,packages/features/booking-audit/lib/service/BookingAuditAccessService.ts,HIGH,1.0,1.0,0.0,0.0
cal.com,packages/features/booking-audit/lib/service/ActorStrategies.ts,HIGH,1.0,1.0,0.0,0.0
cal.com,packages/features/booking-audit/lib/service/BookingAuditActionServiceRegistry.ts,HIGH,0.5479,0.5479,0.0,0.4521
cal.com,packages/features/booking-audit/lib/service/BookingAuditTaskConsumer.ts,HIGH,1.0,1.0,0.0,0.0
cal.com,packages/features/booking-audit/lib/service/BookingAuditViewerService.ts,HIGH,1.0,1.0,0.0,0.0
cal.com,packages/features/booking-audit/lib/service/BookingAuditProducerService.interface.ts,HIGH,1.0,1.0,0.0,0.0
cal.com,packages/features/booking-audit/lib/service/__tests__/BookingAuditViewerService.test.ts,HIGH,1.0,1.0,0.0,0.0
cal.com,packages/features/booking-audit/lib/service/__tests__/EnrichmentDataStore.test.ts,HIGH,0.9999,0.9999,0.0,1e-04
cal.com,packages/features/booking-audit/lib/service/__tests__/integration-utils.ts,HIGH,0.9999,0.9999,0.0,1e-04
cal.com,packages/features/booking-audit/lib/service/__tests__/BookingAuditAccessService.test.ts,HIGH,1.0,1.0,0.0,0.0
cal.com,packages/features/components/controlled-dialog/index.tsx,MEDIUM,0.7989,0.2011,0.0,0.7989
cal.com,packages/features/travelSchedule/repositories/TravelScheduleRepository.ts,MEDIUM,0.9958,1e-04,0.0041,0.9958
cal.com,packages/features/profile/repositories/IProfileRepository.ts,MEDIUM,0.9941,1e-04,0.0058,0.9941
cal.com,packages/features/profile/repositories/ProfileRepository.test.ts,HIGH,1.0,1.0,0.0,0.0
cal.com,packages/features/profile/repositories/ProfileRepository.ts,HIGH,1.0,1.0,0.0,0.0
cal.com,packages/features/profile/lib/hideBranding.ts,HIGH,1.0,1.0,0.0,0.0
cal.com,packages/features/profile/lib/createAProfileForAnExistingUser.ts,HIGH,1.0,1.0,0.0,0.0
cal.com,packages/features/profile/lib/hideBranding.test.ts,HIGH,1.0,1.0,0.0,0.0
cal.com,packages/features/profile/lib/getBranding.ts,HIGH,0.9773,0.9773,0.0,0.0227
cal.com,packages/features/profile/lib/getBranding.test.ts,HIGH,0.6782,0.6782,1e-04,0.3217
cal.com,packages/features/profile/lib/checkRegularUsername.ts,MEDIUM,0.9995,0.0005,1e-04,0.9995
cal.com,packages/features/profile/lib/checkUsername.ts,LOW,0.985,0.0,0.985,0.015
cal.com,packages/features/troubleshooter/types.ts,LOW,0.985,0.0,0.985,0.015
cal.com,packages/features/troubleshooter/store.ts,HIGH,0.9641,0.9641,0.0,0.0359
cal.com,packages/features/troubleshooter/components/CalendarToggleContainerComponent.tsx,HIGH,0.9967,0.9967,0.0,0.0033
cal.com,packages/features/troubleshooter/components/EventTypeSelectComponent.tsx,HIGH,0.9801,0.9801,0.0,0.0199
cal.com,packages/features/troubleshooter/components/TroubleshooterListItemContainer.tsx,MEDIUM,0.9995,0.0002,0.0002,0.9995
cal.com,packages/features/troubleshooter/components/EventScheduleItemComponent.tsx,MEDIUM,0.9996,0.0002,0.0002,0.9996
cal.com,packages/features/cityTimezones/cityTimezonesHandler.ts,MEDIUM,0.9998,0.0002,1e-04,0.9998
cal.com,packages/features/eventtypes/eventtypes.repository.interface.ts,LOW,0.9993,0.0,0.9993,0.0007
cal.com,packages/features/eventtypes/di/EventTypeService.module.ts,HIGH,0.9989,0.9989,0.0,0.0011
cal.com,packages/features/eventtypes/di/EventTypeService.container.ts,HIGH,0.9833,0.9833,0.0,0.0167
cal.com,packages/features/eventtypes/di/tokens.ts,MEDIUM,0.7845,0.2101,0.0053,0.7845
cal.com,packages/features/eventtypes/repositories/EventRepository.ts,MEDIUM,0.9971,0.0002,0.0027,0.9971
cal.com,packages/features/eventtypes/repositories/eventTypeRepository.ts,HIGH,1.0,1.0,0.0,0.0
cal.com,packages/features/eventtypes/repositories/__tests__/EventTypeRepository.test.ts,HIGH,0.9915,0.9915,0.0,0.0085
cal.com,packages/features/eventtypes/components/ChildrenEventTypeSelect.tsx,HIGH,1.0,1.0,0.0,0.0
cal.com,packages/features/eventtypes/components/LearnMoreLink.tsx,MEDIUM,0.9996,0.0002,0.0002,0.9996
cal.com,packages/features/eventtypes/components/BulkEditDefaultForEventsModal.tsx,HIGH,0.9577,0.9577,0.0,0.0423
cal.com,packages/features/eventtypes/components/AssignAllTeamMembers.tsx,MEDIUM,0.9983,0.0016,0.0,0.9983
cal.com,packages/features/eventtypes/components/CreateEventTypeForm.tsx,HIGH,0.9975,0.9975,0.0,0.0025
cal.com,packages/features/eventtypes/components/CheckedTeamSelect.tsx,HIGH,1.0,1.0,0.0,0.0
cal.com,packages/features/eventtypes/components/tabs/limits/EventLimitsTab.tsx,HIGH,1.0,1.0,0.0,0.0
cal.com,packages/features/eventtypes/components/tabs/limits/MaxActiveBookingsPerBookerController.tsx,HIGH,0.559,0.559,0.0,0.441
cal.com,packages/features/eventtypes/components/tabs/recurring/EventRecurringTab.tsx,MEDIUM,0.9977,1e-04,0.0022,0.9977
cal.com,packages/features/eventtypes/components/tabs/recurring/RecurringEventController.tsx,HIGH,1.0,1.0,0.0,0.0
cal.com,packages/features/eventtypes/components/locations/types.ts,MEDIUM,0.9976,1e-04,0.0023,0.9976
cal.com,packages/features/eventtypes/components/dialogs/ManagedEventDialog.tsx,MEDIUM,0.9991,0.0008,1e-04,0.9991
cal.com,packages/features/eventtypes/components/dialogs/HostEditDialogs.tsx,HIGH,1.0,1.0,0.0,0.0
cal.com,packages/features/eventtypes/lib/getTeamEventType.ts,HIGH,0.5637,0.5637,1e-04,0.4363
cal.com,packages/features/eventtypes/lib/bookingFieldsManager.ts,HIGH,1.0,1.0,0.0,0.0
cal.com,packages/features/eventtypes/lib/defaultEvents.ts,HIGH,0.995,0.995,0.0,0.005
cal.com,packages/features/eventtypes/lib/getEventTypeById.ts,HIGH,1.0,1.0,0.0,0.0
cal.com,packages/features/eventtypes/lib/eventNaming.ts,HIGH,0.9999,0.9999,0.0,1e-04
cal.com,packages/features/eventtypes/lib/getEventTypesByViewer.ts,HIGH,1.0,1.0,0.0,0.0
cal.com,packages/features/eventtypes/lib/schemas.ts,MEDIUM,0.9726,0.0274,0.0,0.9726
cal.com,packages/features/eventtypes/lib/eventNaming.test.ts,HIGH,1.0,1.0,0.0,0.0
cal.com,packages/features/eventtypes/lib/getDefinedBufferTimes.ts,LOW,0.9993,0.0,0.9993,0.0007
cal.com,packages/features/eventtypes/lib/getEventTypeById.integration-test.ts,HIGH,1.0,1.0,0.0,0.0
cal.com,packages/features/eventtypes/lib/types.ts,HIGH,0.9999,0.9999,0.0,1e-04
cal.com,packages/features/eventtypes/lib/childrenEventType.ts,HIGH,0.9986,0.9986,0.0,0.0014
cal.com,packages/features/eventtypes/lib/isCurrentlyAvailable.test.ts,HIGH,0.8067,0.8067,0.0,0.1932
cal.com,packages/features/eventtypes/lib/getPublicEvent.ts,HIGH,1.0,1.0,0.0,0.0
cal.com,packages/features/eventtypes/lib/getEventTypesPublic.ts,MEDIUM,0.9988,0.0012,0.0,0.9988
cal.com,packages/features/eventtypes/service/EventTypeService.ts,HIGH,1.0,1.0,0.0,0.0
cal.com,packages/features/eventtypes/service/EventTypeService.test.ts,HIGH,1.0,1.0,0.0,0.0
cal.com,packages/features/deployment/repositories/DeploymentRepository.ts,MEDIUM,0.9998,0.0002,1e-04,0.9998
cal.com,packages/features/deployment/repositories/IDeploymentRepository.ts,LOW,0.985,0.0,0.985,0.015
cal.com,packages/features/form-builder/schema.ts,HIGH,1.0,1.0,0.0,0.0
cal.com,packages/features/form-builder/useShouldBeDisabledDueToPrefill.tsx,HIGH,0.9786,0.9786,0.0,0.0214
cal.com,packages/features/form-builder/widgets.tsx,HIGH,1.0,1.0,0.0,0.0
cal.com,packages/features/form-builder/fieldsThatSupportLabelAsSafeHtml.ts,LOW,0.9998,0.0,0.9998,0.0002
cal.com,packages/features/form-builder/widget-types.ts,HIGH,1.0,1.0,0.0,0.0
cal.com,packages/features/form-builder/utils.ts,MEDIUM,0.9947,0.0053,0.0,0.9947
cal.com,packages/features/form-builder/propsTypes.ts,MEDIUM,0.9958,1e-04,0.0041,0.9958
cal.com,packages/features/form-builder/testUtils.ts,HIGH,1.0,1.0,0.0,0.0
cal.com,packages/features/form-builder/fieldTypes.ts,HIGH,0.9983,0.9983,0.0,0.0017
cal.com,packages/features/form-builder/useShouldBeDisabledDueToPrefill.test.ts,HIGH,1.0,1.0,0.0,0.0
cal.com,packages/features/form-builder/utils/getFieldIdentifier.ts,LOW,0.985,0.0,0.985,0.015
cal.com,packages/features/form-builder/utils/variantsConfig.ts,HIGH,0.5694,0.5694,0.0,0.4305
cal.com,packages/features/users/users.repository.ts,MEDIUM,0.9997,0.0002,1e-04,0.9997
cal.com,packages/features/users/users.repository.interface.ts,LOW,0.8998,0.0,0.8998,0.1002
cal.com,packages/features/users/types/invalidAppCredentials.ts,LOW,0.985,0.0,0.985,0.015
cal.com,packages/features/users/di/MembershipService.module.ts,MEDIUM,0.998,1e-04,0.0019,0.998
cal.com,packages/features/users/di/MembershipRepository.module.ts,MEDIUM,0.9977,1e-04,0.0022,0.9977
cal.com,packages/features/users/di/Profile.module.ts,HIGH,0.6591,0.6591,1e-04,0.3408
cal.com,packages/features/users/repositories/UserRepository.ts,HIGH,1.0,1.0,0.0,0.0
cal.com,packages/features/users/repositories/UserRepository.test.ts,HIGH,0.9778,0.9778,0.0,0.0222
cal.com,packages/features/users/repositories/UserRepository.integration-test.ts,HIGH,1.0,1.0,0.0,0.0
cal.com,packages/features/users/lib/getRoutedUsers.ts,HIGH,1.0,1.0,0.0,0.0
cal.com,packages/features/users/lib/deleteUser.ts,MEDIUM,0.9899,1e-04,0.01,0.9899
cal.com,packages/features/users/lib/getRoutedUsers.test.ts,HIGH,0.9995,0.9995,0.0,0.0005
cal.com,packages/features/users/services/userCreationService.ts,MEDIUM,0.997,0.003,0.0,0.997
cal.com,packages/features/users/services/userCreationService.test.ts,HIGH,0.9929,0.9929,0.0,0.0071
cal.com,packages/features/availability/components/SkeletonLoader.tsx,MEDIUM,0.9974,0.0012,0.0014,0.9974
cal.com,packages/features/availability/lib/detectEventTypeScheduleForUser.ts,HIGH,0.9448,0.9448,0.0,0.0552
cal.com,packages/features/availability/lib/findUsersForAvailabilityCheck.ts,MEDIUM,0.9992,1e-04,0.0007,0.9992
cal.com,packages/features/availability/lib/detectEventTypeScheduleForUser.test.ts,HIGH,0.9982,0.9982,0.0,0.0018
cal.com,packages/features/availability/lib/calculateHolidayBlockedDates.test.ts,HIGH,0.9982,0.9982,0.0,0.0018
cal.com,packages/features/availability/lib/getUserAvailabilityIncludingBusyTimesFromLimits.test.ts,HIGH,1.0,1.0,0.0,0.0
cal.com,packages/features/availability/lib/getUserAvailability.ts,HIGH,1.0,1.0,0.0,0.0
cal.com,packages/features/availability/lib/getAggregatedAvailability/getAggregatedAvailability.ts,HIGH,0.5418,0.5418,0.0,0.4582
cal.com,packages/features/availability/lib/getAggregatedAvailability/getAggregatedAvailability.test.ts,HIGH,1.0,1.0,0.0,0.0
cal.com,packages/features/availability/lib/getAggregatedAvailability/date-range-utils/mergeOverlappingDateRanges.test.ts,MEDIUM,0.9973,0.0014,0.0013,0.9973
cal.com,packages/features/availability/lib/getAggregatedAvailability/date-range-utils/filterRedundantDateRanges.ts,MEDIUM,0.9991,0.0009,0.0,0.9991
cal.com,packages/features/availability/lib/getAggregatedAvailability/date-range-utils/mergeOverlappingDateRanges.ts,MEDIUM,0.9995,0.0005,1e-04,0.9995
cal.com,packages/features/availability/lib/getAggregatedAvailability/date-range-utils/filterRedundantDateRanges.test.ts,MEDIUM,0.9804,0.0194,1e-04,0.9804
cal.com,packages/features/busyTimes/lib/getBusyTimesFromLimits.ts,HIGH,1.0,1.0,0.0,0.0
cal.com,packages/features/busyTimes/services/getBusyTimes.integration-test.ts,HIGH,0.9921,0.9921,0.0,0.0079
cal.com,packages/features/busyTimes/services/getBusyTimes.ts,HIGH,1.0,1.0,0.0,0.0
cal.com,packages/features/busyTimes/services/getBusyTimes.test.ts,HIGH,1.0,1.0,0.0,0.0
cal.com,packages/features/assignment-reason/repositories/AssignmentReasonRepository.ts,MEDIUM,0.9991,0.0008,0.0,0.9991
cal.com,packages/features/webhooks/lib/sendOrSchedulePayload.ts,MEDIUM,0.9839,1e-04,0.016,0.9839
cal.com,packages/features/webhooks/lib/sendPayload.ts,HIGH,1.0,1.0,0.0,0.0
cal.com,packages/features/webhooks/lib/handleWebhookScheduledTriggers.ts,MEDIUM,0.644,0.356,0.0,0.644
cal.com,packages/features/webhooks/lib/schedulePayload.ts,MEDIUM,0.9941,1e-04,0.0058,0.9941
cal.com,packages/features/webhooks/lib/subscriberUrlReserved.ts,MEDIUM,0.9963,0.0037,0.0,0.9963
cal.com,packages/features/webhooks/lib/scheduleTrigger.ts,HIGH,1.0,1.0,0.0,0.0
cal.com,packages/features/webhooks/lib/getNewWebhookUrl.ts,MEDIUM,0.9839,1e-04,0.016,0.9839
cal.com,packages/features/webhooks/lib/getWebhooks.ts,HIGH,0.6905,0.6905,0.0,0.3095
cal.com,packages/features/webhooks/lib/constants.ts,MEDIUM,0.8575,0.1421,0.0004,0.8575
cal.com,packages/features/webhooks/lib/WebhookService.test.ts,MEDIUM,0.9992,0.0008,1e-04,0.9992
cal.com,packages/features/webhooks/lib/triggerDelegationCredentialErrorWebhook.ts,HIGH,0.9964,0.9964,0.0,0.0036
cal.com,packages/features/webhooks/lib/WebhookService.ts,MEDIUM,0.9996,0.0002,0.0002,0.9996
cal.com,packages/features/webhooks/lib/sendPayload.test.ts,HIGH,1.0,1.0,0.0,0.0
cal.com,packages/features/webhooks/lib/handleWebhookScheduledTriggers.test.ts,MEDIUM,0.9232,0.0768,0.0,0.9232
cal.com,packages/features/webhooks/lib/integrationTemplate.tsx,MEDIUM,0.9997,1e-04,0.0002,0.9997
cal.com,packages/features/webhooks/lib/dto/types.ts,HIGH,1.0,1.0,0.0,0.0
cal.com,packages/features/webhooks/lib/interface/IWebhookDataFetcher.ts,MEDIUM,0.9993,1e-04,0.0007,0.9993
cal.com,packages/features/webhooks/lib/interface/IWebhookRepository.ts,MEDIUM,0.9971,0.0029,0.0,0.9971
cal.com,packages/features/webhooks/lib/interface/WebhookProducerService.ts,MEDIUM,0.5922,0.4078,0.0,0.5922
cal.com,packages/features/webhooks/lib/interface/infrastructure.ts,MEDIUM,0.9797,1e-04,0.0201,0.9797
cal.com,packages/features/webhooks/lib/interface/webhook.ts,MEDIUM,0.8404,1e-04,0.1595,0.8404
cal.com,packages/features/webhooks/lib/interface/services.ts,HIGH,1.0,1.0,0.0,0.0
cal.com,packages/features/webhooks/lib/repository/types.ts,MEDIUM,0.9797,1e-04,0.0201,0.9797
cal.com,packages/features/webhooks/lib/repository/WebhookRepository.ts,HIGH,1.0,1.0,0.0,0.0
cal.com,packages/features/webhooks/lib/types/webhookTask.ts,MEDIUM,0.9969,0.0026,0.0005,0.9969
cal.com,packages/features/webhooks/lib/types/params.ts,HIGH,0.9957,0.9957,0.0,0.0043
cal.com,packages/features/webhooks/lib/test/webhooks.test.ts,MEDIUM,0.9985,0.0015,0.0,0.9985
cal.com,packages/features/webhooks/lib/facade/WebhookFeature.ts,HIGH,0.9971,0.9971,0.0,0.0029
cal.com,packages/features/webhooks/lib/__tests__/webhookDelivery.integration-test.ts,MEDIUM,0.9983,0.0016,0.0,0.9983
cal.com,packages/features/webhooks/lib/__tests__/producer/WebhookTaskerProducerService.test.ts,HIGH,0.9965,0.9965,0.0,0.0035
cal.com,packages/features/webhooks/lib/__tests__/consumer/WebhookTaskConsumer.test.ts,HIGH,0.9999,0.9999,0.0,1e-04
cal.com,packages/features/webhooks/lib/__tests__/consumer/triggers/booking-requested.test.ts,HIGH,0.9994,0.9994,0.0,0.0006
cal.com,packages/features/webhooks/lib/service/OOOWebhookService.ts,MEDIUM,0.9968,0.0025,0.0007,0.9968
cal.com,packages/features/webhooks/lib/service/WebhookNotificationHandler.test.ts,HIGH,0.9999,0.9999,0.0,1e-04
cal.com,packages/features/webhooks/lib/service/BookingWebhookService.ts,HIGH,1.0,1.0,0.0,0.0
cal.com,packages/features/webhooks/lib/service/WebhookNotificationHandler.ts,MEDIUM,0.9539,0.046,0.0,0.9539
cal.com,packages/features/webhooks/lib/service/RecordingWebhookService.ts,MEDIUM,0.9885,0.0115,0.0,0.9885
cal.com,packages/features/webhooks/lib/service/WebhookTaskConsumer.ts,HIGH,0.9997,0.9997,0.0,0.0003
cal.com,packages/features/webhooks/lib/service/WebhookService.test.ts,MEDIUM,0.9319,0.0681,0.0,0.9319
cal.com,packages/features/webhooks/lib/service/WebhookService.ts,HIGH,1.0,1.0,0.0,0.0
cal.com,packages/features/webhooks/lib/service/WebhookTaskerProducerService.ts,HIGH,0.9983,0.9983,0.0,0.0017
cal.com,packages/features/webhooks/lib/service/WebhookNotifier.ts,MEDIUM,0.9997,0.0002,1e-04,0.9997
cal.com,packages/features/webhooks/lib/service/__tests__/fixtures.ts,MEDIUM,0.9846,0.0154,0.0,0.9846
cal.com,packages/features/webhooks/lib/service/__tests__/WebhookTaskerProducerService.test.ts,HIGH,0.9998,0.9998,0.0,0.0002
cal.com,packages/features/webhooks/lib/service/data-fetchers/PaymentWebhookDataFetcher.ts,MEDIUM,0.9997,0.0002,1e-04,0.9997
cal.com,packages/features/webhooks/lib/service/data-fetchers/OOOWebhookDataFetcher.ts,MEDIUM,0.9996,0.0002,0.0002,0.9996
cal.com,packages/features/webhooks/lib/service/data-fetchers/BookingWebhookDataFetcher.ts,MEDIUM,0.6662,0.3338,0.0,0.6662
cal.com,packages/features/webhooks/lib/service/data-fetchers/RecordingWebhookDataFetcher.ts,MEDIUM,0.9997,0.0002,1e-04,0.9997
cal.com,packages/features/webhooks/lib/infrastructure/mappers/WebhookOutputMapper.ts,HIGH,0.9608,0.9608,0.0,0.0392
cal.com,packages/features/webhooks/lib/factory/types.ts,HIGH,0.9863,0.9863,0.0,0.0137
cal.com,packages/features/webhooks/lib/factory/versioned/PayloadBuilderFactory.ts,HIGH,0.9989,0.9989,0.0,0.0011
cal.com,packages/features/webhooks/lib/factory/versioned/registry.test.ts,HIGH,0.9992,0.9992,0.0,0.0008
cal.com,packages/features/webhooks/lib/factory/versioned/registry.ts,MEDIUM,0.977,0.022,0.001,0.977
cal.com,packages/features/webhooks/lib/factory/versioned/PayloadBuilderFactory.test.ts,HIGH,1.0,1.0,0.0,0.0
cal.com,packages/features/webhooks/lib/factory/versioned/v2021-10-20/MeetingPayloadBuilder.ts,MEDIUM,0.9994,0.0005,1e-04,0.9994
cal.com,packages/features/webhooks/lib/factory/versioned/v2021-10-20/BookingPayloadBuilder.ts,HIGH,1.0,1.0,0.0,0.0
cal.com,packages/features/webhooks/lib/factory/versioned/v2021-10-20/OOOPayloadBuilder.ts,MEDIUM,0.9996,0.0,0.0003,0.9996
cal.com,packages/features/webhooks/lib/factory/versioned/v2021-10-20/RecordingPayloadBuilder.ts,MEDIUM,0.9995,0.0004,1e-04,0.9995
cal.com,packages/features/webhooks/lib/factory/versioned/v2021-10-20/types.ts,LOW,0.985,0.0,0.985,0.015
cal.com,packages/features/webhooks/lib/factory/versioned/v2021-10-20/BookingPayloadBuilder.test.ts,HIGH,1.0,1.0,0.0,0.0
cal.com,packages/features/webhooks/lib/factory/versioned/v2021-10-20/index.ts,LOW,0.6738,0.0042,0.6738,0.322
cal.com,packages/features/webhooks/lib/factory/base/BaseOOOPayloadBuilder.test.ts,MEDIUM,0.9976,0.0002,0.0022,0.9976
cal.com,packages/features/webhooks/lib/factory/base/BaseOOOPayloadBuilder.ts,MEDIUM,0.9084,1e-04,0.0916,0.9084
cal.com,packages/features/webhooks/lib/factory/base/BaseMeetingPayloadBuilder.ts,MEDIUM,0.9992,1e-04,0.0008,0.9992
cal.com,packages/features/webhooks/lib/factory/base/BaseBookingPayloadBuilder.ts,MEDIUM,0.9993,0.0006,1e-04,0.9993
cal.com,packages/features/webhooks/lib/factory/base/BaseMeetingPayloadBuilder.test.ts,MEDIUM,0.9977,0.0006,0.0017,0.9977
cal.com,packages/features/webhooks/lib/factory/base/BaseRecordingPayloadBuilder.ts,MEDIUM,0.9084,1e-04,0.0916,0.9084
cal.com,packages/features/webhooks/lib/factory/base/index.ts,MEDIUM,0.5371,0.0113,0.4516,0.5371
cal.com,packages/features/webhooks/lib/factory/base/BaseRecordingPayloadBuilder.test.ts,MEDIUM,0.9973,0.0004,0.0023,0.9973
cal.com,packages/features/webhooks/lib/factory/base/BaseBookingPayloadBuilder.test.ts,HIGH,0.6914,0.6914,1e-04,0.3085
cal.com,packages/features/webhooks/lib/tasker/WebhookTasker.ts,MEDIUM,0.9998,1e-04,1e-04,0.9998
cal.com,packages/features/webhooks/lib/tasker/WebhookSyncTasker.ts,MEDIUM,0.9993,1e-04,0.0007,0.9993
cal.com,packages/features/webhooks/lib/tasker/WebhookTriggerTasker.ts,MEDIUM,0.9983,1e-04,0.0017,0.9983
cal.com,packages/features/webhooks/lib/tasker/types.ts,MEDIUM,0.97,1e-04,0.0299,0.97
cal.com,packages/features/webhooks/lib/tasker/WebhookTasker.test.ts,MEDIUM,0.9988,0.0012,0.0,0.9988
cal.com,packages/features/webhooks/lib/tasker/trigger/schema.ts,LOW,0.9998,0.0,0.9998,0.0002
cal.com,packages/features/webhooks/lib/tasker/trigger/deliver-webhook.ts,MEDIUM,0.9995,0.0005,1e-04,0.9995
cal.com,packages/features/webhooks/lib/tasker/trigger/config.ts,MEDIUM,0.998,1e-04,0.0019,0.998
cal.com,packages/features/apps/repository/PrismaAppRepository.ts,MEDIUM,0.9996,0.0003,1e-04,0.9996
cal.com,packages/features/apps/components/AppSetDefaultLinkDialog.tsx,HIGH,0.9465,0.9465,0.0,0.0535
cal.com,packages/features/apps/components/DisconnectIntegrationModal.tsx,HIGH,0.9992,0.9992,0.0,0.0008
cal.com,packages/features/apps/components/AppList.tsx,HIGH,1.0,1.0,0.0,0.0
cal.com,packages/features/apps/hooks/useAppsData.ts,HIGH,0.9997,0.9997,0.0,0.0003
cal.com,packages/features/ooo/repositories/PrismaOOORepository.ts,HIGH,0.5938,0.5938,1e-04,0.4061
cal.com,packages/features/slots/handleNotificationWhenNoSlots.ts,HIGH,0.9999,0.9999,0.0,1e-04
cal.com,packages/features/slots/handleNotificationWhenNoSlots.test.ts,HIGH,0.9999,0.9999,0.0,1e-04
cal.com,packages/features/credits/repositories/CreditsRepository.ts,HIGH,1.0,1.0,0.0,0.0
cal.com,packages/features/credits/repositories/CreditsRepository.test.ts,HIGH,0.9988,0.9988,0.0,0.0012
cal.com,packages/features/notifications/sendNotification.ts,MEDIUM,0.9806,0.0194,0.0,0.9806
cal.com,packages/features/calendar-subscription/adapters/GoogleCalendarSubscription.adapter.ts,HIGH,1.0,1.0,0.0,0.0
cal.com,packages/features/calendar-subscription/adapters/AdaptersFactory.ts,MEDIUM,0.9993,0.0006,0.0,0.9993
cal.com,packages/features/calendar-subscription/adapters/Office365CalendarSubscription.adapter.ts,HIGH,1.0,1.0,0.0,0.0
cal.com,packages/features/calendar-subscription/adapters/__mocks__/CalendarAuth.ts,MEDIUM,0.995,1e-04,0.0048,0.995
cal.com,packages/features/calendar-subscription/adapters/__tests__/Office365CalendarSubscriptionAdapter.test.ts,HIGH,0.9024,0.9024,0.0,0.0976
cal.com,packages/features/calendar-subscription/adapters/__tests__/AdaptersFactory.test.ts,MEDIUM,0.9987,0.0012,0.0,0.9987
cal.com,packages/features/calendar-subscription/adapters/__tests__/GoogleCalendarSubscriptionAdapter.test.ts,HIGH,1.0,1.0,0.0,0.0
cal.com,packages/features/calendar-subscription/lib/CalendarSubscriptionPort.interface.ts,MEDIUM,0.9974,0.0012,0.0014,0.9974
cal.com,packages/features/calendar-subscription/lib/CalendarSubscriptionService.ts,HIGH,1.0,1.0,0.0,0.0
cal.com,packages/features/calendar-subscription/lib/__mocks__/delegationCredential.ts,MEDIUM,0.6856,0.3137,0.0008,0.6856
cal.com,packages/features/calendar-subscription/lib/cache/CalendarCacheEventRepository.ts,MEDIUM,0.9904,0.0096,0.0,0.9904
cal.com,packages/features/calendar-subscription/lib/cache/CalendarCacheWrapper.ts,HIGH,0.9996,0.9996,0.0,0.0004
cal.com,packages/features/calendar-subscription/lib/cache/CalendarCacheEventService.ts,MEDIUM,0.9877,0.0123,0.0,0.9877
cal.com,packages/features/calendar-subscription/lib/cache/CalendarCacheEventRepository.interface.ts,MEDIUM,0.9991,1e-04,0.0009,0.9991
cal.com,packages/features/calendar-subscription/lib/cache/__tests__/CalendarCacheEventRepository.test.ts,HIGH,0.9874,0.9874,0.0,0.0126
cal.com,packages/features/calendar-subscription/lib/cache/__tests__/CalendarCacheEventService.test.ts,HIGH,1.0,1.0,0.0,0.0
cal.com,packages/features/calendar-subscription/lib/cache/__tests__/CalendarCacheWrapper.test.ts,HIGH,0.9952,0.9952,0.0,0.0048
cal.com,packages/features/calendar-subscription/lib/__tests__/CalendarSubscriptionService.test.ts,HIGH,1.0,1.0,0.0,0.0
cal.com,packages/features/calendar-subscription/lib/telemetry/CalendarTelemetryWrapper.ts,HIGH,0.998,0.998,0.0,0.002
cal.com,packages/features/calendar-subscription/lib/sync/CalendarSyncService.ts,HIGH,1.0,1.0,0.0,0.0
cal.com,packages/features/calendar-subscription/lib/sync/__tests__/CalendarSyncService.integration.test.ts,HIGH,1.0,1.0,0.0,0.0
cal.com,packages/features/calendar-subscription/lib/sync/__tests__/CalendarSyncService.test.ts,HIGH,0.9998,0.9998,0.0,0.0002
cal.com,packages/features/bookingReport/repositories/IBookingReportRepository.ts,MEDIUM,0.9218,0.0781,1e-04,0.9218
cal.com,packages/features/bookingReport/repositories/PrismaBookingReportRepository.ts,HIGH,1.0,1.0,0.0,0.0
cal.com,packages/features/bookingReport/repositories/PrismaBookingReportRepository.test.ts,HIGH,0.9895,0.9895,0.0,0.0105
cal.com,packages/features/url-shortener/UrlShortenerFactory.ts,HIGH,1.0,1.0,0.0,0.0
cal.com,packages/features/url-shortener/IUrlShortenerProvider.ts,HIGH,0.6931,0.6931,0.0,0.3069
cal.com,packages/features/url-shortener/providers/SinkShortener.ts,HIGH,0.9998,0.9998,0.0,0.0002
cal.com,packages/features/url-shortener/providers/DubShortener.ts,HIGH,1.0,1.0,0.0,0.0
cal.com,packages/features/url-shortener/providers/NoopShortener.ts,MEDIUM,0.7095,0.29,0.0005,0.7095
cal.com,packages/features/url-shortener/providers/SinkClient.ts,HIGH,1.0,1.0,0.0,0.0
cal.com,packages/features/url-shortener/__tests__/UrlShortenerFactory.test.ts,HIGH,1.0,1.0,0.0,0.0
cal.com,packages/features/url-shortener/__tests__/NoopShortener.test.ts,HIGH,0.9998,0.9998,0.0,0.0002
cal.com,packages/features/url-shortener/__tests__/SinkShortener.test.ts,HIGH,1.0,1.0,0.0,0.0
cal.com,packages/features/url-shortener/__tests__/SinkClient.test.ts,HIGH,1.0,1.0,0.0,0.0
cal.com,packages/features/url-shortener/__tests__/DubShortener.test.ts,HIGH,1.0,1.0,0.0,0.0
cal.com,packages/features/onboarding/lib/onboarding-path.service.ts,MEDIUM,0.9998,0.0002,1e-04,0.9998
cal.com,packages/features/watchlist/operations/check-user-blocking.ts,HIGH,1.0,1.0,0.0,0.0
cal.com,packages/features/watchlist/operations/filter-blocked-users.controller.test.ts,HIGH,0.9998,0.9998,0.0,0.0002
cal.com,packages/features/watchlist/operations/list-all-system-entries.controller.test.ts,HIGH,0.9888,0.9888,0.0,0.0112
cal.com,packages/features/watchlist/operations/filter-blocked-hosts.controller.ts,MEDIUM,0.9995,0.0004,1e-04,0.9995
cal.com,packages/features/watchlist/operations/check-if-email-in-watchlist.controller.test.ts,HIGH,0.7658,0.7658,1e-04,0.2341
cal.com,packages/features/watchlist/operations/check-if-email-in-watchlist.controller.ts,MEDIUM,0.9991,0.0009,0.0,0.9991
cal.com,packages/features/watchlist/operations/filter-blocked-users.controller.ts,MEDIUM,0.9995,0.0004,0.0,0.9995
cal.com,packages/features/watchlist/operations/check-if-users-are-blocked.controller.test.ts,HIGH,0.9998,0.9998,0.0,0.0002
cal.com,packages/features/watchlist/operations/check-user-blocking.test.ts,HIGH,1.0,1.0,0.0,0.0
cal.com,packages/features/watchlist/operations/list-all-system-entries.controller.ts,MEDIUM,0.9995,1e-04,0.0004,0.9995
cal.com,packages/features/watchlist/operations/filter-blocked-hosts.controller.test.ts,HIGH,0.9879,0.9879,0.0,0.0121
cal.com,packages/features/watchlist/operations/check-if-users-are-blocked.controller.ts,MEDIUM,0.9977,0.0023,0.0,0.9977
cal.com,packages/features/watchlist/lib/types.ts,MEDIUM,0.9987,0.0013,0.0,0.9987
cal.com,packages/features/watchlist/lib/testUtils.ts,MEDIUM,0.9945,1e-04,0.0054,0.9945
cal.com,packages/features/watchlist/lib/dto/mappers.ts,HIGH,0.9395,0.9395,0.0,0.0605
cal.com,packages/features/watchlist/lib/dto/types.ts,MEDIUM,0.9827,0.0173,0.0,0.9827
cal.com,packages/features/watchlist/lib/dto/index.ts,MEDIUM,0.9977,1e-04,0.0022,0.9977
cal.com,packages/features/watchlist/lib/interface/IBlockingService.ts,MEDIUM,0.9995,1e-04,0.0004,0.9995
cal.com,packages/features/watchlist/lib/interface/IWatchlistRepositories.ts,MEDIUM,0.9841,0.0159,0.0,0.9841
cal.com,packages/features/watchlist/lib/interface/IWatchlistService.ts,MEDIUM,0.9111,1e-04,0.0888,0.9111
cal.com,packages/features/watchlist/lib/interface/IAuditRepository.ts,MEDIUM,0.9995,0.0002,0.0004,0.9995
cal.com,packages/features/watchlist/lib/interface/IAuditService.ts,MEDIUM,0.9993,1e-04,0.0007,0.9993
cal.com,packages/features/watchlist/lib/repository/GlobalWatchlistRepository.ts,HIGH,0.9947,0.9947,0.0,0.0053
cal.com,packages/features/watchlist/lib/repository/GlobalWatchlistRepository.test.ts,MEDIUM,0.9944,0.0054,0.0002,0.9944
cal.com,packages/features/watchlist/lib/repository/OrganizationWatchlistRepository.ts,HIGH,0.996,0.996,0.0,0.004
cal.com,packages/features/watchlist/lib/repository/WatchlistRepository.ts,HIGH,1.0,1.0,0.0,0.0
cal.com,packages/features/watchlist/lib/repository/PrismaWatchlistAuditRepository.ts,HIGH,0.8168,0.8168,0.0,0.1831
cal.com,packages/features/watchlist/lib/repository/IWatchlistRepository.ts,MEDIUM,0.9978,0.002,0.0002,0.9978
cal.com,packages/features/watchlist/lib/freeEmailDomainCheck/checkIfFreeEmailDomain.ts,MEDIUM,0.9998,0.0002,1e-04,0.9998
cal.com,packages/features/watchlist/lib/freeEmailDomainCheck/checkIfFreeEmailDomain.test.ts,MEDIUM,0.9986,0.0013,1e-04,0.9986
cal.com,packages/features/watchlist/lib/freeEmailDomainCheck/freeEmailDomains.ts,HIGH,0.9995,0.9995,0.0,0.0005
cal.com,packages/features/watchlist/lib/facade/WatchlistFeature.ts,MEDIUM,0.9996,0.0002,0.0002,0.9996
cal.com,packages/features/watchlist/lib/utils/normalization.test.ts,HIGH,0.8633,0.8633,0.0,0.1367
cal.com,packages/features/watchlist/lib/utils/normalization.ts,HIGH,0.5694,0.5694,0.0,0.4305
cal.com,packages/features/watchlist/lib/telemetry/no-op-span.ts,LOW,0.985,0.0,0.985,0.015
cal.com,packages/features/watchlist/lib/telemetry/types.ts,LOW,0.8998,0.0,0.8998,0.1002
cal.com,packages/features/watchlist/lib/telemetry/index.ts,LOW,0.9993,0.0,0.9993,0.0007
cal.com,packages/features/watchlist/lib/telemetry/sentry-span.ts,LOW,0.8998,0.0,0.8998,0.1002
cal.com,packages/features/watchlist/lib/errors/WatchlistErrors.ts,MEDIUM,0.9976,0.0003,0.0021,0.9976
cal.com,packages/features/watchlist/lib/service/WatchlistService.ts,MEDIUM,0.9539,0.046,0.0,0.9539
cal.com,packages/features/watchlist/lib/service/WatchlistService.test.ts,HIGH,0.9999,0.9999,0.0,1e-04
cal.com,packages/features/watchlist/lib/service/AdminWatchlistQueryService.ts,HIGH,0.9633,0.9633,0.0,0.0367
cal.com,packages/features/watchlist/lib/service/OrganizationWatchlistQueryService.ts,HIGH,1.0,1.0,0.0,0.0
cal.com,packages/features/watchlist/lib/service/AdminWatchlistOperationsService.ts,HIGH,1.0,1.0,0.0,0.0
cal.com,packages/features/watchlist/lib/service/OrganizationBlockingService.ts,HIGH,0.9871,0.9871,0.0,0.0129
cal.com,packages/features/watchlist/lib/service/AdminWatchlistOperationsService.test.ts,HIGH,1.0,1.0,0.0,0.0
cal.com,packages/features/watchlist/lib/service/WatchlistOperationsService.ts,MEDIUM,0.9832,0.0168,0.0,0.9832
cal.com,packages/features/watchlist/lib/service/GlobalBlockingService.ts,HIGH,0.9849,0.9849,0.0,0.0151
cal.com,packages/features/watchlist/lib/service/GlobalBlockingService.test.ts,HIGH,0.9886,0.9886,0.0,0.0114
cal.com,packages/features/watchlist/lib/service/SpamCheckService.ts,MEDIUM,0.9979,0.0021,0.0,0.9979
cal.com,packages/features/watchlist/lib/service/WatchlistAuditService.ts,MEDIUM,0.9977,0.0003,0.002,0.9977
cal.com,packages/features/watchlist/lib/service/OrganizationWatchlistOperationsService.ts,HIGH,1.0,1.0,0.0,0.0
cal.com,packages/features/watchlist/lib/service/OrganizationBlockingService.test.ts,HIGH,0.9996,0.9996,0.0,0.0004
cal.com,packages/features/membership/repositories/PrismaOrgMembershipRepository.ts,MEDIUM,0.9993,0.0006,0.0,0.9993
cal.com,packages/features/membership/repositories/MembershipRepository.ts,HIGH,1.0,1.0,0.0,0.0
cal.com,packages/features/membership/services/membershipService.ts,MEDIUM,0.9996,0.0003,1e-04,0.9996
cal.com,packages/features/tasker/repository.ts,HIGH,1.0,1.0,0.0,0.0
cal.com,packages/features/tasker/redis-tasker.ts,MEDIUM,0.9941,1e-04,0.0058,0.9941
cal.com,packages/features/tasker/internal-tasker.ts,MEDIUM,0.9997,0.0002,1e-04,0.9997
cal.com,packages/features/tasker/tasker-factory.ts,MEDIUM,0.9997,1e-04,0.0002,0.9997
cal.com,packages/features/tasker/task-processor.ts,MEDIUM,0.9992,0.0007,0.0,0.9992
cal.com,packages/features/tasker/tasker.ts,HIGH,0.9891,0.9891,1e-04,0.0108
cal.com,packages/features/tasker/index.ts,MEDIUM,0.9993,1e-04,0.0006,0.9993
cal.com,packages/features/tasker/tasks/sendAwaitingPaymentEmail.ts,HIGH,1.0,1.0,0.0,0.0
cal.com,packages/features/tasker/tasks/sendWebook.ts,MEDIUM,0.9992,1e-04,0.0006,0.9992
cal.com,packages/features/tasker/tasks/translateEventTypeData.ts,HIGH,1.0,1.0,0.0,0.0
cal.com,packages/features/tasker/tasks/bookingAudit.ts,MEDIUM,0.9995,0.0005,0.0,0.9995
cal.com,packages/features/tasker/tasks/webhookDelivery.ts,MEDIUM,0.9998,0.0002,1e-04,0.9998
cal.com,packages/features/tasker/tasks/index.ts,HIGH,0.9735,0.9735,0.0,0.0265
cal.com,packages/features/tasker/tasks/triggerNoShow/schema.ts,HIGH,0.9962,0.9962,0.0,0.0038
cal.com,packages/features/tasker/tasks/triggerNoShow/triggerGuestNoShow.ts,HIGH,1.0,1.0,0.0,0.0
cal.com,packages/features/tasker/tasks/triggerNoShow/common.ts,HIGH,1.0,1.0,0.0,0.0
cal.com,packages/features/tasker/tasks/triggerNoShow/triggerHostNoShow.ts,HIGH,1.0,1.0,0.0,0.0
cal.com,packages/features/tasker/tasks/triggerNoShow/getBooking.ts,MEDIUM,0.9989,0.0011,0.0,0.9989
cal.com,packages/features/tasker/tasks/triggerNoShow/triggerHostNoShow.test.ts,HIGH,1.0,1.0,0.0,0.0
cal.com,packages/features/tasker/tasks/triggerNoShow/getMeetingSessionsFromRoomName.ts,LOW,0.8998,0.0,0.8998,0.1002
cal.com,packages/features/tasker/tasks/triggerNoShow/triggerGuestNoShow.test.ts,HIGH,1.0,1.0,0.0,0.0
cal.com,packages/features/tasker/tasks/crm/schema.ts,LOW,0.985,0.0,0.985,0.015
cal.com,packages/features/tasker/tasks/crm/createCRMEvent.ts,HIGH,1.0,1.0,0.0,0.0
cal.com,packages/features/tasker/tasks/crm/__tests__/createCRMEvent.test.ts,HIGH,1.0,1.0,0.0,0.0
cal.com,packages/features/tasker/tasks/crm/lib/buildCalendarEvent.ts,HIGH,1.0,1.0,0.0,0.0
cal.com,packages/features/tasker/tasks/analytics/schema.ts,MEDIUM,0.9899,1e-04,0.01,0.9899
cal.com,packages/features/tasker/tasks/analytics/handleAnalyticsEvents.ts,MEDIUM,0.9991,0.0009,0.0,0.9991
cal.com,packages/features/tasker/tasks/analytics/analyticsManager.ts,MEDIUM,0.9996,0.0003,0.0002,0.9996
cal.com,packages/features/tasker/tasks/analytics/sendAnalyticsEvent.ts,MEDIUM,0.9995,0.0004,1e-04,0.9995
cal.com,packages/features/tasker/api/cleanup.ts,MEDIUM,0.9983,1e-04,0.0017,0.9983
cal.com,packages/features/tasker/api/cron.ts,MEDIUM,0.9994,1e-04,0.0005,0.9994
cal.com,packages/features/credentials/deleteCredential.test.ts,HIGH,0.9999,0.9999,0.0,1e-04
cal.com,packages/features/credentials/handleDeleteCredential.integration-test.ts,HIGH,1.0,1.0,0.0,0.0
cal.com,packages/features/credentials/handleDeleteCredential.ts,HIGH,1.0,1.0,0.0,0.0
cal.com,packages/features/credentials/di/CredentialRepository.module.ts,MEDIUM,0.9963,1e-04,0.0035,0.9963
cal.com,packages/features/credentials/repositories/CredentialRepository.ts,HIGH,1.0,1.0,0.0,0.0
cal.com,packages/features/credentials/services/CredentialAccessService.test.ts,HIGH,0.9888,0.9888,0.0,0.0112
cal.com,packages/features/credentials/services/CredentialDataService.ts,MEDIUM,0.9995,0.0005,0.0,0.9995
cal.com,packages/features/credentials/services/CredentialAccessService.ts,HIGH,0.9606,0.9606,0.0,0.0394
cal.com,packages/features/data-table/index.ts,LOW,0.985,0.0,0.985,0.015
cal.com,packages/features/data-table/repositories/filterSegment.ts,HIGH,1.0,1.0,0.0,0.0
cal.com,packages/features/data-table/repositories/filterSegment.type.ts,MEDIUM,0.9715,0.0285,0.0,0.9715
cal.com,packages/features/data-table/__tests__/filterSegments/create.test.ts,HIGH,1.0,1.0,0.0,0.0
cal.com,packages/features/data-table/__tests__/filterSegments/update.test.ts,HIGH,1.0,1.0,0.0,0.0
cal.com,packages/features/data-table/__tests__/filterSegments/get.test.ts,HIGH,1.0,1.0,0.0,0.0
cal.com,packages/features/data-table/__tests__/filterSegments/delete.test.ts,HIGH,0.9999,0.9999,0.0,1e-04
cal.com,packages/features/data-table/lib/utils.ts,HIGH,0.9997,0.9997,0.0,0.0003
cal.com,packages/features/data-table/lib/dateRange.ts,MEDIUM,0.8221,0.1779,0.0,0.8221
cal.com,packages/features/data-table/lib/types.ts,HIGH,0.9999,0.9999,0.0,1e-04
cal.com,packages/features/data-table/lib/parsers.ts,MEDIUM,0.9997,0.0002,1e-04,0.9997
cal.com,packages/features/data-table/lib/preserveLocalTime.ts,MEDIUM,0.9993,1e-04,0.0007,0.9993
cal.com,packages/features/data-table/lib/serializers.ts,MEDIUM,0.9998,1e-04,1e-04,0.9998
cal.com,packages/features/data-table/lib/dateRange.test.ts,HIGH,0.9946,0.9946,0.0,0.0054
cal.com,packages/features/data-table/lib/server.ts,HIGH,1.0,1.0,0.0,0.0
cal.com,packages/features/data-table/lib/separator.ts,MEDIUM,0.9989,1e-04,0.001,0.9989
cal.com,packages/features/data-table/lib/__tests__/preserveLocalTime.test.ts,MEDIUM,0.9985,0.0007,0.0008,0.9985
cal.com,packages/features/data-table/lib/__tests__/server.test.ts,HIGH,0.9998,0.9998,0.0,0.0002
cal.com,packages/features/platform-oauth-client/platform-oauth-client.repository.interface.ts,LOW,0.985,0.0,0.985,0.015
cal.com,packages/features/platform-oauth-client/get-platform-params.ts,MEDIUM,0.9899,1e-04,0.01,0.9899
cal.com,packages/features/platform-oauth-client/platform-oauth-client.repository.ts,MEDIUM,0.9996,1e-04,0.0003,0.9996
cal.com,packages/features/feature-opt-in/types.ts,MEDIUM,0.9994,0.0006,0.0,0.9994
cal.com,packages/features/feature-opt-in/config.ts,HIGH,0.9803,0.9803,0.0,0.0197
cal.com,packages/features/feature-opt-in/di/tokens.ts,LOW,0.985,0.0,0.985,0.015
cal.com,packages/features/feature-opt-in/lib/computeEffectiveState.ts,HIGH,0.6114,0.6114,0.0,0.3886
cal.com,packages/features/feature-opt-in/lib/applyAutoOptIn.ts,MEDIUM,0.9994,0.0006,0.0,0.9994
cal.com,packages/features/feature-opt-in/lib/applyAutoOptIn.test.ts,HIGH,0.5938,0.5938,1e-04,0.4061
cal.com,packages/features/feature-opt-in/lib/computeEffectiveState.test.ts,HIGH,1.0,1.0,0.0,0.0
cal.com,packages/features/feature-opt-in/services/FeatureOptInService.ts,HIGH,1.0,1.0,0.0,0.0
cal.com,packages/features/feature-opt-in/services/FeatureOptInService.test.ts,HIGH,1.0,1.0,0.0,0.0
cal.com,packages/features/feature-opt-in/services/FeatureOptInService.integration-test.ts,HIGH,1.0,1.0,0.0,0.0
cal.com,packages/features/feature-opt-in/services/IFeatureOptInService.ts,MEDIUM,0.9938,0.006,0.0002,0.9938
cal.com,packages/prisma/enum-generator.ts,MEDIUM,0.9997,0.0002,1e-04,0.9997
cal.com,packages/prisma/delete-app.ts,MEDIUM,0.9997,0.0002,1e-04,0.9997
cal.com,packages/prisma/auto-migrations.ts,MEDIUM,0.999,0.0009,0.0,0.999
cal.com,packages/prisma/cleanup-pbac.ts,MEDIUM,0.8459,0.1541,0.0,0.8459
cal.com,packages/prisma/zod-utils.ts,HIGH,1.0,1.0,0.0,0.0
cal.com,packages/prisma/index.ts,HIGH,0.8926,0.8926,0.0,0.1074
cal.com,packages/prisma/seed-pbac-only.ts,MEDIUM,0.9992,0.0008,0.0,0.9992
cal.com,packages/prisma/is-prisma-available-check.ts,MEDIUM,0.9996,1e-04,0.0003,0.9996
cal.com,packages/prisma/zod-utils.test.ts,MEDIUM,0.9968,0.0026,0.0006,0.9968
cal.com,packages/prisma/__mocks__/prisma.ts,MEDIUM,0.9111,1e-04,0.0888,0.9111
cal.com,packages/prisma/selects/payment.ts,MEDIUM,0.9971,0.0025,0.0004,0.9971
cal.com,packages/prisma/selects/credential.ts,MEDIUM,0.9978,0.0002,0.0019,0.9978
cal.com,packages/prisma/selects/app.ts,MEDIUM,0.9797,1e-04,0.0201,0.9797
cal.com,packages/prisma/selects/event-types.ts,HIGH,0.9997,0.9997,0.0,0.0003
cal.com,packages/prisma/selects/booking.ts,HIGH,0.9968,0.9968,0.0,0.0032
cal.com,packages/prisma/selects/index.ts,LOW,0.8998,0.0,0.8998,0.1002
cal.com,packages/prisma/selects/user.ts,MEDIUM,0.9973,0.0014,0.0013,0.9973
cal.com,packages/prisma/extensions/booking-idempotency-key.ts,MEDIUM,0.9918,0.0082,0.0,0.9918
cal.com,packages/prisma/extensions/exclude-pending-payment-teams.ts,MEDIUM,0.9996,0.0003,1e-04,0.9996
cal.com,packages/prisma/extensions/exclude-locked-users.ts,MEDIUM,0.9988,0.0011,0.0,0.9988
cal.com,packages/prisma/extensions/disallow-undefined-delete-update-many.test.ts,MEDIUM,0.9987,0.0013,0.0,0.9987
cal.com,packages/prisma/extensions/disallow-undefined-delete-update-many.ts,MEDIUM,0.999,0.001,0.0,0.999
cal.com,packages/prisma/client/index.ts,LOW,1.0,0.0,1.0,0.0
cal.com,packages/coss-ui/src/icons.tsx,HIGH,0.9895,0.9895,0.0,0.0105
cal.com,packages/coss-ui/src/shared/list-item.tsx,HIGH,1.0,1.0,0.0,0.0
cal.com,packages/coss-ui/src/shared/app-header.tsx,HIGH,0.9995,0.9995,0.0,0.0005
cal.com,packages/coss-ui/src/components/group.tsx,MEDIUM,0.9938,0.006,0.0002,0.9938
cal.com,packages/coss-ui/src/components/alert-dialog.tsx,HIGH,0.9946,0.9946,0.0,0.0054
cal.com,packages/coss-ui/src/components/pagination.tsx,MEDIUM,0.7467,0.2532,0.0,0.7467
cal.com,packages/coss-ui/src/components/tabs.tsx,MEDIUM,0.9983,0.0016,0.0,0.9983
cal.com,packages/coss-ui/src/components/card.tsx,HIGH,0.988,0.988,0.0,0.0119
cal.com,packages/coss-ui/src/components/slider.tsx,MEDIUM,0.9956,0.0044,0.0,0.9956
cal.com,packages/coss-ui/src/components/input-group.tsx,MEDIUM,0.864,0.1359,0.0,0.864
cal.com,packages/coss-ui/src/components/popover.tsx,HIGH,1.0,1.0,0.0,0.0
cal.com,packages/coss-ui/src/components/progress.tsx,MEDIUM,0.9988,0.0011,0.0,0.9988
cal.com,packages/coss-ui/src/components/sheet.tsx,HIGH,0.9998,0.9998,0.0,0.0002
cal.com,packages/coss-ui/src/components/field.tsx,MEDIUM,0.9971,0.0024,0.0005,0.9971
cal.com,packages/coss-ui/src/components/toolbar.tsx,MEDIUM,0.9969,0.0026,0.0005,0.9969
cal.com,packages/coss-ui/src/components/meter.tsx,MEDIUM,0.9989,0.0011,1e-04,0.9989
cal.com,packages/coss-ui/src/components/preview-card.tsx,MEDIUM,0.9973,0.0014,0.0013,0.9973
cal.com,packages/coss-ui/src/components/scroll-area.tsx,MEDIUM,0.9984,0.0016,0.0,0.9984
cal.com,packages/coss-ui/src/components/label.tsx,MEDIUM,0.9971,0.0002,0.0027,0.9971
cal.com,packages/coss-ui/src/components/accordion.tsx,MEDIUM,0.9968,0.0025,0.0007,0.9968
cal.com,packages/coss-ui/src/components/empty.tsx,MEDIUM,0.9899,0.0101,0.0,0.9899
cal.com,packages/coss-ui/src/components/tooltip.tsx,HIGH,0.998,0.998,0.0,0.002
cal.com,packages/coss-ui/src/components/alert.tsx,MEDIUM,0.9972,0.0024,0.0005,0.9972
cal.com,packages/coss-ui/src/components/combobox.tsx,HIGH,1.0,1.0,0.0,0.0
cal.com,packages/coss-ui/src/components/switch.tsx,MEDIUM,0.9971,0.0002,0.0027,0.9971
cal.com,packages/coss-ui/src/components/breadcrumb.tsx,MEDIUM,0.9968,0.0032,0.0,0.9968
cal.com,packages/coss-ui/src/components/radio-group.tsx,MEDIUM,0.9978,0.0002,0.0019,0.9978
cal.com,packages/coss-ui/src/components/command.tsx,HIGH,0.9884,0.9884,0.0,0.0116
cal.com,packages/coss-ui/src/components/toggle-group.tsx,MEDIUM,0.8467,0.1533,0.0,0.8467
cal.com,packages/coss-ui/src/components/avatar.tsx,MEDIUM,0.9979,0.0003,0.0018,0.9979
cal.com,packages/coss-ui/src/components/kbd.tsx,MEDIUM,0.9961,0.0002,0.0037,0.9961
cal.com,packages/coss-ui/src/components/checkbox-group.tsx,MEDIUM,0.9941,1e-04,0.0058,0.9941
cal.com,packages/coss-ui/src/components/dialog.tsx,HIGH,0.9971,0.9971,0.0,0.0029
cal.com,packages/coss-ui/src/components/menu.tsx,HIGH,0.9998,0.9998,0.0,0.0002
cal.com,packages/coss-ui/src/components/badge.tsx,MEDIUM,0.9979,0.0014,0.0007,0.9979
cal.com,packages/coss-ui/src/components/number-field.tsx,HIGH,0.8036,0.8036,0.0,0.1964
cal.com,packages/coss-ui/src/components/sidebar.tsx,HIGH,1.0,1.0,0.0,0.0
cal.com,packages/coss-ui/src/components/table.tsx,MEDIUM,0.9804,0.0194,1e-04,0.9804
cal.com,packages/coss-ui/src/components/separator.tsx,MEDIUM,0.998,1e-04,0.0019,0.998
cal.com,packages/coss-ui/src/components/button.tsx,MEDIUM,0.9988,0.0011,1e-04,0.9988
cal.com,packages/coss-ui/src/components/toggle.tsx,MEDIUM,0.9979,0.0003,0.0018,0.9979
cal.com,packages/coss-ui/src/components/toast.tsx,HIGH,1.0,1.0,0.0,0.0
cal.com,packages/coss-ui/src/components/checkbox.tsx,MEDIUM,0.9992,0.0007,1e-04,0.9992
cal.com,packages/coss-ui/src/components/spinner.tsx,MEDIUM,0.9952,1e-04,0.0047,0.9952
cal.com,packages/coss-ui/src/components/collapsible.tsx,MEDIUM,0.9973,0.0004,0.0023,0.9973
cal.com,packages/coss-ui/src/components/fieldset.tsx,MEDIUM,0.996,0.0002,0.0038,0.996
cal.com,packages/coss-ui/src/components/select.tsx,HIGH,0.9949,0.9949,0.0,0.0051
cal.com,packages/coss-ui/src/components/frame.tsx,MEDIUM,0.9969,0.0026,0.0005,0.9969
cal.com,packages/coss-ui/src/components/textarea.tsx,MEDIUM,0.9987,0.0013,0.0,0.9987
cal.com,packages/coss-ui/src/components/input.tsx,MEDIUM,0.9556,0.0444,0.0,0.9556
cal.com,packages/coss-ui/src/components/autocomplete.tsx,HIGH,1.0,1.0,0.0,0.0
cal.com,packages/coss-ui/src/components/skeleton.tsx,MEDIUM,0.9944,1e-04,0.0055,0.9944
cal.com,packages/coss-ui/src/components/form.tsx,MEDIUM,0.9945,1e-04,0.0054,0.9945
cal.com,packages/coss-ui/src/hooks/use-mobile.ts,MEDIUM,0.9958,1e-04,0.0041,0.9958
cal.com,packages/coss-ui/src/lib/utils.ts,LOW,0.8998,0.0,0.8998,0.1002
cal.com,packages/app-store/payment.services.generated.ts,MEDIUM,0.9876,1e-04,0.0123,0.9876
cal.com,packages/app-store/AppDependencyComponent.tsx,MEDIUM,0.9906,0.0094,0.0,0.9906
cal.com,packages/app-store/video.adapters.generated.ts,MEDIUM,0.6628,0.3371,1e-04,0.6628
cal.com,packages/app-store/delegationCredential.ts,HIGH,1.0,1.0,0.0,0.0
cal.com,packages/app-store/locations.ts,HIGH,1.0,1.0,0.0,0.0
cal.com,packages/app-store/apps.keys-schemas.generated.ts,HIGH,0.7024,0.7024,1e-04,0.2975
cal.com,packages/app-store/utils.test.ts,MEDIUM,0.9793,0.0206,1e-04,0.9793
cal.com,packages/app-store/apps.browser.generated.tsx,MEDIUM,0.9977,0.002,0.0004,0.9977
cal.com,packages/app-store/crm.apps.generated.ts,MEDIUM,0.9876,1e-04,0.0123,0.9876
cal.com,packages/app-store/EventTypeAppContext.tsx,MEDIUM,0.9973,0.0004,0.0023,0.9973
cal.com,packages/app-store/bookerApps.metadata.generated.ts,HIGH,0.9929,0.9929,0.0,0.0071
cal.com,packages/app-store/types.d.ts,MEDIUM,0.9967,0.0028,0.0005,0.9967
cal.com,packages/app-store/getNormalizedAppMetadata.ts,MEDIUM,0.9996,0.0002,0.0002,0.9996
cal.com,packages/app-store/getVideoAdapters.ts,MEDIUM,0.9993,0.0006,0.0,0.9993
cal.com,packages/app-store/InstallAppButtonWithoutPlanCheck.tsx,MEDIUM,0.9996,0.0003,1e-04,0.9996
cal.com,packages/app-store/AppDependencyComponent.test.tsx,HIGH,0.9624,0.9624,0.0,0.0376
cal.com,packages/app-store/calendar.services.generated.ts,MEDIUM,0.9994,1e-04,0.0005,0.9994
cal.com,packages/app-store/apps.metadata.generated.ts,HIGH,0.7755,0.7755,1e-04,0.2245
cal.com,packages/app-store/utils.ts,HIGH,0.9973,0.9973,0.0,0.0027
cal.com,packages/app-store/appStoreMetaData.ts,MEDIUM,0.9983,1e-04,0.0017,0.9983
cal.com,packages/app-store/test-setup.ts,MEDIUM,0.9973,0.0004,0.0023,0.9973
cal.com,packages/app-store/redirect-apps.generated.ts,HIGH,0.7125,0.7125,1e-04,0.2874
cal.com,packages/app-store/InstallAppButton.tsx,MEDIUM,0.7857,0.214,0.0002,0.7857
cal.com,packages/app-store/analytics.services.generated.ts,MEDIUM,0.9839,1e-04,0.016,0.9839
cal.com,packages/app-store/bookerAppsMetaData.ts,MEDIUM,0.9983,1e-04,0.0017,0.9983
cal.com,packages/app-store/eventTypeAppCardZod.ts,MEDIUM,0.97,1e-04,0.0299,0.97
cal.com,packages/app-store/getAppAssetFullPath.ts,MEDIUM,0.9989,1e-04,0.001,0.9989
cal.com,packages/app-store/constants.ts,LOW,0.9993,0.0,0.9993,0.0007
cal.com,packages/app-store/apps.server.generated.ts,MEDIUM,0.971,0.0287,0.0003,0.971
cal.com,packages/app-store/zod-utils.ts,MEDIUM,0.9945,1e-04,0.0054,0.9945
cal.com,packages/app-store/_appRegistry.ts,HIGH,0.9847,0.9847,0.0,0.0153
cal.com,packages/app-store/BookingPageTagManager.test.tsx,HIGH,0.9984,0.9984,0.0,0.0016
cal.com,packages/app-store/BookingPageTagManager.tsx,HIGH,1.0,1.0,0.0,0.0
cal.com,packages/app-store/server.ts,HIGH,0.9979,0.9979,0.0,0.0021
cal.com,packages/app-store/apps.schemas.generated.ts,HIGH,0.7024,0.7024,1e-04,0.2975
cal.com,packages/app-store/attio/index.ts,LOW,1.0,0.0,1.0,0.0
cal.com,packages/app-store/attio/api/index.ts,LOW,1.0,0.0,1.0,0.0
cal.com,packages/app-store/attio/api/add.ts,MEDIUM,0.9958,1e-04,0.0041,0.9958
cal.com,packages/app-store/googlevideo/index.ts,LOW,1.0,0.0,1.0,0.0
cal.com,packages/app-store/googlevideo/zod.ts,MEDIUM,0.9945,1e-04,0.0054,0.9945
cal.com,packages/app-store/googlevideo/_metadata.ts,HIGH,0.931,0.931,0.0,0.069
cal.com,packages/app-store/googlevideo/api/_getAdd.ts,MEDIUM,0.9979,0.0021,0.0,0.9979
cal.com,packages/app-store/googlevideo/api/index.ts,LOW,1.0,0.0,1.0,0.0
cal.com,packages/app-store/googlevideo/api/add.ts,LOW,0.985,0.0,0.985,0.015
cal.com,packages/app-store/_utils/getCrm.ts,MEDIUM,0.9998,0.0002,1e-04,0.9998
cal.com,packages/app-store/_utils/getEnabledAppsFromCredentials.ts,MEDIUM,0.8942,0.1057,0.0,0.8942
cal.com,packages/app-store/_utils/validateAppKeys.ts,MEDIUM,0.9997,1e-04,0.0002,0.9997
cal.com,packages/app-store/_utils/useIsAppEnabled.ts,MEDIUM,0.9993,0.0006,0.0,0.9993
cal.com,packages/app-store/_utils/getAppActor.ts,HIGH,0.986,0.986,0.0,0.014
cal.com,packages/app-store/_utils/bulkUpdateEventsToDefaultLocation.ts,MEDIUM,0.9664,0.0336,0.0,0.9664
cal.com,packages/app-store/_utils/stripe.ts,HIGH,0.9994,0.9994,0.0,0.0006
cal.com,packages/app-store/_utils/bulkUpdateEventsToDefaultLocation.test.ts,HIGH,0.9984,0.9984,0.0,0.0016
cal.com,packages/app-store/_utils/setDefaultConferencingApp.ts,MEDIUM,0.9937,0.0063,0.0,0.9937
cal.com,packages/app-store/_utils/getAppKeysFromSlug.ts,MEDIUM,0.97,1e-04,0.0299,0.97
cal.com,packages/app-store/_utils/throwIfNotHaveAdminAccessToTeam.ts,MEDIUM,0.9998,0.0002,1e-04,0.9998
cal.com,packages/app-store/_utils/getAppCategoryTitle.ts,MEDIUM,0.9997,1e-04,0.0002,0.9997
cal.com,packages/app-store/_utils/getEventTypeAppData.ts,HIGH,0.9999,0.9999,0.0,1e-04
cal.com,packages/app-store/_utils/redirectApps.ts,MEDIUM,0.9144,0.0786,0.007,0.9144
cal.com,packages/app-store/_utils/validateAppKeys.test.ts,HIGH,0.9869,0.9869,0.0,0.0131
cal.com,packages/app-store/_utils/findValidApiKey.ts,HIGH,0.9908,0.9908,0.0,0.0092
cal.com,packages/app-store/_utils/bulkUpdateTeamEventsToDefaultLocation.ts,MEDIUM,0.9929,0.0071,0.0,0.9929
cal.com,packages/app-store/_utils/getBulkEventTypes.test.ts,HIGH,1.0,1.0,0.0,0.0
cal.com,packages/app-store/_utils/getAnalytics.ts,MEDIUM,0.9995,0.0004,1e-04,0.9995
cal.com,packages/app-store/_utils/useAddAppMutation.ts,HIGH,0.9986,0.9986,0.0,0.0014
cal.com,packages/app-store/_utils/installation.ts,MEDIUM,0.9979,0.002,0.0,0.9979
cal.com,packages/app-store/_utils/testUtils.ts,MEDIUM,0.9996,0.0004,1e-04,0.9996
cal.com,packages/app-store/_utils/getDefaultLocations.ts,MEDIUM,0.9993,0.0006,0.0,0.9993
cal.com,packages/app-store/_utils/getCalendar.ts,HIGH,0.9753,0.9753,0.0,0.0247
cal.com,packages/app-store/_utils/getConnectedApps.ts,HIGH,1.0,1.0,0.0,0.0
cal.com,packages/app-store/_utils/invalidateCredential.ts,MEDIUM,0.9995,1e-04,0.0004,0.9995
cal.com,packages/app-store/_utils/getInstalledAppPath.ts,MEDIUM,0.9998,1e-04,0.0002,0.9998
cal.com,packages/app-store/_utils/getBulkEventTypes.ts,HIGH,0.7105,0.7105,0.0,0.2895
cal.com,packages/app-store/_utils/getDefaultLocations.test.ts,MEDIUM,0.9974,0.0026,0.0,0.9974
cal.com,packages/app-store/_utils/getParsedAppKeysFromSlug.ts,MEDIUM,0.9899,1e-04,0.01,0.9899
cal.com,packages/app-store/_utils/getAppCategories.ts,MEDIUM,0.9991,0.0009,0.0,0.9991
cal.com,packages/app-store/_utils/auth.ts,MEDIUM,0.9839,1e-04,0.016,0.9839
cal.com,packages/app-store/_utils/paid-apps.ts,HIGH,0.5589,0.5589,0.0,0.441
cal.com,packages/app-store/_utils/commonAppDataType.ts,HIGH,0.9969,0.9969,0.0,0.0031
cal.com,packages/app-store/_utils/calendars/processExternalId.ts,MEDIUM,0.9989,1e-04,0.001,0.9989
cal.com,packages/app-store/_utils/payments/handlePaymentSuccess.ts,HIGH,1.0,1.0,0.0,0.0
cal.com,packages/app-store/_utils/payments/checkForMultiplePaymentApps.ts,HIGH,0.9975,0.9975,0.0,0.0025
cal.com,packages/app-store/_utils/payments/handlePaymentSuccess.test.ts,HIGH,1.0,1.0,0.0,0.0
cal.com,packages/app-store/_utils/payments/getPaymentAppData.ts,HIGH,1.0,1.0,0.0,0.0
cal.com,packages/app-store/_utils/oauth/markTokenAsExpired.ts,MEDIUM,0.9998,1e-04,1e-04,0.9998
cal.com,packages/app-store/_utils/oauth/oAuthManagerHelper.ts,MEDIUM,0.9962,0.0002,0.0036,0.9962
cal.com,packages/app-store/_utils/oauth/encodeOAuthState.ts,MEDIUM,0.9998,1e-04,1e-04,0.9998
cal.com,packages/app-store/_utils/oauth/createOAuthAppCredential.ts,MEDIUM,0.9979,0.0021,0.0,0.9979
cal.com,packages/app-store/_utils/oauth/updateProfilePhotoMicrosoft.ts,HIGH,1.0,1.0,0.0,0.0
cal.com,packages/app-store/_utils/oauth/OAuthManager.test.ts,HIGH,1.0,1.0,0.0,0.0
cal.com,packages/app-store/_utils/oauth/parseRefreshTokenResponse.ts,MEDIUM,0.9992,0.0008,0.0,0.9992
cal.com,packages/app-store/_utils/oauth/decodeOAuthState.ts,MEDIUM,0.9993,0.0006,0.0,0.9993
cal.com,packages/app-store/_utils/oauth/refreshOAuthTokens.ts,MEDIUM,0.9995,0.0004,1e-04,0.9995
cal.com,packages/app-store/_utils/oauth/OAuthManager.ts,HIGH,1.0,1.0,0.0,0.0
cal.com,packages/app-store/_utils/oauth/AxiosLikeResponseToFetchResponse.ts,MEDIUM,0.9963,1e-04,0.0035,0.9963
cal.com,packages/app-store/_utils/oauth/updateTokenObject.ts,MEDIUM,0.9193,0.0807,0.0,0.9193
cal.com,packages/app-store/_utils/oauth/updateProfilePhotoMicrosoft.test.ts,HIGH,1.0,1.0,0.0,0.0
cal.com,packages/app-store/_utils/oauth/updateProfilePhotoGoogle.ts,MEDIUM,0.9993,0.0007,0.0,0.9993
cal.com,packages/app-store/_utils/oauth/getTokenObjectFromCredential.ts,MEDIUM,0.9998,0.0002,1e-04,0.9998
cal.com,packages/app-store/_utils/oauth/getCurrentTokenObject.ts,MEDIUM,0.994,0.006,0.0,0.994
cal.com,packages/app-store/_utils/oauth/universalSchema.ts,MEDIUM,0.9997,1e-04,0.0002,0.9997
cal.com,packages/app-store/mock-payment-app/index.ts,LOW,0.9998,0.0,0.9998,0.0002
cal.com,packages/app-store/mock-payment-app/zod.ts,MEDIUM,0.997,0.0002,0.0028,0.997
cal.com,packages/app-store/mock-payment-app/components/EventTypeAppCardInterface.tsx,HIGH,0.9845,0.9845,0.0,0.0155
cal.com,packages/app-store/mock-payment-app/lib/PaymentService.ts,HIGH,0.9408,0.9408,0.0,0.0592
cal.com,packages/app-store/mock-payment-app/lib/index.ts,LOW,1.0,0.0,1.0,0.0
cal.com,packages/app-store/mock-payment-app/api/index.ts,LOW,1.0,0.0,1.0,0.0
cal.com,packages/app-store/mock-payment-app/api/add.ts,MEDIUM,0.9945,1e-04,0.0054,0.9945
cal.com,packages/app-store/weather_in_your_calendar/index.ts,LOW,1.0,0.0,1.0,0.0
cal.com,packages/app-store/weather_in_your_calendar/components/AppSettingsInterface.tsx,MEDIUM,0.996,0.0002,0.0038,0.996
cal.com,packages/app-store/weather_in_your_calendar/api/index.ts,LOW,1.0,0.0,1.0,0.0
cal.com,packages/app-store/weather_in_your_calendar/api/add.ts,MEDIUM,0.9945,1e-04,0.0054,0.9945
cal.com,packages/app-store/riverside/index.ts,LOW,1.0,0.0,1.0,0.0
cal.com,packages/app-store/riverside/api/_getAdd.ts,MEDIUM,0.9998,1e-04,1e-04,0.9998
cal.com,packages/app-store/riverside/api/index.ts,LOW,1.0,0.0,1.0,0.0
cal.com,packages/app-store/riverside/api/add.ts,LOW,0.985,0.0,0.985,0.015
cal.com,packages/app-store/zohocalendar/index.ts,LOW,0.9998,0.0,0.9998,0.0002
cal.com,packages/app-store/zohocalendar/zod.ts,LOW,0.5277,1e-04,0.5277,0.4723
cal.com,packages/app-store/zohocalendar/types/ZohoCalendar.ts,MEDIUM,0.9981,0.0004,0.0015,0.9981
cal.com,packages/app-store/zohocalendar/lib/CalendarService.ts,HIGH,1.0,1.0,0.0,0.0
cal.com,packages/app-store/zohocalendar/lib/index.ts,LOW,1.0,0.0,1.0,0.0
cal.com,packages/app-store/zohocalendar/api/index.ts,LOW,0.9998,0.0,0.9998,0.0002
cal.com,packages/app-store/zohocalendar/api/add.ts,MEDIUM,0.9978,0.0003,0.0019,0.9978
cal.com,packages/app-store/zohocalendar/api/callback.ts,HIGH,0.9974,0.9974,0.0,0.0026
cal.com,packages/app-store/caldavcalendar/index.ts,HIGH,0.7201,0.7201,0.0,0.2799
cal.com,packages/app-store/caldavcalendar/_metadata.ts,HIGH,0.7201,0.7201,0.0,0.2799
cal.com,packages/app-store/caldavcalendar/lib/CalendarService.ts,MEDIUM,0.9899,1e-04,0.01,0.9899
cal.com,packages/app-store/caldavcalendar/lib/index.ts,LOW,1.0,0.0,1.0,0.0
cal.com,packages/app-store/caldavcalendar/api/index.ts,LOW,1.0,0.0,1.0,0.0
cal.com,packages/app-store/caldavcalendar/api/add.ts,MEDIUM,0.8942,0.1057,0.0,0.8942
cal.com,packages/app-store/ping/index.ts,LOW,1.0,0.0,1.0,0.0
cal.com,packages/app-store/ping/api/_getAdd.ts,MEDIUM,0.9998,1e-04,1e-04,0.9998
cal.com,packages/app-store/ping/api/index.ts,LOW,1.0,0.0,1.0,0.0
cal.com,packages/app-store/ping/api/add.ts,LOW,0.985,0.0,0.985,0.015
cal.com,packages/app-store/demodesk/index.ts,LOW,1.0,0.0,1.0,0.0
cal.com,packages/app-store/demodesk/api/index.ts,LOW,1.0,0.0,1.0,0.0
cal.com,packages/app-store/demodesk/api/add.ts,MEDIUM,0.9945,1e-04,0.0054,0.9945
cal.com,packages/app-store/exchange2016calendar/index.ts,LOW,0.9993,0.0,0.9993,0.0007
cal.com,packages/app-store/exchange2016calendar/_metadata.ts,HIGH,0.6591,0.6591,1e-04,0.3408
cal.com,packages/app-store/exchange2016calendar/components/InstallAppButton.tsx,MEDIUM,0.995,1e-04,0.0048,0.995
cal.com,packages/app-store/exchange2016calendar/components/index.ts,LOW,1.0,0.0,1.0,0.0
cal.com,packages/app-store/exchange2016calendar/lib/CalendarService.ts,HIGH,1.0,1.0,0.0,0.0
cal.com,packages/app-store/exchange2016calendar/lib/index.ts,LOW,1.0,0.0,1.0,0.0
cal.com,packages/app-store/exchange2016calendar/api/index.ts,LOW,1.0,0.0,1.0,0.0
cal.com,packages/app-store/exchange2016calendar/api/add.ts,MEDIUM,0.9917,0.0082,0.0,0.9917
cal.com,packages/app-store/databuddy/index.ts,LOW,1.0,0.0,1.0,0.0
cal.com,packages/app-store/databuddy/zod.ts,MEDIUM,0.9944,1e-04,0.0055,0.9944
cal.com,packages/app-store/databuddy/components/EventTypeAppSettingsInterface.tsx,MEDIUM,0.9976,0.001,0.0014,0.9976
cal.com,packages/app-store/databuddy/components/EventTypeAppCardInterface.tsx,MEDIUM,0.9997,0.0002,1e-04,0.9997
cal.com,packages/app-store/databuddy/api/index.ts,LOW,1.0,0.0,1.0,0.0
cal.com,packages/app-store/databuddy/api/add.ts,MEDIUM,0.9945,1e-04,0.0054,0.9945
cal.com,packages/app-store/discord/index.ts,LOW,1.0,0.0,1.0,0.0
cal.com,packages/app-store/discord/api/index.ts,LOW,1.0,0.0,1.0,0.0
cal.com,packages/app-store/discord/api/add.ts,MEDIUM,0.9945,1e-04,0.0054,0.9945
cal.com,packages/app-store/basecamp3/index.ts,LOW,0.9998,0.0,0.9998,0.0002
cal.com,packages/app-store/basecamp3/zod.ts,MEDIUM,0.9111,1e-04,0.0888,0.9111
cal.com,packages/app-store/basecamp3/components/EventTypeAppSettingsInterface.tsx,MEDIUM,0.9641,0.0358,0.0,0.9641
cal.com,packages/app-store/basecamp3/components/EventTypeAppCardInterface.tsx,MEDIUM,0.9976,0.0002,0.0022,0.9976
cal.com,packages/app-store/basecamp3/lib/CalendarService.ts,HIGH,1.0,1.0,0.0,0.0
cal.com,packages/app-store/basecamp3/lib/helpers.ts,MEDIUM,0.9976,1e-04,0.0023,0.9976
cal.com,packages/app-store/basecamp3/lib/types.ts,MEDIUM,0.9952,1e-04,0.0047,0.9952
cal.com,packages/app-store/basecamp3/lib/index.ts,LOW,1.0,0.0,1.0,0.0
cal.com,packages/app-store/basecamp3/lib/getBasecampKeys.ts,MEDIUM,0.9899,1e-04,0.01,0.9899
cal.com,packages/app-store/basecamp3/api/projects.ts,MEDIUM,0.9981,0.0018,0.0,0.9981
cal.com,packages/app-store/basecamp3/api/projectMutation.ts,MEDIUM,0.9539,0.046,0.0,0.9539
cal.com,packages/app-store/basecamp3/api/index.ts,LOW,0.9998,0.0,0.9998,0.0002
cal.com,packages/app-store/basecamp3/api/add.ts,MEDIUM,0.9996,0.0002,0.0002,0.9996
cal.com,packages/app-store/basecamp3/api/callback.ts,MEDIUM,0.8522,0.1477,0.0,0.8522
cal.com,packages/app-store/plausible/index.ts,LOW,1.0,0.0,1.0,0.0
cal.com,packages/app-store/plausible/zod.ts,MEDIUM,0.9797,1e-04,0.0201,0.9797
cal.com,packages/app-store/plausible/components/EventTypeAppSettingsInterface.tsx,MEDIUM,0.9977,0.0003,0.002,0.9977
cal.com,packages/app-store/plausible/components/EventTypeAppCardInterface.tsx,MEDIUM,0.9997,0.0002,1e-04,0.9997
cal.com,packages/app-store/plausible/api/index.ts,LOW,1.0,0.0,1.0,0.0
cal.com,packages/app-store/plausible/api/add.ts,MEDIUM,0.9945,1e-04,0.0054,0.9945
cal.com,packages/app-store/zoomvideo/index.ts,LOW,0.9993,0.0,0.9993,0.0007
cal.com,packages/app-store/zoomvideo/zod.ts,LOW,0.5277,1e-04,0.5277,0.4723
cal.com,packages/app-store/zoomvideo/_metadata.ts,HIGH,0.7955,0.7955,1e-04,0.2044
cal.com,packages/app-store/zoomvideo/lib/VideoApiAdapter.test.ts,MEDIUM,0.9992,0.0008,1e-04,0.9992
cal.com,packages/app-store/zoomvideo/lib/getZoomAppKeys.ts,MEDIUM,0.9876,1e-04,0.0123,0.9876
cal.com,packages/app-store/zoomvideo/lib/VideoApiAdapter.ts,HIGH,1.0,1.0,0.0,0.0
cal.com,packages/app-store/zoomvideo/lib/index.ts,LOW,0.9998,0.0,0.9998,0.0002
cal.com,packages/app-store/zoomvideo/api/index.ts,LOW,0.9998,0.0,0.9998,0.0002
cal.com,packages/app-store/zoomvideo/api/add.ts,MEDIUM,0.9997,0.0002,1e-04,0.9997
cal.com,packages/app-store/zoomvideo/api/callback.ts,MEDIUM,0.8942,0.1057,0.0,0.8942
cal.com,packages/app-store/btcpayserver/index.ts,LOW,0.9998,0.0,0.9998,0.0002
cal.com,packages/app-store/btcpayserver/zod.ts,MEDIUM,0.9969,0.0003,0.0028,0.9969
cal.com,packages/app-store/btcpayserver/components/KeyInput.tsx,HIGH,0.9997,0.9997,0.0,0.0003
cal.com,packages/app-store/btcpayserver/components/EventTypeAppSettingsInterface.tsx,HIGH,0.9882,0.9882,0.0,0.0118
cal.com,packages/app-store/btcpayserver/components/EventTypeAppCardInterface.tsx,MEDIUM,0.9994,0.0006,0.0,0.9994
cal.com,packages/app-store/btcpayserver/lib/btcpayCredentialKeysSchema.ts,MEDIUM,0.8404,1e-04,0.1595,0.8404
cal.com,packages/app-store/btcpayserver/lib/currencyOptions.ts,MEDIUM,0.9995,0.0004,1e-04,0.9995
cal.com,packages/app-store/btcpayserver/lib/PaymentService.ts,HIGH,0.9997,0.9997,0.0,0.0003
cal.com,packages/app-store/btcpayserver/lib/index.ts,LOW,0.9998,0.0,0.9998,0.0002
cal.com,packages/app-store/btcpayserver/api/webhook.ts,HIGH,1.0,1.0,0.0,0.0
cal.com,packages/app-store/btcpayserver/api/index.ts,LOW,0.9998,0.0,0.9998,0.0002
cal.com,packages/app-store/btcpayserver/api/add.ts,MEDIUM,0.9952,1e-04,0.0047,0.9952
cal.com,packages/app-store/btcpayserver/pages/setup/_getServerSideProps.tsx,MEDIUM,0.9993,0.0007,0.0,0.9993
cal.com,packages/app-store/wordpress/zod.ts,MEDIUM,0.9111,1e-04,0.0888,0.9111
cal.com,packages/app-store/umami/index.ts,LOW,1.0,0.0,1.0,0.0
cal.com,packages/app-store/umami/zod.ts,MEDIUM,0.9797,1e-04,0.0201,0.9797
cal.com,packages/app-store/umami/components/EventTypeAppCardInterface.tsx,MEDIUM,0.9992,0.0007,1e-04,0.9992
cal.com,packages/app-store/umami/api/index.ts,LOW,1.0,0.0,1.0,0.0
cal.com,packages/app-store/umami/api/add.ts,MEDIUM,0.9945,1e-04,0.0054,0.9945
cal.com,packages/app-store/feishucalendar/common.ts,MEDIUM,0.9998,1e-04,1e-04,0.9998
cal.com,packages/app-store/feishucalendar/index.ts,LOW,0.9993,0.0,0.9993,0.0007
cal.com,packages/app-store/feishucalendar/zod.ts,MEDIUM,0.8404,1e-04,0.1595,0.8404
cal.com,packages/app-store/feishucalendar/_metadata.ts,MEDIUM,0.9994,1e-04,0.0005,0.9994
cal.com,packages/app-store/feishucalendar/types/FeishuCalendar.ts,MEDIUM,0.9503,0.0496,1e-04,0.9503
cal.com,packages/app-store/feishucalendar/lib/CalendarService.ts,HIGH,1.0,1.0,0.0,0.0
cal.com,packages/app-store/feishucalendar/lib/BotService.ts,HIGH,0.9999,0.9999,0.0,1e-04
cal.com,packages/app-store/feishucalendar/lib/index.ts,LOW,1.0,0.0,1.0,0.0
cal.com,packages/app-store/feishucalendar/lib/AppAccessToken.ts,HIGH,0.9814,0.9814,0.0,0.0186
cal.com,packages/app-store/feishucalendar/api/events.ts,HIGH,0.9596,0.9596,0.0,0.0404
cal.com,packages/app-store/feishucalendar/api/index.ts,LOW,0.9993,0.0,0.9993,0.0007
cal.com,packages/app-store/feishucalendar/api/add.ts,MEDIUM,0.9973,0.0004,0.0023,0.9973
cal.com,packages/app-store/feishucalendar/api/callback.ts,HIGH,0.9781,0.9781,0.0,0.0219
cal.com,packages/app-store/sirius_video/index.ts,LOW,1.0,0.0,1.0,0.0
cal.com,packages/app-store/sirius_video/api/index.ts,LOW,1.0,0.0,1.0,0.0
cal.com,packages/app-store/sirius_video/api/add.ts,MEDIUM,0.9945,1e-04,0.0054,0.9945
cal.com,packages/app-store/sendgrid/index.ts,LOW,0.9998,0.0,0.9998,0.0002
cal.com,packages/app-store/sendgrid/lib/CalendarService.ts,MEDIUM,0.9715,0.0285,0.0,0.9715
cal.com,packages/app-store/sendgrid/lib/index.ts,LOW,1.0,0.0,1.0,0.0
cal.com,packages/app-store/sendgrid/api/_postAdd.ts,MEDIUM,0.9991,0.0008,0.0,0.9991
cal.com,packages/app-store/sendgrid/api/_getAdd.ts,MEDIUM,0.9979,1e-04,0.002,0.9979
cal.com,packages/app-store/sendgrid/api/index.ts,LOW,0.9998,0.0,0.9998,0.0002
cal.com,packages/app-store/sendgrid/api/add.ts,LOW,0.8998,0.0,0.8998,0.1002
cal.com,packages/app-store/sendgrid/api/check.ts,MEDIUM,0.9996,0.0003,0.0002,0.9996
cal.com,packages/app-store/shimmervideo/index.ts,LOW,0.9998,0.0,0.9998,0.0002
cal.com,packages/app-store/shimmervideo/zod.ts,LOW,0.5277,1e-04,0.5277,0.4723
cal.com,packages/app-store/shimmervideo/lib/getShimmerAppKeys.ts,MEDIUM,0.9899,1e-04,0.01,0.9899
cal.com,packages/app-store/shimmervideo/lib/VideoApiAdapter.ts,HIGH,0.9988,0.9988,0.0,0.0012
cal.com,packages/app-store/shimmervideo/lib/index.ts,LOW,1.0,0.0,1.0,0.0
cal.com,packages/app-store/shimmervideo/api/index.ts,LOW,1.0,0.0,1.0,0.0
cal.com,packages/app-store/shimmervideo/api/add.ts,MEDIUM,0.9945,1e-04,0.0054,0.9945
cal.com,packages/app-store/twipla/index.ts,LOW,1.0,0.0,1.0,0.0
cal.com,packages/app-store/twipla/zod.ts,MEDIUM,0.9111,1e-04,0.0888,0.9111
cal.com,packages/app-store/twipla/components/EventTypeAppCardInterface.tsx,MEDIUM,0.9997,0.0002,1e-04,0.9997
cal.com,packages/app-store/twipla/api/index.ts,LOW,1.0,0.0,1.0,0.0
cal.com,packages/app-store/twipla/api/add.ts,MEDIUM,0.9945,1e-04,0.0054,0.9945
cal.com,packages/app-store/exchangecalendar/index.ts,LOW,0.9998,0.0,0.9998,0.0002
cal.com,packages/app-store/exchangecalendar/enums.ts,MEDIUM,0.9944,1e-04,0.0055,0.9944
cal.com,packages/app-store/exchangecalendar/lib/CalendarService.ts,HIGH,0.9999,0.9999,0.0,1e-04
cal.com,packages/app-store/exchangecalendar/lib/index.ts,LOW,1.0,0.0,1.0,0.0
cal.com,packages/app-store/exchangecalendar/api/_postAdd.ts,MEDIUM,0.9954,0.0045,0.0,0.9954
cal.com,packages/app-store/exchangecalendar/api/_getAdd.ts,LOW,0.985,0.0,0.985,0.015
cal.com,packages/app-store/exchangecalendar/api/index.ts,LOW,1.0,0.0,1.0,0.0
cal.com,packages/app-store/exchangecalendar/api/add.ts,LOW,0.8998,0.0,0.8998,0.1002
cal.com,packages/app-store/zapier/index.ts,LOW,0.9998,0.0,0.9998,0.0002
cal.com,packages/app-store/zapier/zod.ts,LOW,0.8998,0.0,0.8998,0.1002
cal.com,packages/app-store/zapier/_metadata.ts,HIGH,0.9215,0.9215,0.0,0.0785
cal.com,packages/app-store/zapier/components/types.ts,LOW,0.5277,1e-04,0.5277,0.4723
cal.com,packages/app-store/zapier/components/AppSettingsInterface.tsx,MEDIUM,0.9921,0.0078,0.0,0.9921
cal.com,packages/app-store/zapier/components/TemplateCard.tsx,MEDIUM,0.9976,0.0003,0.0021,0.9976
cal.com,packages/app-store/zapier/lib/validateAccountOrApiKey.ts,HIGH,0.9336,0.9336,0.0,0.0664
cal.com,packages/app-store/zapier/api/index.ts,LOW,0.5277,1e-04,0.5277,0.4723
cal.com,packages/app-store/zapier/api/add.ts,MEDIUM,0.9958,1e-04,0.0041,0.9958
cal.com,packages/app-store/zapier/api/subscriptions/deleteSubscription.ts,MEDIUM,0.9995,1e-04,0.0004,0.9995
cal.com,packages/app-store/zapier/api/subscriptions/listOOOEntries.ts,MEDIUM,0.9922,0.0078,0.0,0.9922
cal.com,packages/app-store/zapier/api/subscriptions/listBookings.ts,HIGH,0.9991,0.9991,0.0,0.0009
cal.com,packages/app-store/zapier/api/subscriptions/addSubscription.ts,MEDIUM,0.9994,1e-04,0.0005,0.9994
cal.com,packages/app-store/zapier/api/subscriptions/me.ts,HIGH,0.9994,0.9994,0.0,0.0006
cal.com,packages/app-store/huddle01video/index.ts,LOW,0.9993,0.0,0.9993,0.0007
cal.com,packages/app-store/huddle01video/_metadata.ts,MEDIUM,0.9995,0.0002,0.0004,0.9995
cal.com,packages/app-store/huddle01video/utils/storage.ts,MEDIUM,0.9988,0.0011,0.0,0.9988
cal.com,packages/app-store/huddle01video/lib/VideoApiAdapter.ts,HIGH,0.9867,0.9867,0.0,0.0133
cal.com,packages/app-store/huddle01video/lib/index.ts,LOW,1.0,0.0,1.0,0.0
cal.com,packages/app-store/huddle01video/api/index.ts,LOW,0.9998,0.0,0.9998,0.0002
cal.com,packages/app-store/huddle01video/api/add.ts,MEDIUM,0.998,1e-04,0.0019,0.998
cal.com,packages/app-store/huddle01video/api/callback.ts,MEDIUM,0.9995,0.0004,1e-04,0.9995
cal.com,packages/app-store/jitsivideo/index.ts,LOW,0.9993,0.0,0.9993,0.0007
cal.com,packages/app-store/jitsivideo/zod.ts,LOW,0.5277,1e-04,0.5277,0.4723
cal.com,packages/app-store/jitsivideo/_metadata.ts,HIGH,0.8624,0.8624,0.0,0.1376
cal.com,packages/app-store/jitsivideo/lib/VideoApiAdapter.ts,MEDIUM,0.9982,0.0018,0.0,0.9982
cal.com,packages/app-store/jitsivideo/lib/index.ts,LOW,1.0,0.0,1.0,0.0
cal.com,packages/app-store/jitsivideo/api/index.ts,LOW,1.0,0.0,1.0,0.0
cal.com,packages/app-store/jitsivideo/api/add.ts,MEDIUM,0.9861,0.0139,0.0,0.9861
cal.com,packages/app-store/stripepayment/index.ts,LOW,0.9993,0.0,0.9993,0.0007
cal.com,packages/app-store/stripepayment/zod.ts,MEDIUM,0.9978,0.0002,0.0019,0.9978
cal.com,packages/app-store/stripepayment/_metadata.ts,HIGH,0.9261,0.9261,0.0,0.0739
cal.com,packages/app-store/stripepayment/components/EventTypeAppSettingsInterface.tsx,HIGH,1.0,1.0,0.0,0.0
cal.com,packages/app-store/stripepayment/components/EventTypeAppCardInterface.tsx,MEDIUM,0.9983,0.0017,0.0,0.9983
cal.com,packages/app-store/stripepayment/lib/team-billing.ts,MEDIUM,0.9997,1e-04,0.0002,0.9997
cal.com,packages/app-store/stripepayment/lib/VerificationTokenService.test.ts,MEDIUM,0.9968,0.0031,0.0,0.9968
cal.com,packages/app-store/stripepayment/lib/customer.ts,HIGH,1.0,1.0,0.0,0.0
cal.com,packages/app-store/stripepayment/lib/VerificationTokenService.ts,MEDIUM,0.9941,1e-04,0.0058,0.9941
cal.com,packages/app-store/stripepayment/lib/currencyOptions.ts,MEDIUM,0.984,0.016,1e-04,0.984
cal.com,packages/app-store/stripepayment/lib/utils.ts,MEDIUM,0.9996,1e-04,0.0003,0.9996
cal.com,packages/app-store/stripepayment/lib/getCustomerAndCheckoutSession.ts,HIGH,0.9933,0.9933,0.0,0.0067
cal.com,packages/app-store/stripepayment/lib/PaymentService.ts,HIGH,1.0,1.0,0.0,0.0
cal.com,packages/app-store/stripepayment/lib/constants.ts,MEDIUM,0.9997,1e-04,0.0002,0.9997
cal.com,packages/app-store/stripepayment/lib/subscriptions.ts,MEDIUM,0.9995,0.0004,1e-04,0.9995
cal.com,packages/app-store/stripepayment/lib/index.ts,LOW,0.9998,0.0,0.9998,0.0002
cal.com,packages/app-store/stripepayment/lib/BillingPortalService.ts,MEDIUM,0.9839,1e-04,0.016,0.9839
cal.com,packages/app-store/stripepayment/lib/server.ts,MEDIUM,0.9994,0.0002,0.0004,0.9994
cal.com,packages/app-store/stripepayment/lib/getStripeAppKeys.ts,LOW,0.9993,0.0,0.9993,0.0007
cal.com,packages/app-store/stripepayment/lib/repositories/VerificationTokenRepository.test.ts,MEDIUM,0.984,0.016,1e-04,0.984
cal.com,packages/app-store/stripepayment/lib/repositories/VerificationTokenRepository.ts,MEDIUM,0.9996,0.0003,1e-04,0.9996
cal.com,packages/app-store/stripepayment/lib/client/getStripe.ts,MEDIUM,0.9998,1e-04,1e-04,0.9998
cal.com,packages/app-store/stripepayment/lib/client/createPaymentLink.ts,MEDIUM,0.9994,1e-04,0.0006,0.9994
cal.com,packages/app-store/stripepayment/lib/client/index.ts,LOW,0.9998,0.0,0.9998,0.0002
cal.com,packages/app-store/stripepayment/lib/services/index.ts,MEDIUM,0.7777,0.2218,0.0006,0.7777
cal.com,packages/app-store/stripepayment/lib/services/organization/OrganizationBillingPortalService.ts,HIGH,0.99,0.99,0.0,0.01
cal.com,packages/app-store/stripepayment/lib/services/user/UserBillingPortalService.ts,MEDIUM,0.9994,0.0006,0.0,0.9994
cal.com,packages/app-store/stripepayment/lib/services/team/TeamBillingPortalService.ts,HIGH,0.9876,0.9876,0.0,0.0124
cal.com,packages/app-store/stripepayment/lib/services/factory/BillingPortalServiceFactory.ts,HIGH,0.9223,0.9223,1e-04,0.0776
cal.com,packages/app-store/stripepayment/lib/services/base/BillingPortalService.ts,HIGH,1.0,1.0,0.0,0.0
cal.com,packages/app-store/stripepayment/api/paymentCallback.ts,HIGH,0.9841,0.9841,0.0,0.0159
cal.com,packages/app-store/stripepayment/api/index.ts,LOW,0.8998,0.0,0.8998,0.1002
cal.com,packages/app-store/stripepayment/api/subscription.ts,HIGH,1.0,1.0,0.0,0.0
cal.com,packages/app-store/stripepayment/api/portal.ts,HIGH,0.9999,0.9999,0.0,1e-04
cal.com,packages/app-store/stripepayment/api/add.ts,MEDIUM,0.9985,0.0014,0.0,0.9985
cal.com,packages/app-store/stripepayment/api/callback.ts,MEDIUM,0.9956,0.0044,0.0,0.9956
cal.com,packages/app-store/stripepayment/api/__tests__/portal.test.ts,HIGH,1.0,1.0,0.0,0.0
cal.com,packages/app-store/stripepayment/api/__tests__/paymentCallback.test.ts,HIGH,0.9994,0.9994,0.0,0.0006
cal.com,packages/app-store/stripepayment/pages/setup/_getServerSideProps.ts,MEDIUM,0.6357,0.3643,0.0,0.6357
cal.com,packages/app-store/stripepayment/pages/setup/__tests__/_getServerSideProps.test.ts,HIGH,0.9885,0.9885,0.0,0.0114
cal.com,packages/app-store/vital/index.ts,LOW,0.9993,0.0,0.9993,0.0007
cal.com,packages/app-store/vital/zod.ts,MEDIUM,0.9111,1e-04,0.0888,0.9111
cal.com,packages/app-store/vital/_metadata.ts,MEDIUM,0.998,1e-04,0.0019,0.998
cal.com,packages/app-store/vital/components/InstallAppButton.tsx,MEDIUM,0.9996,0.0002,0.0002,0.9996
cal.com,packages/app-store/vital/components/AppConfiguration.tsx,HIGH,0.9977,0.9977,0.0,0.0023
cal.com,packages/app-store/vital/components/index.ts,LOW,0.9998,0.0,0.9998,0.0002
cal.com,packages/app-store/vital/lib/client.ts,MEDIUM,0.9993,0.0006,0.0,0.9993
cal.com,packages/app-store/vital/lib/reschedule.ts,HIGH,0.9999,0.9999,0.0,1e-04
cal.com,packages/app-store/vital/lib/index.ts,LOW,1.0,0.0,1.0,0.0
cal.com,packages/app-store/vital/api/settings.ts,MEDIUM,0.9994,0.0006,0.0,0.9994
cal.com,packages/app-store/vital/api/webhook.ts,HIGH,0.9978,0.9978,0.0,0.0022
cal.com,packages/app-store/vital/api/index.ts,LOW,0.8998,0.0,0.8998,0.1002
cal.com,packages/app-store/vital/api/token.ts,MEDIUM,0.994,0.006,0.0,0.994
cal.com,packages/app-store/vital/api/save.ts,HIGH,0.8789,0.8789,0.0,0.1211
cal.com,packages/app-store/vital/api/callback.ts,MEDIUM,0.999,0.001,0.0,0.999
cal.com,packages/app-store/famulor/index.ts,LOW,0.734,0.0369,0.734,0.2291
cal.com,packages/app-store/famulor/api/index.ts,LOW,0.734,0.0369,0.734,0.2291
cal.com,packages/app-store/famulor/api/add.ts,HIGH,0.9972,0.9972,0.0,0.0028
cal.com,packages/app-store/office365video/index.ts,LOW,0.9998,0.0,0.9998,0.0002
cal.com,packages/app-store/office365video/zod.ts,MEDIUM,0.9797,1e-04,0.0201,0.9797
cal.com,packages/app-store/office365video/_metadata.ts,HIGH,0.7788,0.7788,1e-04,0.2211
cal.com,packages/app-store/office365video/components/AccountDialog.tsx,MEDIUM,0.9996,0.0002,0.0002,0.9996
cal.com,packages/app-store/office365video/components/InstallAppButton.tsx,MEDIUM,0.9976,0.0003,0.0021,0.9976
cal.com,packages/app-store/office365video/components/index.ts,LOW,1.0,0.0,1.0,0.0
cal.com,packages/app-store/office365video/lib/VideoApiAdapter.test.ts,HIGH,0.9999,0.9999,0.0,1e-04
cal.com,packages/app-store/office365video/lib/VideoApiAdapter.ts,HIGH,1.0,1.0,0.0,0.0
cal.com,packages/app-store/office365video/lib/index.ts,LOW,1.0,0.0,1.0,0.0
cal.com,packages/app-store/office365video/api/index.ts,LOW,0.9998,0.0,0.9998,0.0002
cal.com,packages/app-store/office365video/api/add.ts,MEDIUM,0.9996,0.0003,0.0002,0.9996
cal.com,packages/app-store/office365video/api/callback.ts,HIGH,0.9184,0.9184,0.0,0.0816
cal.com,packages/app-store/linear/index.ts,LOW,1.0,0.0,1.0,0.0
cal.com,packages/app-store/linear/api/index.ts,LOW,1.0,0.0,1.0,0.0
cal.com,packages/app-store/linear/api/add.ts,MEDIUM,0.9958,1e-04,0.0041,0.9958
cal.com,packages/app-store/office365calendar/index.ts,LOW,0.9993,0.0,0.9993,0.0007
cal.com,packages/app-store/office365calendar/zod.ts,MEDIUM,0.9797,1e-04,0.0201,0.9797
cal.com,packages/app-store/office365calendar/_metadata.ts,HIGH,0.5984,0.5984,1e-04,0.4015
cal.com,packages/app-store/office365calendar/types/Office365Calendar.ts,LOW,0.8998,0.0,0.8998,0.1002
cal.com,packages/app-store/office365calendar/lib/CalendarService.ts,HIGH,1.0,1.0,0.0,0.0
cal.com,packages/app-store/office365calendar/lib/getOfficeAppKeys.ts,MEDIUM,0.9797,1e-04,0.0201,0.9797
cal.com,packages/app-store/office365calendar/lib/index.ts,LOW,1.0,0.0,1.0,0.0
cal.com,packages/app-store/office365calendar/api/index.ts,LOW,0.9998,0.0,0.9998,0.0002
cal.com,packages/app-store/office365calendar/api/add.ts,MEDIUM,0.9996,0.0003,0.0002,0.9996
cal.com,packages/app-store/office365calendar/api/callback.ts,HIGH,0.9997,0.9997,0.0,0.0003
cal.com,packages/app-store/sylapsvideo/index.ts,LOW,0.9998,0.0,0.9998,0.0002
cal.com,packages/app-store/sylapsvideo/lib/VideoApiAdapter.ts,MEDIUM,0.9978,0.0002,0.0019,0.9978
cal.com,packages/app-store/sylapsvideo/lib/index.ts,LOW,1.0,0.0,1.0,0.0
cal.com,packages/app-store/sylapsvideo/api/index.ts,LOW,1.0,0.0,1.0,0.0
cal.com,packages/app-store/sylapsvideo/api/add.ts,MEDIUM,0.9961,0.0039,0.0,0.9961
cal.com,packages/app-store/roam/index.ts,LOW,1.0,0.0,1.0,0.0
cal.com,packages/app-store/roam/api/index.ts,LOW,1.0,0.0,1.0,0.0
cal.com,packages/app-store/roam/api/add.ts,MEDIUM,0.9945,1e-04,0.0054,0.9945
cal.com,packages/app-store/salesroom/index.ts,LOW,1.0,0.0,1.0,0.0
cal.com,packages/app-store/salesroom/api/index.ts,LOW,1.0,0.0,1.0,0.0
cal.com,packages/app-store/salesroom/api/add.ts,MEDIUM,0.9945,1e-04,0.0054,0.9945
cal.com,packages/app-store/intercom/index.ts,LOW,1.0,0.0,1.0,0.0
cal.com,packages/app-store/intercom/zod.ts,LOW,0.5277,1e-04,0.5277,0.4723
cal.com,packages/app-store/intercom/lib/isValidCalURL.ts,MEDIUM,0.9996,0.0003,1e-04,0.9996
cal.com,packages/app-store/intercom/lib/index.ts,MEDIUM,0.9971,0.0024,0.0005,0.9971
cal.com,packages/app-store/intercom/lib/configure/button.ts,HIGH,0.6672,0.6672,0.0,0.3328
cal.com,packages/app-store/intercom/lib/configure/link.ts,HIGH,1.0,1.0,0.0,0.0
cal.com,packages/app-store/intercom/api/get.ts,HIGH,1.0,1.0,0.0,0.0
cal.com,packages/app-store/intercom/api/sheet.ts,MEDIUM,0.9995,0.0005,0.0,0.9995
cal.com,packages/app-store/intercom/api/initialize.ts,MEDIUM,0.9994,0.0005,0.0,0.9994
cal.com,packages/app-store/intercom/api/index.ts,LOW,0.5277,1e-04,0.5277,0.4723
cal.com,packages/app-store/intercom/api/configure.ts,MEDIUM,0.9996,0.0004,1e-04,0.9996
cal.com,packages/app-store/intercom/api/add.ts,MEDIUM,0.9997,0.0002,1e-04,0.9997
cal.com,packages/app-store/intercom/api/callback.ts,MEDIUM,0.5475,0.4525,0.0,0.5475
cal.com,packages/app-store/jelly/index.ts,LOW,0.9998,0.0,0.9998,0.0002
cal.com,packages/app-store/jelly/zod.ts,LOW,0.5277,1e-04,0.5277,0.4723
cal.com,packages/app-store/jelly/lib/VideoApiAdapter.ts,MEDIUM,0.9994,0.0005,1e-04,0.9994
cal.com,packages/app-store/jelly/lib/index.ts,LOW,1.0,0.0,1.0,0.0
cal.com,packages/app-store/jelly/api/index.ts,LOW,0.9998,0.0,0.9998,0.0002
cal.com,packages/app-store/jelly/api/add.ts,MEDIUM,0.9995,0.0005,1e-04,0.9995
cal.com,packages/app-store/jelly/api/callback.ts,MEDIUM,0.9137,0.0863,0.0,0.9137
cal.com,packages/app-store/tests/__mocks__/OAuthManager.ts,MEDIUM,0.9995,0.0004,1e-04,0.9995
cal.com,packages/app-store/giphy/index.ts,LOW,0.9993,0.0,0.9993,0.0007
cal.com,packages/app-store/giphy/zod.ts,MEDIUM,0.9876,1e-04,0.0123,0.9876
cal.com,packages/app-store/giphy/_metadata.ts,HIGH,0.7201,0.7201,0.0,0.2799
cal.com,packages/app-store/giphy/components/SelectGifInput.tsx,MEDIUM,0.9794,0.0206,0.0,0.9794
cal.com,packages/app-store/giphy/components/SearchDialog.tsx,HIGH,1.0,1.0,0.0,0.0
cal.com,packages/app-store/giphy/components/index.ts,LOW,1.0,0.0,1.0,0.0
cal.com,packages/app-store/giphy/components/EventTypeAppSettingsInterface.tsx,MEDIUM,0.9977,1e-04,0.0022,0.9977
cal.com,packages/app-store/giphy/components/EventTypeAppCardInterface.tsx,MEDIUM,0.9996,0.0003,1e-04,0.9996
cal.com,packages/app-store/giphy/lib/giphyManager.ts,MEDIUM,0.9885,0.0114,0.0,0.9885
cal.com,packages/app-store/giphy/lib/index.ts,LOW,1.0,0.0,1.0,0.0
cal.com,packages/app-store/giphy/api/get.ts,MEDIUM,0.8671,0.1329,0.0,0.8671
cal.com,packages/app-store/giphy/api/search.ts,MEDIUM,0.8338,0.1662,0.0,0.8338
cal.com,packages/app-store/giphy/api/index.ts,LOW,0.9993,0.0,0.9993,0.0007
cal.com,packages/app-store/giphy/api/add.ts,MEDIUM,0.9961,0.0039,0.0,0.9961
cal.com,packages/app-store/tandemvideo/index.ts,LOW,0.9993,0.0,0.9993,0.0007
cal.com,packages/app-store/tandemvideo/zod.ts,MEDIUM,0.8404,1e-04,0.1595,0.8404
cal.com,packages/app-store/tandemvideo/_metadata.ts,MEDIUM,0.9975,0.0002,0.0024,0.9975
cal.com,packages/app-store/tandemvideo/lib/VideoApiAdapter.ts,HIGH,0.9976,0.9976,0.0,0.0024
cal.com,packages/app-store/tandemvideo/lib/index.ts,LOW,1.0,0.0,1.0,0.0
cal.com,packages/app-store/tandemvideo/api/index.ts,LOW,0.9998,0.0,0.9998,0.0002
cal.com,packages/app-store/tandemvideo/api/add.ts,MEDIUM,0.9994,0.0006,0.0,0.9994
cal.com,packages/app-store/tandemvideo/api/callback.ts,MEDIUM,0.8072,0.1928,0.0,0.8072
cal.com,packages/app-store/alby/index.ts,LOW,0.9998,0.0,0.9998,0.0002
cal.com,packages/app-store/alby/zod.ts,MEDIUM,0.9976,0.0002,0.0022,0.9976
cal.com,packages/app-store/alby/components/AlbyPriceComponent.tsx,MEDIUM,0.9992,1e-04,0.0006,0.9992
cal.com,packages/app-store/alby/components/EventTypeAppSettingsInterface.tsx,HIGH,0.9791,0.9791,0.0,0.0209
cal.com,packages/app-store/alby/components/EventTypeAppCardInterface.tsx,MEDIUM,0.9981,0.0019,0.0,0.9981
cal.com,packages/app-store/alby/lib/getAlbyKeys.ts,MEDIUM,0.9876,1e-04,0.0123,0.9876
cal.com,packages/app-store/alby/lib/currencyOptions.ts,LOW,1.0,0.0,1.0,0.0
cal.com,packages/app-store/alby/lib/parseInvoice.ts,MEDIUM,0.9998,1e-04,1e-04,0.9998
cal.com,packages/app-store/alby/lib/albyCredentialKeysSchema.ts,MEDIUM,0.9111,1e-04,0.0888,0.9111
cal.com,packages/app-store/alby/lib/PaymentService.ts,HIGH,0.9694,0.9694,0.0,0.0305
cal.com,packages/app-store/alby/lib/index.ts,LOW,0.985,0.0,0.985,0.015
cal.com,packages/app-store/alby/api/webhook.ts,HIGH,0.9866,0.9866,0.0,0.0134
cal.com,packages/app-store/alby/api/index.ts,LOW,0.9998,0.0,0.9998,0.0002
cal.com,packages/app-store/alby/api/add.ts,MEDIUM,0.9992,0.0008,0.0,0.9992
cal.com,packages/app-store/alby/pages/setup/_getServerSideProps.tsx,MEDIUM,0.9834,0.0166,0.0,0.9834
cal.com,packages/app-store/horizon-workrooms/index.ts,LOW,1.0,0.0,1.0,0.0
cal.com,packages/app-store/horizon-workrooms/api/index.ts,LOW,1.0,0.0,1.0,0.0
cal.com,packages/app-store/horizon-workrooms/api/add.ts,MEDIUM,0.9945,1e-04,0.0054,0.9945
cal.com,packages/app-store/_lib/crm-enums.ts,MEDIUM,0.9996,1e-04,0.0003,0.9996
cal.com,packages/app-store/_lib/crm-schemas.ts,MEDIUM,0.9945,1e-04,0.0054,0.9945
cal.com,packages/app-store/dub/index.ts,LOW,0.9998,0.0,0.9998,0.0002
cal.com,packages/app-store/dub/zod.ts,MEDIUM,0.8404,1e-04,0.1595,0.8404
cal.com,packages/app-store/dub/lib/utils.ts,MEDIUM,0.9111,1e-04,0.0888,0.9111
cal.com,packages/app-store/dub/lib/AnalyticsService.ts,HIGH,1.0,1.0,0.0,0.0
cal.com,packages/app-store/dub/lib/type.ts,MEDIUM,0.9111,1e-04,0.0888,0.9111
cal.com,packages/app-store/dub/lib/index.ts,LOW,1.0,0.0,1.0,0.0
cal.com,packages/app-store/dub/api/index.ts,LOW,0.9998,0.0,0.9998,0.0002
cal.com,packages/app-store/dub/api/add.ts,MEDIUM,0.9995,0.0005,0.0,0.9995
cal.com,packages/app-store/dub/api/callback.ts,MEDIUM,0.5893,0.4107,0.0,0.5893
cal.com,packages/app-store/hubspot/index.ts,LOW,0.9993,0.0,0.9993,0.0007
cal.com,packages/app-store/hubspot/zod.ts,MEDIUM,0.9977,1e-04,0.0022,0.9977
cal.com,packages/app-store/hubspot/_metadata.ts,HIGH,0.7081,0.7081,1e-04,0.2919
cal.com,packages/app-store/hubspot/components/EventTypeAppCardInterface.tsx,HIGH,0.9997,0.9997,0.0,0.0003
cal.com,packages/app-store/hubspot/lib/CrmService.test.ts,HIGH,1.0,1.0,0.0,0.0
cal.com,packages/app-store/hubspot/lib/CrmService.ts,HIGH,1.0,1.0,0.0,0.0
cal.com,packages/app-store/hubspot/lib/index.ts,LOW,1.0,0.0,1.0,0.0
cal.com,packages/app-store/hubspot/api/index.ts,LOW,0.9998,0.0,0.9998,0.0002
cal.com,packages/app-store/hubspot/api/add.ts,MEDIUM,0.9996,0.0002,1e-04,0.9996
cal.com,packages/app-store/hubspot/api/callback.ts,MEDIUM,0.9906,0.0094,0.0,0.9906
cal.com,packages/app-store/metapixel/index.ts,LOW,1.0,0.0,1.0,0.0
cal.com,packages/app-store/metapixel/zod.ts,MEDIUM,0.9797,1e-04,0.0201,0.9797
cal.com,packages/app-store/metapixel/components/EventTypeAppSettingsInterface.tsx,MEDIUM,0.9969,0.0031,0.0,0.9969
cal.com,packages/app-store/metapixel/components/EventTypeAppCardInterface.tsx,MEDIUM,0.9996,0.0002,0.0002,0.9996
cal.com,packages/app-store/metapixel/api/index.ts,LOW,1.0,0.0,1.0,0.0
cal.com,packages/app-store/metapixel/api/add.ts,MEDIUM,0.9945,1e-04,0.0054,0.9945
cal.com,packages/app-store/_pages/setup/_getServerSideProps.tsx,MEDIUM,0.9998,1e-04,1e-04,0.9998
cal.com,packages/app-store/ga4/index.ts,LOW,1.0,0.0,1.0,0.0
cal.com,packages/app-store/ga4/zod.ts,MEDIUM,0.9111,1e-04,0.0888,0.9111
cal.com,packages/app-store/ga4/components/EventTypeAppSettingsInterface.tsx,MEDIUM,0.998,1e-04,0.0019,0.998
cal.com,packages/app-store/ga4/components/EventTypeAppCardInterface.tsx,MEDIUM,0.9997,0.0002,1e-04,0.9997
cal.com,packages/app-store/ga4/api/index.ts,LOW,1.0,0.0,1.0,0.0
cal.com,packages/app-store/ga4/api/add.ts,MEDIUM,0.9945,1e-04,0.0054,0.9945
cal.com,packages/app-store/mirotalk/index.ts,LOW,1.0,0.0,1.0,0.0
cal.com,packages/app-store/mirotalk/api/index.ts,LOW,1.0,0.0,1.0,0.0
cal.com,packages/app-store/mirotalk/api/add.ts,MEDIUM,0.9945,1e-04,0.0054,0.9945
cal.com,packages/app-store/zoho-bigin/index.ts,LOW,0.9998,0.0,0.9998,0.0002
cal.com,packages/app-store/zoho-bigin/zod.ts,MEDIUM,0.8404,1e-04,0.1595,0.8404
cal.com,packages/app-store/zoho-bigin/components/EventTypeAppCardInterface.tsx,MEDIUM,0.9997,1e-04,1e-04,0.9997
cal.com,packages/app-store/zoho-bigin/lib/CrmService.ts,HIGH,1.0,1.0,0.0,0.0
cal.com,packages/app-store/zoho-bigin/lib/index.ts,LOW,1.0,0.0,1.0,0.0
cal.com,packages/app-store/zoho-bigin/api/index.ts,LOW,0.9998,0.0,0.9998,0.0002
cal.com,packages/app-store/zoho-bigin/api/add.ts,MEDIUM,0.9996,0.0003,1e-04,0.9996
cal.com,packages/app-store/zoho-bigin/api/callback.ts,MEDIUM,0.7146,0.2854,0.0,0.7146
cal.com,packages/app-store/campfire/index.ts,LOW,1.0,0.0,1.0,0.0
cal.com,packages/app-store/campfire/api/index.ts,LOW,1.0,0.0,1.0,0.0
cal.com,packages/app-store/campfire/api/add.ts,MEDIUM,0.9945,1e-04,0.0054,0.9945
cal.com,packages/app-store/webex/index.ts,LOW,0.9998,0.0,0.9998,0.0002
cal.com,packages/app-store/webex/zod.ts,LOW,0.5277,1e-04,0.5277,0.4723
cal.com,packages/app-store/webex/lib/getWebexAppKeys.ts,MEDIUM,0.9876,1e-04,0.0123,0.9876
cal.com,packages/app-store/webex/lib/VideoApiAdapter.ts,HIGH,1.0,1.0,0.0,0.0
cal.com,packages/app-store/webex/lib/index.ts,LOW,0.9998,0.0,0.9998,0.0002
cal.com,packages/app-store/webex/api/index.ts,LOW,0.9998,0.0,0.9998,0.0002
cal.com,packages/app-store/webex/api/add.ts,MEDIUM,0.9997,0.0002,1e-04,0.9997
cal.com,packages/app-store/webex/api/callback.ts,MEDIUM,0.8622,0.1378,0.0,0.8622
cal.com,packages/app-store/_components/DynamicComponent.tsx,MEDIUM,0.9998,1e-04,1e-04,0.9998
cal.com,packages/app-store/_components/AppCard.tsx,HIGH,0.9995,0.9995,0.0,0.0005
cal.com,packages/app-store/_components/AppSettings.tsx,MEDIUM,0.9899,1e-04,0.01,0.9899
cal.com,packages/app-store/_components/eventTypeAppCardInterface.test.tsx,MEDIUM,0.9984,0.0016,0.0,0.9984
cal.com,packages/app-store/_components/AppNotInstalledMessage.tsx,MEDIUM,0.9971,0.0002,0.0027,0.9971
cal.com,packages/app-store/_components/OmniInstallAppButton.tsx,HIGH,0.9996,0.9996,0.0,0.0004
cal.com,packages/app-store/_components/AppCategoryNavigation.tsx,MEDIUM,0.9917,0.0082,0.0,0.9917
cal.com,packages/app-store/_components/EventTypeAppSettingsInterface.tsx,MEDIUM,0.8404,1e-04,0.1595,0.8404
cal.com,packages/app-store/_components/EventTypeAppCardInterface.tsx,MEDIUM,0.9996,0.0002,0.0002,0.9996
cal.com,packages/app-store/_components/crm/WriteToObjectSettings.utils.ts,MEDIUM,0.9966,0.0034,0.0,0.9966
cal.com,packages/app-store/_components/crm/WriteToObjectSettings.types.ts,MEDIUM,0.9976,0.0002,0.0022,0.9976
cal.com,packages/app-store/_components/crm/WriteToObjectSettings.tsx,HIGH,1.0,1.0,0.0,0.0
cal.com,packages/app-store/pipedrive-crm/index.ts,LOW,0.9998,0.0,0.9998,0.0002
cal.com,packages/app-store/pipedrive-crm/zod.ts,MEDIUM,0.8404,1e-04,0.1595,0.8404
cal.com,packages/app-store/pipedrive-crm/components/EventTypeAppCardInterface.tsx,MEDIUM,0.9997,1e-04,0.0002,0.9997
cal.com,packages/app-store/pipedrive-crm/lib/getPipedriveAppKeys.ts,MEDIUM,0.9876,1e-04,0.0123,0.9876
cal.com,packages/app-store/pipedrive-crm/lib/CrmService.ts,HIGH,1.0,1.0,0.0,0.0
cal.com,packages/app-store/pipedrive-crm/lib/index.ts,LOW,1.0,0.0,1.0,0.0
cal.com,packages/app-store/pipedrive-crm/api/index.ts,LOW,0.9998,0.0,0.9998,0.0002
cal.com,packages/app-store/pipedrive-crm/api/add.ts,MEDIUM,0.9992,0.0007,0.0,0.9992
cal.com,packages/app-store/pipedrive-crm/api/callback.ts,MEDIUM,0.9697,0.0303,0.0,0.9697
cal.com,packages/app-store/make/index.ts,LOW,1.0,0.0,1.0,0.0
cal.com,packages/app-store/make/zod.ts,LOW,0.8998,0.0,0.8998,0.1002
cal.com,packages/app-store/make/api/index.ts,LOW,0.8998,0.0,0.8998,0.1002
cal.com,packages/app-store/make/api/add.ts,MEDIUM,0.9958,1e-04,0.0041,0.9958
cal.com,packages/app-store/make/api/subscriptions/deleteSubscription.ts,HIGH,0.9959,0.9959,0.0,0.0041
cal.com,packages/app-store/make/api/subscriptions/listBookings.ts,HIGH,0.9966,0.9966,0.0,0.0034
cal.com,packages/app-store/make/api/subscriptions/addSubscription.ts,HIGH,0.9931,0.9931,0.0,0.0069
cal.com,packages/app-store/make/api/subscriptions/me.ts,HIGH,0.9956,0.9956,0.0,0.0044
cal.com,packages/app-store/make/pages/setup/_getServerSideProps.tsx,MEDIUM,0.9997,1e-04,1e-04,0.9997
cal.com,packages/app-store/paypal/index.ts,LOW,0.9998,0.0,0.9998,0.0002
cal.com,packages/app-store/paypal/zod.ts,MEDIUM,0.997,0.0002,0.0028,0.997
cal.com,packages/app-store/paypal/components/EventTypeAppSettingsInterface.tsx,HIGH,0.9888,0.9888,0.0,0.0112
cal.com,packages/app-store/paypal/components/EventTypeAppCardInterface.tsx,MEDIUM,0.9978,0.0021,0.0,0.9978
cal.com,packages/app-store/paypal/lib/updateAppCredentials.validator.ts,MEDIUM,0.9993,0.0007,0.0,0.9993
cal.com,packages/app-store/paypal/lib/currencyOptions.ts,MEDIUM,0.9974,0.0018,0.0008,0.9974
cal.com,packages/app-store/paypal/lib/PaymentService.ts,HIGH,0.9998,0.9998,0.0,0.0002
cal.com,packages/app-store/paypal/lib/index.ts,LOW,1.0,0.0,1.0,0.0
cal.com,packages/app-store/paypal/lib/Paypal.ts,HIGH,1.0,1.0,0.0,0.0
cal.com,packages/app-store/paypal/api/capture.ts,MEDIUM,0.8622,0.1378,0.0,0.8622
cal.com,packages/app-store/paypal/api/webhook.ts,HIGH,0.9999,0.9999,0.0,1e-04
cal.com,packages/app-store/paypal/api/index.ts,LOW,0.9993,0.0,0.9993,0.0007
cal.com,packages/app-store/paypal/api/add.ts,MEDIUM,0.9974,0.0026,0.0,0.9974
cal.com,packages/app-store/paypal/pages/setup/_getStaticProps.tsx,MEDIUM,0.9998,1e-04,1e-04,0.9998
cal.com,packages/app-store/telegram/index.ts,LOW,1.0,0.0,1.0,0.0
cal.com,packages/app-store/telegram/api/index.ts,LOW,1.0,0.0,1.0,0.0
cal.com,packages/app-store/telegram/api/add.ts,MEDIUM,0.9945,1e-04,0.0054,0.9945
cal.com,packages/app-store/closecom/index.ts,LOW,0.9998,0.0,0.9998,0.0002
cal.com,packages/app-store/closecom/zod.ts,MEDIUM,0.8404,1e-04,0.1595,0.8404
cal.com,packages/app-store/closecom/test/globals.ts,MEDIUM,0.9952,1e-04,0.0047,0.9952
cal.com,packages/app-store/closecom/test/lib/CalendarService.test.ts,HIGH,1.0,1.0,0.0,0.0
cal.com,packages/app-store/closecom/components/EventTypeAppCardInterface.tsx,MEDIUM,0.9997,1e-04,1e-04,0.9997
cal.com,packages/app-store/closecom/lib/CrmService.ts,HIGH,1.0,1.0,0.0,0.0
cal.com,packages/app-store/closecom/lib/index.ts,LOW,1.0,0.0,1.0,0.0
cal.com,packages/app-store/closecom/api/_getAdd.ts,MEDIUM,0.9995,0.0003,1e-04,0.9995
cal.com,packages/app-store/closecom/api/index.ts,LOW,0.9998,0.0,0.9998,0.0002
cal.com,packages/app-store/closecom/api/add.ts,LOW,0.985,0.0,0.985,0.015
cal.com,packages/app-store/closecom/api/callback.ts,HIGH,0.8819,0.8819,0.0,0.1181
cal.com,packages/app-store/fathom/index.ts,LOW,1.0,0.0,1.0,0.0
cal.com,packages/app-store/fathom/zod.ts,MEDIUM,0.9111,1e-04,0.0888,0.9111
cal.com,packages/app-store/fathom/components/EventTypeAppSettingsInterface.tsx,MEDIUM,0.9976,1e-04,0.0023,0.9976
cal.com,packages/app-store/fathom/components/EventTypeAppCardInterface.tsx,MEDIUM,0.9997,0.0002,1e-04,0.9997
cal.com,packages/app-store/fathom/api/index.ts,LOW,1.0,0.0,1.0,0.0
cal.com,packages/app-store/fathom/api/add.ts,MEDIUM,0.9945,1e-04,0.0054,0.9945
cal.com,packages/app-store/facetime/index.ts,LOW,1.0,0.0,1.0,0.0
cal.com,packages/app-store/facetime/api/index.ts,LOW,1.0,0.0,1.0,0.0
cal.com,packages/app-store/facetime/api/add.ts,MEDIUM,0.9945,1e-04,0.0054,0.9945
cal.com,packages/app-store/whereby/index.ts,LOW,1.0,0.0,1.0,0.0
cal.com,packages/app-store/whereby/api/_getAdd.ts,MEDIUM,0.9998,1e-04,1e-04,0.9998
cal.com,packages/app-store/whereby/api/index.ts,LOW,1.0,0.0,1.0,0.0
cal.com,packages/app-store/whereby/api/add.ts,LOW,0.985,0.0,0.985,0.015
cal.com,packages/app-store/templates/booking-pages-tag/index.ts,LOW,1.0,0.0,1.0,0.0
cal.com,packages/app-store/templates/booking-pages-tag/zod.ts,MEDIUM,0.9111,1e-04,0.0888,0.9111
cal.com,packages/app-store/templates/booking-pages-tag/components/EventTypeAppCardInterface.tsx,MEDIUM,0.9996,0.0003,1e-04,0.9996
cal.com,packages/app-store/templates/booking-pages-tag/api/index.ts,LOW,1.0,0.0,1.0,0.0
cal.com,packages/app-store/templates/booking-pages-tag/api/add.ts,MEDIUM,0.9945,1e-04,0.0054,0.9945
cal.com,packages/app-store/templates/basic/index.ts,LOW,1.0,0.0,1.0,0.0
cal.com,packages/app-store/templates/basic/api/index.ts,LOW,1.0,0.0,1.0,0.0
cal.com,packages/app-store/templates/basic/api/add.ts,MEDIUM,0.9945,1e-04,0.0054,0.9945
cal.com,packages/app-store/templates/event-type-location-video-static/index.ts,LOW,1.0,0.0,1.0,0.0
cal.com,packages/app-store/templates/event-type-location-video-static/api/index.ts,LOW,1.0,0.0,1.0,0.0
cal.com,packages/app-store/templates/event-type-location-video-static/api/add.ts,MEDIUM,0.9945,1e-04,0.0054,0.9945
cal.com,packages/app-store/templates/general-app-settings/index.ts,LOW,1.0,0.0,1.0,0.0
cal.com,packages/app-store/templates/general-app-settings/components/AppSettingsInterface.tsx,MEDIUM,0.998,1e-04,0.0019,0.998
cal.com,packages/app-store/templates/general-app-settings/api/index.ts,LOW,1.0,0.0,1.0,0.0
cal.com,packages/app-store/templates/general-app-settings/api/add.ts,MEDIUM,0.9945,1e-04,0.0054,0.9945
cal.com,packages/app-store/templates/event-type-app-card/index.ts,LOW,1.0,0.0,1.0,0.0
cal.com,packages/app-store/templates/event-type-app-card/zod.ts,MEDIUM,0.9111,1e-04,0.0888,0.9111
cal.com,packages/app-store/templates/event-type-app-card/components/EventTypeAppCardInterface.tsx,MEDIUM,0.9982,0.0018,0.0,0.9982
cal.com,packages/app-store/templates/event-type-app-card/api/index.ts,LOW,1.0,0.0,1.0,0.0
cal.com,packages/app-store/templates/event-type-app-card/api/add.ts,MEDIUM,0.9945,1e-04,0.0054,0.9945
cal.com,packages/app-store/eightxeight/index.ts,LOW,1.0,0.0,1.0,0.0
cal.com,packages/app-store/eightxeight/api/index.ts,LOW,1.0,0.0,1.0,0.0
cal.com,packages/app-store/eightxeight/api/add.ts,MEDIUM,0.9945,1e-04,0.0054,0.9945
cal.com,packages/app-store/salesforce/graphqlrc.config.ts,LOW,0.8998,0.0,0.8998,0.1002
cal.com,packages/app-store/salesforce/codegen.ts,MEDIUM,0.9944,1e-04,0.0055,0.9944
cal.com,packages/app-store/salesforce/graphql.config.ts,LOW,0.8998,0.0,0.8998,0.1002
cal.com,packages/app-store/salesforce/index.ts,LOW,0.9998,0.0,0.9998,0.0002
cal.com,packages/app-store/salesforce/zod.ts,HIGH,0.9998,0.9998,0.0,0.0002
cal.com,packages/app-store/salesforce/components/EventTypeAppCardInterface.tsx,HIGH,1.0,1.0,0.0,0.0
cal.com,packages/app-store/salesforce/components/components/FieldRulesSettings.tsx,HIGH,1.0,1.0,0.0,0.0
cal.com,packages/app-store/salesforce/components/components/WriteToObjectSettings.tsx,HIGH,1.0,1.0,0.0,0.0
cal.com,packages/app-store/salesforce/lib/CrmService.test.ts,HIGH,1.0,1.0,0.0,0.0
cal.com,packages/app-store/salesforce/lib/getSalesforceTokenLifetime.ts,MEDIUM,0.9995,1e-04,0.0004,0.9995
cal.com,packages/app-store/salesforce/lib/eventTypeService.ts,MEDIUM,0.9997,0.0003,1e-04,0.9997
cal.com,packages/app-store/salesforce/lib/CrmService.ts,HIGH,1.0,1.0,0.0,0.0
cal.com,packages/app-store/salesforce/lib/index.ts,LOW,1.0,0.0,1.0,0.0
cal.com,packages/app-store/salesforce/lib/enums.ts,MEDIUM,0.9978,0.0002,0.0019,0.9978
cal.com,packages/app-store/salesforce/lib/getSalesforceAppKeys.ts,MEDIUM,0.9797,1e-04,0.0201,0.9797
cal.com,packages/app-store/salesforce/lib/utils/getAllPossibleWebsiteValuesFromEmailDomain.ts,MEDIUM,0.9876,1e-04,0.0123,0.9876
cal.com,packages/app-store/salesforce/lib/utils/getDominantAccountId.ts,MEDIUM,0.9995,0.0004,1e-04,0.9995
cal.com,packages/app-store/salesforce/lib/utils/__tests__/getAllPossibleWebsiteValuesFromEmailDomain.test.ts,MEDIUM,0.9952,1e-04,0.0047,0.9952
cal.com,packages/app-store/salesforce/lib/utils/__tests__/getDominantAccountId.test.ts,MEDIUM,0.9944,1e-04,0.0055,0.9944
cal.com,packages/app-store/salesforce/lib/repositories/PrismaAssignmentReasonRepository.ts,MEDIUM,0.995,1e-04,0.0048,0.995
cal.com,packages/app-store/salesforce/lib/__tests__/salesforceMock.ts,HIGH,1.0,1.0,0.0,0.0
cal.com,packages/app-store/salesforce/lib/__tests__/getSalesforceTokenLifetime.test.ts,MEDIUM,0.9937,0.0062,1e-04,0.9937
cal.com,packages/app-store/salesforce/lib/__tests__/CrmService.integration.test.ts,HIGH,1.0,1.0,0.0,0.0
cal.com,packages/app-store/salesforce/lib/graphql/SalesforceGraphQLClient.ts,HIGH,1.0,1.0,0.0,0.0
cal.com,packages/app-store/salesforce/lib/graphql/__tests__/urqlMock.ts,HIGH,0.9924,0.9924,0.0,0.0076
cal.com,packages/app-store/salesforce/lib/graphql/__tests__/SalesforceGraphQLClient.test.ts,HIGH,0.9982,0.9982,0.0,0.0018
cal.com,packages/app-store/salesforce/lib/graphql/documents/queries.ts,MEDIUM,0.9967,0.0028,0.0005,0.9967
cal.com,packages/app-store/salesforce/api/index.ts,LOW,0.9993,0.0,0.9993,0.0007
cal.com,packages/app-store/salesforce/api/add.ts,MEDIUM,0.9996,0.0003,1e-04,0.9996
cal.com,packages/app-store/salesforce/api/user-sync.ts,HIGH,1.0,1.0,0.0,0.0
cal.com,packages/app-store/salesforce/api/callback.ts,MEDIUM,0.9781,0.0219,0.0,0.9781
cal.com,packages/app-store/salesforce/src/gql/gql.ts,MEDIUM,0.9997,0.0002,1e-04,0.9997
cal.com,packages/app-store/salesforce/src/gql/types.ts,HIGH,0.9965,0.9965,0.0,0.0035
cal.com,packages/app-store/dialpad/index.ts,LOW,1.0,0.0,1.0,0.0
cal.com,packages/app-store/dialpad/api/index.ts,LOW,1.0,0.0,1.0,0.0
cal.com,packages/app-store/dialpad/api/add.ts,MEDIUM,0.9945,1e-04,0.0054,0.9945
cal.com,packages/app-store/posthog/index.ts,LOW,1.0,0.0,1.0,0.0
cal.com,packages/app-store/posthog/zod.ts,MEDIUM,0.9797,1e-04,0.0201,0.9797
cal.com,packages/app-store/posthog/components/EventTypeAppCardInterface.tsx,MEDIUM,0.9992,0.0007,1e-04,0.9992
cal.com,packages/app-store/posthog/api/index.ts,LOW,1.0,0.0,1.0,0.0
cal.com,packages/app-store/posthog/api/add.ts,MEDIUM,0.9945,1e-04,0.0054,0.9945
cal.com,packages/app-store/googlecalendar/index.ts,LOW,0.9993,0.0,0.9993,0.0007
cal.com,packages/app-store/googlecalendar/zod.ts,MEDIUM,0.9945,1e-04,0.0054,0.9945
cal.com,packages/app-store/googlecalendar/_metadata.ts,HIGH,0.8865,0.8865,0.0,0.1135
cal.com,packages/app-store/googlecalendar/tests/testUtils.ts,HIGH,0.9997,0.9997,0.0,0.0003
cal.com,packages/app-store/googlecalendar/tests/google-calendar.e2e.ts,HIGH,0.9997,0.9997,0.0,0.0003
cal.com,packages/app-store/googlecalendar/lib/CalendarService.ts,HIGH,1.0,1.0,0.0,0.0
cal.com,packages/app-store/googlecalendar/lib/getGoogleAppKeys.ts,MEDIUM,0.9876,1e-04,0.0123,0.9876
cal.com,packages/app-store/googlecalendar/lib/CalendarAuth.ts,HIGH,1.0,1.0,0.0,0.0
cal.com,packages/app-store/googlecalendar/lib/googleCredentialSchema.ts,MEDIUM,0.9111,1e-04,0.0888,0.9111
cal.com,packages/app-store/googlecalendar/lib/index.ts,LOW,1.0,0.0,1.0,0.0
cal.com,packages/app-store/googlecalendar/lib/__mocks__/getGoogleAppKeys.ts,MEDIUM,0.9797,1e-04,0.0201,0.9797
cal.com,packages/app-store/googlecalendar/lib/__mocks__/features.repository.ts,MEDIUM,0.9797,1e-04,0.0201,0.9797
cal.com,packages/app-store/googlecalendar/lib/__mocks__/googleapis.ts,MEDIUM,0.9793,0.0206,1e-04,0.9793
cal.com,packages/app-store/googlecalendar/lib/__tests__/utils.ts,HIGH,0.9996,0.9996,0.0,0.0004
cal.com,packages/app-store/googlecalendar/lib/__tests__/CalendarService.test.ts,HIGH,1.0,1.0,0.0,0.0
cal.com,packages/app-store/googlecalendar/lib/__tests__/CalendarService.auth.test.ts,HIGH,0.9999,0.9999,0.0,1e-04
cal.com,packages/app-store/googlecalendar/api/index.ts,LOW,0.9998,0.0,0.9998,0.0002
cal.com,packages/app-store/googlecalendar/api/add.ts,MEDIUM,0.9996,0.0003,1e-04,0.9996
cal.com,packages/app-store/googlecalendar/api/callback.ts,HIGH,0.9997,0.9997,0.0,0.0003
cal.com,packages/app-store/larkcalendar/common.ts,MEDIUM,0.9998,1e-04,1e-04,0.9998
cal.com,packages/app-store/larkcalendar/index.ts,LOW,0.9993,0.0,0.9993,0.0007
cal.com,packages/app-store/larkcalendar/zod.ts,MEDIUM,0.8404,1e-04,0.1595,0.8404
cal.com,packages/app-store/larkcalendar/_metadata.ts,MEDIUM,0.9995,1e-04,0.0004,0.9995
cal.com,packages/app-store/larkcalendar/types/LarkCalendar.ts,MEDIUM,0.9503,0.0496,1e-04,0.9503
cal.com,packages/app-store/larkcalendar/lib/CalendarService.ts,HIGH,1.0,1.0,0.0,0.0
cal.com,packages/app-store/larkcalendar/lib/BotService.ts,HIGH,0.9999,0.9999,0.0,1e-04
cal.com,packages/app-store/larkcalendar/lib/index.ts,LOW,1.0,0.0,1.0,0.0
cal.com,packages/app-store/larkcalendar/lib/AppAccessToken.ts,HIGH,0.9814,0.9814,0.0,0.0186
cal.com,packages/app-store/larkcalendar/api/events.ts,HIGH,0.9596,0.9596,0.0,0.0404
cal.com,packages/app-store/larkcalendar/api/index.ts,LOW,0.9993,0.0,0.9993,0.0007
cal.com,packages/app-store/larkcalendar/api/add.ts,MEDIUM,0.9973,0.0004,0.0023,0.9973
cal.com,packages/app-store/larkcalendar/api/callback.ts,HIGH,0.9781,0.9781,0.0,0.0219
cal.com,packages/app-store/dailyvideo/index.ts,LOW,0.9998,0.0,0.9998,0.0002
cal.com,packages/app-store/dailyvideo/zod.ts,MEDIUM,0.9971,0.0017,0.0011,0.9971
cal.com,packages/app-store/dailyvideo/_metadata.ts,HIGH,0.9145,0.9145,0.0,0.0855
cal.com,packages/app-store/dailyvideo/lib/dailyApiFetcher.ts,MEDIUM,0.999,1e-04,0.0009,0.999
cal.com,packages/app-store/dailyvideo/lib/getDailyAppKeys.ts,MEDIUM,0.9876,1e-04,0.0123,0.9876
cal.com,packages/app-store/dailyvideo/lib/types.ts,MEDIUM,0.9968,0.0025,0.0008,0.9968
cal.com,packages/app-store/dailyvideo/lib/VideoApiAdapter.ts,HIGH,1.0,1.0,0.0,0.0
cal.com,packages/app-store/dailyvideo/lib/index.ts,LOW,0.9998,0.0,0.9998,0.0002
cal.com,packages/app-store/dailyvideo/lib/scripts/deleteRecordings.ts,HIGH,1.0,1.0,0.0,0.0
cal.com,packages/app-store/skype/index.ts,LOW,1.0,0.0,1.0,0.0
cal.com,packages/app-store/skype/api/index.ts,LOW,1.0,0.0,1.0,0.0
cal.com,packages/app-store/skype/api/add.ts,MEDIUM,0.9945,1e-04,0.0054,0.9945
cal.com,packages/app-store/gtm/index.ts,LOW,1.0,0.0,1.0,0.0
cal.com,packages/app-store/gtm/zod.ts,MEDIUM,0.9996,0.0,0.0003,0.9996
cal.com,packages/app-store/gtm/components/EventTypeAppSettingsInterface.tsx,MEDIUM,0.998,1e-04,0.0019,0.998
cal.com,packages/app-store/gtm/components/EventTypeAppCardInterface.tsx,MEDIUM,0.9997,0.0002,1e-04,0.9997
cal.com,packages/app-store/gtm/api/index.ts,LOW,1.0,0.0,1.0,0.0
cal.com,packages/app-store/gtm/api/add.ts,MEDIUM,0.9945,1e-04,0.0054,0.9945
cal.com,packages/app-store/wipemycalother/index.ts,LOW,0.9993,0.0,0.9993,0.0007
cal.com,packages/app-store/wipemycalother/_metadata.ts,HIGH,0.9215,0.9215,0.0,0.0785
cal.com,packages/app-store/wipemycalother/lib/reschedule.ts,HIGH,0.9998,0.9998,0.0,0.0002
cal.com,packages/app-store/wipemycalother/lib/index.ts,LOW,1.0,0.0,1.0,0.0
cal.com,packages/app-store/wipemycalother/api/wipe.ts,MEDIUM,0.8141,0.1859,0.0,0.8141
cal.com,packages/app-store/wipemycalother/api/index.ts,LOW,0.9998,0.0,0.9998,0.0002
cal.com,packages/app-store/wipemycalother/api/add.ts,MEDIUM,0.9991,0.0009,0.0,0.9991
cal.com,packages/app-store/applecalendar/index.ts,LOW,0.9993,0.0,0.9993,0.0007
cal.com,packages/app-store/applecalendar/_metadata.ts,HIGH,0.6591,0.6591,1e-04,0.3408
cal.com,packages/app-store/applecalendar/lib/CalendarService.ts,MEDIUM,0.9899,1e-04,0.01,0.9899
cal.com,packages/app-store/applecalendar/lib/index.ts,LOW,1.0,0.0,1.0,0.0
cal.com,packages/app-store/applecalendar/api/index.ts,LOW,1.0,0.0,1.0,0.0
cal.com,packages/app-store/applecalendar/api/add.ts,HIGH,0.8739,0.8739,0.0,0.1261
cal.com,packages/app-store/qr_code/index.ts,LOW,1.0,0.0,1.0,0.0
cal.com,packages/app-store/qr_code/zod.ts,LOW,0.985,0.0,0.985,0.015
cal.com,packages/app-store/qr_code/components/EventTypeAppSettingsInterface.tsx,MEDIUM,0.9992,0.0007,1e-04,0.9992
cal.com,packages/app-store/qr_code/components/EventTypeAppCardInterface.tsx,MEDIUM,0.9996,0.0002,0.0002,0.9996
cal.com,packages/app-store/qr_code/api/index.ts,LOW,1.0,0.0,1.0,0.0
cal.com,packages/app-store/qr_code/api/add.ts,MEDIUM,0.9945,1e-04,0.0054,0.9945
cal.com,packages/app-store/nextcloudtalk/index.ts,LOW,0.9998,0.0,0.9998,0.0002
cal.com,packages/app-store/nextcloudtalk/zod.ts,MEDIUM,0.9111,1e-04,0.0888,0.9111
cal.com,packages/app-store/nextcloudtalk/lib/VideoApiAdapter.ts,HIGH,0.9999,0.9999,0.0,1e-04
cal.com,packages/app-store/nextcloudtalk/lib/index.ts,LOW,1.0,0.0,1.0,0.0
cal.com,packages/app-store/nextcloudtalk/api/index.ts,LOW,0.9998,0.0,0.9998,0.0002
cal.com,packages/app-store/nextcloudtalk/api/add.ts,MEDIUM,0.9996,0.0003,1e-04,0.9996
cal.com,packages/app-store/nextcloudtalk/api/callback.ts,MEDIUM,0.9787,0.0213,0.0,0.9787
cal.com,packages/app-store/exchange2013calendar/index.ts,LOW,0.9993,0.0,0.9993,0.0007
cal.com,packages/app-store/exchange2013calendar/_metadata.ts,HIGH,0.6591,0.6591,1e-04,0.3408
cal.com,packages/app-store/exchange2013calendar/components/InstallAppButton.tsx,MEDIUM,0.995,1e-04,0.0048,0.995
cal.com,packages/app-store/exchange2013calendar/components/index.ts,LOW,1.0,0.0,1.0,0.0
cal.com,packages/app-store/exchange2013calendar/lib/CalendarService.ts,HIGH,1.0,1.0,0.0,0.0
cal.com,packages/app-store/exchange2013calendar/lib/index.ts,LOW,1.0,0.0,1.0,0.0
cal.com,packages/app-store/exchange2013calendar/api/index.ts,LOW,1.0,0.0,1.0,0.0
cal.com,packages/app-store/exchange2013calendar/api/add.ts,MEDIUM,0.9917,0.0082,0.0,0.9917
cal.com,packages/app-store/signal/index.ts,LOW,1.0,0.0,1.0,0.0
cal.com,packages/app-store/signal/api/index.ts,LOW,1.0,0.0,1.0,0.0
cal.com,packages/app-store/signal/api/add.ts,MEDIUM,0.9945,1e-04,0.0054,0.9945
cal.com,packages/app-store/lyra/index.ts,LOW,0.9378,0.0059,0.9378,0.0563
cal.com,packages/app-store/lyra/zod.ts,MEDIUM,0.721,0.2786,0.0005,0.721
cal.com,packages/app-store/lyra/lib/constants.ts,LOW,0.9378,0.0059,0.9378,0.0563
cal.com,packages/app-store/lyra/lib/getLyraAppKeys.ts,MEDIUM,0.7095,0.29,0.0005,0.7095
cal.com,packages/app-store/lyra/lib/VideoApiAdapter.ts,HIGH,1.0,1.0,0.0,0.0
cal.com,packages/app-store/lyra/lib/index.ts,MEDIUM,0.7648,0.1849,0.0503,0.7648
cal.com,packages/app-store/lyra/api/index.ts,MEDIUM,0.6421,0.1117,0.2462,0.6421
cal.com,packages/app-store/lyra/api/add.ts,HIGH,1.0,1.0,0.0,0.0
cal.com,packages/app-store/lyra/api/callback.ts,HIGH,1.0,1.0,0.0,0.0
cal.com,packages/app-store/hitpay/index.ts,LOW,0.9998,0.0,0.9998,0.0002
cal.com,packages/app-store/hitpay/zod.ts,MEDIUM,0.9971,0.0002,0.0027,0.9971
cal.com,packages/app-store/hitpay/components/KeyInput.tsx,HIGH,0.9997,0.9997,0.0,0.0003
cal.com,packages/app-store/hitpay/components/constants.ts,MEDIUM,0.9975,0.002,0.0004,0.9975
cal.com,packages/app-store/hitpay/components/HitPayDropIn.ts,HIGH,0.9977,0.9977,0.0,0.0023
cal.com,packages/app-store/hitpay/components/EventTypeAppSettingsInterface.tsx,HIGH,0.9763,0.9763,0.0,0.0237
cal.com,packages/app-store/hitpay/components/EventTypeAppCardInterface.tsx,MEDIUM,0.9983,0.0017,0.0,0.9983
cal.com,packages/app-store/hitpay/lib/types.d.ts,MEDIUM,0.9958,1e-04,0.0041,0.9958
cal.com,packages/app-store/hitpay/lib/PaymentService.ts,HIGH,1.0,1.0,0.0,0.0
cal.com,packages/app-store/hitpay/lib/constants.ts,LOW,0.9993,0.0,0.9993,0.0007
cal.com,packages/app-store/hitpay/lib/currencyConversions.ts,MEDIUM,0.9997,0.0002,1e-04,0.9997
cal.com,packages/app-store/hitpay/lib/index.ts,LOW,0.9998,0.0,0.9998,0.0002
cal.com,packages/app-store/hitpay/lib/hitpayCredentialKeysSchema.ts,MEDIUM,0.9952,1e-04,0.0047,0.9952
cal.com,packages/app-store/hitpay/api/webhook.ts,HIGH,0.9873,0.9873,0.0,0.0127
cal.com,packages/app-store/hitpay/api/index.ts,LOW,0.9993,0.0,0.9993,0.0007
cal.com,packages/app-store/hitpay/api/add.ts,MEDIUM,0.9954,0.0045,0.0,0.9954
cal.com,packages/app-store/hitpay/api/callback.ts,HIGH,0.8171,0.8171,0.0,0.1829
cal.com,packages/app-store/hitpay/pages/setup/_getServerSideProps.tsx,MEDIUM,0.9961,0.0039,0.0,0.9961
cal.com,packages/app-store/whatsapp/index.ts,LOW,1.0,0.0,1.0,0.0
cal.com,packages/app-store/whatsapp/api/index.ts,LOW,1.0,0.0,1.0,0.0
cal.com,packages/app-store/whatsapp/api/add.ts,MEDIUM,0.9945,1e-04,0.0054,0.9945
cal.com,packages/app-store/insihts/index.ts,LOW,1.0,0.0,1.0,0.0
cal.com,packages/app-store/insihts/zod.ts,MEDIUM,0.9797,1e-04,0.0201,0.9797
cal.com,packages/app-store/insihts/components/EventTypeAppCardInterface.tsx,MEDIUM,0.9997,0.0002,1e-04,0.9997
cal.com,packages/app-store/insihts/api/index.ts,LOW,1.0,0.0,1.0,0.0
cal.com,packages/app-store/insihts/api/add.ts,MEDIUM,0.9945,1e-04,0.0054,0.9945
cal.com,packages/app-store/matomo/index.ts,LOW,1.0,0.0,1.0,0.0
cal.com,packages/app-store/matomo/zod.ts,MEDIUM,0.9797,1e-04,0.0201,0.9797
cal.com,packages/app-store/matomo/components/EventTypeAppCardInterface.tsx,MEDIUM,0.9994,0.0006,0.0,0.9994
cal.com,packages/app-store/matomo/api/index.ts,LOW,1.0,0.0,1.0,0.0
cal.com,packages/app-store/matomo/api/add.ts,MEDIUM,0.9945,1e-04,0.0054,0.9945
cal.com,packages/app-store/ics-feedcalendar/index.ts,LOW,0.9998,0.0,0.9998,0.0002
cal.com,packages/app-store/ics-feedcalendar/lib/CalendarService.ts,HIGH,1.0,1.0,0.0,0.0
cal.com,packages/app-store/ics-feedcalendar/lib/index.ts,LOW,1.0,0.0,1.0,0.0
cal.com,packages/app-store/ics-feedcalendar/api/index.ts,LOW,1.0,0.0,1.0,0.0
cal.com,packages/app-store/ics-feedcalendar/api/add.ts,MEDIUM,0.9933,0.0067,0.0,0.9933
cal.com,packages/app-store/zohocrm/index.ts,LOW,0.9998,0.0,0.9998,0.0002
cal.com,packages/app-store/zohocrm/zod.ts,MEDIUM,0.8404,1e-04,0.1595,0.8404
cal.com,packages/app-store/zohocrm/components/EventTypeAppCardInterface.tsx,MEDIUM,0.9997,1e-04,1e-04,0.9997
cal.com,packages/app-store/zohocrm/lib/CrmService.ts,HIGH,1.0,1.0,0.0,0.0
cal.com,packages/app-store/zohocrm/lib/index.ts,LOW,1.0,0.0,1.0,0.0
cal.com,packages/app-store/zohocrm/api/_getAdd.ts,MEDIUM,0.9996,1e-04,0.0003,0.9996
cal.com,packages/app-store/zohocrm/api/index.ts,LOW,0.9998,0.0,0.9998,0.0002
cal.com,packages/app-store/zohocrm/api/add.ts,LOW,0.985,0.0,0.985,0.015
cal.com,packages/app-store/zohocrm/api/callback.ts,MEDIUM,0.559,0.4409,0.0,0.559
cal.com,packages/app-store/element-call/index.ts,LOW,1.0,0.0,1.0,0.0
cal.com,packages/app-store/element-call/api/index.ts,LOW,1.0,0.0,1.0,0.0
cal.com,packages/app-store/element-call/api/add.ts,MEDIUM,0.9945,1e-04,0.0054,0.9945
cal.com,packages/testing/src/setupVitest.ts,HIGH,0.9908,0.9908,0.0,0.0092
cal.com,packages/testing/src/lib/types.ts,MEDIUM,0.97,1e-04,0.0299,0.97
cal.com,packages/testing/src/lib/webhookProducer.ts,MEDIUM,0.9995,0.0004,1e-04,0.9995
cal.com,packages/testing/src/lib/__mocks__/prisma.ts,HIGH,0.9596,0.9596,0.0,0.0404
cal.com,packages/testing/src/lib/__mocks__/libServerI18n.ts,MEDIUM,0.758,0.2418,0.0002,0.758
cal.com,packages/testing/src/lib/__mocks__/prisma.d.ts,LOW,0.9993,0.0,0.9993,0.0007
cal.com,packages/testing/src/lib/__mocks__/prismaMock.ts,MEDIUM,0.9944,1e-04,0.0055,0.9944
cal.com,packages/testing/src/lib/bookingScenario/MockPaymentService.ts,MEDIUM,0.9904,0.0096,0.0,0.9904
cal.com,packages/testing/src/lib/bookingScenario/setupAndTeardown.ts,MEDIUM,0.9996,1e-04,0.0003,0.9996
cal.com,packages/testing/src/lib/bookingScenario/createMockNextJsRequest.ts,LOW,0.8998,0.0,0.8998,0.1002
cal.com,packages/testing/src/lib/bookingScenario/types.d.ts,LOW,0.985,0.0,0.985,0.015
cal.com,packages/testing/src/lib/bookingScenario/getMockRequestDataForBooking.ts,MEDIUM,0.9973,0.0023,0.0004,0.9973
cal.com,packages/testing/src/lib/bookingScenario/getMockRequestDataForCancelBooking.ts,LOW,0.8998,0.0,0.8998,0.1002
cal.com,packages/testing/src/lib/bookingScenario/test.ts,MEDIUM,0.9984,0.0016,0.0,0.9984
cal.com,packages/testing/src/lib/bookingScenario/getSampleUserInSession.ts,HIGH,0.8659,0.8659,0.0,0.134
cal.com,packages/testing/src/lib/bookingScenario/expects.ts,HIGH,1.0,1.0,0.0,0.0
cal.com,packages/testing/src/lib/bookingScenario/bookingScenario.ts,HIGH,1.0,1.0,0.0,0.0
cal.com,packages/lib/triggerDevLogger.ts,HIGH,0.7653,0.7653,0.0,0.2347
cal.com,packages/lib/navigateInTopWindow.ts,LOW,0.985,0.0,0.985,0.015
cal.com,packages/lib/getReplyToEmail.ts,MEDIUM,0.9997,1e-04,0.0003,0.9997
cal.com,packages/lib/isPrismaObj.ts,MEDIUM,0.9839,1e-04,0.016,0.9839
cal.com,packages/lib/isOutOfBounds.timezone.test.ts,HIGH,1.0,1.0,0.0,0.0
cal.com,packages/lib/timeFormat.ts,MEDIUM,0.999,0.001,0.0,0.999
cal.com,packages/lib/pkce.test.ts,MEDIUM,0.9995,0.0004,0.0002,0.9995
cal.com,packages/lib/gtm.ts,MEDIUM,0.97,1e-04,0.0299,0.97
cal.com,packages/lib/getAvatarUrl.ts,MEDIUM,0.9998,1e-04,0.0002,0.9998
cal.com,packages/lib/timeZones.ts,HIGH,0.9949,0.9949,0.0,0.0051
cal.com,packages/lib/delegationCredential.ts,HIGH,0.9998,0.9998,0.0,0.0002
cal.com,packages/lib/CalendarService.ts,HIGH,1.0,1.0,0.0,0.0
cal.com,packages/lib/getSafeRedirectUrl.test.ts,MEDIUM,0.9988,0.0012,0.0,0.9988
cal.com,packages/lib/fetch-wrapper.ts,MEDIUM,0.9969,0.0031,0.0,0.9969
cal.com,packages/lib/CalEventParser.ts,HIGH,1.0,1.0,0.0,0.0
cal.com,packages/lib/getTeamIdFromEventType.ts,MEDIUM,0.9996,0.0004,1e-04,0.9996
cal.com,packages/lib/timeShift.ts,MEDIUM,0.9997,0.0002,1e-04,0.9997
cal.com,packages/lib/isOutOfBounds.tsx,HIGH,1.0,1.0,0.0,0.0
cal.com,packages/lib/hasKeyInMetadata.ts,MEDIUM,0.97,1e-04,0.0299,0.97
cal.com,packages/lib/parse-zone.ts,MEDIUM,0.9988,0.0012,0.0,0.9988
cal.com,packages/lib/timezone.ts,MEDIUM,0.9996,0.0003,1e-04,0.9996
cal.com,packages/lib/array.ts,LOW,0.5277,1e-04,0.5277,0.4723
cal.com,packages/lib/availability.ts,HIGH,0.9969,0.9969,0.0,0.0031
cal.com,packages/lib/contructEmailFromPhoneNumber.ts,LOW,0.985,0.0,0.985,0.015
cal.com,packages/lib/piiFreeData.ts,HIGH,0.9606,0.9606,0.0,0.0394
cal.com,packages/lib/retellAIFetcher.ts,MEDIUM,0.9991,1e-04,0.0009,0.9991
cal.com,packages/lib/getReplyToHeader.test.ts,HIGH,1.0,1.0,0.0,0.0
cal.com,packages/lib/checkRateLimitAndThrowError.ts,HIGH,0.864,0.864,0.0,0.136
cal.com,packages/lib/random.test.ts,MEDIUM,0.9976,1e-04,0.0023,0.9976
cal.com,packages/lib/hasEditPermissionForUser.ts,MEDIUM,0.9979,0.0014,0.0007,0.9979
cal.com,packages/lib/CloseComeUtils.ts,HIGH,1.0,1.0,0.0,0.0
cal.com,packages/lib/errors.ts,MEDIUM,0.8428,0.1572,0.0,0.8428
cal.com,packages/lib/getMetadataHelpers.ts,MEDIUM,0.9997,1e-04,1e-04,0.9997
cal.com,packages/lib/redactSensitiveData.ts,MEDIUM,0.7975,0.2025,0.0,0.7975
cal.com,packages/lib/fromEntriesWithDuplicateKeys.ts,MEDIUM,0.9998,1e-04,1e-04,0.9998
cal.com,packages/lib/CalendarAppError.ts,MEDIUM,0.9977,0.0003,0.002,0.9977
cal.com,packages/lib/i18n.ts,MEDIUM,0.8997,0.1002,1e-04,0.8997
cal.com,packages/lib/testEmails.ts,MEDIUM,0.9995,1e-04,0.0004,0.9995
cal.com,packages/lib/defaultAvatarImage.ts,MEDIUM,0.9998,1e-04,0.0002,0.9998
cal.com,packages/lib/sdk-event.ts,LOW,1.0,0.0,1.0,0.0
cal.com,packages/lib/jsonUtils.ts,MEDIUM,0.9995,1e-04,0.0004,0.9995
cal.com,packages/lib/slugify-lenient.ts,MEDIUM,0.9983,1e-04,0.0017,0.9983
cal.com,packages/lib/getSafe.ts,MEDIUM,0.9084,1e-04,0.0916,0.9084
cal.com,packages/lib/Sendgrid.ts,HIGH,0.9649,0.9649,0.0,0.0351
cal.com,packages/lib/dateTimeFormatter.test.ts,HIGH,0.9956,0.9956,0.0,0.0044
cal.com,packages/lib/text.ts,HIGH,0.6072,0.6072,0.0,0.3928
cal.com,packages/lib/testSMS.ts,MEDIUM,0.9993,1e-04,0.0006,0.9993
cal.com,packages/lib/http-error.ts,MEDIUM,0.9993,0.0006,0.0,0.9993
cal.com,packages/lib/formatPhoneNumber.ts,LOW,0.8998,0.0,0.8998,0.1002
cal.com,packages/lib/csvUtils.ts,MEDIUM,0.9989,0.001,0.0,0.9989
cal.com,packages/lib/dateTimeFormatter.ts,HIGH,0.9834,0.9834,0.0,0.0166
cal.com,packages/lib/isKeyInObject.ts,LOW,1.0,0.0,1.0,0.0
cal.com,packages/lib/formatCalendarEvent.ts,HIGH,0.9998,0.9998,0.0,0.0002
cal.com,packages/lib/getSafeRedirectUrl.ts,MEDIUM,0.999,0.001,0.0,0.999
cal.com,packages/lib/isProblematicTimezone.ts,MEDIUM,0.9995,0.0004,1e-04,0.9995
cal.com,packages/lib/videoTokens.ts,MEDIUM,0.9995,0.0005,1e-04,0.9995
cal.com,packages/lib/safeStringify.ts,MEDIUM,0.9993,1e-04,0.0006,0.9993
cal.com,packages/lib/formbricks.ts,MEDIUM,0.9991,0.0008,0.0,0.9991
cal.com,packages/lib/ssrfProtection.test.ts,HIGH,1.0,1.0,0.0,0.0
cal.com,packages/lib/weekstart.ts,MEDIUM,0.9997,1e-04,1e-04,0.9997
cal.com,packages/lib/text.test.ts,HIGH,1.0,1.0,0.0,0.0
cal.com,packages/lib/validateBookerLayouts.ts,MEDIUM,0.9998,1e-04,1e-04,0.9998
cal.com,packages/lib/logger.server.ts,MEDIUM,0.9997,1e-04,0.0002,0.9997
cal.com,packages/lib/notEmpty.ts,LOW,0.9998,0.0,0.9998,0.0002
cal.com,packages/lib/crypto.ts,MEDIUM,0.9996,0.0002,1e-04,0.9996
cal.com,packages/lib/parse-dates.ts,HIGH,0.9725,0.9725,0.0,0.0275
cal.com,packages/lib/weekstart.test.ts,MEDIUM,0.9977,0.002,0.0004,0.9977
cal.com,packages/lib/markdownToSafeHTML.ts,MEDIUM,0.9996,1e-04,0.0003,0.9996
cal.com,packages/lib/next-seo.config.ts,MEDIUM,0.9995,0.0002,0.0002,0.9995
cal.com,packages/lib/default-cookies.ts,MEDIUM,0.9946,0.0054,0.0,0.9946
cal.com,packages/lib/cookie.ts,MEDIUM,0.9997,1e-04,0.0002,0.9997
cal.com,packages/lib/entityPermissionUtils.shared.ts,MEDIUM,0.9997,1e-04,0.0002,0.9997
cal.com,packages/lib/getValidRhfFieldName.test.ts,MEDIUM,0.9985,0.0006,0.0009,0.9985
cal.com,packages/lib/CalEventParser.test.ts,MEDIUM,0.9975,0.002,0.0004,0.9975
cal.com,packages/lib/checkRateLimitAndThrowError.test.ts,HIGH,1.0,1.0,0.0,0.0
cal.com,packages/lib/getValidRhfFieldName.ts,LOW,0.9993,0.0,0.9993,0.0007
cal.com,packages/lib/isEqual.ts,MEDIUM,0.9998,1e-04,1e-04,0.9998
cal.com,packages/lib/deriveAppDictKeyFromType.ts,MEDIUM,0.9996,0.0003,1e-04,0.9996
cal.com,packages/lib/random.ts,MEDIUM,0.9963,1e-04,0.0036,0.9963
cal.com,packages/lib/checkIfItFallbackImage.ts,LOW,0.8998,0.0,0.8998,0.1002
cal.com,packages/lib/getBooking.tsx,HIGH,0.8454,0.8454,0.0,0.1546
cal.com,packages/lib/getOrgIdFromMemberOrTeamId.ts,MEDIUM,0.9884,0.0116,0.0,0.9884
cal.com,packages/lib/logger.ts,MEDIUM,0.9997,1e-04,1e-04,0.9997
cal.com,packages/lib/turndownService.ts,MEDIUM,0.9962,0.0038,0.0,0.9962
cal.com,packages/lib/isMac.ts,LOW,1.0,0.0,1.0,0.0
cal.com,packages/lib/rateLimit.ts,MEDIUM,0.8142,0.1858,0.0,0.8142
cal.com,packages/lib/isSmsCalEmail.ts,LOW,0.9993,0.0,0.9993,0.0007
cal.com,packages/lib/isEventTypeColor.ts,MEDIUM,0.9983,1e-04,0.0017,0.9983
cal.com,packages/lib/slugify.test.ts,MEDIUM,0.9994,0.0005,1e-04,0.9994
cal.com,packages/lib/extract-base-email.ts,LOW,0.8998,0.0,0.8998,0.1002
cal.com,packages/lib/telemetry.ts,HIGH,1.0,1.0,0.0,0.0
cal.com,packages/lib/connectedCalendar.ts,MEDIUM,0.9996,0.0003,1e-04,0.9996
cal.com,packages/lib/fetchUsername.ts,MEDIUM,0.9996,1e-04,0.0003,0.9996
cal.com,packages/lib/weekday.ts,MEDIUM,0.9997,1e-04,0.0002,0.9997
cal.com,packages/lib/OgImages.tsx,HIGH,1.0,1.0,0.0,0.0
cal.com,packages/lib/CloseCom.ts,HIGH,1.0,1.0,0.0,0.0
cal.com,packages/lib/isRecurringEvent.ts,MEDIUM,0.9983,1e-04,0.0017,0.9983
cal.com,packages/lib/getIP.test.ts,HIGH,1.0,1.0,0.0,0.0
cal.com,packages/lib/constants.ts,HIGH,1.0,1.0,0.0,0.0
cal.com,packages/lib/findDurationType.ts,MEDIUM,0.97,1e-04,0.0299,0.97
cal.com,packages/lib/LinkBuilder.ts,HIGH,1.0,1.0,0.0,0.0
cal.com,packages/lib/getReplyToHeader.ts,MEDIUM,0.798,0.2016,0.0003,0.798
cal.com,packages/lib/getBrandColours.tsx,HIGH,0.9972,0.9972,0.0,0.0028
cal.com,packages/lib/serverConfig.ts,MEDIUM,0.9918,0.0082,0.0,0.9918
cal.com,packages/lib/currencyConversions.ts,MEDIUM,0.9137,0.0863,0.0,0.9137
cal.com,packages/lib/getReplyToEmail.test.ts,MEDIUM,0.9997,0.0002,1e-04,0.9997
cal.com,packages/lib/convertToNewDurationType.ts,MEDIUM,0.9961,0.0002,0.0037,0.9961
cal.com,packages/lib/redirect.ts,MEDIUM,0.9797,1e-04,0.0201,0.9797
cal.com,packages/lib/getIP.ts,HIGH,1.0,1.0,0.0,0.0
cal.com,packages/lib/getTldPlus1.ts,LOW,0.9993,0.0,0.9993,0.0007
cal.com,packages/lib/weekday.test.ts,MEDIUM,0.9523,0.0477,0.0,0.9523
cal.com,packages/lib/invertLogoOnDark.ts,MEDIUM,0.9993,1e-04,0.0006,0.9993
cal.com,packages/lib/buildCalEventFromBooking.ts,HIGH,1.0,1.0,0.0,0.0
cal.com,packages/lib/webstorage.ts,MEDIUM,0.9973,0.0027,0.0,0.9973
cal.com,packages/lib/getCalcomUrl.ts,MEDIUM,0.97,1e-04,0.0299,0.97
cal.com,packages/lib/ssrfProtection.ts,HIGH,1.0,1.0,0.0,0.0
cal.com,packages/lib/emailSchema.ts,MEDIUM,0.9979,1e-04,0.002,0.9979
cal.com,packages/lib/slugify.ts,MEDIUM,0.9996,0.0003,1e-04,0.9996
cal.com,packages/lib/OgImages.test.ts,MEDIUM,0.9265,0.0735,0.0,0.9265
cal.com,packages/lib/sanitizeCalendarObject.ts,MEDIUM,0.9997,1e-04,0.0003,0.9997
cal.com,packages/lib/env.ts,LOW,0.9998,0.0,0.9998,0.0002
cal.com,packages/lib/stripe-error.ts,MEDIUM,0.9958,1e-04,0.0041,0.9958
cal.com,packages/lib/getAdditionalEmailHeaders.ts,MEDIUM,0.998,1e-04,0.0019,0.998
cal.com,packages/lib/markdownToSafeHTMLClient.ts,MEDIUM,0.9997,1e-04,1e-04,0.9997
cal.com,packages/lib/errorCodes.ts,MEDIUM,0.9995,0.0003,0.0002,0.9995
cal.com,packages/lib/getBrandColours.test.ts,MEDIUM,0.9996,0.0002,0.0002,0.9996
cal.com,packages/lib/redactError.ts,MEDIUM,0.9998,1e-04,1e-04,0.9998
cal.com,packages/lib/timezoneConstants.ts,LOW,0.9993,0.0,0.9993,0.0007
cal.com,packages/lib/fetchWithTimeout.ts,MEDIUM,0.9945,1e-04,0.0054,0.9945
cal.com,packages/lib/recentImpersonations.ts,MEDIUM,0.9995,0.0005,0.0,0.9995
cal.com,packages/lib/hashedLinksUtils.ts,HIGH,0.9817,0.9817,0.0,0.0183
cal.com,packages/lib/sentryWrapper.ts,HIGH,0.9997,0.9997,0.0,0.0003
cal.com,packages/lib/recurringStrings.ts,MEDIUM,0.9984,0.0016,0.0,0.9984
cal.com,packages/lib/markdownIt.ts,LOW,0.9998,0.0,0.9998,0.0002
cal.com,packages/lib/intervalTree.ts,HIGH,0.8159,0.8159,0.0,0.1841
cal.com,packages/lib/generateHashedLink.ts,MEDIUM,0.9111,1e-04,0.0888,0.9111
cal.com,packages/lib/translationConstants.ts,HIGH,0.9997,0.9997,0.0,0.0003
cal.com,packages/lib/pkce.ts,MEDIUM,0.9993,1e-04,0.0007,0.9993
cal.com,packages/lib/WebAppURL.ts,MEDIUM,0.9084,1e-04,0.0916,0.9084
cal.com,packages/lib/CalendarService.test.ts,HIGH,1.0,1.0,0.0,0.0
cal.com,packages/lib/objectKeys.ts,LOW,0.9998,0.0,0.9998,0.0002
cal.com,packages/lib/totp.ts,MEDIUM,0.9976,0.0002,0.0022,0.9976
cal.com,packages/lib/perf.ts,MEDIUM,0.9111,1e-04,0.0888,0.9111
cal.com,packages/lib/stripMarkdown.ts,LOW,0.985,0.0,0.985,0.015
cal.com,packages/lib/smsLockState.ts,MEDIUM,0.8848,0.1151,0.0,0.8848
cal.com,packages/lib/redactSensitiveData.test.ts,HIGH,0.988,0.988,0.0,0.0119
cal.com,packages/lib/crypto.test.ts,MEDIUM,0.9765,0.0235,0.0,0.9765
cal.com,packages/lib/getClientErrorFromUnknown.ts,MEDIUM,0.9998,1e-04,1e-04,0.9998
cal.com,packages/lib/array.test.ts,MEDIUM,0.9977,0.0006,0.0017,0.9977
cal.com,packages/lib/dbReadResponseSchema.ts,MEDIUM,0.9899,1e-04,0.01,0.9899
cal.com,packages/lib/dto/TeamFeaturesDto.ts,MEDIUM,0.9952,1e-04,0.0047,0.9952
cal.com,packages/lib/dto/FeatureDto.ts,MEDIUM,0.996,0.0002,0.0038,0.996
cal.com,packages/lib/dto/UserFeaturesDto.ts,MEDIUM,0.9952,1e-04,0.0047,0.9952
cal.com,packages/lib/zod/eventType.ts,MEDIUM,0.9995,0.0005,0.0,0.9995
cal.com,packages/lib/zod/ssrfSafeUrl.ts,MEDIUM,0.9995,0.0004,1e-04,0.9995
cal.com,packages/lib/tracing/index.test.ts,HIGH,1.0,1.0,0.0,0.0
cal.com,packages/lib/tracing/factory.ts,MEDIUM,0.9876,1e-04,0.0123,0.9876
cal.com,packages/lib/tracing/index.ts,HIGH,0.7526,0.7526,0.0,0.2474
cal.com,packages/lib/tracing/error.ts,MEDIUM,0.9719,0.028,0.0,0.9719
cal.com,packages/lib/crypto/keyring.ts,HIGH,0.9874,0.9874,0.0,0.0126
cal.com,packages/lib/__mocks__/next-seo.config.ts,HIGH,0.9013,0.9013,0.0,0.0986
cal.com,packages/lib/__mocks__/logger.ts,MEDIUM,0.9977,1e-04,0.0022,0.9977
cal.com,packages/lib/__mocks__/constants.ts,HIGH,0.9695,0.9695,0.0,0.0305
cal.com,packages/lib/unstable_cache/unstable_cache.ts,MEDIUM,0.9958,1e-04,0.0041,0.9958
cal.com,packages/lib/unstable_cache/index.ts,LOW,0.9998,0.0,0.9998,0.0002
cal.com,packages/lib/test/builder.ts,HIGH,1.0,1.0,0.0,0.0
cal.com,packages/lib/test/CalEventParser.test.ts,HIGH,0.9998,0.9998,0.0,0.0002
cal.com,packages/lib/bookings/getLabelValueMapFromResponses.ts,MEDIUM,0.9981,0.0019,0.0,0.9981
cal.com,packages/lib/bookings/hostGroupUtils.ts,MEDIUM,0.6472,0.3527,0.0,0.6472
cal.com,packages/lib/bookings/SystemField.ts,MEDIUM,0.9995,0.0005,1e-04,0.9995
cal.com,packages/lib/bookings/getRoutedTeamMemberIdsFromSearchParams.ts,MEDIUM,0.9983,1e-04,0.0017,0.9983
cal.com,packages/lib/bookings/routing/utils.test.ts,MEDIUM,0.9974,0.0012,0.0014,0.9974
cal.com,packages/lib/bookings/routing/utils.ts,MEDIUM,0.9998,0.0002,1e-04,0.9998
cal.com,packages/lib/builders/CalendarEvent/director.ts,MEDIUM,0.9704,0.0295,0.0,0.9704
cal.com,packages/lib/builders/CalendarEvent/class.ts,MEDIUM,0.9976,0.0007,0.0017,0.9976
cal.com,packages/lib/builders/CalendarEvent/builder.ts,HIGH,1.0,1.0,0.0,0.0
cal.com,packages/lib/crmManager/errors.ts,LOW,0.8998,0.0,0.8998,0.1002
cal.com,packages/lib/auth/hashPassword.ts,LOW,0.8998,0.0,0.8998,0.1002
cal.com,packages/lib/auth/isPasswordValid.ts,MEDIUM,0.9996,0.0003,1e-04,0.9996
cal.com,packages/lib/holidays/HolidayServiceCachingProxy.ts,HIGH,0.9649,0.9649,0.0,0.0351
cal.com,packages/lib/holidays/HolidayService.test.ts,MEDIUM,0.9928,0.0072,0.0,0.9928
cal.com,packages/lib/holidays/HolidayService.ts,HIGH,1.0,1.0,0.0,0.0
cal.com,packages/lib/holidays/types.ts,MEDIUM,0.9945,1e-04,0.0054,0.9945
cal.com,packages/lib/holidays/GoogleCalendarClient.ts,HIGH,0.7205,0.7205,0.0,0.2795
cal.com,packages/lib/holidays/constants.ts,HIGH,0.9996,0.9996,0.0,0.0004
cal.com,packages/lib/holidays/index.ts,LOW,0.5277,1e-04,0.5277,0.4723
cal.com,packages/lib/holidays/getHolidayEmoji.ts,MEDIUM,0.9929,0.007,0.0,0.9929
cal.com,packages/lib/payment/types.ts,LOW,0.8998,0.0,0.8998,0.1002
cal.com,packages/lib/idempotencyKey/idempotencyKeyService.ts,MEDIUM,0.9995,1e-04,0.0004,0.9995
cal.com,packages/lib/server/PiiHasher.test.ts,MEDIUM,0.9961,0.0002,0.0037,0.9961
cal.com,packages/lib/server/resizeBase64Image.ts,MEDIUM,0.9995,0.0005,0.0,0.9995
cal.com,packages/lib/server/defaultResponder.ts,MEDIUM,0.6792,0.3208,0.0,0.6792
cal.com,packages/lib/server/getServerErrorFromUnknown.test.ts,HIGH,0.9997,0.9997,0.0,0.0003
cal.com,packages/lib/server/username.test.ts,HIGH,0.8773,0.8773,0.0,0.1227
cal.com,packages/lib/server/PiiHasher.ts,MEDIUM,0.9997,0.0003,1e-04,0.9997
cal.com,packages/lib/server/checkCfTurnstileToken.ts,MEDIUM,0.9996,0.0003,1e-04,0.9996
cal.com,packages/lib/server/imageUtils.ts,HIGH,0.9876,0.9876,0.0,0.0124
cal.com,packages/lib/server/updateUserAvatarUrl.ts,HIGH,0.5426,0.5426,1e-04,0.4573
cal.com,packages/lib/server/username.ts,HIGH,1.0,1.0,0.0,0.0
cal.com,packages/lib/server/withSelectedCalendars.ts,MEDIUM,0.9976,1e-04,0.0023,0.9976
cal.com,packages/lib/server/avatar.ts,HIGH,1.0,1.0,0.0,0.0
cal.com,packages/lib/server/buildCredentialPayloadForCalendar.ts,MEDIUM,0.9997,1e-04,1e-04,0.9997
cal.com,packages/lib/server/serviceAccountKey.ts,MEDIUM,0.9773,0.0227,0.0,0.9773
cal.com,packages/lib/server/defaultResponder.test.ts,MEDIUM,0.9989,0.001,0.0,0.9989
cal.com,packages/lib/server/eventTypeSelect.ts,HIGH,0.9937,0.9937,0.0,0.0063
cal.com,packages/lib/server/defaultHandler.ts,MEDIUM,0.9998,1e-04,0.0002,0.9998
cal.com,packages/lib/server/updateUserAvatarUrl.test.ts,HIGH,1.0,1.0,0.0,0.0
cal.com,packages/lib/server/perfObserver.ts,MEDIUM,0.9997,1e-04,0.0002,0.9997
cal.com,packages/lib/server/maybeGetBookingUidFromSeat.ts,MEDIUM,0.9995,1e-04,0.0004,0.9995
cal.com,packages/lib/server/avatar.test.ts,HIGH,1.0,1.0,0.0,0.0
cal.com,packages/lib/server/trpcErrorUtils.ts,MEDIUM,0.9979,0.0021,0.0,0.9979
cal.com,packages/lib/server/getServerErrorFromUnknown.ts,HIGH,0.9999,0.9999,0.0,1e-04
cal.com,packages/lib/server/defaultHandler.test.ts,MEDIUM,0.9997,0.0002,1e-04,0.9997
cal.com,packages/lib/server/__mocks__/serviceAccountKey.ts,MEDIUM,0.9997,1e-04,0.0002,0.9997
cal.com,packages/lib/server/service/lingoDotDev.ts,HIGH,1.0,1.0,0.0,0.0
cal.com,packages/lib/server/service/BookingWebhookFactory.ts,HIGH,1.0,1.0,0.0,0.0
cal.com,packages/lib/server/service/__tests__/BookingWebhookFactory.test.ts,HIGH,1.0,1.0,0.0,0.0
cal.com,packages/lib/schedules/transformers/for-atom.ts,HIGH,0.9839,0.9839,0.0,0.0161
cal.com,packages/lib/schedules/transformers/getScheduleListItemData.ts,MEDIUM,0.9992,1e-04,0.0006,0.9992
cal.com,packages/lib/schedules/transformers/index.ts,LOW,1.0,0.0,1.0,0.0
cal.com,packages/lib/intervalLimits/isBookingLimits.ts,MEDIUM,0.9979,1e-04,0.002,0.9979
cal.com,packages/lib/intervalLimits/utils.ts,MEDIUM,0.9956,0.0043,0.0,0.9956
cal.com,packages/lib/intervalLimits/limitManager.ts,HIGH,1.0,1.0,0.0,0.0
cal.com,packages/lib/intervalLimits/intervalLimitSchema.ts,MEDIUM,0.9941,1e-04,0.0058,0.9941
cal.com,packages/lib/intervalLimits/validateIntervalLimitOrder.ts,MEDIUM,0.9899,1e-04,0.01,0.9899
cal.com,packages/lib/intervalLimits/isDurationLimits.ts,MEDIUM,0.9979,1e-04,0.002,0.9979
cal.com,packages/lib/intervalLimits/intervalLimit.ts,MEDIUM,0.9983,1e-04,0.0017,0.9983
cal.com,packages/lib/intervalLimits/utils/getPeriodStartDatesBetween.ts,MEDIUM,0.9996,0.0002,1e-04,0.9996
cal.com,packages/lib/browser/browser.utils.ts,HIGH,0.5694,0.5694,0.0,0.4305
cal.com,packages/lib/components/NoSSR.tsx,MEDIUM,0.999,1e-04,0.0009,0.999
cal.com,packages/lib/components/ServerTrans.tsx,HIGH,1.0,1.0,0.0,0.0
cal.com,packages/lib/__tests__/timeShift.test.ts,MEDIUM,0.9995,0.0004,1e-04,0.9995
cal.com,packages/lib/__tests__/buildCalEventFromBooking.test.ts,HIGH,1.0,1.0,0.0,0.0
cal.com,packages/lib/hooks/useUserAgentData.test.ts,MEDIUM,0.7959,0.2041,0.0,0.7959
cal.com,packages/lib/hooks/useRefreshData.ts,MEDIUM,0.9992,1e-04,0.0008,0.9992
cal.com,packages/lib/hooks/useKeyPress.ts,MEDIUM,0.9979,0.0021,0.0,0.9979
cal.com,packages/lib/hooks/useIsStandalone.ts,MEDIUM,0.9084,1e-04,0.0916,0.9084
cal.com,packages/lib/hooks/useInViewObserver.ts,MEDIUM,0.9991,0.0008,0.0,0.9991
cal.com,packages/lib/hooks/useOnclickOutside.ts,MEDIUM,0.9998,1e-04,1e-04,0.9998
cal.com,packages/lib/hooks/useUrlMatchesCurrentUrl.ts,MEDIUM,0.9998,1e-04,1e-04,0.9998
cal.com,packages/lib/hooks/useMediaQuery.ts,MEDIUM,0.9998,1e-04,1e-04,0.9998
cal.com,packages/lib/hooks/useCallbackRef.ts,MEDIUM,0.9876,1e-04,0.0123,0.9876
cal.com,packages/lib/hooks/useCompatSearchParams.test.ts,MEDIUM,0.9985,0.0007,0.0008,0.9985
cal.com,packages/lib/hooks/useCompatSearchParams.ts,MEDIUM,0.9998,1e-04,1e-04,0.9998
cal.com,packages/lib/hooks/useLocale.ts,MEDIUM,0.9793,0.0207,0.0,0.9793
cal.com,packages/lib/hooks/useUserAgentData.ts,MEDIUM,0.7975,0.2025,0.0,0.7975
cal.com,packages/lib/hooks/useRouterQuery.ts,MEDIUM,0.9995,0.0004,1e-04,0.9995
cal.com,packages/lib/hooks/useTheme.ts,MEDIUM,0.9981,0.0019,0.0,0.9981
cal.com,packages/lib/hooks/useTypedQuery.ts,HIGH,0.9733,0.9733,0.0,0.0267
cal.com,packages/lib/hooks/useAsPath.ts,MEDIUM,0.9983,1e-04,0.0017,0.9983
cal.com,packages/lib/hooks/useParamsWithFallback.ts,MEDIUM,0.9997,1e-04,0.0002,0.9997
cal.com,packages/lib/hooks/useDebounce.ts,MEDIUM,0.9945,1e-04,0.0054,0.9945
cal.com,packages/lib/hooks/useIsomorphicLayoutEffect.ts,LOW,0.9998,0.0,0.9998,0.0002
cal.com,packages/lib/hooks/useClientOnly.ts,MEDIUM,0.6528,0.346,0.0012,0.6528
cal.com,packages/lib/hooks/useParamsWithFallback.test.ts,MEDIUM,0.9994,0.0006,0.0,0.9994
cal.com,packages/lib/hooks/useFillRemainingHeight.ts,HIGH,0.9998,0.9998,0.0,0.0002
cal.com,packages/lib/hooks/usePagination.ts,MEDIUM,0.996,0.0002,0.0038,0.996
cal.com,packages/lib/hooks/useResponsive.ts,MEDIUM,0.9998,0.0002,1e-04,0.9998
cal.com,packages/lib/hooks/useElementByClassName.ts,MEDIUM,0.9997,1e-04,0.0002,0.9997
cal.com,packages/lib/hooks/useCopy.ts,MEDIUM,0.9787,0.0213,0.0,0.9787
cal.com,packages/lib/hooks/useTraceUpdate.ts,MEDIUM,0.9992,1e-04,0.0008,0.9992
cal.com,packages/lib/cva/cva.ts,MEDIUM,0.9996,0.0003,0.0002,0.9996
cal.com,packages/lib/cva/cva.test.ts,MEDIUM,0.9983,0.0008,0.0009,0.9983
cal.com,packages/lib/cva/index.ts,LOW,1.0,0.0,1.0,0.0
cal.com,packages/lib/tracking/index.ts,LOW,0.5277,1e-04,0.5277,0.4723
cal.com,packages/lib/tracking/server.ts,HIGH,0.5374,0.5374,0.0,0.4625
cal.com,packages/lib/dayjs/formatToLocalizedTimezone.test.ts,MEDIUM,0.9913,0.0086,0.0,0.9913
cal.com,packages/lib/dayjs/timeZone.schema.ts,MEDIUM,0.9997,1e-04,0.0002,0.9997
cal.com,packages/lib/dayjs/stringToDayjs.test.ts,MEDIUM,0.9978,0.0006,0.0015,0.9978
cal.com,packages/lib/dayjs/index.ts,HIGH,0.9977,0.9977,0.0,0.0023
cal.com,packages/lib/sync/ISyncService.ts,MEDIUM,0.9988,0.0012,0.0,0.9988
cal.com,packages/lib/sync/services/SendgridService.ts,HIGH,0.9999,0.9999,0.0,1e-04
cal.com,packages/lib/sync/services/index.ts,LOW,0.5277,1e-04,0.5277,0.4723
cal.com,packages/lib/apps/getInstallCountPerApp.ts,MEDIUM,0.9976,0.0003,0.0021,0.9976
cal.com,packages/lib/apps/appOnboardingSteps.ts,LOW,0.8998,0.0,0.8998,0.1002
cal.com,packages/lib/apps/getAppOnboardingUrl.ts,MEDIUM,0.9994,1e-04,0.0005,0.9994
cal.com,packages/lib/apps/shouldRedirectToAppOnboarding.ts,LOW,0.8998,0.0,0.8998,0.1002
cal.com,packages/lib/apps/getAppOnboardingRedirectUrl.ts,LOW,0.5277,1e-04,0.5277,0.4723
cal.com,packages/lib/domainManager/organization.ts,HIGH,0.9006,0.9006,0.0,0.0994
cal.com,packages/lib/domainManager/deploymentServices/cloudflare.ts,HIGH,1.0,1.0,0.0,0.0
cal.com,packages/lib/domainManager/deploymentServices/vercel.ts,HIGH,0.996,0.996,0.0,0.004
cal.com,packages/lib/tasker/Tasker.test.ts,HIGH,0.9994,0.9994,0.0,0.0006
cal.com,packages/lib/tasker/types.ts,MEDIUM,0.9997,1e-04,0.0003,0.9997
cal.com,packages/lib/tasker/Tasker.ts,HIGH,0.9567,0.9567,0.0,0.0433
cal.com,packages/dayjs/locales.ts,MEDIUM,0.9969,0.0003,0.0028,0.9969
cal.com,packages/dayjs/index.ts,HIGH,0.7788,0.7788,1e-04,0.2211
cal.com,packages/dayjs/__mocks__/index.ts,MEDIUM,0.995,1e-04,0.0048,0.995
cal.com,packages/dayjs/plugins/business-days-plugin.ts,HIGH,0.9998,0.9998,0.0,0.0002
cal.com,packages/kysely/index.ts,MEDIUM,0.9993,1e-04,0.0007,0.9993
cal.com,packages/kysely/utils/json/traverse/index.ts,MEDIUM,0.9991,1e-04,0.0009,0.9991
cal.com,packages/embeds/embed-snippet/src/index.ts,MEDIUM,0.9929,0.0071,0.0,0.9929
cal.com,packages/embeds/embed-react/element-click.tsx,MEDIUM,0.9969,0.0003,0.0028,0.9969
cal.com,packages/embeds/embed-react/env.d.ts,MEDIUM,0.9111,1e-04,0.0888,0.9111
cal.com,packages/embeds/embed-react/inline.tsx,MEDIUM,0.9968,0.0032,0.0,0.9968
cal.com,packages/embeds/embed-react/floating.tsx,MEDIUM,0.9961,0.0002,0.0037,0.9961
cal.com,packages/embeds/embed-react/test/packaged/api.test.ts,MEDIUM,0.9997,1e-04,0.0003,0.9997
cal.com,packages/embeds/embed-react/playwright/tests/basic.e2e.ts,MEDIUM,0.9974,0.0018,0.0008,0.9974
cal.com,packages/embeds/embed-react/src/Cal.tsx,MEDIUM,0.9866,0.0134,0.0,0.9866
cal.com,packages/embeds/embed-react/src/useEmbed.ts,MEDIUM,0.9941,1e-04,0.0058,0.9941
cal.com,packages/embeds/embed-react/src/index.ts,MEDIUM,0.9992,0.0007,0.0,0.9992
cal.com,packages/embeds/embed-core/embed-iframe.ts,LOW,0.9998,0.0,0.9998,0.0002
cal.com,packages/embeds/embed-core/env.d.ts,MEDIUM,0.9111,1e-04,0.0888,0.9111
cal.com,packages/embeds/embed-core/embed-iframe-init.ts,MEDIUM,0.6114,0.3886,0.0,0.6114
cal.com,packages/embeds/embed-core/index.ts,LOW,0.9998,0.0,0.9998,0.0002
cal.com,packages/embeds/embed-core/test/__mocks__/windowMatchMedia.ts,MEDIUM,0.997,0.003,0.0,0.997
cal.com,packages/embeds/embed-core/playground/lib/playground-init.ts,MEDIUM,0.9997,1e-04,0.0002,0.9997
cal.com,packages/embeds/embed-core/playground/lib/playground.ts,HIGH,1.0,1.0,0.0,0.0
cal.com,packages/embeds/embed-core/playwright/tests/preview.e2e.ts,MEDIUM,0.9996,0.0003,1e-04,0.9996
cal.com,packages/embeds/embed-core/playwright/tests/embed-pages.e2e.ts,HIGH,0.9971,0.9971,0.0,0.0029
cal.com,packages/embeds/embed-core/playwright/tests/namespacing.e2e.ts,MEDIUM,0.9968,0.0025,0.0008,0.9968
cal.com,packages/embeds/embed-core/playwright/tests/inline.e2e.ts,HIGH,0.9989,0.9989,0.0,0.0011
cal.com,packages/embeds/embed-core/playwright/tests/action-based.e2e.ts,HIGH,1.0,1.0,0.0,0.0
cal.com,packages/embeds/embed-core/playwright/tests/two-step-slot-selection.e2e.ts,HIGH,0.8454,0.8454,0.0,0.1546
cal.com,packages/embeds/embed-core/playwright/lib/testUtils.ts,HIGH,1.0,1.0,0.0,0.0
cal.com,packages/embeds/embed-core/playwright/lib/pages/bookingSuccessPage.ts,MEDIUM,0.9992,1e-04,0.0008,0.9992
cal.com,packages/embeds/embed-core/src/ui-utils.ts,MEDIUM,0.9634,0.0366,0.0,0.9634
cal.com,packages/embeds/embed-core/src/useCompatSearchParams.tsx,MEDIUM,0.9998,1e-04,1e-04,0.9998
cal.com,packages/embeds/embed-core/src/sdk-event.ts,MEDIUM,0.97,1e-04,0.0299,0.97
cal.com,packages/embeds/embed-core/src/embed-iframe.ts,HIGH,1.0,1.0,0.0,0.0
cal.com,packages/embeds/embed-core/src/tailwindCss.ts,LOW,0.9998,0.0,0.9998,0.0002
cal.com,packages/embeds/embed-core/src/EmbedElement.test.ts,HIGH,1.0,1.0,0.0,0.0
cal.com,packages/embeds/embed-core/src/types.ts,MEDIUM,0.9422,0.0578,0.0,0.9422
cal.com,packages/embeds/embed-core/src/EmbedElement.ts,HIGH,0.9999,0.9999,0.0,1e-04
cal.com,packages/embeds/embed-core/src/constants.ts,MEDIUM,0.9979,1e-04,0.002,0.9979
cal.com,packages/embeds/embed-core/src/embed.test.ts,HIGH,1.0,1.0,0.0,0.0
cal.com,packages/embeds/embed-core/src/embed.ts,HIGH,1.0,1.0,0.0,0.0
cal.com,packages/embeds/embed-core/src/sdk-action-manager.ts,HIGH,0.9999,0.9999,0.0,1e-04
cal.com,packages/embeds/embed-core/src/preview.ts,HIGH,0.9997,0.9997,0.0,0.0003
cal.com,packages/embeds/embed-core/src/ui/themeClass.ts,MEDIUM,0.9084,1e-04,0.0916,0.9084
cal.com,packages/embeds/embed-core/src/ui/cssVarsMap.ts,MEDIUM,0.9993,0.0007,0.0,0.9993
cal.com,packages/embeds/embed-core/src/ui/skeleton.ts,HIGH,0.9982,0.9982,0.0,0.0018
cal.com,packages/embeds/embed-core/src/embed-iframe/react-hooks.ts,HIGH,0.9798,0.9798,0.0,0.0202
cal.com,packages/embeds/embed-core/src/embed-iframe/__tests__/utils.test.ts,HIGH,0.9998,0.9998,0.0,0.0002
cal.com,packages/embeds/embed-core/src/embed-iframe/__tests__/react-hooks.test.ts,HIGH,1.0,1.0,0.0,0.0
cal.com,packages/embeds/embed-core/src/embed-iframe/__tests__/isLinkReady.test.ts,MEDIUM,0.9986,0.0013,0.0,0.9986
cal.com,packages/embeds/embed-core/src/embed-iframe/__tests__/test-utils.ts,MEDIUM,0.9969,0.0003,0.0028,0.9969
cal.com,packages/embeds/embed-core/src/embed-iframe/lib/utils.ts,HIGH,1.0,1.0,0.0,0.0
cal.com,packages/embeds/embed-core/src/embed-iframe/lib/embedStore.ts,HIGH,0.9977,0.9977,0.0,0.0023
cal.com,packages/embeds/embed-core/src/FloatingButton/FloatingButton.ts,HIGH,0.9758,0.9758,0.0,0.0242
cal.com,packages/embeds/embed-core/src/FloatingButton/FloatingButtonHtml.ts,MEDIUM,0.9976,0.0003,0.0021,0.9976
cal.com,packages/embeds/embed-core/src/Inline/inline.ts,MEDIUM,0.9984,0.0016,0.0,0.9984
cal.com,packages/embeds/embed-core/src/Inline/inlineHtml.ts,MEDIUM,0.9978,0.0021,0.0,0.9978
cal.com,packages/embeds/embed-core/src/__tests__/utils.test.ts,MEDIUM,0.9603,0.0397,0.0,0.9603
cal.com,packages/embeds/embed-core/src/__tests__/embed-iframe.test.ts,HIGH,1.0,1.0,0.0,0.0
cal.com,packages/embeds/embed-core/src/__tests__/embed-iframe-methods.test.ts,HIGH,1.0,1.0,0.0,0.0
cal.com,packages/embeds/embed-core/src/lib/domUtils.ts,MEDIUM,0.9998,1e-04,1e-04,0.9998
cal.com,packages/embeds/embed-core/src/lib/utils.ts,HIGH,1.0,1.0,0.0,0.0
cal.com,packages/embeds/embed-core/src/lib/domUtils.test.ts,HIGH,1.0,1.0,0.0,0.0
cal.com,packages/embeds/embed-core/src/lib/eventHandlers/scrollByDistanceEventHandler.ts,MEDIUM,0.9983,1e-04,0.0017,0.9983
cal.com,packages/embeds/embed-core/src/ModalBox/ModalBox.ts,HIGH,0.9998,0.9998,0.0,0.0002
cal.com,packages/embeds/embed-core/src/ModalBox/ModalBox.test.ts,MEDIUM,0.9993,0.0007,0.0,0.9993
cal.com,packages/embeds/embed-core/src/ModalBox/ModalBoxHtml.ts,HIGH,0.9998,0.9998,0.0,0.0002
cal.com,packages/i18n/next-i18next.config.test.ts,HIGH,1.0,1.0,0.0,0.0
cal.com,packages/i18n/next-i18next.config.d.ts,MEDIUM,0.946,0.0517,0.0023,0.946
cal.com,packages/i18n/server.test.ts,HIGH,1.0,1.0,0.0,0.0
cal.com,packages/i18n/server.ts,HIGH,1.0,1.0,0.0,0.0
cal.com,.snaplet/transform.ts,HIGH,1.0,1.0,0.0,0.0
cal.com,__checks__/csp-login.spec.ts,MEDIUM,0.9998,1e-04,1e-04,0.9998
cal.com,apps/web/trigger.version.ts,LOW,1.0,0.0,1.0,0.0
cal.com,apps/web/sentry.server.config.ts,MEDIUM,0.9998,1e-04,1e-04,0.9998
cal.com,apps/web/sentry.edge.config.ts,MEDIUM,0.9997,1e-04,0.0002,0.9997
cal.com,apps/web/getNextjsOrgRewriteConfig.ts,MEDIUM,0.9985,0.0014,0.0,0.9985
cal.com,apps/web/instrumentation-client.ts,MEDIUM,0.9603,0.0397,0.0,0.9603
cal.com,apps/web/proxy.ts,HIGH,0.9977,0.9977,0.0,0.0023
cal.com,apps/web/proxy.test.ts,HIGH,1.0,1.0,0.0,0.0
cal.com,apps/web/pagesAndRewritePaths.ts,HIGH,0.8613,0.8613,0.0,0.1387
cal.com,apps/web/cron-tester.ts,MEDIUM,0.9996,0.0002,0.0003,0.9996
cal.com,apps/web/instrumentation.ts,MEDIUM,0.9998,1e-04,1e-04,0.9998
cal.com,apps/web/next.config.ts,HIGH,1.0,1.0,0.0,0.0
cal.com,apps/web/app/_utils.tsx,HIGH,1.0,1.0,0.0,0.0
cal.com,apps/web/app/CustomI18nProvider.tsx,MEDIUM,0.9975,0.0002,0.0024,0.9975
cal.com,apps/web/app/notFoundClient.tsx,HIGH,1.0,1.0,0.0,0.0
cal.com,apps/web/app/AppRouterI18nProvider.tsx,MEDIUM,0.9975,0.0002,0.0024,0.9975
cal.com,apps/web/app/GeoContext.tsx,MEDIUM,0.9994,1e-04,0.0006,0.9994
cal.com,apps/web/app/WithAppDirSsr.tsx,MEDIUM,0.9997,1e-04,0.0002,0.9997
cal.com,apps/web/app/SpeculationRules.tsx,MEDIUM,0.9976,0.0002,0.0022,0.9976
cal.com,apps/web/app/layout.tsx,HIGH,0.9988,0.9988,0.0,0.0012
cal.com,apps/web/app/error.tsx,MEDIUM,0.9995,0.0004,1e-04,0.9995
cal.com,apps/web/app/page.tsx,MEDIUM,0.9997,0.0002,1e-04,0.9997
cal.com,apps/web/app/_types.ts,MEDIUM,0.9945,1e-04,0.0054,0.9945
cal.com,apps/web/app/WithEmbedSSR.tsx,MEDIUM,0.9992,0.0007,0.0,0.9992
cal.com,apps/web/app/global-error.tsx,MEDIUM,0.9977,1e-04,0.0022,0.9977
cal.com,apps/web/app/WithEmbedSSR.test.ts,HIGH,0.9995,0.9995,0.0,0.0005
cal.com,apps/web/app/not-found.tsx,MEDIUM,0.9996,0.0002,0.0002,0.9996
cal.com,apps/web/app/providers.tsx,HIGH,0.9994,0.9994,0.0,0.0006
cal.com,apps/web/app/(booking-page-wrapper)/layout.tsx,MEDIUM,0.9992,1e-04,0.0008,0.9992
cal.com,apps/web/app/(booking-page-wrapper)/booking/[uid]/page.tsx,HIGH,1.0,1.0,0.0,0.0
cal.com,apps/web/app/(booking-page-wrapper)/booking/[uid]/embed/page.tsx,HIGH,0.968,0.968,0.0,0.032
cal.com,apps/web/app/(booking-page-wrapper)/booking/dry-run-successful/page.tsx,MEDIUM,0.995,1e-04,0.0048,0.995
cal.com,apps/web/app/(booking-page-wrapper)/booking-successful/[uid]/page.tsx,MEDIUM,0.9935,0.0065,0.0,0.9935
cal.com,apps/web/app/(booking-page-wrapper)/[user]/page.tsx,HIGH,1.0,1.0,0.0,0.0
cal.com,apps/web/app/(booking-page-wrapper)/[user]/embed/page.tsx,MEDIUM,0.998,1e-04,0.0019,0.998
cal.com,apps/web/app/(booking-page-wrapper)/[user]/[type]/page.tsx,HIGH,1.0,1.0,0.0,0.0
cal.com,apps/web/app/(booking-page-wrapper)/[user]/[type]/embed/page.tsx,HIGH,0.9623,0.9623,0.0,0.0377
cal.com,apps/web/app/(booking-page-wrapper)/d/[link]/[slug]/page.tsx,MEDIUM,0.9993,0.0007,0.0,0.9993
cal.com,apps/web/app/cache/travelSchedule.ts,MEDIUM,0.998,1e-04,0.0019,0.998
cal.com,apps/web/app/cache/membership.ts,HIGH,0.9433,0.9433,0.0,0.0567
cal.com,apps/web/app/cache/path/settings/my-account/index.ts,MEDIUM,0.9111,1e-04,0.0888,0.9111
cal.com,apps/web/app/_trpc/query-client.ts,MEDIUM,0.9995,0.0003,1e-04,0.9995
cal.com,apps/web/app/_trpc/trpc.ts,LOW,0.985,0.0,0.985,0.015
cal.com,apps/web/app/_trpc/context.ts,MEDIUM,0.9997,1e-04,1e-04,0.9997
cal.com,apps/web/app/_trpc/trpc-provider.tsx,MEDIUM,0.995,1e-04,0.0048,0.995
cal.com,apps/web/app/_trpc/trpc-client.ts,MEDIUM,0.9667,0.0332,0.0,0.9667
cal.com,apps/web/app/(use-page-wrapper)/layout.tsx,MEDIUM,0.9995,0.0004,1e-04,0.9995
cal.com,apps/web/app/(use-page-wrapper)/settings/(settings-layout)/SettingsLayoutAppDirClient.tsx,HIGH,1.0,1.0,0.0,0.0
cal.com,apps/web/app/(use-page-wrapper)/settings/(settings-layout)/layout.tsx,HIGH,0.9973,0.9973,0.0,0.0026
cal.com,apps/web/app/(use-page-wrapper)/settings/(settings-layout)/developer/oauth/page.tsx,MEDIUM,0.9994,1e-04,0.0005,0.9994
cal.com,apps/web/app/(use-page-wrapper)/settings/(settings-layout)/developer/api-keys/actions.ts,LOW,0.8998,0.0,0.8998,0.1002
cal.com,apps/web/app/(use-page-wrapper)/settings/(settings-layout)/developer/api-keys/loading.tsx,LOW,0.985,0.0,0.985,0.015
cal.com,apps/web/app/(use-page-wrapper)/settings/(settings-layout)/developer/api-keys/page.tsx,HIGH,0.9706,0.9706,0.0,0.0293
cal.com,apps/web/app/(use-page-wrapper)/settings/(settings-layout)/developer/webhooks/(with-loader)/actions.ts,LOW,0.8998,0.0,0.8998,0.1002
cal.com,apps/web/app/(use-page-wrapper)/settings/(settings-layout)/developer/webhooks/(with-loader)/loading.tsx,LOW,0.985,0.0,0.985,0.015
cal.com,apps/web/app/(use-page-wrapper)/settings/(settings-layout)/developer/webhooks/(with-loader)/page.tsx,MEDIUM,0.9997,0.0002,1e-04,0.9997
cal.com,apps/web/app/(use-page-wrapper)/settings/(settings-layout)/developer/webhooks/new/loading.tsx,MEDIUM,0.7845,0.2101,0.0053,0.7845
cal.com,apps/web/app/(use-page-wrapper)/settings/(settings-layout)/developer/webhooks/new/page.tsx,MEDIUM,0.9962,0.0002,0.0036,0.9962
cal.com,apps/web/app/(use-page-wrapper)/settings/(settings-layout)/developer/webhooks/[id]/loading.tsx,MEDIUM,0.7706,0.2262,0.0032,0.7706
cal.com,apps/web/app/(use-page-wrapper)/settings/(settings-layout)/developer/webhooks/[id]/page.tsx,HIGH,0.9995,0.9995,0.0,0.0005
cal.com,apps/web/app/(use-page-wrapper)/settings/(settings-layout)/security/password/page.tsx,MEDIUM,0.998,1e-04,0.0019,0.998
cal.com,apps/web/app/(use-page-wrapper)/settings/(settings-layout)/security/two-factor-auth/page.tsx,MEDIUM,0.9961,0.0002,0.0037,0.9961
cal.com,apps/web/app/(use-page-wrapper)/settings/(settings-layout)/my-account/calendars/loading.tsx,LOW,0.985,0.0,0.985,0.015
cal.com,apps/web/app/(use-page-wrapper)/settings/(settings-layout)/my-account/calendars/page.tsx,MEDIUM,0.9976,0.0002,0.0022,0.9976
cal.com,apps/web/app/(use-page-wrapper)/settings/(settings-layout)/my-account/general/actions.ts,LOW,0.8998,0.0,0.8998,0.1002
cal.com,apps/web/app/(use-page-wrapper)/settings/(settings-layout)/my-account/general/loading.tsx,LOW,0.985,0.0,0.985,0.015
cal.com,apps/web/app/(use-page-wrapper)/settings/(settings-layout)/my-account/general/page.tsx,MEDIUM,0.9994,0.0005,0.0,0.9994
cal.com,apps/web/app/(use-page-wrapper)/settings/(settings-layout)/my-account/appearance/actions.ts,LOW,0.8998,0.0,0.8998,0.1002
cal.com,apps/web/app/(use-page-wrapper)/settings/(settings-layout)/my-account/appearance/loading.tsx,LOW,0.985,0.0,0.985,0.015
cal.com,apps/web/app/(use-page-wrapper)/settings/(settings-layout)/my-account/appearance/page.tsx,MEDIUM,0.9979,0.0021,0.0,0.9979
cal.com,apps/web/app/(use-page-wrapper)/settings/(settings-layout)/my-account/conferencing/loading.tsx,LOW,0.985,0.0,0.985,0.015
cal.com,apps/web/app/(use-page-wrapper)/settings/(settings-layout)/my-account/conferencing/page.tsx,MEDIUM,0.9997,0.0002,1e-04,0.9997
cal.com,apps/web/app/(use-page-wrapper)/settings/(settings-layout)/my-account/push-notifications/page.tsx,MEDIUM,0.9944,1e-04,0.0055,0.9944
cal.com,apps/web/app/(use-page-wrapper)/settings/(settings-layout)/my-account/profile/loading.tsx,LOW,0.985,0.0,0.985,0.015
cal.com,apps/web/app/(use-page-wrapper)/settings/(settings-layout)/my-account/profile/page.tsx,MEDIUM,0.9995,1e-04,0.0004,0.9995
cal.com,apps/web/app/(use-page-wrapper)/settings/(settings-layout)/my-account/out-of-office/page.tsx,MEDIUM,0.9944,1e-04,0.0055,0.9944
cal.com,apps/web/app/(use-page-wrapper)/settings/(admin-layout)/AdminLayoutAppDirClient.tsx,MEDIUM,0.9997,1e-04,0.0002,0.9997
cal.com,apps/web/app/(use-page-wrapper)/settings/(admin-layout)/layout.tsx,MEDIUM,0.9997,1e-04,1e-04,0.9997
cal.com,apps/web/app/(use-page-wrapper)/settings/(admin-layout)/admin/page.tsx,MEDIUM,0.9899,1e-04,0.01,0.9899
cal.com,apps/web/app/(use-page-wrapper)/settings/(admin-layout)/admin/oauth/page.tsx,MEDIUM,0.9994,1e-04,0.0005,0.9994
cal.com,apps/web/app/(use-page-wrapper)/settings/(admin-layout)/admin/flags/page.tsx,MEDIUM,0.998,1e-04,0.0019,0.998
cal.com,apps/web/app/(use-page-wrapper)/settings/(admin-layout)/admin/playground/layout.tsx,MEDIUM,0.9994,1e-04,0.0005,0.9994
cal.com,apps/web/app/(use-page-wrapper)/settings/(admin-layout)/admin/playground/page.tsx,HIGH,0.9997,0.9997,0.0,0.0003
cal.com,apps/web/app/(use-page-wrapper)/settings/(admin-layout)/admin/playground/date-range-filter/page.tsx,HIGH,1.0,1.0,0.0,0.0
cal.com,apps/web/app/(use-page-wrapper)/settings/(admin-layout)/admin/lockedSMS/page.tsx,MEDIUM,0.998,1e-04,0.0019,0.998
cal.com,apps/web/app/(use-page-wrapper)/settings/(admin-layout)/admin/users/page.tsx,HIGH,0.9712,0.9712,0.0,0.0288
cal.com,apps/web/app/(use-page-wrapper)/settings/(admin-layout)/admin/users/add/page.tsx,HIGH,0.9355,0.9355,0.0,0.0645
cal.com,apps/web/app/(use-page-wrapper)/settings/(admin-layout)/admin/users/[id]/edit/error.tsx,MEDIUM,0.8404,1e-04,0.1595,0.8404
cal.com,apps/web/app/(use-page-wrapper)/settings/(admin-layout)/admin/users/[id]/edit/page.tsx,HIGH,0.9998,0.9998,0.0,0.0002
cal.com,apps/web/app/(use-page-wrapper)/settings/(admin-layout)/admin/apps/[category]/page.tsx,MEDIUM,0.997,0.0002,0.0028,0.997
cal.com,apps/web/app/(use-page-wrapper)/video/meeting-ended/[uid]/page.tsx,MEDIUM,0.9971,0.0002,0.0027,0.9971
cal.com,apps/web/app/(use-page-wrapper)/video/meeting-not-started/[uid]/page.tsx,MEDIUM,0.9994,0.0005,1e-04,0.9994
cal.com,apps/web/app/(use-page-wrapper)/video/[uid]/page.tsx,MEDIUM,0.9979,0.0003,0.0018,0.9979
cal.com,apps/web/app/(use-page-wrapper)/video/no-meeting-found/page.tsx,MEDIUM,0.9944,1e-04,0.0055,0.9944
cal.com,apps/web/app/(use-page-wrapper)/upgrade/page.tsx,MEDIUM,0.9944,1e-04,0.0055,0.9944
cal.com,apps/web/app/(use-page-wrapper)/(main-nav)/ShellMainAppDir.tsx,MEDIUM,0.5237,0.4763,0.0,0.5237
cal.com,apps/web/app/(use-page-wrapper)/(main-nav)/layout.tsx,MEDIUM,0.9998,1e-04,1e-04,0.9998
cal.com,apps/web/app/(use-page-wrapper)/(main-nav)/ShellMainAppDirBackButton.tsx,MEDIUM,0.9995,1e-04,0.0004,0.9995
cal.com,apps/web/app/(use-page-wrapper)/(main-nav)/bookings/[status]/page.tsx,HIGH,1.0,1.0,0.0,0.0
cal.com,apps/web/app/(use-page-wrapper)/(main-nav)/booking/[uid]/logs/page.tsx,HIGH,0.9907,0.9907,0.0,0.0093
cal.com,apps/web/app/(use-page-wrapper)/(main-nav)/event-types/actions.ts,LOW,0.8998,0.0,0.8998,0.1002
cal.com,apps/web/app/(use-page-wrapper)/(main-nav)/event-types/error.tsx,MEDIUM,0.8404,1e-04,0.1595,0.8404
cal.com,apps/web/app/(use-page-wrapper)/(main-nav)/event-types/loading.tsx,LOW,0.985,0.0,0.985,0.015
cal.com,apps/web/app/(use-page-wrapper)/(main-nav)/event-types/EventTypesWrapper.tsx,MEDIUM,0.9973,0.0004,0.0023,0.9973
cal.com,apps/web/app/(use-page-wrapper)/(main-nav)/event-types/page.tsx,MEDIUM,0.915,0.085,0.0,0.915
cal.com,apps/web/app/(use-page-wrapper)/(main-nav)/event-types/skeleton.tsx,MEDIUM,0.9941,1e-04,0.0058,0.9941
cal.com,apps/web/app/(use-page-wrapper)/(main-nav)/availability/actions.ts,LOW,0.8998,0.0,0.8998,0.1002
cal.com,apps/web/app/(use-page-wrapper)/(main-nav)/availability/error.tsx,MEDIUM,0.8404,1e-04,0.1595,0.8404
cal.com,apps/web/app/(use-page-wrapper)/(main-nav)/availability/loading.tsx,LOW,0.985,0.0,0.985,0.015
cal.com,apps/web/app/(use-page-wrapper)/(main-nav)/availability/page.tsx,HIGH,1.0,1.0,0.0,0.0
cal.com,apps/web/app/(use-page-wrapper)/(main-nav)/availability/skeleton.tsx,HIGH,0.6191,0.6191,0.0,0.3809
cal.com,apps/web/app/(use-page-wrapper)/(main-nav)/members/actions.ts,LOW,0.8998,0.0,0.8998,0.1002
cal.com,apps/web/app/(use-page-wrapper)/(main-nav)/members/loading.tsx,LOW,0.985,0.0,0.985,0.015
cal.com,apps/web/app/(use-page-wrapper)/enterprise/page.tsx,HIGH,0.7471,0.7471,0.0008,0.2521
cal.com,apps/web/app/(use-page-wrapper)/refer/DubReferralsPage.tsx,MEDIUM,0.982,0.018,0.0,0.982
cal.com,apps/web/app/(use-page-wrapper)/refer/loading.tsx,MEDIUM,0.9968,0.0025,0.0007,0.9968
cal.com,apps/web/app/(use-page-wrapper)/refer/page.tsx,HIGH,0.9832,0.9832,0.0,0.0168
cal.com,apps/web/app/(use-page-wrapper)/auth/verify/page.tsx,MEDIUM,0.9992,1e-04,0.0007,0.9992
cal.com,apps/web/app/(use-page-wrapper)/auth/setup/page.tsx,MEDIUM,0.9997,0.0002,1e-04,0.9997
cal.com,apps/web/app/(use-page-wrapper)/auth/oauth2/authorize/page.tsx,MEDIUM,0.995,1e-04,0.0048,0.995
cal.com,apps/web/app/(use-page-wrapper)/auth/logout/page.tsx,MEDIUM,0.998,1e-04,0.0019,0.998
cal.com,apps/web/app/(use-page-wrapper)/auth/verify-email/page.tsx,MEDIUM,0.995,1e-04,0.0048,0.995
cal.com,apps/web/app/(use-page-wrapper)/auth/signin/page.tsx,MEDIUM,0.9996,1e-04,0.0003,0.9996
cal.com,apps/web/app/(use-page-wrapper)/auth/forgot-password/page.tsx,MEDIUM,0.9995,1e-04,0.0004,0.9995
cal.com,apps/web/app/(use-page-wrapper)/auth/forgot-password/[id]/page.tsx,MEDIUM,0.9961,0.0002,0.0037,0.9961
cal.com,apps/web/app/(use-page-wrapper)/auth/verify-email-change/page.tsx,MEDIUM,0.996,0.0002,0.0038,0.996
cal.com,apps/web/app/(use-page-wrapper)/auth/error/page.tsx,HIGH,0.5166,0.5166,0.0,0.4834
cal.com,apps/web/app/(use-page-wrapper)/auth/login/page.tsx,MEDIUM,0.996,0.0002,0.0038,0.996
cal.com,apps/web/app/(use-page-wrapper)/event-types/[type]/actions.ts,LOW,0.8998,0.0,0.8998,0.1002
cal.com,apps/web/app/(use-page-wrapper)/event-types/[type]/error.tsx,MEDIUM,0.9941,1e-04,0.0058,0.9941
cal.com,apps/web/app/(use-page-wrapper)/event-types/[type]/loading.tsx,LOW,0.985,0.0,0.985,0.015
cal.com,apps/web/app/(use-page-wrapper)/event-types/[type]/page.tsx,HIGH,1.0,1.0,0.0,0.0
cal.com,apps/web/app/(use-page-wrapper)/event-types/[type]/skeleton.tsx,MEDIUM,0.9929,0.0069,0.0002,0.9929
cal.com,apps/web/app/(use-page-wrapper)/payment/[uid]/page.tsx,HIGH,1.0,1.0,0.0,0.0
cal.com,apps/web/app/(use-page-wrapper)/payment/[uid]/PaymentPage.tsx,HIGH,1.0,1.0,0.0,0.0
cal.com,apps/web/app/(use-page-wrapper)/signup/page.tsx,MEDIUM,0.9971,0.0002,0.0027,0.9971
cal.com,apps/web/app/(use-page-wrapper)/more/page.tsx,MEDIUM,0.995,1e-04,0.0048,0.995
cal.com,apps/web/app/(use-page-wrapper)/getting-started/[[...step]]/page.tsx,MEDIUM,0.9981,0.0018,0.0,0.9981
cal.com,apps/web/app/(use-page-wrapper)/availability/troubleshoot/layout.tsx,MEDIUM,0.995,1e-04,0.0048,0.995
cal.com,apps/web/app/(use-page-wrapper)/availability/troubleshoot/page.tsx,MEDIUM,0.995,1e-04,0.0048,0.995
cal.com,apps/web/app/(use-page-wrapper)/availability/[schedule]/actions.ts,LOW,0.8998,0.0,0.8998,0.1002
cal.com,apps/web/app/(use-page-wrapper)/availability/[schedule]/loading.tsx,LOW,0.985,0.0,0.985,0.015
cal.com,apps/web/app/(use-page-wrapper)/availability/[schedule]/page.tsx,MEDIUM,0.9994,0.0006,0.0,0.9994
cal.com,apps/web/app/(use-page-wrapper)/availability/[schedule]/skeleton.tsx,HIGH,0.6599,0.6599,0.0,0.34
cal.com,apps/web/app/(use-page-wrapper)/maintenance/page.tsx,MEDIUM,0.9945,1e-04,0.0054,0.9945
cal.com,apps/web/app/(use-page-wrapper)/apps/(homepage)/loading.tsx,LOW,0.985,0.0,0.985,0.015
cal.com,apps/web/app/(use-page-wrapper)/apps/(homepage)/page.tsx,MEDIUM,0.8926,0.1074,0.0,0.8926
cal.com,apps/web/app/(use-page-wrapper)/apps/(homepage)/skeleton.tsx,MEDIUM,0.9937,0.0062,1e-04,0.9937
cal.com,apps/web/app/(use-page-wrapper)/apps/installed/[category]/page.tsx,MEDIUM,0.9976,0.0023,0.0,0.9976
cal.com,apps/web/app/(use-page-wrapper)/apps/installation/[[...step]]/page.tsx,MEDIUM,0.9997,0.0002,1e-04,0.9997
cal.com,apps/web/app/(use-page-wrapper)/apps/categories/layout.tsx,MEDIUM,0.9945,1e-04,0.0054,0.9945
cal.com,apps/web/app/(use-page-wrapper)/apps/categories/page.tsx,MEDIUM,0.9944,1e-04,0.0055,0.9944
cal.com,apps/web/app/(use-page-wrapper)/apps/categories/[category]/page.tsx,MEDIUM,0.9994,1e-04,0.0005,0.9994
cal.com,apps/web/app/(use-page-wrapper)/apps/[slug]/page.tsx,MEDIUM,0.9986,0.0014,0.0,0.9986
cal.com,apps/web/app/(use-page-wrapper)/apps/[slug]/setup/page.tsx,MEDIUM,0.9978,0.0002,0.0019,0.9978
cal.com,apps/web/app/(use-page-wrapper)/onboarding/layout.tsx,MEDIUM,0.9983,1e-04,0.0017,0.9983
cal.com,apps/web/app/(use-page-wrapper)/onboarding/personal/settings/page.tsx,MEDIUM,0.9994,0.0006,0.0,0.9994
cal.com,apps/web/app/(use-page-wrapper)/onboarding/personal/calendar/page.tsx,MEDIUM,0.9996,0.0003,1e-04,0.9996
cal.com,apps/web/app/(use-page-wrapper)/onboarding/personal/profile/page.tsx,MEDIUM,0.9996,0.0003,1e-04,0.9996
cal.com,apps/web/app/(use-page-wrapper)/onboarding/getting-started/page.tsx,MEDIUM,0.9994,0.0005,0.0,0.9994
cal.com,apps/web/app/icons/IconGrid.tsx,MEDIUM,0.9971,0.0002,0.0027,0.9971
cal.com,apps/web/app/icons/page.tsx,MEDIUM,0.9979,0.0003,0.0018,0.9979
cal.com,apps/web/app/api/defaultResponderForAppDir.ts,MEDIUM,0.8832,0.1168,0.0,0.8832
cal.com,apps/web/app/api/parseRequestData.ts,MEDIUM,0.9984,0.0016,0.0,0.9984
cal.com,apps/web/app/api/defaultResponderForAppDir.test.ts,MEDIUM,0.995,0.005,0.0,0.995
cal.com,apps/web/app/api/webhook/app-credential/route.ts,HIGH,0.7946,0.7946,0.0,0.2053
cal.com,apps/web/app/api/cancel/route.ts,HIGH,0.9407,0.9407,0.0,0.0593
cal.com,apps/web/app/api/video/guest-session/route.ts,MEDIUM,0.9194,0.0805,0.0,0.9194
cal.com,apps/web/app/api/video/recording/route.ts,MEDIUM,0.9996,0.0003,1e-04,0.9996
cal.com,apps/web/app/api/video/recording/__tests__/route.test.ts,HIGH,0.999,0.999,0.0,0.001
cal.com,apps/web/app/api/recorded-daily-video/route.ts,HIGH,1.0,1.0,0.0,0.0
cal.com,apps/web/app/api/tasks/cleanup/route.ts,LOW,0.9993,0.0,0.9993,0.0007
cal.com,apps/web/app/api/tasks/cron/route.ts,LOW,0.985,0.0,0.985,0.015
cal.com,apps/web/app/api/auth/oauth/token/route.ts,MEDIUM,0.9909,0.009,0.0,0.9909
cal.com,apps/web/app/api/auth/oauth/token/__tests__/route.test.ts,HIGH,1.0,1.0,0.0,0.0
cal.com,apps/web/app/api/auth/oauth/refreshToken/route.ts,MEDIUM,0.9956,0.0043,0.0,0.9956
cal.com,apps/web/app/api/auth/oauth/me/route.ts,MEDIUM,0.9997,1e-04,0.0002,0.9997
cal.com,apps/web/app/api/auth/signup/route.ts,MEDIUM,0.9543,0.0456,0.0,0.9543
cal.com,apps/web/app/api/auth/signup/handlers/selfHostedHandler.test.ts,MEDIUM,0.9977,0.002,0.0004,0.9977
cal.com,apps/web/app/api/auth/signup/handlers/selfHostedHandler.ts,HIGH,1.0,1.0,0.0,0.0
cal.com,apps/web/app/api/auth/signup/handlers/calcomSignupHandler.test.ts,HIGH,0.9999,0.9999,0.0,1e-04
cal.com,apps/web/app/api/auth/signup/handlers/calcomSignupHandler.ts,HIGH,1.0,1.0,0.0,0.0
cal.com,apps/web/app/api/auth/setup/route.ts,MEDIUM,0.9993,0.0006,0.0,0.9993
cal.com,apps/web/app/api/auth/forgot-password/route.ts,HIGH,0.9982,0.9982,0.0,0.0018
cal.com,apps/web/app/api/auth/reset-password/route.ts,MEDIUM,0.9273,0.0727,0.0,0.9273
cal.com,apps/web/app/api/auth/two-factor/totp/enable/route.ts,MEDIUM,0.9539,0.046,0.0,0.9539
cal.com,apps/web/app/api/auth/two-factor/totp/disable/route.ts,HIGH,0.9829,0.9829,0.0,0.0171
cal.com,apps/web/app/api/auth/two-factor/totp/setup/route.ts,MEDIUM,0.6279,0.3721,0.0,0.6279
cal.com,apps/web/app/api/user/referrals-token/route.ts,MEDIUM,0.9992,0.0007,0.0,0.9992
cal.com,apps/web/app/api/social/og/image/types.d.ts,LOW,0.985,0.0,0.985,0.015
cal.com,apps/web/app/api/social/og/image/route.tsx,HIGH,0.9998,0.9998,0.0,0.0002
cal.com,apps/web/app/api/social/og/image/__tests__/route.test.ts,MEDIUM,0.7467,0.2532,0.0,0.7467
cal.com,apps/web/app/api/csrf/route.ts,MEDIUM,0.9998,1e-04,1e-04,0.9998
cal.com,apps/web/app/api/link/route.ts,HIGH,0.9738,0.9738,0.0,0.0262
cal.com,apps/web/app/api/link/__tests__/route.test.ts,HIGH,1.0,1.0,0.0,0.0
cal.com,apps/web/app/api/logo/route.ts,HIGH,1.0,1.0,0.0,0.0
cal.com,apps/web/app/api/version/route.ts,MEDIUM,0.8404,1e-04,0.1595,0.8404
cal.com,apps/web/app/api/me/route.ts,HIGH,0.9773,0.9773,0.0,0.0227
cal.com,apps/web/app/api/geolocation/route.ts,MEDIUM,0.9983,1e-04,0.0017,0.9983
cal.com,apps/web/app/api/avatar/[uuid]/route.ts,MEDIUM,0.9949,0.0051,0.0,0.9949
cal.com,apps/web/app/api/availability/calendar/route.ts,HIGH,0.9997,0.9997,0.0,0.0003
cal.com,apps/web/app/api/sync/helpscout/route.ts,HIGH,0.6059,0.6059,0.0,0.3941
cal.com,apps/web/app/api/webhooks/calendar-subscription/[provider]/route.ts,MEDIUM,0.939,0.061,0.0,0.939
cal.com,apps/web/app/api/webhooks/calendar-subscription/[provider]/__tests__/route.test.ts,HIGH,0.9999,0.9999,0.0,1e-04
cal.com,apps/web/app/api/ip/route.ts,MEDIUM,0.946,0.0517,0.0023,0.946
cal.com,apps/web/app/api/verify-booking-token/route.ts,HIGH,0.9964,0.9964,0.0,0.0036
cal.com,apps/web/app/api/verify-booking-token/__tests__/route.test.ts,HIGH,1.0,1.0,0.0,0.0
cal.com,apps/web/app/api/username/route.ts,HIGH,0.9946,0.9946,0.0,0.0054
cal.com,apps/web/app/api/email/route.ts,HIGH,0.9981,0.9981,0.0,0.0019
cal.com,apps/web/app/api/cron/webhookTriggers/route.ts,MEDIUM,0.9996,1e-04,0.0003,0.9996
cal.com,apps/web/app/api/cron/calendar-subscriptions-cleanup/route.ts,MEDIUM,0.9996,0.0003,1e-04,0.9996
cal.com,apps/web/app/api/cron/calendar-subscriptions-cleanup/__tests__/route.test.ts,HIGH,0.9983,0.9983,0.0,0.0017
cal.com,apps/web/app/api/cron/changeTimeZone/route.ts,HIGH,0.9972,0.9972,0.0,0.0028
cal.com,apps/web/app/api/cron/calendar-subscriptions/route.ts,MEDIUM,0.9909,0.009,0.0,0.9909
cal.com,apps/web/app/api/cron/calendar-subscriptions/__tests__/route.test.ts,HIGH,0.9982,0.9982,0.0,0.0018
cal.com,apps/web/app/api/cron/selected-calendars/route.ts,HIGH,1.0,1.0,0.0,0.0
cal.com,apps/web/app/api/cron/selected-calendars/__tests__/cron.test.ts,HIGH,1.0,1.0,0.0,0.0
cal.com,apps/web/app/api/cron/bookingReminder/route.ts,HIGH,1.0,1.0,0.0,0.0
cal.com,apps/web/app/api/cron/syncAppMeta/route.ts,MEDIUM,0.5697,0.4302,0.0,0.5697
cal.com,apps/web/app/e2e/session-warmup/page.tsx,MEDIUM,0.9989,1e-04,0.001,0.9989
cal.com,apps/web/app/reschedule/[uid]/page.tsx,MEDIUM,0.9941,1e-04,0.0058,0.9941
cal.com,apps/web/app/reschedule/[uid]/embed/page.tsx,MEDIUM,0.9941,1e-04,0.0058,0.9941
cal.com,apps/web/test/lib/getSchedule.test.ts,HIGH,1.0,1.0,0.0,0.0
cal.com,apps/web/test/lib/getWorkingHours.test.ts,MEDIUM,0.9681,0.0318,1e-04,0.9681
cal.com,apps/web/test/lib/getAvailabilityFromSchedule.test.ts,MEDIUM,0.9989,0.0011,1e-04,0.9989
cal.com,apps/web/test/lib/pagesAndRewritePaths.test.ts,HIGH,0.9942,0.9942,0.0,0.0058
cal.com,apps/web/test/lib/getTimezone.test.ts,MEDIUM,0.8393,0.1606,0.0,0.8393
cal.com,apps/web/test/lib/next-config.test.ts,HIGH,1.0,1.0,0.0,0.0
cal.com,apps/web/test/lib/parseZone.test.ts,MEDIUM,0.97,1e-04,0.0299,0.97
cal.com,apps/web/test/lib/availabilityAsString.test.ts,MEDIUM,0.9935,0.0065,0.0,0.9935
cal.com,apps/web/test/lib/checkBookingLimits.test.ts,HIGH,0.9994,0.9994,0.0,0.0006
cal.com,apps/web/test/lib/checkDurationLimits.test.ts,HIGH,1.0,1.0,0.0,0.0
cal.com,apps/web/test/lib/getSchedule/setupAndTeardown.ts,MEDIUM,0.998,1e-04,0.0019,0.998
cal.com,apps/web/test/lib/getSchedule/delegation-credential.test.ts,HIGH,1.0,1.0,0.0,0.0
cal.com,apps/web/test/lib/getSchedule/restrictionSchedule.test.ts,HIGH,1.0,1.0,0.0,0.0
cal.com,apps/web/test/lib/getSchedule/calendarEvents.test.ts,HIGH,0.9886,0.9886,0.0,0.0114
cal.com,apps/web/test/lib/getSchedule/utils.ts,MEDIUM,0.9997,1e-04,0.0003,0.9997
cal.com,apps/web/test/lib/getSchedule/selectedSlots.test.ts,HIGH,0.9999,0.9999,0.0,1e-04
cal.com,apps/web/test/lib/getSchedule/futureLimit.timezone.test.ts,HIGH,1.0,1.0,0.0,0.0
cal.com,apps/web/test/lib/getSchedule/expects.ts,HIGH,0.9949,0.9949,0.0,0.0051
cal.com,apps/web/test/handlers/requestReschedule.test.ts,HIGH,1.0,1.0,0.0,0.0
cal.com,apps/web/server/lib/constants.ts,MEDIUM,0.9566,0.0263,0.0171,0.9566
cal.com,apps/web/server/lib/auth/signin/getServerSideProps.tsx,MEDIUM,0.9941,1e-04,0.0058,0.9941
cal.com,apps/web/server/lib/auth/forgot-password/[id]/getServerSideProps.tsx,MEDIUM,0.9996,0.0003,1e-04,0.9996
cal.com,apps/web/server/lib/auth/verify-email-change/getServerSideProps.tsx,MEDIUM,0.9988,0.0012,0.0,0.9988
cal.com,apps/web/server/lib/auth/login/getServerSideProps.tsx,HIGH,0.9995,0.9995,0.0,0.0005
cal.com,apps/web/server/lib/setup/getServerSideProps.tsx,HIGH,0.9998,0.9998,0.0,0.0002
cal.com,apps/web/server/lib/[user]/getServerSideProps.ts,HIGH,1.0,1.0,0.0,0.0
cal.com,apps/web/server/lib/[user]/[type]/getServerSideProps.ts,HIGH,1.0,1.0,0.0,0.0
cal.com,apps/web/playwright/i18n-routing.e2e.ts,HIGH,0.9993,0.9993,0.0,0.0007
cal.com,apps/web/playwright/hide-duration-selector.e2e.ts,MEDIUM,0.9925,0.0075,0.0,0.9925
cal.com,apps/web/playwright/dynamic-booking-pages.e2e.ts,HIGH,1.0,1.0,0.0,0.0
cal.com,apps/web/playwright/payment.e2e.ts,MEDIUM,0.9995,0.0003,0.0002,0.9995
cal.com,apps/web/playwright/settings-admin.e2e.ts,MEDIUM,0.995,1e-04,0.0048,0.995
cal.com,apps/web/playwright/change-username.e2e.ts,HIGH,1.0,1.0,0.0,0.0
cal.com,apps/web/playwright/login.oauth.e2e.ts,MEDIUM,0.8879,0.1068,0.0053,0.8879
cal.com,apps/web/playwright/app-list-card.e2e.ts,MEDIUM,0.9941,1e-04,0.0058,0.9941
cal.com,apps/web/playwright/booking-pages.e2e.ts,HIGH,1.0,1.0,0.0,0.0
cal.com,apps/web/playwright/booking-duplicate-api-calls.e2e.ts,HIGH,1.0,1.0,0.0,0.0
cal.com,apps/web/playwright/change-password.e2e.ts,MEDIUM,0.9963,1e-04,0.0035,0.9963
cal.com,apps/web/playwright/booking-confirm-reject.e2e.ts,HIGH,0.9976,0.9976,0.0,0.0024
cal.com,apps/web/playwright/filter-helpers.ts,HIGH,0.9987,0.9987,0.0,0.0013
cal.com,apps/web/playwright/login.e2e.ts,MEDIUM,0.9978,0.0021,0.0,0.9978
cal.com,apps/web/playwright/event-types.e2e.ts,HIGH,1.0,1.0,0.0,0.0
cal.com,apps/web/playwright/locale.e2e.ts,HIGH,1.0,1.0,0.0,0.0
cal.com,apps/web/playwright/out-of-office.e2e.ts,HIGH,1.0,1.0,0.0,0.0
cal.com,apps/web/playwright/ab-tests-redirect.e2e.ts,MEDIUM,0.9982,0.0012,0.0006,0.9982
cal.com,apps/web/playwright/manage-booking-questions.e2e.ts,HIGH,1.0,1.0,0.0,0.0
cal.com,apps/web/playwright/login.api.e2e.ts,HIGH,0.5771,0.5771,1e-04,0.4228
cal.com,apps/web/playwright/embed-code-generator.e2e.ts,HIGH,1.0,1.0,0.0,0.0
cal.com,apps/web/playwright/onboarding.e2e.ts,HIGH,0.9037,0.9037,0.0,0.0963
cal.com,apps/web/playwright/cancellation-fee-warning.e2e.ts,MEDIUM,0.9144,0.0856,0.0,0.9144
cal.com,apps/web/playwright/booking-limits.e2e.ts,HIGH,1.0,1.0,0.0,0.0
cal.com,apps/web/playwright/oauth-provider.e2e.ts,HIGH,1.0,1.0,0.0,0.0
cal.com,apps/web/playwright/payment-apps.e2e.ts,HIGH,1.0,1.0,0.0,0.0
cal.com,apps/web/playwright/trial.e2e.ts,LOW,0.985,0.0,0.985,0.015
cal.com,apps/web/playwright/webhook.e2e.ts,HIGH,1.0,1.0,0.0,0.0
cal.com,apps/web/playwright/signup.e2e.ts,HIGH,1.0,1.0,0.0,0.0
cal.com,apps/web/playwright/booking-sheet-keyboard.e2e.ts,HIGH,1.0,1.0,0.0,0.0
cal.com,apps/web/playwright/change-theme.e2e.ts,MEDIUM,0.7102,0.2898,0.0,0.7102
cal.com,apps/web/playwright/booking-phone-autofill.e2e.ts,HIGH,1.0,1.0,0.0,0.0
cal.com,apps/web/playwright/profile.e2e.ts,HIGH,1.0,1.0,0.0,0.0
cal.com,apps/web/playwright/duration-limits.e2e.ts,HIGH,1.0,1.0,0.0,0.0
cal.com,apps/web/playwright/overlay-calendar.e2e.ts,LOW,0.734,0.0369,0.734,0.2291
cal.com,apps/web/playwright/booking-seats.e2e.ts,HIGH,1.0,1.0,0.0,0.0
cal.com,apps/web/playwright/hash-my-url.e2e.ts,HIGH,0.9967,0.9967,0.0,0.0033
cal.com,apps/web/playwright/wipe-my-cal.e2e.ts,MEDIUM,0.9985,0.0007,0.0008,0.9985
cal.com,apps/web/playwright/login.2fa.e2e.ts,HIGH,0.8645,0.8645,0.0,0.1355
cal.com,apps/web/playwright/app-router-not-found.e2e.ts,HIGH,0.5691,0.5691,1e-04,0.4308
cal.com,apps/web/playwright/availability.e2e.ts,HIGH,1.0,1.0,0.0,0.0
cal.com,apps/web/playwright/reschedule.e2e.ts,HIGH,1.0,1.0,0.0,0.0
cal.com,apps/web/playwright/icons.e2e.ts,MEDIUM,0.9992,1e-04,0.0008,0.9992
cal.com,apps/web/playwright/settings/upload-avatar.e2e.ts,HIGH,1.0,1.0,0.0,0.0
cal.com,apps/web/playwright/oauth/oauth-client-owner-crud.e2e.ts,HIGH,1.0,1.0,0.0,0.0
cal.com,apps/web/playwright/oauth/oauth-refresh-tokens.e2e.ts,MEDIUM,0.9985,0.0015,0.0,0.9985
cal.com,apps/web/playwright/oauth/oauth-client-admin.e2e.ts,HIGH,0.6666,0.6666,0.0,0.3334
cal.com,apps/web/playwright/oauth/oauth-client-helpers.ts,MEDIUM,0.9262,0.0738,0.0,0.9262
cal.com,apps/web/playwright/oauth/oauth-authorize-approval-status.e2e.ts,HIGH,0.6697,0.6697,0.0,0.3303
cal.com,apps/web/playwright/auth/forgot-password.e2e.ts,MEDIUM,0.8142,0.1858,0.0,0.8142
cal.com,apps/web/playwright/auth/delete-account.e2e.ts,MEDIUM,0.998,1e-04,0.0019,0.998
cal.com,apps/web/playwright/lib/chart-helpers.ts,HIGH,0.8642,0.8642,0.0,0.1358
cal.com,apps/web/playwright/lib/fixtures.ts,HIGH,0.9995,0.9995,0.0,0.0005
cal.com,apps/web/playwright/lib/localize.ts,MEDIUM,0.8997,0.1002,1e-04,0.8997
cal.com,apps/web/playwright/lib/loadJSON.ts,LOW,0.9993,0.0,0.9993,0.0007
cal.com,apps/web/playwright/lib/next-server.ts,MEDIUM,0.9983,0.0017,0.0,0.9983
cal.com,apps/web/playwright/lib/pageObject.ts,MEDIUM,0.9952,1e-04,0.0047,0.9952
cal.com,apps/web/playwright/lib/testUtils.ts,HIGH,1.0,1.0,0.0,0.0
cal.com,apps/web/playwright/lib/teardown.ts,MEDIUM,0.9992,0.0008,1e-04,0.9992
cal.com,apps/web/playwright/eventType/availability-tab.e2e.ts,MEDIUM,0.9899,1e-04,0.01,0.9899
cal.com,apps/web/playwright/eventType/limit-tab.e2e.ts,HIGH,0.7081,0.7081,1e-04,0.2919
cal.com,apps/web/playwright/apps/conferencing/types.ts,LOW,0.5277,1e-04,0.5277,0.4723
cal.com,apps/web/playwright/apps/conferencing/conferencingApps.e2e.ts,MEDIUM,0.9976,0.0002,0.0022,0.9976
cal.com,apps/web/playwright/apps/analytics/analyticsApps.e2e.ts,HIGH,0.9965,0.9965,0.0,0.0035
cal.com,apps/web/components/Loader.tsx,LOW,1.0,0.0,1.0,0.0
cal.com,apps/web/components/I18nLanguageHandler.tsx,MEDIUM,0.9941,1e-04,0.0058,0.9941
cal.com,apps/web/components/GTM.tsx,MEDIUM,0.9986,0.0014,0.0,0.9986
cal.com,apps/web/components/notification-sound-handler.tsx,HIGH,0.9882,0.9882,0.0,0.0118
cal.com,apps/web/components/PageWrapper.tsx,HIGH,0.9761,0.9761,0.0,0.0239
cal.com,apps/web/components/AddToHomescreen.tsx,MEDIUM,0.9991,0.0009,0.0,0.9991
cal.com,apps/web/components/PageWrapperAppDir.tsx,HIGH,0.9861,0.9861,0.0,0.0139
cal.com,apps/web/components/ui/LimitedBadges.tsx,MEDIUM,0.7114,0.2886,0.0,0.7114
cal.com,apps/web/components/ui/SettingInputContainer.tsx,MEDIUM,0.996,0.0002,0.0038,0.996
cal.com,apps/web/components/ui/LinkIconButton.tsx,MEDIUM,0.9963,1e-04,0.0035,0.9963
cal.com,apps/web/components/ui/AuthContainer.tsx,MEDIUM,0.9995,0.0004,1e-04,0.9995
cal.com,apps/web/components/ui/ModalContainer.tsx,MEDIUM,0.9976,0.0003,0.0021,0.9976
cal.com,apps/web/components/ui/form/DatePicker.tsx,MEDIUM,0.9969,0.0003,0.0028,0.9969
cal.com,apps/web/components/ui/form/MinutesField.tsx,MEDIUM,0.9995,0.0003,0.0002,0.9995
cal.com,apps/web/components/ui/form/CheckedSelect.tsx,MEDIUM,0.9993,0.0006,1e-04,0.9993
cal.com,apps/web/components/ui/UsernameAvailability/index.tsx,HIGH,1.0,1.0,0.0,0.0
cal.com,apps/web/components/ui/UsernameAvailability/UsernameTextfield.tsx,HIGH,0.9998,0.9998,0.0,0.0002
cal.com,apps/web/components/ui/UsernameAvailability/PremiumTextfield.tsx,HIGH,1.0,1.0,0.0,0.0
cal.com,apps/web/components/settings/EnableTwoFactorModal.tsx,HIGH,1.0,1.0,0.0,0.0
cal.com,apps/web/components/settings/TwoFactorAuthAPI.ts,MEDIUM,0.9976,0.0002,0.0022,0.9976
cal.com,apps/web/components/settings/TravelScheduleModal.tsx,HIGH,0.9997,0.9997,0.0,0.0003
cal.com,apps/web/components/settings/CustomEmailTextField.tsx,HIGH,0.927,0.927,0.0,0.073
cal.com,apps/web/components/settings/SecondaryEmailConfirmModal.tsx,MEDIUM,0.9975,0.0002,0.0024,0.9975
cal.com,apps/web/components/settings/SecondaryEmailModal.tsx,MEDIUM,0.999,0.001,0.0,0.999
cal.com,apps/web/components/settings/DisableTwoFactorModal.tsx,HIGH,0.9886,0.9886,0.0,0.0114
cal.com,apps/web/components/security/EnableTwoFactorModal.tsx,HIGH,1.0,1.0,0.0,0.0
cal.com,apps/web/components/security/TwoFactorAuthSection.tsx,MEDIUM,0.9946,0.0054,0.0,0.9946
cal.com,apps/web/components/security/TwoFactorAuthAPI.ts,MEDIUM,0.9976,0.0002,0.0022,0.9976
cal.com,apps/web/components/security/TwoFactorModalHeader.tsx,MEDIUM,0.9958,1e-04,0.0041,0.9958
cal.com,apps/web/components/security/DisableTwoFactorModal.tsx,MEDIUM,0.6248,0.3752,0.0,0.6248
cal.com,apps/web/components/auth/TwoFactor.tsx,MEDIUM,0.9994,0.0006,1e-04,0.9994
cal.com,apps/web/components/auth/BackupCode.tsx,MEDIUM,0.9992,1e-04,0.0007,0.9992
cal.com,apps/web/components/booking/RejectBookingButton.tsx,MEDIUM,0.9981,0.0019,0.0,0.9981
cal.com,apps/web/components/booking/SkeletonLoader.tsx,MEDIUM,0.9974,0.0018,0.0008,0.9974
cal.com,apps/web/components/booking/BookingListItem.tsx,HIGH,1.0,1.0,0.0,0.0
cal.com,apps/web/components/booking/AcceptBookingButton.tsx,MEDIUM,0.9991,0.0008,0.0,0.9991
cal.com,apps/web/components/booking/types.ts,MEDIUM,0.9958,1e-04,0.0041,0.9958
cal.com,apps/web/components/booking/CancelBooking.tsx,HIGH,1.0,1.0,0.0,0.0
cal.com,apps/web/components/booking/__tests__/CancelBooking.cancellationFee.test.tsx,HIGH,1.0,1.0,0.0,0.0
cal.com,apps/web/components/booking/hooks/useBookingConfirmation.tsx,MEDIUM,0.9631,0.0369,0.0,0.9631
cal.com,apps/web/components/booking/actions/BookingActionsDropdown.tsx,HIGH,1.0,1.0,0.0,0.0
cal.com,apps/web/components/booking/actions/BookingActionsStoreProvider.tsx,MEDIUM,0.9997,0.0002,1e-04,0.9997
cal.com,apps/web/components/booking/actions/bookingActions.test.ts,HIGH,1.0,1.0,0.0,0.0
cal.com,apps/web/components/booking/actions/bookingActions.ts,HIGH,1.0,1.0,0.0,0.0
cal.com,apps/web/components/booking/actions/store.ts,HIGH,1.0,1.0,0.0,0.0
cal.com,apps/web/components/setup/AdminUser.tsx,HIGH,0.9998,0.9998,0.0,0.0002
cal.com,apps/web/components/setup/StepDone.tsx,MEDIUM,0.9977,0.0003,0.002,0.9977
cal.com,apps/web/components/schemas/EventReservationSchema.tsx,MEDIUM,0.9931,0.0069,0.0,0.9931
cal.com,apps/web/components/dialog/ReportBookingDialog.tsx,HIGH,0.8679,0.8679,0.0,0.132
cal.com,apps/web/components/dialog/RejectionReasonDialog.tsx,MEDIUM,0.9992,0.0008,1e-04,0.9992
cal.com,apps/web/components/dialog/AddGuestsDialog.tsx,MEDIUM,0.8393,0.1606,0.0,0.8393
cal.com,apps/web/components/dialog/WrongAssignmentDialog.tsx,HIGH,1.0,1.0,0.0,0.0
cal.com,apps/web/components/dialog/EditLocationDialog.tsx,HIGH,1.0,1.0,0.0,0.0
cal.com,apps/web/components/dialog/ReassignDialog.tsx,HIGH,1.0,1.0,0.0,0.0
cal.com,apps/web/components/dialog/CancelBookingDialog.tsx,HIGH,1.0,1.0,0.0,0.0
cal.com,apps/web/components/dialog/RescheduleDialog.tsx,MEDIUM,0.9972,0.0024,0.0005,0.9972
cal.com,apps/web/components/dialog/ChargeCardDialog.tsx,HIGH,0.9996,0.9996,0.0,0.0004
cal.com,apps/web/components/dialog/__tests__/EditLocationDialog.test.tsx,HIGH,0.9994,0.9994,0.0,0.0006
cal.com,apps/web/components/integrations/SubHeadingTitleWithConnections.tsx,MEDIUM,0.9996,0.0002,0.0003,0.9996
cal.com,apps/web/components/phone-input/phone-masks.ts,HIGH,0.8318,0.8318,1e-04,0.1681
cal.com,apps/web/components/phone-input/PhoneInput.tsx,HIGH,1.0,1.0,0.0,0.0
cal.com,apps/web/components/phone-input/PhoneInput.test.ts,HIGH,1.0,1.0,0.0,0.0
cal.com,apps/web/components/phone-input/index.ts,LOW,0.8998,0.0,0.8998,0.1002
cal.com,apps/web/components/getting-started/components/CreateEventsOnCalendarSelect.tsx,MEDIUM,0.9996,0.0002,0.0002,0.9996
cal.com,apps/web/components/getting-started/components/ConnectedCalendarItem.tsx,MEDIUM,0.9973,0.0027,0.0,0.9973
cal.com,apps/web/components/getting-started/components/StepConnectionLoader.tsx,MEDIUM,0.9952,1e-04,0.0047,0.9952
cal.com,apps/web/components/getting-started/components/AppConnectionItem.tsx,HIGH,0.9966,0.9966,0.0,0.0034
cal.com,apps/web/components/getting-started/steps-views/UserProfile.tsx,HIGH,0.9974,0.9974,0.0,0.0026
cal.com,apps/web/components/getting-started/steps-views/SetupAvailability.tsx,HIGH,0.5589,0.5589,0.0,0.441
cal.com,apps/web/components/getting-started/steps-views/UserSettings.tsx,HIGH,0.5538,0.5538,0.0,0.4462
cal.com,apps/web/components/getting-started/steps-views/ConnectCalendars.tsx,HIGH,0.9757,0.9757,0.0,0.0243
cal.com,apps/web/components/getting-started/steps-views/ConnectedVideoStep.tsx,HIGH,0.9724,0.9724,0.0,0.0276
cal.com,apps/web/components/eventtype/EventTypeDescriptionSafeHTML.tsx,MEDIUM,0.9993,1e-04,0.0006,0.9993
cal.com,apps/web/components/error/BookingPageErrorBoundary.tsx,MEDIUM,0.9963,1e-04,0.0035,0.9963
cal.com,apps/web/components/error/error-page.tsx,HIGH,0.8454,0.8454,0.0,0.1546
cal.com,apps/web/components/apps/App.tsx,HIGH,0.9593,0.9593,0.0,0.0407
cal.com,apps/web/components/apps/InstallAppButtonChild.tsx,MEDIUM,0.9994,0.0005,0.0,0.9994
cal.com,apps/web/components/apps/InstallAppButtonChild.test.tsx,MEDIUM,0.9988,0.0012,0.0,0.9988
cal.com,apps/web/components/apps/AppPage.tsx,HIGH,1.0,1.0,0.0,0.0
cal.com,apps/web/components/apps/DestinationCalendarSettingsWebWrapper.tsx,MEDIUM,0.95,0.05,0.0,0.95
cal.com,apps/web/components/apps/CalendarListContainer.tsx,HIGH,1.0,1.0,0.0,0.0
cal.com,apps/web/components/apps/MultiDisconnectIntegration.tsx,HIGH,1.0,1.0,0.0,0.0
cal.com,apps/web/components/apps/AppSetupPage.tsx,HIGH,0.7973,0.7973,0.0,0.2027
cal.com,apps/web/components/apps/caldavcalendar/Setup.tsx,HIGH,0.8924,0.8924,0.0,0.1076
cal.com,apps/web/components/apps/exchange2016calendar/Setup.tsx,MEDIUM,0.8467,0.1533,0.0,0.8467
cal.com,apps/web/components/apps/btcpayserver/BtcpayPaymentComponent.tsx,HIGH,1.0,1.0,0.0,0.0
cal.com,apps/web/components/apps/btcpayserver/Setup.tsx,HIGH,1.0,1.0,0.0,0.0
cal.com,apps/web/components/apps/sendgrid/Setup.tsx,HIGH,0.9966,0.9966,0.0,0.0034
cal.com,apps/web/components/apps/exchangecalendar/Setup.tsx,HIGH,0.9987,0.9987,0.0,0.0013
cal.com,apps/web/components/apps/stripepayment/Setup.tsx,LOW,0.9993,0.0,0.9993,0.0007
cal.com,apps/web/components/apps/alby/AlbyPaymentComponent.tsx,HIGH,1.0,1.0,0.0,0.0
cal.com,apps/web/components/apps/alby/Setup.tsx,HIGH,1.0,1.0,0.0,0.0
cal.com,apps/web/components/apps/installation/ConfigureStepCard.tsx,HIGH,1.0,1.0,0.0,0.0
cal.com,apps/web/components/apps/installation/EventTypeConferencingAppSettings.tsx,HIGH,0.9588,0.9588,0.0,0.0412
cal.com,apps/web/components/apps/installation/EventTypeAppSettingsWrapper.tsx,HIGH,0.9826,0.9826,0.0,0.0174
cal.com,apps/web/components/apps/installation/StepHeader.tsx,MEDIUM,0.9958,1e-04,0.0041,0.9958
cal.com,apps/web/components/apps/installation/EventTypesStepCard.tsx,HIGH,1.0,1.0,0.0,0.0
cal.com,apps/web/components/apps/installation/AccountsStepCard.tsx,HIGH,1.0,1.0,0.0,0.0
cal.com,apps/web/components/apps/layouts/AppsLayout.tsx,MEDIUM,0.9992,0.0007,0.0,0.9992
cal.com,apps/web/components/apps/layouts/InstalledAppsLayout.tsx,MEDIUM,0.9958,1e-04,0.0041,0.9958
cal.com,apps/web/components/apps/make/Setup.tsx,HIGH,1.0,1.0,0.0,0.0
cal.com,apps/web/components/apps/paypal/PaypalPaymentComponent.tsx,MEDIUM,0.9697,0.0303,0.0,0.9697
cal.com,apps/web/components/apps/paypal/Setup.tsx,HIGH,1.0,1.0,0.0,0.0
cal.com,apps/web/components/apps/wipemycalother/confirmDialog.tsx,HIGH,0.9624,0.9624,0.0,0.0376
cal.com,apps/web/components/apps/wipemycalother/wipeMyCalActionButton.tsx,MEDIUM,0.9989,0.001,0.0,0.9989
cal.com,apps/web/components/apps/applecalendar/Setup.tsx,HIGH,0.7979,0.7979,0.0,0.2021
cal.com,apps/web/components/apps/exchange2013calendar/Setup.tsx,MEDIUM,0.8467,0.1533,0.0,0.8467
cal.com,apps/web/components/apps/hitpay/HitpayPaymentComponent.tsx,HIGH,0.7998,0.7998,0.0,0.2002
cal.com,apps/web/components/apps/hitpay/Setup.tsx,HIGH,1.0,1.0,0.0,0.0
cal.com,apps/web/components/apps/ics-feedcalendar/Setup.tsx,HIGH,0.9882,0.9882,0.0,0.0118
cal.com,apps/web/scripts/ts-check-changed-files.ts,MEDIUM,0.9996,0.0003,1e-04,0.9996
cal.com,apps/web/scripts/check-missing-translations.ts,HIGH,0.9993,0.9993,0.0,0.0007
cal.com,apps/web/lib/buildLegacyCtx.ts,MEDIUM,0.9969,0.0031,0.0,0.9969
cal.com,apps/web/lib/isPrismaObj.ts,MEDIUM,0.9839,1e-04,0.016,0.9839
cal.com,apps/web/lib/QueryCell.tsx,MEDIUM,0.5347,0.4653,0.0,0.5347
cal.com,apps/web/lib/buildNonce.test.ts,MEDIUM,0.915,0.085,0.0,0.915
cal.com,apps/web/lib/handleOrgRedirect.ts,HIGH,0.9978,0.9978,0.0,0.0022
cal.com,apps/web/lib/hasKeyInMetadata.ts,MEDIUM,0.97,1e-04,0.0299,0.97
cal.com,apps/web/lib/app-providers.tsx,HIGH,1.0,1.0,0.0,0.0
cal.com,apps/web/lib/handleOrgRedirect.test.ts,HIGH,1.0,1.0,0.0,0.0
cal.com,apps/web/lib/validateCsrfToken.ts,MEDIUM,0.9995,1e-04,0.0004,0.9995
cal.com,apps/web/lib/withEmbedSsr.ts,MEDIUM,0.9984,0.0015,0.0,0.9984
cal.com,apps/web/lib/ensureArray.ts,MEDIUM,0.9989,1e-04,0.001,0.9989
cal.com,apps/web/lib/cropImage.ts,MEDIUM,0.9986,0.0014,0.0,0.9986
cal.com,apps/web/lib/csp.ts,MEDIUM,0.9981,0.0018,0.0,0.9981
cal.com,apps/web/lib/withLocale.tsx,LOW,0.9993,0.0,0.9993,0.0007
cal.com,apps/web/lib/getQuery.ts,MEDIUM,0.9839,1e-04,0.016,0.9839
cal.com,apps/web/lib/booking.ts,HIGH,1.0,1.0,0.0,0.0
cal.com,apps/web/lib/clock.ts,MEDIUM,0.9984,0.0015,0.0,0.9984
cal.com,apps/web/lib/app-providers-app-dir.tsx,HIGH,1.0,1.0,0.0,0.0
cal.com,apps/web/lib/buildNonce.ts,MEDIUM,0.9998,0.0002,1e-04,0.9998
cal.com,apps/web/lib/getThemeProviderProps.ts,HIGH,1.0,1.0,0.0,0.0
cal.com,apps/web/lib/isBrandingHidden.tsx,LOW,0.9993,0.0,0.9993,0.0007
cal.com,apps/web/lib/withEmbedSsr.test.ts,HIGH,0.9998,0.9998,0.0,0.0002
cal.com,apps/web/lib/settings/license-key/new/getServerSideProps.tsx,MEDIUM,0.9998,0.0002,1e-04,0.9998
cal.com,apps/web/lib/video/meeting-ended/[uid]/getServerSideProps.ts,MEDIUM,0.9996,0.0002,0.0002,0.9996
cal.com,apps/web/lib/video/meeting-not-started/[uid]/getServerSideProps.ts,MEDIUM,0.9995,1e-04,0.0004,0.9995
cal.com,apps/web/lib/video/[uid]/getServerSideProps.ts,HIGH,1.0,1.0,0.0,0.0
cal.com,apps/web/lib/types/schedule.ts,MEDIUM,0.9963,1e-04,0.0035,0.9963
cal.com,apps/web/lib/types/inferSSRProps.ts,LOW,0.8998,0.0,0.8998,0.1002
cal.com,apps/web/lib/core/http/error/http-error.ts,MEDIUM,0.9995,0.0004,1e-04,0.9995
cal.com,apps/web/lib/core/http/error/index.ts,LOW,1.0,0.0,1.0,0.0
cal.com,apps/web/lib/config/next-seo.config.ts,MEDIUM,0.9978,0.0003,0.0019,0.9978
cal.com,apps/web/lib/booking/assignmentReasonBadgeTitleMap.ts,MEDIUM,0.6292,0.3708,1e-04,0.6292
cal.com,apps/web/lib/signup/getServerSideProps.tsx,HIGH,1.0,1.0,0.0,0.0
cal.com,apps/web/lib/daily-webhook/schema.ts,MEDIUM,0.9977,0.0015,0.0008,0.9977
cal.com,apps/web/lib/daily-webhook/getCalendarEvent.ts,HIGH,0.9967,0.9967,0.0,0.0033
cal.com,apps/web/lib/daily-webhook/triggerWebhooks.ts,HIGH,1.0,1.0,0.0,0.0
cal.com,apps/web/lib/daily-webhook/getBookingReference.ts,MEDIUM,0.9998,1e-04,1e-04,0.9998
cal.com,apps/web/lib/daily-webhook/getBooking.ts,MEDIUM,0.9994,0.0005,1e-04,0.9994
cal.com,apps/web/lib/daily-webhook/tests/recorded-daily-video.test.ts,HIGH,1.0,1.0,0.0,0.0
cal.com,apps/web/lib/__tests__/getThemeProviderProps.test.ts,HIGH,1.0,1.0,0.0,0.0
cal.com,apps/web/lib/hooks/useCurrentUserId.ts,MEDIUM,0.97,1e-04,0.0299,0.97
cal.com,apps/web/lib/hooks/useIsThemeSupported.ts,MEDIUM,0.9839,1e-04,0.016,0.9839
cal.com,apps/web/lib/hooks/useIsBookingPage.ts,HIGH,0.952,0.952,0.0,0.048
cal.com,apps/web/lib/hooks/useToggleQuery.tsx,MEDIUM,0.97,1e-04,0.0299,0.97
cal.com,apps/web/lib/hooks/useRouterQuery.ts,MEDIUM,0.9996,0.0002,1e-04,0.9996
cal.com,apps/web/lib/hooks/useNuqsParams.ts,MEDIUM,0.9996,0.0003,1e-04,0.9996
cal.com,apps/web/lib/hooks/useFileReader.ts,MEDIUM,0.999,0.0009,0.0,0.999
cal.com,apps/web/lib/pages/auth/verify-email.ts,HIGH,1.0,1.0,0.0,0.0
cal.com,apps/web/lib/pages/document/_applyThemeForDocument.ts,HIGH,0.6426,0.6426,0.0,0.3574
cal.com,apps/web/lib/pages/document/_applyThemeForDocument.test.ts,HIGH,0.9395,0.9395,0.0,0.0605
cal.com,apps/web/lib/apps/installation/[[...step]]/getServerSideProps.ts,HIGH,1.0,1.0,0.0,0.0
cal.com,apps/web/lib/apps/categories/getServerSideProps.ts,MEDIUM,0.9995,0.0004,1e-04,0.9995
cal.com,apps/web/lib/apps/categories/[category]/getStaticProps.ts,MEDIUM,0.9961,0.0002,0.0037,0.9961
cal.com,apps/web/lib/apps/[slug]/getStaticProps.ts,HIGH,0.9725,0.9725,0.0,0.0275
cal.com,apps/web/lib/apps/[slug]/__tests__/parseFrontmatter.test.ts,HIGH,0.9999,0.9999,0.0,1e-04
cal.com,apps/web/lib/d/[link]/[slug]/getServerSideProps.tsx,HIGH,1.0,1.0,0.0,0.0
cal.com,apps/web/lib/reschedule/[uid]/getServerSideProps.ts,HIGH,0.9999,0.9999,0.0,1e-04
cal.com,apps/web/modules/signup-view.test.tsx,MEDIUM,0.9603,0.0397,0.0,0.9603
cal.com,apps/web/modules/test-setup.ts,HIGH,1.0,1.0,0.0,0.0
cal.com,apps/web/modules/signup-view.tsx,HIGH,1.0,1.0,0.0,0.0
cal.com,apps/web/modules/filters/components/FilterResults.tsx,MEDIUM,0.9998,1e-04,1e-04,0.9998
cal.com,apps/web/modules/filters/components/TeamsFilter.tsx,HIGH,1.0,1.0,0.0,0.0
cal.com,apps/web/modules/settings/developer/api-keys-skeleton.tsx,MEDIUM,0.998,1e-04,0.0019,0.998
cal.com,apps/web/modules/settings/developer/oauth-clients-view.tsx,HIGH,0.9988,0.9988,0.0,0.0012
cal.com,apps/web/modules/settings/developer/api-keys-view.tsx,HIGH,1.0,1.0,0.0,0.0
cal.com,apps/web/modules/settings/developer/oauth-clients-skeleton.tsx,MEDIUM,0.9996,0.0002,0.0002,0.9996
cal.com,apps/web/modules/settings/oauth/OAuthClientsList.tsx,MEDIUM,0.9354,0.0646,0.0,0.9354
cal.com,apps/web/modules/settings/oauth/view/OAuthClientDetailsDialog.tsx,HIGH,1.0,1.0,0.0,0.0
cal.com,apps/web/modules/settings/oauth/view/OAuthClientFormFields.tsx,HIGH,0.9967,0.9967,0.0,0.0033
cal.com,apps/web/modules/settings/oauth/create/NewOAuthClientButton.tsx,MEDIUM,0.9971,0.0002,0.0027,0.9971
cal.com,apps/web/modules/settings/oauth/create/OAuthClientPreviewDialog.tsx,HIGH,0.5675,0.5675,0.0,0.4325
cal.com,apps/web/modules/settings/oauth/create/OAuthClientCreateModal.tsx,MEDIUM,0.9162,0.0837,0.0,0.9162
cal.com,apps/web/modules/settings/security/password-view.tsx,HIGH,1.0,1.0,0.0,0.0
cal.com,apps/web/modules/settings/security/two-factor-auth-view.tsx,HIGH,1.0,1.0,0.0,0.0
cal.com,apps/web/modules/settings/admin/locked-sms-view.tsx,MEDIUM,0.9981,0.0019,0.0,0.9981
cal.com,apps/web/modules/settings/admin/oauth-clients-admin-view.tsx,HIGH,0.9976,0.9976,0.0,0.0024
cal.com,apps/web/modules/settings/admin/oauth-clients-admin-skeleton.tsx,MEDIUM,0.9995,0.0002,0.0002,0.9995
cal.com,apps/web/modules/settings/admin/components/UsersTable.tsx,HIGH,0.9957,0.9957,0.0,0.0042
cal.com,apps/web/modules/settings/outOfOffice/CreateOrEditOutOfOfficeModal.tsx,HIGH,1.0,1.0,0.0,0.0
cal.com,apps/web/modules/settings/outOfOffice/types.ts,MEDIUM,0.9944,1e-04,0.0055,0.9944
cal.com,apps/web/modules/settings/outOfOffice/OutOfOfficeEntriesList.tsx,HIGH,1.0,1.0,0.0,0.0
cal.com,apps/web/modules/settings/outOfOffice/CreateNewOutOfOfficeEntryButton.tsx,HIGH,0.9985,0.9985,0.0,0.0015
cal.com,apps/web/modules/settings/outOfOffice/OutOfOfficeToggleGroup.tsx,HIGH,0.9999,0.9999,0.0,1e-04
cal.com,apps/web/modules/settings/components/BookerLayoutSelector.tsx,HIGH,1.0,1.0,0.0,0.0
cal.com,apps/web/modules/settings/components/TimezoneChangeDialog.tsx,HIGH,0.9859,0.9859,0.0,0.0141
cal.com,apps/web/modules/settings/my-account/holidays-view.tsx,HIGH,1.0,1.0,0.0,0.0
cal.com,apps/web/modules/settings/my-account/profile-view.tsx,HIGH,1.0,1.0,0.0,0.0
cal.com,apps/web/modules/settings/my-account/appearance-view.tsx,HIGH,1.0,1.0,0.0,0.0
cal.com,apps/web/modules/settings/my-account/general-view.tsx,HIGH,1.0,1.0,0.0,0.0
cal.com,apps/web/modules/settings/my-account/general-skeleton.tsx,MEDIUM,0.998,1e-04,0.0019,0.998
cal.com,apps/web/modules/settings/my-account/profile-skeleton.tsx,MEDIUM,0.9976,0.0002,0.0022,0.9976
cal.com,apps/web/modules/settings/my-account/appearance-skeleton.tsx,MEDIUM,0.9978,0.0003,0.0019,0.9978
cal.com,apps/web/modules/settings/my-account/push-notifications-view.tsx,MEDIUM,0.9997,1e-04,0.0002,0.9997
cal.com,apps/web/modules/settings/my-account/out-of-office-view.tsx,MEDIUM,0.9961,0.0038,0.0,0.9961
cal.com,apps/web/modules/settings/my-account/components/AddCalendarButton.tsx,MEDIUM,0.9944,1e-04,0.0055,0.9944
cal.com,apps/web/modules/settings/my-account/components/MailIcon.tsx,HIGH,0.6782,0.6782,1e-04,0.3217
cal.com,apps/web/modules/settings/my-account/components/CompanyEmailOrganizationBanner.tsx,MEDIUM,0.9985,0.0015,0.0,0.9985
cal.com,apps/web/modules/calendars/components/SelectedCalendarsSettingsWebWrapper.tsx,HIGH,1.0,1.0,0.0,0.0
cal.com,apps/web/modules/calendars/components/CalendarSwitch.tsx,HIGH,0.9667,0.9667,0.0,0.0333
cal.com,apps/web/modules/calendars/components/AdditionalCalendarSelector.tsx,MEDIUM,0.9969,0.0031,0.0,0.9969
cal.com,apps/web/modules/calendars/weeklyview/components/index.tsx,LOW,0.999,1e-04,0.999,0.0009
cal.com,apps/web/modules/calendars/weeklyview/components/Calendar.tsx,HIGH,1.0,1.0,0.0,0.0
cal.com,apps/web/modules/calendars/weeklyview/components/DateValues/index.tsx,HIGH,1.0,1.0,0.0,0.0
cal.com,apps/web/modules/calendars/weeklyview/components/currentTime/index.tsx,HIGH,0.9901,0.9901,0.0,0.0099
cal.com,apps/web/modules/calendars/weeklyview/components/blocking/BlockedTimeCell.tsx,MEDIUM,0.9832,0.0159,0.0009,0.9832
cal.com,apps/web/modules/calendars/weeklyview/components/blocking/BlockedList.tsx,HIGH,1.0,1.0,0.0,0.0
cal.com,apps/web/modules/calendars/weeklyview/components/heading/index.tsx,LOW,0.999,1e-04,0.999,0.0009
cal.com,apps/web/modules/calendars/weeklyview/components/heading/SchedulerHeading.tsx,HIGH,0.9942,0.9942,0.0,0.0058
cal.com,apps/web/modules/calendars/weeklyview/components/spinner/Spinner.tsx,MEDIUM,0.9795,0.0202,0.0004,0.9795
cal.com,apps/web/modules/calendars/weeklyview/components/horizontalLines/index.tsx,HIGH,0.9963,0.9963,0.0,0.0037
cal.com,apps/web/modules/calendars/weeklyview/components/verticalLines/index.tsx,HIGH,0.996,0.996,0.0,0.004
cal.com,apps/web/modules/calendars/weeklyview/components/event/index.tsx,LOW,0.999,1e-04,0.999,0.0009
cal.com,apps/web/modules/calendars/weeklyview/components/event/Event.tsx,HIGH,1.0,1.0,0.0,0.0
cal.com,apps/web/modules/calendars/weeklyview/components/event/Empty.tsx,HIGH,1.0,1.0,0.0,0.0
cal.com,apps/web/modules/calendars/weeklyview/components/event/EventList.tsx,HIGH,1.0,1.0,0.0,0.0
cal.com,apps/web/modules/calendars/weeklyview/components/grid/index.tsx,MEDIUM,0.9744,0.0254,0.0002,0.9744
cal.com,apps/web/modules/upgrade/upgrade-view.tsx,HIGH,0.9997,0.9997,0.0,0.0003
cal.com,apps/web/modules/timezone/components/TimezoneSelect.tsx,MEDIUM,0.9979,0.0014,0.0007,0.9979
cal.com,apps/web/modules/timezone/components/TimezoneSelect.test.tsx,HIGH,0.998,0.998,0.0,0.002
cal.com,apps/web/modules/embed/components/EventTypeEmbed.tsx,MEDIUM,0.9996,1e-04,0.0003,0.9996
cal.com,apps/web/modules/embed/components/Embed.tsx,HIGH,1.0,1.0,0.0,0.0
cal.com,apps/web/modules/bookings/types.ts,HIGH,0.9998,0.9998,0.0,0.0002
cal.com,apps/web/modules/bookings/components/HavingTroubleFindingTime.tsx,MEDIUM,0.9979,0.0021,0.0,0.9979
cal.com,apps/web/modules/bookings/components/ScrollableWithGradients.tsx,MEDIUM,0.9868,0.0132,0.0,0.9868
cal.com,apps/web/modules/bookings/components/BookingDetailsSheet.tsx,HIGH,1.0,1.0,0.0,0.0
cal.com,apps/web/modules/bookings/components/DecoyBookingSuccessCard.tsx,HIGH,0.9649,0.9649,0.0,0.0351
cal.com,apps/web/modules/bookings/components/DatePicker.tsx,HIGH,0.9978,0.9978,0.0,0.0022
cal.com,apps/web/modules/bookings/components/Booker.test.tsx,HIGH,1.0,1.0,0.0,0.0
cal.com,apps/web/modules/bookings/components/OutOfOfficeInSlots.tsx,HIGH,0.9738,0.9738,0.0,0.0262
cal.com,apps/web/modules/bookings/components/AvailableTimeSlots.tsx,HIGH,1.0,1.0,0.0,0.0
cal.com,apps/web/modules/bookings/components/BookerWebWrapper.tsx,HIGH,1.0,1.0,0.0,0.0
cal.com,apps/web/modules/bookings/components/WeekPicker.tsx,MEDIUM,0.9996,0.0002,0.0002,0.9996
cal.com,apps/web/modules/bookings/components/DatePicker.test.tsx,MEDIUM,0.9931,0.0068,0.0,0.9931
cal.com,apps/web/modules/bookings/components/Booker.tsx,HIGH,1.0,1.0,0.0,0.0
cal.com,apps/web/modules/bookings/components/BookingDetailsSheet.test.tsx,HIGH,0.9874,0.9874,0.0,0.0126
cal.com,apps/web/modules/bookings/components/AvailableTimesHeader.tsx,HIGH,0.5166,0.5166,0.0,0.4834
cal.com,apps/web/modules/bookings/components/LargeCalendar.tsx,HIGH,1.0,1.0,0.0,0.0
cal.com,apps/web/modules/bookings/components/SlotSelectionModalHeader.tsx,HIGH,0.9888,0.9888,0.0,0.0112
cal.com,apps/web/modules/bookings/components/Unavailable.tsx,MEDIUM,0.996,0.0002,0.0038,0.996
cal.com,apps/web/modules/bookings/components/VerifyCodeDialog.tsx,HIGH,1.0,1.0,0.0,0.0
cal.com,apps/web/modules/bookings/components/DryRunMessage.tsx,MEDIUM,0.9996,1e-04,0.0003,0.9996
cal.com,apps/web/modules/bookings/components/AvailableTimes.tsx,HIGH,1.0,1.0,0.0,0.0
cal.com,apps/web/modules/bookings/components/EventMeta.tsx,HIGH,1.0,1.0,0.0,0.0
cal.com,apps/web/modules/bookings/components/BookingListContainer.tsx,HIGH,1.0,1.0,0.0,0.0
cal.com,apps/web/modules/bookings/components/UnconfirmedBookingBadge.tsx,MEDIUM,0.9996,1e-04,0.0003,0.9996
cal.com,apps/web/modules/bookings/components/BookingSuccessCard.tsx,HIGH,0.9649,0.9649,0.0,0.0351
cal.com,apps/web/modules/bookings/components/BookingCalendarView.tsx,HIGH,0.9999,0.9999,0.0,1e-04
cal.com,apps/web/modules/bookings/components/SeatsAvailabilityText.tsx,MEDIUM,0.9995,0.0004,1e-04,0.9995
cal.com,apps/web/modules/bookings/components/BookingList.tsx,MEDIUM,0.9965,0.0027,0.0008,0.9965
cal.com,apps/web/modules/bookings/components/BookingsCsvDownload.tsx,HIGH,0.9697,0.9697,0.0,0.0303
cal.com,apps/web/modules/bookings/components/BookingCalendarContainer.tsx,HIGH,1.0,1.0,0.0,0.0
cal.com,apps/web/modules/bookings/components/ViewToggleButton.tsx,MEDIUM,0.9981,0.0019,0.0,0.9981
cal.com,apps/web/modules/bookings/components/JoinMeetingButton.tsx,MEDIUM,0.9793,0.0207,0.0,0.9793
cal.com,apps/web/modules/bookings/components/useJoinableLocation.tsx,MEDIUM,0.9995,0.0005,0.0,0.9995
cal.com,apps/web/modules/bookings/components/__mocks__/DatePicker.tsx,LOW,0.985,0.0,0.985,0.015
cal.com,apps/web/modules/bookings/components/__mocks__/AvailableTimeSlots.tsx,LOW,0.5277,1e-04,0.5277,0.4723
cal.com,apps/web/modules/bookings/components/__mocks__/Section.tsx,MEDIUM,0.9996,0.0002,0.0003,0.9996
cal.com,apps/web/modules/bookings/components/__mocks__/LargeCalendar.tsx,MEDIUM,0.9941,1e-04,0.0058,0.9941
cal.com,apps/web/modules/bookings/components/__mocks__/DryRunMessage.tsx,LOW,0.5277,1e-04,0.5277,0.4723
cal.com,apps/web/modules/bookings/components/__mocks__/EventMeta.tsx,MEDIUM,0.995,1e-04,0.0048,0.995
cal.com,apps/web/modules/bookings/components/__mocks__/Header.tsx,LOW,0.985,0.0,0.985,0.015
cal.com,apps/web/modules/bookings/components/__mocks__/OverlayCalendar.tsx,MEDIUM,0.9963,1e-04,0.0035,0.9963
cal.com,apps/web/modules/bookings/components/BookEventForm/BookEventForm.tsx,HIGH,1.0,1.0,0.0,0.0
cal.com,apps/web/modules/bookings/components/BookEventForm/BookFormAsModal.tsx,HIGH,0.9649,0.9649,0.0,0.0351
cal.com,apps/web/modules/bookings/components/BookEventForm/BookingFields.tsx,HIGH,1.0,1.0,0.0,0.0
cal.com,apps/web/modules/bookings/components/BookEventForm/index.ts,LOW,1.0,0.0,1.0,0.0
cal.com,apps/web/modules/bookings/components/BookEventForm/Skeleton.tsx,MEDIUM,0.996,0.0002,0.0038,0.996
cal.com,apps/web/modules/bookings/components/event-meta/Title.tsx,MEDIUM,0.9994,1e-04,0.0006,0.9994
cal.com,apps/web/modules/bookings/components/event-meta/Details.tsx,HIGH,1.0,1.0,0.0,0.0
cal.com,apps/web/modules/bookings/components/event-meta/Members.tsx,HIGH,1.0,1.0,0.0,0.0
cal.com,apps/web/modules/bookings/components/event-meta/Locations.tsx,MEDIUM,0.5209,0.4791,0.0,0.5209
cal.com,apps/web/modules/bookings/components/event-meta/index.ts,LOW,0.5277,1e-04,0.5277,0.4723
cal.com,apps/web/modules/bookings/components/event-meta/Duration.tsx,HIGH,0.9986,0.9986,0.0,0.0014
cal.com,apps/web/modules/bookings/components/event-meta/Occurences.tsx,HIGH,0.995,0.995,0.0,0.005
cal.com,apps/web/modules/bookings/components/event-meta/Skeleton.tsx,MEDIUM,0.9993,1e-04,0.0006,0.9993
cal.com,apps/web/modules/bookings/components/event-meta/AvailableEventLocations.tsx,HIGH,0.9633,0.9633,0.0,0.0367
cal.com,apps/web/modules/bookings/components/event-meta/PriceIcon.tsx,MEDIUM,0.97,1e-04,0.0299,0.97
cal.com,apps/web/modules/bookings/components/OverlayCalendar/OverlayCalendarContinueModal.tsx,MEDIUM,0.9973,0.0004,0.0023,0.9973
cal.com,apps/web/modules/bookings/components/OverlayCalendar/OverlayCalendarSwitch.tsx,MEDIUM,0.987,0.013,0.0,0.987
cal.com,apps/web/modules/bookings/components/OverlayCalendar/OverlayCalendar.tsx,MEDIUM,0.9841,0.0159,0.0,0.9841
cal.com,apps/web/modules/bookings/components/OverlayCalendar/OverlayCalendarSettingsModal.tsx,HIGH,0.9874,0.9874,0.0,0.0126
cal.com,apps/web/modules/bookings/hooks/useSkipConfirmStep.ts,HIGH,0.9997,0.9997,0.0,0.0003
cal.com,apps/web/modules/bookings/hooks/useCalendarAutoSelector.ts,MEDIUM,0.5697,0.4302,0.0,0.5697
cal.com,apps/web/modules/bookings/hooks/useBookings.ts,HIGH,1.0,1.0,0.0,0.0
cal.com,apps/web/modules/bookings/hooks/useActiveSegmentFromUrl.ts,MEDIUM,0.9995,1e-04,0.0004,0.9995
cal.com,apps/web/modules/bookings/hooks/useListAutoSelector.ts,MEDIUM,0.9997,0.0002,1e-04,0.9997
cal.com,apps/web/modules/bookings/hooks/useVerifyCode.ts,HIGH,0.9998,0.9998,0.0,0.0002
cal.com,apps/web/modules/bookings/hooks/useBookingStatusTab.ts,MEDIUM,0.9866,0.0134,0.0,0.9866
cal.com,apps/web/modules/bookings/hooks/useListNavigationCapabilities.ts,MEDIUM,0.9917,0.0083,0.0,0.9917
cal.com,apps/web/modules/bookings/hooks/useDecoyBooking.ts,MEDIUM,0.9997,1e-04,0.0002,0.9997
cal.com,apps/web/modules/bookings/hooks/useBookingListData.ts,HIGH,0.9784,0.9784,0.0,0.0216
cal.com,apps/web/modules/bookings/hooks/useActiveFiltersValidator.test.ts,HIGH,0.9894,0.9894,0.0,0.0106
cal.com,apps/web/modules/bookings/hooks/useBookingListColumns.tsx,HIGH,0.9963,0.9963,0.0,0.0037
cal.com,apps/web/modules/bookings/hooks/useBookingCursor.ts,MEDIUM,0.9994,0.0005,0.0,0.9994
cal.com,apps/web/modules/bookings/hooks/useNearestPastBooking.ts,MEDIUM,0.9992,0.0008,0.0,0.9992
cal.com,apps/web/modules/bookings/hooks/useFacetedUniqueValues.ts,HIGH,0.9999,0.9999,0.0,1e-04
cal.com,apps/web/modules/bookings/hooks/useCalendarAllowedFilters.ts,MEDIUM,0.9996,0.0003,1e-04,0.9996
cal.com,apps/web/modules/bookings/hooks/useSlots.ts,HIGH,0.9965,0.9965,0.0,0.0035
cal.com,apps/web/modules/bookings/hooks/useNearestFutureBooking.ts,MEDIUM,0.9988,0.0012,0.0,0.9988
cal.com,apps/web/modules/bookings/hooks/useCurrentWeekStart.ts,MEDIUM,0.9996,0.0003,0.0002,0.9996
cal.com,apps/web/modules/bookings/hooks/useEventTypes.ts,MEDIUM,0.9868,0.0132,0.0,0.9868
cal.com,apps/web/modules/bookings/hooks/useBookingCalendarData.ts,MEDIUM,0.9286,0.0714,0.0,0.9286
cal.com,apps/web/modules/bookings/hooks/useBookingFilters.ts,MEDIUM,0.9998,0.0002,1e-04,0.9998
cal.com,apps/web/modules/bookings/hooks/useOverlayCalendar.ts,MEDIUM,0.8272,0.1728,0.0,0.8272
cal.com,apps/web/modules/bookings/hooks/useCalendars.ts,MEDIUM,0.845,0.1549,0.0,0.845
cal.com,apps/web/modules/bookings/hooks/useSwitchToCorrectStatusTab.ts,HIGH,0.9448,0.9448,0.0,0.0552
cal.com,apps/web/modules/bookings/hooks/usePaymentStatus.ts,MEDIUM,0.7403,0.2597,0.0,0.7403
cal.com,apps/web/modules/bookings/hooks/useIsQuickAvailabilityCheckFeatureEnabled.ts,MEDIUM,0.9941,1e-04,0.0058,0.9941
cal.com,apps/web/modules/bookings/hooks/useActiveFiltersValidator.ts,HIGH,1.0,1.0,0.0,0.0
cal.com,apps/web/modules/bookings/hooks/useCalendarNavigationCapabilities.ts,HIGH,0.9684,0.9684,0.0,0.0316
cal.com,apps/web/modules/bookings/hooks/useBookingsView.ts,HIGH,0.9192,0.9192,0.0,0.0808
cal.com,apps/web/modules/bookings/hooks/useSelectedBookingUid.ts,MEDIUM,0.9989,1e-04,0.001,0.9989
cal.com,apps/web/modules/bookings/hooks/useVerifyEmail.ts,HIGH,0.9999,0.9999,0.0,1e-04
cal.com,apps/web/modules/bookings/hooks/useSelectedBookingId.ts,MEDIUM,0.9998,1e-04,0.0002,0.9998
cal.com,apps/web/modules/bookings/lib/buildBookingLink.ts,MEDIUM,0.9997,1e-04,0.0002,0.9997
cal.com,apps/web/modules/bookings/lib/bookingSheetKeyboardHandler.ts,MEDIUM,0.5973,0.4027,0.0,0.5973
cal.com,apps/web/modules/bookings/lib/bookingSheetKeyboardHandler.test.ts,HIGH,0.9999,0.9999,0.0,1e-04
cal.com,apps/web/modules/bookings/lib/weekUtils.ts,MEDIUM,0.9084,1e-04,0.0916,0.9084
cal.com,apps/web/modules/bookings/lib/constants.ts,LOW,1.0,0.0,1.0,0.0
cal.com,apps/web/modules/bookings/lib/validStatuses.ts,LOW,0.9998,0.0,0.9998,0.0002
cal.com,apps/web/modules/bookings/columns/filterColumns.ts,HIGH,0.974,0.974,0.0,0.026
cal.com,apps/web/modules/bookings/views/bookings-single-view.tsx,HIGH,1.0,1.0,0.0,0.0
cal.com,apps/web/modules/bookings/views/bookings-single-view.getServerSideProps.tsx,HIGH,1.0,1.0,0.0,0.0
cal.com,apps/web/modules/bookings/views/booking-dry-run-success-view.tsx,MEDIUM,0.9991,0.0009,0.0,0.9991
cal.com,apps/web/modules/bookings/views/bookings-view.tsx,HIGH,0.9992,0.9992,0.0,0.0008
cal.com,apps/web/modules/bookings/store/bookingDetailsSheetStore.tsx,HIGH,0.9997,0.9997,0.0,0.0003
cal.com,apps/web/modules/auth/signin-view.tsx,MEDIUM,0.9994,1e-04,0.0005,0.9994
cal.com,apps/web/modules/auth/setup-view.tsx,HIGH,0.9996,0.9996,0.0,0.0004
cal.com,apps/web/modules/auth/verify-email-change-view.tsx,MEDIUM,0.9994,0.0005,1e-04,0.9994
cal.com,apps/web/modules/auth/verify-email-view.tsx,HIGH,0.9999,0.9999,0.0,1e-04
cal.com,apps/web/modules/auth/verify-view.tsx,HIGH,1.0,1.0,0.0,0.0
cal.com,apps/web/modules/auth/logout-view.tsx,MEDIUM,0.9631,0.0369,0.0,0.9631
cal.com,apps/web/modules/auth/login-view.tsx,HIGH,1.0,1.0,0.0,0.0
cal.com,apps/web/modules/auth/oauth2/authorize-view.tsx,HIGH,1.0,1.0,0.0,0.0
cal.com,apps/web/modules/auth/components/Turnstile.tsx,MEDIUM,0.9839,1e-04,0.016,0.9839
cal.com,apps/web/modules/auth/hooks/useRedirectToLoginIfUnauthenticated.tsx,MEDIUM,0.9996,0.0003,1e-04,0.9996
cal.com,apps/web/modules/auth/hooks/useLastUsed.tsx,HIGH,0.9069,0.9069,0.0,0.0931
cal.com,apps/web/modules/auth/hooks/useRedirectToOnboardingIfNeeded.tsx,MEDIUM,0.9589,0.0411,0.0,0.9589
cal.com,apps/web/modules/auth/forgot-password/forgot-password-view.tsx,HIGH,1.0,1.0,0.0,0.0
cal.com,apps/web/modules/auth/forgot-password/[id]/forgot-password-single-view.tsx,HIGH,0.9987,0.9987,0.0,0.0013
cal.com,apps/web/modules/event-types/components/MultiplePrivateLinksController.tsx,HIGH,1.0,1.0,0.0,0.0
cal.com,apps/web/modules/event-types/components/EventTypeWebWrapper.tsx,HIGH,1.0,1.0,0.0,0.0
cal.com,apps/web/modules/event-types/components/DuplicateDialog.tsx,HIGH,1.0,1.0,0.0,0.0
cal.com,apps/web/modules/event-types/components/EventTypeDescription.tsx,HIGH,1.0,1.0,0.0,0.0
cal.com,apps/web/modules/event-types/components/CheckedUserSelect.tsx,MEDIUM,0.9955,0.0045,0.0,0.9955
cal.com,apps/web/modules/event-types/components/EmptyPage.tsx,MEDIUM,0.9973,0.0004,0.0023,0.9973
cal.com,apps/web/modules/event-types/components/SkeletonLoader.tsx,MEDIUM,0.9929,0.0069,0.0002,0.9929
cal.com,apps/web/modules/event-types/components/MultiDropdownSelect.tsx,MEDIUM,0.9929,0.007,0.0,0.9929
cal.com,apps/web/modules/event-types/components/CreateEventTypeDialog.tsx,HIGH,1.0,1.0,0.0,0.0
cal.com,apps/web/modules/event-types/components/AddVerifiedEmail.tsx,MEDIUM,0.9731,0.0269,0.0,0.9731
cal.com,apps/web/modules/event-types/components/index.ts,LOW,0.5277,1e-04,0.5277,0.4723
cal.com,apps/web/modules/event-types/components/EventType.tsx,HIGH,0.9998,0.9998,0.0,0.0002
cal.com,apps/web/modules/event-types/components/EventTypeLayout.tsx,HIGH,1.0,1.0,0.0,0.0
cal.com,apps/web/modules/event-types/components/tabs/advanced/EventAdvancedTab.tsx,HIGH,1.0,1.0,0.0,0.0
cal.com,apps/web/modules/event-types/components/tabs/advanced/DisableAllEmailsSetting.tsx,HIGH,0.9757,0.9757,0.0,0.0243
cal.com,apps/web/modules/event-types/components/tabs/advanced/DisableReschedulingController.tsx,HIGH,1.0,1.0,0.0,0.0
cal.com,apps/web/modules/event-types/components/tabs/advanced/RequiresConfirmationController.tsx,HIGH,1.0,1.0,0.0,0.0
cal.com,apps/web/modules/event-types/components/tabs/advanced/FormBuilder.test.tsx,HIGH,1.0,1.0,0.0,0.0
cal.com,apps/web/modules/event-types/components/tabs/advanced/CustomEventTypeModal.tsx,HIGH,1.0,1.0,0.0,0.0
cal.com,apps/web/modules/event-types/components/tabs/advanced/EventAdvancedWebWrapper.tsx,HIGH,0.922,0.922,0.0,0.078
cal.com,apps/web/modules/event-types/components/tabs/advanced/FormBuilder.tsx,HIGH,1.0,1.0,0.0,0.0
cal.com,apps/web/modules/event-types/components/tabs/setup/EventSetupTabWebWrapper.tsx,HIGH,0.9966,0.9966,0.0,0.0034
cal.com,apps/web/modules/event-types/components/tabs/setup/EventSetupTab.tsx,HIGH,1.0,1.0,0.0,0.0
cal.com,apps/web/modules/event-types/components/tabs/limits/EventLimitsTabWebWrapper.tsx,LOW,0.5277,1e-04,0.5277,0.4723
cal.com,apps/web/modules/event-types/components/tabs/availability/EventAvailabilityTabWebWrapper.tsx,HIGH,1.0,1.0,0.0,0.0
cal.com,apps/web/modules/event-types/components/tabs/availability/EventAvailabilityTab.tsx,HIGH,1.0,1.0,0.0,0.0
cal.com,apps/web/modules/event-types/components/tabs/webhooks/EventWebhooksTab.tsx,HIGH,1.0,1.0,0.0,0.0
cal.com,apps/web/modules/event-types/components/tabs/apps/EventAppsTab.tsx,HIGH,1.0,1.0,0.0,0.0
cal.com,apps/web/modules/event-types/components/tabs/recurring/EventRecurringWebWrapper.tsx,LOW,0.5277,1e-04,0.5277,0.4723
cal.com,apps/web/modules/event-types/components/locations/LocationInput.tsx,MEDIUM,0.8141,0.1859,0.0,0.8141
cal.com,apps/web/modules/event-types/components/locations/DefaultLocationSettings.tsx,HIGH,0.9451,0.9451,0.0,0.0549
cal.com,apps/web/modules/event-types/components/locations/Locations.tsx,HIGH,1.0,1.0,0.0,0.0
cal.com,apps/web/modules/event-types/components/locations/LocationSettingsContainer.tsx,MEDIUM,0.9876,1e-04,0.0123,0.9876
cal.com,apps/web/modules/event-types/components/locations/HostLocations.tsx,HIGH,1.0,1.0,0.0,0.0
cal.com,apps/web/modules/event-types/components/locations/CalVideoSettings.tsx,HIGH,1.0,1.0,0.0,0.0
cal.com,apps/web/modules/event-types/components/dialogs/AssignmentWarningDialog.tsx,MEDIUM,0.9974,0.0018,0.0008,0.9974
cal.com,apps/web/modules/event-types/components/dialogs/DeleteDialog.tsx,MEDIUM,0.9995,0.0004,1e-04,0.9995
cal.com,apps/web/modules/event-types/hooks/useCreateEventType.ts,MEDIUM,0.9985,0.0015,0.0,0.9985
cal.com,apps/web/modules/event-types/views/event-types-listing-view.tsx,HIGH,1.0,1.0,0.0,0.0
cal.com,apps/web/modules/shell/Shell.tsx,HIGH,0.9999,0.9999,0.0,1e-04
cal.com,apps/web/modules/shell/Kbar.tsx,HIGH,1.0,1.0,0.0,0.0
cal.com,apps/web/modules/shell/DynamicModals.tsx,MEDIUM,0.5576,0.4423,1e-04,0.5576
cal.com,apps/web/modules/shell/UpgradeTip.tsx,HIGH,0.9992,0.9992,0.0,0.0008
cal.com,apps/web/modules/shell/useBottomNavItems.ts,HIGH,1.0,1.0,0.0,0.0
cal.com,apps/web/modules/shell/SideBar.tsx,HIGH,1.0,1.0,0.0,0.0
cal.com,apps/web/modules/shell/TopNav.tsx,MEDIUM,0.9991,0.0008,1e-04,0.9991
cal.com,apps/web/modules/shell/useAppTheme.ts,MEDIUM,0.9997,1e-04,0.0002,0.9997
cal.com,apps/web/modules/shell/user-dropdown/UserDropdown.tsx,HIGH,1.0,1.0,0.0,0.0
cal.com,apps/web/modules/shell/user-dropdown/ProfileDropdown.tsx,HIGH,1.0,1.0,0.0,0.0
cal.com,apps/web/modules/shell/user-dropdown/UserDropdown.test.tsx,HIGH,0.9996,0.9996,0.0,0.0004
cal.com,apps/web/modules/shell/navigation/NavigationItem.tsx,HIGH,1.0,1.0,0.0,0.0
cal.com,apps/web/modules/shell/navigation/useMobileMoreItems.ts,HIGH,0.984,0.984,0.0,0.016
cal.com,apps/web/modules/shell/navigation/Navigation.tsx,HIGH,1.0,1.0,0.0,0.0
cal.com,apps/web/modules/shell/navigation/useShouldDisplayNavigationItem.ts,MEDIUM,0.9839,1e-04,0.016,0.9839
cal.com,apps/web/modules/shell/banners/useBanners.ts,HIGH,0.9995,0.9995,0.0,0.0005
cal.com,apps/web/modules/shell/banners/LayoutBanner.tsx,HIGH,1.0,1.0,0.0,0.0
cal.com,apps/web/modules/shell/components/WelcomeToCalcomModal.tsx,HIGH,0.9984,0.9984,0.0,0.0016
cal.com,apps/web/modules/shell/hooks/useWelcomeToCalcomModal.ts,MEDIUM,0.9993,0.0006,0.0,0.9993
cal.com,apps/web/modules/feature-flags/components/FlagAdminList.tsx,MEDIUM,0.957,0.043,0.0,0.957
cal.com,apps/web/modules/feature-flags/components/AssignFeatureSheet.tsx,HIGH,0.9999,0.9999,0.0,1e-04
cal.com,apps/web/modules/feature-flags/hooks/useFlags.ts,HIGH,0.9085,0.9085,1e-04,0.0914
cal.com,apps/web/modules/feature-flags/views/flag-listing-view.tsx,MEDIUM,0.9961,0.0002,0.0037,0.9961
cal.com,apps/web/modules/api-keys/api-keys/components/ApiKeyListItem.tsx,HIGH,0.9997,0.9997,0.0,0.0003
cal.com,apps/web/modules/api-keys/api-keys/components/ApiKeyDialogForm.tsx,HIGH,1.0,1.0,0.0,0.0
cal.com,apps/web/modules/schedules/components/date-override-list.test.tsx,MEDIUM,0.9804,0.0194,1e-04,0.9804
cal.com,apps/web/modules/schedules/components/Schedule.tsx,MEDIUM,0.9992,1e-04,0.0006,0.9992
cal.com,apps/web/modules/schedules/components/NewScheduleButton.tsx,HIGH,1.0,1.0,0.0,0.0
cal.com,apps/web/modules/schedules/hooks/useNonEmptyScheduleDays.ts,MEDIUM,0.9998,0.0002,1e-04,0.9998
cal.com,apps/web/modules/schedules/hooks/useApiV2AvailableSlots.ts,MEDIUM,0.9988,0.0011,0.0,0.9988
cal.com,apps/web/modules/schedules/hooks/useSlotsForDate.ts,MEDIUM,0.9991,0.0009,0.0,0.9991
cal.com,apps/web/modules/schedules/hooks/useSchedule.ts,HIGH,1.0,1.0,0.0,0.0
cal.com,apps/web/modules/schedules/hooks/useEvent.ts,HIGH,1.0,1.0,0.0,0.0
cal.com,apps/web/modules/schedules/lib/types.ts,LOW,0.985,0.0,0.985,0.015
cal.com,apps/web/modules/connect-and-join/connect-and-join-view.tsx,HIGH,0.8434,0.8434,0.0,0.1566
cal.com,apps/web/modules/more/more-page-view.tsx,MEDIUM,0.995,1e-04,0.0048,0.995
cal.com,apps/web/modules/blocklist/index.ts,MEDIUM,0.9111,1e-04,0.0888,0.9111
cal.com,apps/web/modules/blocklist/components/BlocklistEntryDetailsSheet.tsx,HIGH,0.9997,0.9997,0.0,0.0003
cal.com,apps/web/modules/blocklist/components/PendingReportsColumns.tsx,HIGH,0.9972,0.9972,0.0,0.0028
cal.com,apps/web/modules/blocklist/components/PendingReportsTable.tsx,HIGH,0.5538,0.5538,0.0,0.4462
cal.com,apps/web/modules/blocklist/components/PendingReportsBadge.tsx,MEDIUM,0.9992,1e-04,0.0008,0.9992
cal.com,apps/web/modules/blocklist/components/BookingReportDetailsModal.tsx,HIGH,0.9998,0.9998,0.0,0.0002
cal.com,apps/web/modules/blocklist/components/BlockedEntriesTable.tsx,HIGH,1.0,1.0,0.0,0.0
cal.com,apps/web/modules/blocklist/components/CreateBlocklistEntryModal.tsx,HIGH,0.9977,0.9977,0.0,0.0023
cal.com,apps/web/modules/blocklist/components/BlockedEntriesColumns.tsx,HIGH,0.9976,0.9976,0.0,0.0024
cal.com,apps/web/modules/booking-audit/components/BookingHistory.tsx,HIGH,1.0,1.0,0.0,0.0
cal.com,apps/web/modules/booking-audit/components/BookingHistoryPage.tsx,MEDIUM,0.9839,1e-04,0.016,0.9839
cal.com,apps/web/modules/videos/button-states.ts,MEDIUM,0.9967,0.0032,0.0,0.9967
cal.com,apps/web/modules/videos/cal-video-premium-features.tsx,HIGH,1.0,1.0,0.0,0.0
cal.com,apps/web/modules/videos/__tests__/cal-video-premium-features.test.tsx,HIGH,0.9949,0.9949,0.0,0.0051
cal.com,apps/web/modules/videos/views/videos-meeting-not-started-single-view.tsx,MEDIUM,0.9977,0.0003,0.002,0.9977
cal.com,apps/web/modules/videos/views/videos-single-view.tsx,HIGH,1.0,1.0,0.0,0.0
cal.com,apps/web/modules/videos/views/videos-no-meeting-found-single-view.tsx,MEDIUM,0.9971,0.0002,0.0027,0.9971
cal.com,apps/web/modules/videos/views/videos-meeting-ended-single-view.tsx,MEDIUM,0.9968,0.0025,0.0008,0.9968
cal.com,apps/web/modules/getting-started/[[...step]]/onboarding-view.tsx,HIGH,1.0,1.0,0.0,0.0
cal.com,apps/web/modules/troubleshooter/components/TroubleshooterSidebar.tsx,MEDIUM,0.9978,0.0003,0.0019,0.9978
cal.com,apps/web/modules/troubleshooter/components/ConnectedAppsContainer.tsx,MEDIUM,0.9976,0.0003,0.0021,0.9976
cal.com,apps/web/modules/troubleshooter/components/TroubleshooterHeader.tsx,MEDIUM,0.9627,0.0372,0.0,0.9627
cal.com,apps/web/modules/troubleshooter/components/CalendarToggleContainer.tsx,MEDIUM,0.9997,1e-04,0.0003,0.9997
cal.com,apps/web/modules/troubleshooter/components/AvailabilitySchedulesContainer.tsx,MEDIUM,0.9977,0.0003,0.002,0.9977
cal.com,apps/web/modules/troubleshooter/components/LargeCalendar.tsx,HIGH,1.0,1.0,0.0,0.0
cal.com,apps/web/modules/troubleshooter/components/EventTypeSelect.tsx,MEDIUM,0.97,1e-04,0.0299,0.97
cal.com,apps/web/modules/troubleshooter/components/Troubleshooter.tsx,MEDIUM,0.9985,0.0015,0.0,0.9985
cal.com,apps/web/modules/troubleshooter/components/EventScheduleItem.tsx,MEDIUM,0.9995,0.0004,1e-04,0.9995
cal.com,apps/web/modules/form-builder/components/FormBuilderField.test.tsx,MEDIUM,0.9969,0.0026,0.0005,0.9969
cal.com,apps/web/modules/form-builder/components/Components.tsx,HIGH,1.0,1.0,0.0,0.0
cal.com,apps/web/modules/form-builder/components/FormBuilderField.tsx,HIGH,1.0,1.0,0.0,0.0
cal.com,apps/web/modules/users/components/UsersTable.tsx,HIGH,1.0,1.0,0.0,0.0
cal.com,apps/web/modules/users/components/AdminPasswordBanner.test.tsx,HIGH,1.0,1.0,0.0,0.0
cal.com,apps/web/modules/users/components/UserForm.tsx,HIGH,1.0,1.0,0.0,0.0
cal.com,apps/web/modules/users/components/CalendarCredentialBanner.tsx,HIGH,0.9735,0.9735,0.0,0.0265
cal.com,apps/web/modules/users/components/VerifyEmailBanner.tsx,MEDIUM,0.9997,0.0002,1e-04,0.9997
cal.com,apps/web/modules/users/components/AdminPasswordBanner.tsx,HIGH,1.0,1.0,0.0,0.0
cal.com,apps/web/modules/users/components/InvalidAppCredentialsBanner.tsx,HIGH,0.9981,0.9981,0.0,0.0019
cal.com,apps/web/modules/users/components/UserTable/InviteMemberModal.tsx,HIGH,1.0,1.0,0.0,0.0
cal.com,apps/web/modules/users/components/UserTable/UserListTableSkeleton.tsx,MEDIUM,0.9977,0.0006,0.0017,0.9977
cal.com,apps/web/modules/users/components/UserTable/UserTableActions.tsx,HIGH,1.0,1.0,0.0,0.0
cal.com,apps/web/modules/users/components/UserTable/PlatformManagedUsersTable.tsx,HIGH,1.0,1.0,0.0,0.0
cal.com,apps/web/modules/users/components/UserTable/UserListTable.tsx,HIGH,1.0,1.0,0.0,0.0
cal.com,apps/web/modules/users/components/UserTable/types.ts,HIGH,0.9999,0.9999,0.0,1e-04
cal.com,apps/web/modules/users/components/UserTable/DeleteMemberModal.tsx,HIGH,1.0,1.0,0.0,0.0
cal.com,apps/web/modules/users/components/UserTable/ChangeUserRoleModal.tsx,HIGH,0.9467,0.9467,0.0,0.0533
cal.com,apps/web/modules/users/components/UserTable/EditSheet/EditUserSheet.tsx,HIGH,1.0,1.0,0.0,0.0
cal.com,apps/web/modules/users/components/UserTable/EditSheet/SheetFooterControls.tsx,MEDIUM,0.9906,0.0094,0.0,0.9906
cal.com,apps/web/modules/users/components/UserTable/EditSheet/DisplayInfo.tsx,MEDIUM,0.9193,0.0807,0.0,0.9193
cal.com,apps/web/modules/users/components/UserTable/EditSheet/EditUserForm.tsx,HIGH,1.0,1.0,0.0,0.0
cal.com,apps/web/modules/users/components/UserTable/EditSheet/OrganizationBanner.tsx,HIGH,0.9501,0.9501,0.0,0.0499
cal.com,apps/web/modules/users/components/UserTable/EditSheet/store.ts,MEDIUM,0.9945,1e-04,0.0054,0.9945
cal.com,apps/web/modules/users/components/UserTable/BulkActions/DynamicLink.tsx,HIGH,0.9996,0.9996,0.0,0.0004
cal.com,apps/web/modules/users/components/UserTable/BulkActions/DeleteBulkUsers.tsx,HIGH,0.9997,0.9997,0.0,0.0003
cal.com,apps/web/modules/users/components/UserTable/BulkActions/EventTypesList.tsx,HIGH,1.0,1.0,0.0,0.0
cal.com,apps/web/modules/users/lib/UserListTableUtils.test.ts,HIGH,1.0,1.0,0.0,0.0
cal.com,apps/web/modules/users/lib/UserListTableUtils.ts,HIGH,1.0,1.0,0.0,0.0
cal.com,apps/web/modules/users/views/users-edit-view.tsx,HIGH,1.0,1.0,0.0,0.0
cal.com,apps/web/modules/users/views/users-add-view.tsx,HIGH,1.0,1.0,0.0,0.0
cal.com,apps/web/modules/users/views/users-listing-view.tsx,HIGH,0.6931,0.6931,0.0,0.3069
cal.com,apps/web/modules/users/views/users-public-view.test.tsx,HIGH,0.9999,0.9999,0.0,1e-04
cal.com,apps/web/modules/users/views/users-public-view.tsx,HIGH,0.9981,0.9981,0.0,0.0019
cal.com,apps/web/modules/users/views/users-type-public-view.tsx,MEDIUM,0.9984,0.0015,0.0,0.9984
cal.com,apps/web/modules/availability/availability-view.tsx,HIGH,1.0,1.0,0.0,0.0
cal.com,apps/web/modules/availability/troubleshoot/troubleshoot-view.tsx,MEDIUM,0.9962,0.0002,0.0036,0.9962
cal.com,apps/web/modules/availability/[schedule]/schedule-view.tsx,HIGH,0.9952,0.9952,0.0,0.0048
cal.com,apps/web/modules/maintenance/maintenance-view.tsx,MEDIUM,0.9952,1e-04,0.0047,0.9952
cal.com,apps/web/modules/formbricks/hooks/useFormbricks.ts,MEDIUM,0.9781,0.0219,0.0,0.9781
cal.com,apps/web/modules/formbricks/lib/trackFormbricksAction.ts,MEDIUM,0.9989,1e-04,0.001,0.9989
cal.com,apps/web/modules/webhooks/components/WebhookVersionCTA.tsx,HIGH,1.0,1.0,0.0,0.0
cal.com,apps/web/modules/webhooks/components/WebhookTestDisclosure.tsx,HIGH,1.0,1.0,0.0,0.0
cal.com,apps/web/modules/webhooks/components/WebhookForm.tsx,HIGH,1.0,1.0,0.0,0.0
cal.com,apps/web/modules/webhooks/components/index.ts,MEDIUM,0.7845,0.2101,0.0053,0.7845
cal.com,apps/web/modules/webhooks/components/CreateNewWebhookButton.tsx,HIGH,1.0,1.0,0.0,0.0
cal.com,apps/web/modules/webhooks/components/WebhookListItem.tsx,HIGH,1.0,1.0,0.0,0.0
cal.com,apps/web/modules/webhooks/components/dialogs/DeleteWebhookDialog.tsx,HIGH,1.0,1.0,0.0,0.0
cal.com,apps/web/modules/webhooks/views/webhook-new-view.tsx,HIGH,1.0,1.0,0.0,0.0
cal.com,apps/web/modules/webhooks/views/webhook-form-skeleton.tsx,HIGH,1.0,1.0,0.0,0.0
cal.com,apps/web/modules/webhooks/views/webhook-form-header.tsx,HIGH,1.0,1.0,0.0,0.0
cal.com,apps/web/modules/webhooks/views/webhooks-header.tsx,HIGH,0.9995,0.9995,0.0,0.0005
cal.com,apps/web/modules/webhooks/views/webhooks-skeleton.tsx,HIGH,1.0,1.0,0.0,0.0
cal.com,apps/web/modules/webhooks/views/webhooks-view.tsx,HIGH,1.0,1.0,0.0,0.0
cal.com,apps/web/modules/webhooks/views/webhook-edit-view.tsx,HIGH,1.0,1.0,0.0,0.0
cal.com,apps/web/modules/webhooks/views/webhook-test-header.tsx,HIGH,0.9993,0.9993,0.0,0.0007
cal.com,apps/web/modules/apps/apps-view.tsx,MEDIUM,0.9974,0.0026,0.0,0.9974
cal.com,apps/web/modules/apps/installed/[category]/installed-category-view.tsx,HIGH,1.0,1.0,0.0,0.0
cal.com,apps/web/modules/apps/installation/[[...step]]/step-view.tsx,HIGH,1.0,1.0,0.0,0.0
cal.com,apps/web/modules/apps/installation/[[...step]]/constants.ts,LOW,0.5277,1e-04,0.5277,0.4723
cal.com,apps/web/modules/apps/components/_storybookData.ts,HIGH,0.9954,0.9954,0.0,0.0046
cal.com,apps/web/modules/apps/components/Slider.tsx,MEDIUM,0.9265,0.0735,0.0,0.9265
cal.com,apps/web/modules/apps/components/appCard.test.tsx,HIGH,0.9972,0.9972,0.0,0.0028
cal.com,apps/web/modules/apps/components/AllApps.tsx,HIGH,1.0,1.0,0.0,0.0
cal.com,apps/web/modules/apps/components/AppListCardWebWrapper.tsx,MEDIUM,0.9985,0.0015,0.0,0.9985
cal.com,apps/web/modules/apps/components/SkeletonLoader.tsx,MEDIUM,0.9973,0.0004,0.0023,0.9973
cal.com,apps/web/modules/apps/components/RecentAppsSlider.tsx,MEDIUM,0.9996,0.0003,1e-04,0.9996
cal.com,apps/web/modules/apps/components/AppCard.tsx,HIGH,1.0,1.0,0.0,0.0
cal.com,apps/web/modules/apps/components/DisconnectIntegration.tsx,MEDIUM,0.9994,0.0006,0.0,0.9994
cal.com,apps/web/modules/apps/components/PopularAppsSlider.tsx,MEDIUM,0.9997,1e-04,0.0002,0.9997
cal.com,apps/web/modules/apps/components/index.ts,MEDIUM,0.8404,1e-04,0.1595,0.8404
cal.com,apps/web/modules/apps/components/AdminAppsList.tsx,HIGH,1.0,1.0,0.0,0.0
cal.com,apps/web/modules/apps/components/CredentialActionsDropdown.tsx,MEDIUM,0.957,0.043,0.0,0.957
cal.com,apps/web/modules/apps/components/ConferencingAppsViewWebWrapper.tsx,HIGH,1.0,1.0,0.0,0.0
cal.com,apps/web/modules/apps/components/Categories.tsx,MEDIUM,0.9984,0.0016,0.0,0.9984
cal.com,apps/web/modules/apps/categories/categories-view.tsx,MEDIUM,0.9994,0.0004,1e-04,0.9994
cal.com,apps/web/modules/apps/categories/[category]/category-view.tsx,MEDIUM,0.9982,0.0018,0.0,0.9982
cal.com,apps/web/modules/apps/[slug]/slug-view.tsx,HIGH,0.9985,0.9985,0.0,0.0015
cal.com,apps/web/modules/apps/[slug]/setup/setup-view.tsx,MEDIUM,0.9996,0.0002,0.0002,0.9996
cal.com,apps/web/modules/calendar-view/components/LargeCalendar.tsx,HIGH,1.0,1.0,0.0,0.0
cal.com,apps/web/modules/d/[link]/d-type-view.tsx,MEDIUM,0.9973,0.0004,0.0023,0.9973
cal.com,apps/web/modules/notifications/components/WebPushContext.tsx,HIGH,0.9827,0.9827,0.0,0.0173
cal.com,apps/web/modules/notifications/hooks/useWebPush.ts,MEDIUM,0.9963,1e-04,0.0036,0.9963
cal.com,apps/web/modules/onboarding/personal/settings/personal-settings-view.tsx,HIGH,1.0,1.0,0.0,0.0
cal.com,apps/web/modules/onboarding/personal/calendar/personal-calendar-view.tsx,HIGH,0.9839,0.9839,0.0,0.0161
cal.com,apps/web/modules/onboarding/personal/_components/OnboardingCard.tsx,MEDIUM,0.9996,0.0002,0.0002,0.9996
cal.com,apps/web/modules/onboarding/personal/_components/OnboardingLayout.tsx,MEDIUM,0.9992,0.0007,1e-04,0.9992
cal.com,apps/web/modules/onboarding/personal/_components/useAppInstallation.ts,MEDIUM,0.9996,0.0004,0.0,0.9996
cal.com,apps/web/modules/onboarding/personal/_components/SkipButton.tsx,MEDIUM,0.9963,1e-04,0.0035,0.9963
cal.com,apps/web/modules/onboarding/personal/_components/InstallableAppCard.tsx,MEDIUM,0.9641,0.0358,0.0,0.9641
cal.com,apps/web/modules/onboarding/components/OnboardingCard.tsx,HIGH,0.9998,0.9998,0.0,0.0002
cal.com,apps/web/modules/onboarding/components/EmailInviteForm.tsx,HIGH,0.9609,0.9609,0.0,0.0391
cal.com,apps/web/modules/onboarding/components/OnboardingLayout.tsx,HIGH,0.9987,0.9987,0.0,0.0013
cal.com,apps/web/modules/onboarding/components/onboarding-migrate-members-browser-view.tsx,HIGH,1.0,1.0,0.0,0.0
cal.com,apps/web/modules/onboarding/components/onboarding-calendar-browser-view.tsx,HIGH,0.9983,0.9983,0.0,0.0017
cal.com,apps/web/modules/onboarding/components/onboarding-continuation-prompt.tsx,HIGH,0.9147,0.9147,0.0,0.0852
cal.com,apps/web/modules/onboarding/components/onboarding-organization-browser-view.tsx,HIGH,1.0,1.0,0.0,0.0
cal.com,apps/web/modules/onboarding/components/plan-icon.tsx,HIGH,0.987,0.987,0.0,0.013
cal.com,apps/web/modules/onboarding/components/RoleSelector.tsx,MEDIUM,0.9996,0.0003,1e-04,0.9996
cal.com,apps/web/modules/onboarding/components/onboarding-browser-view.tsx,HIGH,1.0,1.0,0.0,0.0
cal.com,apps/web/modules/onboarding/components/InviteOptions.tsx,HIGH,1.0,1.0,0.0,0.0
cal.com,apps/web/modules/onboarding/components/onboarding-invite-browser-view.tsx,HIGH,1.0,1.0,0.0,0.0
cal.com,apps/web/modules/onboarding/getting-started/onboarding-view.tsx,HIGH,1.0,1.0,0.0,0.0
cal.com,apps/web/modules/onboarding/hooks/useOnboardingQueryParams.ts,HIGH,0.9979,0.9979,0.0,0.0021
cal.com,apps/web/modules/onboarding/hooks/useOnboardingCalendarEvents.ts,MEDIUM,0.6662,0.3338,0.0,0.6662
cal.com,apps/web/modules/onboarding/hooks/useMigrationFlow.ts,HIGH,0.9891,0.9891,0.0,0.0109
cal.com,apps/web/modules/onboarding/hooks/useSubmitPersonalOnboarding.ts,HIGH,0.5907,0.5907,0.0,0.4093
cal.com,apps/web/modules/onboarding/hooks/useSubmitOnboarding.ts,HIGH,1.0,1.0,0.0,0.0
cal.com,apps/web/modules/onboarding/hooks/__tests__/useSubmitOnboarding.test.ts,HIGH,1.0,1.0,0.0,0.0
cal.com,apps/web/modules/onboarding/store/onboarding-store.ts,HIGH,0.9999,0.9999,0.0,1e-04
cal.com,apps/web/modules/onboarding/store/onboarding-storage.ts,HIGH,0.9733,0.9733,0.0,0.0267
cal.com,apps/web/modules/data-table/DataTableProvider.tsx,HIGH,1.0,1.0,0.0,0.0
cal.com,apps/web/modules/data-table/contexts/DataTableStateContext.tsx,HIGH,1.0,1.0,0.0,0.0
cal.com,apps/web/modules/data-table/contexts/DataTableSegmentContext.tsx,HIGH,1.0,1.0,0.0,0.0
cal.com,apps/web/modules/data-table/contexts/DataTableFiltersContext.tsx,HIGH,1.0,1.0,0.0,0.0
cal.com,apps/web/modules/data-table/contexts/index.ts,HIGH,0.9994,0.9994,0.0,0.0006
cal.com,apps/web/modules/data-table/components/DataTableWrapper.tsx,HIGH,0.9999,0.9999,0.0,1e-04
cal.com,apps/web/modules/data-table/components/DataTablePagination.tsx,HIGH,0.9975,0.9975,0.0,0.0025
cal.com,apps/web/modules/data-table/components/DataTable.tsx,HIGH,1.0,1.0,0.0,0.0
cal.com,apps/web/modules/data-table/components/DataTableSelectionBar.tsx,MEDIUM,0.9968,0.0025,0.0007,0.9968
cal.com,apps/web/modules/data-table/components/DataTableToolbar.tsx,HIGH,0.9997,0.9997,0.0,0.0003
cal.com,apps/web/modules/data-table/components/DataTableSkeleton.tsx,MEDIUM,0.9993,0.0006,0.0,0.9993
cal.com,apps/web/modules/data-table/components/index.ts,MEDIUM,0.5306,0.4693,1e-04,0.5306
cal.com,apps/web/modules/data-table/components/filters/BaseSelectFilterOptions.tsx,HIGH,1.0,1.0,0.0,0.0
cal.com,apps/web/modules/data-table/components/filters/SingleSelectFilterOptions.tsx,HIGH,0.973,0.973,0.0,0.0269
cal.com,apps/web/modules/data-table/components/filters/ActiveFilters.tsx,HIGH,0.9986,0.9986,0.0,0.0014
cal.com,apps/web/modules/data-table/components/filters/AddFilterButton.tsx,HIGH,1.0,1.0,0.0,0.0
cal.com,apps/web/modules/data-table/components/filters/ColumnVisibilityButton.tsx,HIGH,1.0,1.0,0.0,0.0
cal.com,apps/web/modules/data-table/components/filters/MultiSelectFilterOptions.tsx,HIGH,0.9952,0.9952,0.0,0.0048
cal.com,apps/web/modules/data-table/components/filters/DateRangeFilter.tsx,HIGH,1.0,1.0,0.0,0.0
cal.com,apps/web/modules/data-table/components/filters/FilterBar.tsx,HIGH,0.8339,0.8339,0.0,0.166
cal.com,apps/web/modules/data-table/components/filters/utils.ts,HIGH,0.9863,0.9863,0.0,0.0137
cal.com,apps/web/modules/data-table/components/filters/ClearFiltersButton.tsx,MEDIUM,0.9996,0.0003,1e-04,0.9996
cal.com,apps/web/modules/data-table/components/filters/FilterPopover.tsx,HIGH,1.0,1.0,0.0,0.0
cal.com,apps/web/modules/data-table/components/filters/TextFilterOptions.tsx,HIGH,1.0,1.0,0.0,0.0
cal.com,apps/web/modules/data-table/components/filters/types.ts,MEDIUM,0.9876,1e-04,0.0123,0.9876
cal.com,apps/web/modules/data-table/components/filters/NumberFilterOptions.tsx,HIGH,1.0,1.0,0.0,0.0
cal.com,apps/web/modules/data-table/components/filters/FilterOptions.tsx,MEDIUM,0.9995,0.0003,1e-04,0.9995
cal.com,apps/web/modules/data-table/components/filters/index.ts,MEDIUM,0.995,1e-04,0.0048,0.995
cal.com,apps/web/modules/data-table/components/filters/ColumnVisibilityButton.test.tsx,HIGH,0.9946,0.9946,0.0,0.0054
cal.com,apps/web/modules/data-table/components/filters/useFilterPopoverOpen.ts,HIGH,0.9932,0.9932,0.0,0.0068
cal.com,apps/web/modules/data-table/components/segment/RenameSegmentDialog.tsx,HIGH,1.0,1.0,0.0,0.0
cal.com,apps/web/modules/data-table/components/segment/DeleteSegmentDialog.tsx,HIGH,0.9999,0.9999,0.0,1e-04
cal.com,apps/web/modules/data-table/components/segment/DuplicateSegmentDialog.tsx,HIGH,1.0,1.0,0.0,0.0
cal.com,apps/web/modules/data-table/components/segment/index.ts,LOW,0.5277,1e-04,0.5277,0.4723
cal.com,apps/web/modules/data-table/components/segment/SaveFilterSegmentButton.tsx,HIGH,1.0,1.0,0.0,0.0
cal.com,apps/web/modules/data-table/components/segment/FilterSegmentSelect.tsx,HIGH,1.0,1.0,0.0,0.0
cal.com,apps/web/modules/data-table/hooks/useColumnResizing.ts,HIGH,1.0,1.0,0.0,0.0
cal.com,apps/web/modules/data-table/hooks/useFilterValue.ts,MEDIUM,0.9998,0.0002,1e-04,0.9998
cal.com,apps/web/modules/data-table/hooks/useDataTable.ts,MEDIUM,0.9963,1e-04,0.0036,0.9963
cal.com,apps/web/modules/data-table/hooks/useColumnSizingVars.ts,MEDIUM,0.9998,1e-04,1e-04,0.9998
cal.com,apps/web/modules/data-table/hooks/useSegments.ts,HIGH,1.0,1.0,0.0,0.0
cal.com,apps/web/modules/data-table/hooks/useSegmentsNoop.ts,MEDIUM,0.7232,0.2766,0.0002,0.7232
cal.com,apps/web/modules/data-table/hooks/useFetchMoreOnBottomReached.ts,MEDIUM,0.9993,0.0006,0.0,0.9993
cal.com,apps/web/modules/data-table/hooks/useColumnFilters.ts,MEDIUM,0.9979,0.0021,0.0,0.9979
cal.com,apps/web/modules/data-table/hooks/useDisplayedFilterCount.ts,MEDIUM,0.9997,1e-04,0.0003,0.9997
cal.com,apps/web/modules/data-table/hooks/useChangeTimeZoneWithPreservedLocalTime.ts,MEDIUM,0.9997,1e-04,0.0003,0.9997
cal.com,apps/web/modules/data-table/hooks/index.ts,MEDIUM,0.5883,0.4116,1e-04,0.5883
cal.com,apps/web/modules/data-table/hooks/useDebouncedWidth.ts,MEDIUM,0.9994,1e-04,0.0005,0.9994
cal.com,apps/web/modules/data-table/hooks/useFilterableColumns.ts,HIGH,0.9998,0.9998,0.0,0.0002
cal.com,apps/web/pages/_error.tsx,MEDIUM,0.8889,0.1111,0.0,0.8889
cal.com,apps/web/pages/_document.tsx,HIGH,0.9008,0.9008,0.0,0.0992
cal.com,apps/web/pages/_app.tsx,MEDIUM,0.9982,0.0018,0.0,0.9982
cal.com,apps/web/pages/api/auth/verify-email.ts,LOW,1.0,0.0,1.0,0.0
cal.com,apps/web/pages/api/auth/[...nextauth].ts,MEDIUM,0.999,1e-04,0.0009,0.999
cal.com,apps/web/pages/api/trpc/webhook/[trpc].ts,LOW,0.9993,0.0,0.9993,0.0007
cal.com,apps/web/pages/api/trpc/googleWorkspace/[trpc].ts,LOW,0.9993,0.0,0.9993,0.0007
cal.com,apps/web/pages/api/trpc/calendars/[trpc].ts,LOW,0.9993,0.0,0.9993,0.0007
cal.com,apps/web/pages/api/trpc/oAuth/[trpc].ts,LOW,0.9993,0.0,0.9993,0.0007
cal.com,apps/web/pages/api/trpc/bookings/[trpc].ts,LOW,0.9993,0.0,0.9993,0.0007
cal.com,apps/web/pages/api/trpc/auth/[trpc].ts,LOW,0.9993,0.0,0.9993,0.0007
cal.com,apps/web/pages/api/trpc/appsRouter/[trpc].ts,LOW,0.9993,0.0,0.9993,0.0007
cal.com,apps/web/pages/api/trpc/holidays/[trpc].ts,LOW,0.9993,0.0,0.9993,0.0007
cal.com,apps/web/pages/api/trpc/timezones/[trpc].ts,LOW,0.9993,0.0,0.9993,0.0007
cal.com,apps/web/pages/api/trpc/apiKeys/[trpc].ts,MEDIUM,0.8033,0.0301,0.1666,0.8033
cal.com,apps/web/pages/api/trpc/features/[trpc].ts,LOW,0.9993,0.0,0.9993,0.0007
cal.com,apps/web/pages/api/trpc/eventTypesHeavy/[trpc].ts,LOW,0.9993,0.0,0.9993,0.0007
cal.com,apps/web/pages/api/trpc/admin/[trpc].ts,LOW,0.9993,0.0,0.9993,0.0007
cal.com,apps/web/pages/api/trpc/feedback/[trpc].ts,LOW,0.9993,0.0,0.9993,0.0007
cal.com,apps/web/pages/api/trpc/calVideo/[trpc].ts,LOW,0.9993,0.0,0.9993,0.0007
cal.com,apps/web/pages/api/trpc/viewer/[trpc].ts,LOW,0.9993,0.0,0.9993,0.0007
cal.com,apps/web/pages/api/trpc/public/[trpc].ts,LOW,0.9993,0.0,0.9993,0.0007
cal.com,apps/web/pages/api/trpc/deploymentSetup/[trpc].ts,LOW,0.9993,0.0,0.9993,0.0007
cal.com,apps/web/pages/api/trpc/loggedInViewerRouter/[trpc].ts,LOW,0.9993,0.0,0.9993,0.0007
cal.com,apps/web/pages/api/trpc/eventTypes/[trpc].ts,LOW,0.9993,0.0,0.9993,0.0007
cal.com,apps/web/pages/api/trpc/me/[trpc].ts,LOW,0.9993,0.0,0.9993,0.0007
cal.com,apps/web/pages/api/trpc/users/[trpc].ts,LOW,0.9993,0.0,0.9993,0.0007
cal.com,apps/web/pages/api/trpc/travelSchedules/[trpc].ts,LOW,0.9993,0.0,0.9993,0.0007
cal.com,apps/web/pages/api/trpc/availability/[trpc].ts,LOW,0.9993,0.0,0.9993,0.0007
cal.com,apps/web/pages/api/trpc/i18n/[trpc].ts,LOW,0.9993,0.0,0.9993,0.0007
cal.com,apps/web/pages/api/trpc/apps/[trpc].ts,LOW,0.9993,0.0,0.9993,0.0007
cal.com,apps/web/pages/api/trpc/ooo/[trpc].ts,LOW,0.9993,0.0,0.9993,0.0007
cal.com,apps/web/pages/api/trpc/slots/[trpc].ts,LOW,0.9993,0.0,0.9993,0.0007
cal.com,apps/web/pages/api/trpc/credentials/[trpc].ts,LOW,0.9993,0.0,0.9993,0.0007
cal.com,apps/web/pages/api/integrations/[...args].ts,HIGH,0.9269,0.9269,0.0,0.0731
cal.com,apps/web/pages/api/integrations/btcpayserver/webhook.ts,LOW,0.5277,1e-04,0.5277,0.4723
cal.com,apps/web/pages/api/integrations/stripepayment/webhook.ts,MEDIUM,0.7589,0.241,1e-04,0.7589
cal.com,apps/web/pages/api/integrations/alby/webhook.ts,LOW,0.5277,1e-04,0.5277,0.4723
cal.com,apps/web/pages/api/integrations/paypal/webhook.ts,LOW,0.5277,1e-04,0.5277,0.4723
cal.com,apps/web/pages/api/book/recurring-event.ts,HIGH,0.8101,0.8101,0.0,0.1899
cal.com,apps/web/pages/api/book/recurring-event.test.ts,HIGH,1.0,1.0,0.0,0.0
cal.com,apps/web/pages/api/book/event.ts,HIGH,0.934,0.934,0.0,0.066
cal.com,apps/web/pages/api/stripe/webhook.ts,MEDIUM,0.7589,0.241,1e-04,0.7589
cal.com,apps/web/pages/router/index.tsx,HIGH,0.9997,0.9997,0.0,0.0003
cal.com,apps/web/pages/router/embed.tsx,MEDIUM,0.8799,0.086,0.0341,0.8799
cal.com,apps/docs/mdx-components.ts,LOW,0.9378,0.0059,0.9378,0.0563
cal.com,apps/docs/app/layout.tsx,HIGH,1.0,1.0,0.0,0.0
cal.com,apps/docs/app/[[...mdxPath]]/page.tsx,HIGH,0.8881,0.8881,0.0005,0.1115
cal.com,apps/docs/content/_meta.ts,HIGH,0.9964,0.9964,0.0,0.0036
cal.com,apps/docs/content/apps/_meta.ts,HIGH,0.626,0.626,0.0,0.374
cal.com,apps/docs/content/deployments/_meta.ts,MEDIUM,0.5381,0.4618,1e-04,0.5381
cal.com,apps/api/v2/trigger.version.ts,LOW,1.0,0.0,1.0,0.0
cal.com,apps/api/v2/jest-e2e.ts,MEDIUM,0.9975,0.0025,0.0,0.9975
cal.com,apps/api/v2/jest.config.ts,MEDIUM,0.9977,1e-04,0.0022,0.9977
cal.com,apps/api/v2/test/jest.setup-e2e.ts,LOW,1.0,0.0,1.0,0.0
cal.com,apps/api/v2/test/setEnvVars.ts,MEDIUM,0.9996,0.0002,0.0002,0.9996
cal.com,apps/api/v2/test/mocks/ics-calendar-service-mock.ts,MEDIUM,0.9975,0.0002,0.0024,0.9975
cal.com,apps/api/v2/test/mocks/mock-redis-service.ts,MEDIUM,0.9944,1e-04,0.0055,0.9944
cal.com,apps/api/v2/test/mocks/calendars-service-mock.ts,HIGH,0.9781,0.9781,0.0,0.0219
cal.com,apps/api/v2/test/mocks/next-auth-mock.strategy.ts,MEDIUM,0.9997,0.0002,1e-04,0.9997
cal.com,apps/api/v2/test/mocks/api-auth-mock.strategy.ts,MEDIUM,0.9996,0.0003,1e-04,0.9996
cal.com,apps/api/v2/test/utils/withNextAuth.ts,MEDIUM,0.9797,1e-04,0.0201,0.9797
cal.com,apps/api/v2/test/utils/withApiAuth.ts,MEDIUM,0.9899,1e-04,0.01,0.9899
cal.com,apps/api/v2/test/utils/withNoThrottler.ts,MEDIUM,0.6999,0.3,1e-04,0.6999
cal.com,apps/api/v2/test/utils/randomString.ts,LOW,0.8998,0.0,0.8998,0.1002
cal.com,apps/api/v2/scripts/docker-start.ts,MEDIUM,0.9993,0.0006,0.0,0.9993
cal.com,apps/api/v2/scripts/generate-secrets.ts,MEDIUM,0.9111,1e-04,0.0888,0.9111
cal.com,apps/api/v2/src/vercel-webhook.controller.ts,HIGH,0.8171,0.8171,0.0,0.1829
cal.com,apps/api/v2/src/app.e2e-spec.ts,HIGH,1.0,1.0,0.0,0.0
cal.com,apps/api/v2/src/instrument.ts,MEDIUM,0.9995,1e-04,0.0004,0.9995
cal.com,apps/api/v2/src/main.ts,HIGH,0.6059,0.6059,0.0,0.3941
cal.com,apps/api/v2/src/app.module.ts,MEDIUM,0.9905,0.0095,0.0,0.9905
cal.com,apps/api/v2/src/vercel-webhook.controller.e2e-spec.ts,MEDIUM,0.7467,0.2532,0.0,0.7467
cal.com,apps/api/v2/src/app.controller.ts,MEDIUM,0.9797,1e-04,0.0201,0.9797
cal.com,apps/api/v2/src/env.ts,MEDIUM,0.9927,0.0073,0.0,0.9927
cal.com,apps/api/v2/src/vercel-webhook.guard.ts,MEDIUM,0.9861,0.0139,0.0,0.9861
cal.com,apps/api/v2/src/bootstrap.ts,HIGH,0.6905,0.6905,0.0,0.3095
cal.com,apps/api/v2/src/filters/zod-exception.filter.ts,MEDIUM,0.9995,0.0003,0.0002,0.9995
cal.com,apps/api/v2/src/filters/calendar-service-exception.filter.ts,MEDIUM,0.9991,0.0008,0.0,0.9991
cal.com,apps/api/v2/src/filters/trpc-exception.filter.ts,HIGH,0.8679,0.8679,0.0,0.132
cal.com,apps/api/v2/src/filters/http-exception.filter.ts,MEDIUM,0.9997,0.0002,1e-04,0.9997
cal.com,apps/api/v2/src/filters/prisma-exception.filter.ts,MEDIUM,0.9951,0.0048,0.0,0.9951
cal.com,apps/api/v2/src/middleware/app.logger.middleware.ts,MEDIUM,0.9993,1e-04,0.0006,0.9993
cal.com,apps/api/v2/src/middleware/app.redirects.middleware.ts,MEDIUM,0.9995,1e-04,0.0004,0.9995
cal.com,apps/api/v2/src/middleware/app.rewrites.middleware.ts,MEDIUM,0.9995,0.0004,1e-04,0.9995
cal.com,apps/api/v2/src/middleware/body/json.body.middleware.ts,MEDIUM,0.9797,1e-04,0.0201,0.9797
cal.com,apps/api/v2/src/middleware/body/raw.body.middleware.ts,MEDIUM,0.9797,1e-04,0.0201,0.9797
cal.com,apps/api/v2/src/middleware/body/urlencoded.body.middleware.ts,MEDIUM,0.9797,1e-04,0.0201,0.9797
cal.com,apps/api/v2/src/middleware/request-ids/request-id.interceptor.ts,MEDIUM,0.9988,0.0011,0.0,0.9988
cal.com,apps/api/v2/src/middleware/request-ids/request-id.middleware.ts,MEDIUM,0.9996,0.0003,1e-04,0.9996
cal.com,apps/api/v2/src/swagger/generate-swagger.ts,HIGH,0.9999,0.9999,0.0,1e-04
cal.com,apps/api/v2/src/swagger/generate-swagger-script.ts,MEDIUM,0.9992,1e-04,0.0006,0.9992
cal.com,apps/api/v2/src/swagger/copy-swagger-module.ts,MEDIUM,0.9997,1e-04,1e-04,0.9997
cal.com,apps/api/v2/src/config/app.ts,MEDIUM,0.9991,0.0008,1e-04,0.9991
cal.com,apps/api/v2/src/config/type.ts,MEDIUM,0.9979,0.0003,0.0018,0.9979
cal.com,apps/api/v2/src/platform/platform-endpoints-module.ts,HIGH,0.9999,0.9999,0.0,1e-04
cal.com,apps/api/v2/src/platform/calendars/calendars.repository.ts,MEDIUM,0.7716,0.2282,0.0002,0.7716
cal.com,apps/api/v2/src/platform/calendars/calendars.interface.ts,HIGH,0.7882,0.7882,0.0,0.2118
cal.com,apps/api/v2/src/platform/calendars/calendars.module.ts,HIGH,0.9996,0.9996,0.0,0.0004
cal.com,apps/api/v2/src/platform/calendars/input/delete-calendar-credentials.input.ts,MEDIUM,0.9886,0.0104,0.0009,0.9886
cal.com,apps/api/v2/src/platform/calendars/input/create-ics.output.ts,MEDIUM,0.7621,0.2377,0.0002,0.7621
cal.com,apps/api/v2/src/platform/calendars/input/create-ics.input.ts,HIGH,0.7161,0.7161,0.0,0.2838
cal.com,apps/api/v2/src/platform/calendars/processors/calendars.processor.ts,HIGH,0.8308,0.8308,0.0,0.1692
cal.com,apps/api/v2/src/platform/calendars/controllers/calendars.controller.e2e-spec.ts,HIGH,1.0,1.0,0.0,0.0
cal.com,apps/api/v2/src/platform/calendars/controllers/calendars.controller.ts,HIGH,1.0,1.0,0.0,0.0
cal.com,apps/api/v2/src/platform/calendars/outputs/delete-calendar-credentials.output.ts,MEDIUM,0.9213,0.0783,0.0005,0.9213
cal.com,apps/api/v2/src/platform/calendars/outputs/connected-calendars.output.ts,HIGH,0.9996,0.9996,0.0,0.0004
cal.com,apps/api/v2/src/platform/calendars/outputs/busy-times.output.ts,MEDIUM,0.9633,0.036,0.0008,0.9633
cal.com,apps/api/v2/src/platform/calendars/services/calendars.service.ts,HIGH,1.0,1.0,0.0,0.0
cal.com,apps/api/v2/src/platform/calendars/services/apple-calendar.service.ts,HIGH,1.0,1.0,0.0,0.0
cal.com,apps/api/v2/src/platform/calendars/services/calendars-cache.service.ts,MEDIUM,0.9371,0.0622,0.0007,0.9371
cal.com,apps/api/v2/src/platform/calendars/services/gcal.service.ts,HIGH,1.0,1.0,0.0,0.0
cal.com,apps/api/v2/src/platform/calendars/services/ics-feed.service.ts,HIGH,1.0,1.0,0.0,0.0
cal.com,apps/api/v2/src/platform/calendars/services/outlook.service.ts,HIGH,1.0,1.0,0.0,0.0
cal.com,apps/api/v2/src/platform/event-types-private-links/private-links.repository.ts,MEDIUM,0.5902,0.4098,0.0,0.5902
cal.com,apps/api/v2/src/platform/event-types-private-links/event-types-private-links.module.ts,HIGH,0.7882,0.7882,0.0,0.2118
cal.com,apps/api/v2/src/platform/event-types-private-links/controllers/event-types-private-links.controller.e2e-spec.ts,HIGH,0.9999,0.9999,0.0,1e-04
cal.com,apps/api/v2/src/platform/event-types-private-links/controllers/event-types-private-links.controller.ts,HIGH,0.9554,0.9554,0.0,0.0446
cal.com,apps/api/v2/src/platform/event-types-private-links/services/private-links-input.service.ts,MEDIUM,0.7489,0.2511,1e-04,0.7489
cal.com,apps/api/v2/src/platform/event-types-private-links/services/private-links-output.service.ts,MEDIUM,0.6501,0.3499,0.0,0.6501
cal.com,apps/api/v2/src/platform/event-types-private-links/services/private-links.service.ts,HIGH,1.0,1.0,0.0,0.0
cal.com,apps/api/v2/src/platform/bookings/2024-08-13/bookings.module.ts,HIGH,1.0,1.0,0.0,0.0
cal.com,apps/api/v2/src/platform/bookings/2024-08-13/repositories/bookings.repository.ts,HIGH,0.9999,0.9999,0.0,1e-04
cal.com,apps/api/v2/src/platform/bookings/2024-08-13/repositories/booking-references.repository.ts,HIGH,0.9914,0.9914,0.0,0.0086
cal.com,apps/api/v2/src/platform/bookings/2024-08-13/controllers/booking-guests.controller.ts,HIGH,0.9992,0.9992,0.0,0.0008
cal.com,apps/api/v2/src/platform/bookings/2024-08-13/controllers/booking-location.controller.ts,HIGH,0.9997,0.9997,0.0,0.0003
cal.com,apps/api/v2/src/platform/bookings/2024-08-13/controllers/bookings.controller.ts,HIGH,1.0,1.0,0.0,0.0
cal.com,apps/api/v2/src/platform/bookings/2024-08-13/controllers/booking-attendees.controller.ts,HIGH,1.0,1.0,0.0,0.0
cal.com,apps/api/v2/src/platform/bookings/2024-08-13/controllers/e2e/remove-attendee.e2e-spec.ts,HIGH,1.0,1.0,0.0,0.0
cal.com,apps/api/v2/src/platform/bookings/2024-08-13/controllers/e2e/booking-access-auth.e2e-spec.ts,HIGH,1.0,1.0,0.0,0.0
cal.com,apps/api/v2/src/platform/bookings/2024-08-13/controllers/e2e/variable-length-bookings.e2e-spec.ts,HIGH,1.0,1.0,0.0,0.0
cal.com,apps/api/v2/src/platform/bookings/2024-08-13/controllers/e2e/add-guests.e2e-spec.ts,HIGH,1.0,1.0,0.0,0.0
cal.com,apps/api/v2/src/platform/bookings/2024-08-13/controllers/e2e/api-key-bookings.e2e-spec.ts,HIGH,1.0,1.0,0.0,0.0
cal.com,apps/api/v2/src/platform/bookings/2024-08-13/controllers/e2e/confirm-bookings.e2e-spec.ts,HIGH,1.0,1.0,0.0,0.0
cal.com,apps/api/v2/src/platform/bookings/2024-08-13/controllers/e2e/recurring-bookings.e2e-spec.ts,HIGH,1.0,1.0,0.0,0.0
cal.com,apps/api/v2/src/platform/bookings/2024-08-13/controllers/e2e/calendar-links.e2e-spec.ts,HIGH,1.0,1.0,0.0,0.0
cal.com,apps/api/v2/src/platform/bookings/2024-08-13/controllers/e2e/user-bookings.e2e-spec.ts,HIGH,1.0,1.0,0.0,0.0
cal.com,apps/api/v2/src/platform/bookings/2024-08-13/controllers/e2e/booking-fields.e2e-spec.ts,HIGH,1.0,1.0,0.0,0.0
cal.com,apps/api/v2/src/platform/bookings/2024-08-13/controllers/e2e/update-booking-location.e2e-spec.ts,HIGH,1.0,1.0,0.0,0.0
cal.com,apps/api/v2/src/platform/bookings/2024-08-13/controllers/e2e/reschedule-bookings.e2e-spec.ts,HIGH,1.0,1.0,0.0,0.0
cal.com,apps/api/v2/src/platform/bookings/2024-08-13/controllers/e2e/get-attendees.e2e-spec.ts,HIGH,1.0,1.0,0.0,0.0
cal.com,apps/api/v2/src/platform/bookings/2024-08-13/controllers/e2e/seated-bookings.e2e-spec.ts,HIGH,1.0,1.0,0.0,0.0
cal.com,apps/api/v2/src/platform/bookings/2024-08-13/controllers/e2e/emails/user-emails.e2e-spec.ts,HIGH,1.0,1.0,0.0,0.0
cal.com,apps/api/v2/src/platform/bookings/2024-08-13/controllers/e2e/emails/confirm-emails.e2e-spec.ts,HIGH,1.0,1.0,0.0,0.0
cal.com,apps/api/v2/src/platform/bookings/2024-08-13/outputs/add-attendee.output.ts,MEDIUM,0.9643,0.035,0.0007,0.9643
cal.com,apps/api/v2/src/platform/bookings/2024-08-13/outputs/calendar-links.output.ts,MEDIUM,0.9397,0.0602,1e-04,0.9397
cal.com,apps/api/v2/src/platform/bookings/2024-08-13/outputs/reassign-booking.output.ts,MEDIUM,0.9793,0.0203,0.0004,0.9793
cal.com,apps/api/v2/src/platform/bookings/2024-08-13/outputs/remove-attendee.output.ts,MEDIUM,0.6872,0.3127,1e-04,0.6872
cal.com,apps/api/v2/src/platform/bookings/2024-08-13/outputs/update-location.output.ts,LOW,0.9484,0.0025,0.9484,0.0491
cal.com,apps/api/v2/src/platform/bookings/2024-08-13/outputs/create-booking.output.ts,MEDIUM,0.8674,0.1322,0.0005,0.8674
cal.com,apps/api/v2/src/platform/bookings/2024-08-13/outputs/mark-absent.output.ts,MEDIUM,0.9706,0.029,0.0005,0.9706
cal.com,apps/api/v2/src/platform/bookings/2024-08-13/outputs/get-booking-attendees.output.ts,MEDIUM,0.8917,0.1079,0.0004,0.8917
cal.com,apps/api/v2/src/platform/bookings/2024-08-13/outputs/cancel-booking.output.ts,MEDIUM,0.8198,0.1799,0.0003,0.8198
cal.com,apps/api/v2/src/platform/bookings/2024-08-13/outputs/reschedule-booking.output.ts,MEDIUM,0.8674,0.1322,0.0005,0.8674
cal.com,apps/api/v2/src/platform/bookings/2024-08-13/outputs/add-guests.output.ts,LOW,0.9484,0.0025,0.9484,0.0491
cal.com,apps/api/v2/src/platform/bookings/2024-08-13/outputs/booking-references.output.ts,MEDIUM,0.8612,0.1386,0.0002,0.8612
cal.com,apps/api/v2/src/platform/bookings/2024-08-13/services/booking-video.service.ts,HIGH,1.0,1.0,0.0,0.0
cal.com,apps/api/v2/src/platform/bookings/2024-08-13/services/output-booking-references.service.ts,MEDIUM,0.9802,0.0196,0.0002,0.9802
cal.com,apps/api/v2/src/platform/bookings/2024-08-13/services/booking-location-calendar-sync.service.ts,HIGH,1.0,1.0,0.0,0.0
cal.com,apps/api/v2/src/platform/bookings/2024-08-13/services/booking-location-integration.service.ts,HIGH,1.0,1.0,0.0,0.0
cal.com,apps/api/v2/src/platform/bookings/2024-08-13/services/bookings.service.ts,HIGH,1.0,1.0,0.0,0.0
cal.com,apps/api/v2/src/platform/bookings/2024-08-13/services/errors.service.ts,HIGH,0.9999,0.9999,0.0,1e-04
cal.com,apps/api/v2/src/platform/bookings/2024-08-13/services/booking-location.service.ts,HIGH,1.0,1.0,0.0,0.0
cal.com,apps/api/v2/src/platform/bookings/2024-08-13/services/cal-video.service.ts,HIGH,1.0,1.0,0.0,0.0
cal.com,apps/api/v2/src/platform/bookings/2024-08-13/services/cal-video.output.service.ts,MEDIUM,0.9749,0.0247,0.0004,0.9749
cal.com,apps/api/v2/src/platform/bookings/2024-08-13/services/output.service.ts,HIGH,1.0,1.0,0.0,0.0
cal.com,apps/api/v2/src/platform/bookings/2024-08-13/services/booking-references.service.ts,HIGH,0.9988,0.9988,0.0,0.0012
cal.com,apps/api/v2/src/platform/bookings/2024-08-13/services/input.service.ts,HIGH,1.0,1.0,0.0,0.0
cal.com,apps/api/v2/src/platform/bookings/2024-08-13/services/booking-location-credential.service.ts,HIGH,0.8585,0.8585,0.0,0.1415
cal.com,apps/api/v2/src/platform/bookings/2024-08-13/services/booking-attendees.service.ts,HIGH,1.0,1.0,0.0,0.0
cal.com,apps/api/v2/src/platform/bookings/2024-08-13/services/booking-guests.service.ts,HIGH,0.9997,0.9997,0.0,0.0003
cal.com,apps/api/v2/src/platform/bookings/2024-08-13/guards/booking-uid.guard.ts,MEDIUM,0.9935,0.0061,0.0003,0.9935
cal.com,apps/api/v2/src/platform/bookings/2024-08-13/guards/booking-pbac.guard.ts,MEDIUM,0.5089,0.4911,0.0,0.5089
cal.com,apps/api/v2/src/platform/bookings/2024-08-13/inputs/booking-references-filter.input.ts,MEDIUM,0.9749,0.0247,0.0004,0.9749
cal.com,apps/api/v2/src/platform/bookings/shared/platform-bookings.service.ts,HIGH,0.9999,0.9999,0.0,1e-04
cal.com,apps/api/v2/src/platform/bookings/2024-04-15/bookings.module.ts,HIGH,0.9999,0.9999,0.0,1e-04
cal.com,apps/api/v2/src/platform/bookings/2024-04-15/controllers/bookings.controller.ts,HIGH,1.0,1.0,0.0,0.0
cal.com,apps/api/v2/src/platform/bookings/2024-04-15/controllers/bookings.controller.e2e-spec.ts,HIGH,1.0,1.0,0.0,0.0
cal.com,apps/api/v2/src/platform/bookings/2024-04-15/outputs/get-booking.output.ts,HIGH,0.9865,0.9865,0.0,0.0135
cal.com,apps/api/v2/src/platform/bookings/2024-04-15/outputs/mark-no-show.output.ts,MEDIUM,0.8674,0.1322,0.0005,0.8674
cal.com,apps/api/v2/src/platform/bookings/2024-04-15/outputs/get-bookings.output.ts,HIGH,0.9995,0.9995,0.0,0.0005
cal.com,apps/api/v2/src/platform/bookings/2024-04-15/inputs/mark-no-show.input.ts,MEDIUM,0.9635,0.036,0.0005,0.9635
cal.com,apps/api/v2/src/platform/bookings/2024-04-15/inputs/create-recurring-booking.input.ts,HIGH,0.7955,0.7955,1e-04,0.2044
cal.com,apps/api/v2/src/platform/bookings/2024-04-15/inputs/create-booking.input.ts,HIGH,1.0,1.0,0.0,0.0
cal.com,apps/api/v2/src/platform/event-types/event-types_2024_06_14/event-types.repository.ts,HIGH,1.0,1.0,0.0,0.0
cal.com,apps/api/v2/src/platform/event-types/event-types_2024_06_14/event-types.module.ts,HIGH,0.9999,0.9999,0.0,1e-04
cal.com,apps/api/v2/src/platform/event-types/event-types_2024_06_14/constants/constants.ts,HIGH,0.9637,0.9637,0.0,0.0363
cal.com,apps/api/v2/src/platform/event-types/event-types_2024_06_14/pipes/event-type-response.transformer.ts,MEDIUM,0.9422,0.0575,0.0002,0.9422
cal.com,apps/api/v2/src/platform/event-types/event-types_2024_06_14/transformers/index.ts,LOW,0.902,0.004,0.902,0.094
cal.com,apps/api/v2/src/platform/event-types/event-types_2024_06_14/transformers/api-to-internal/locations.ts,HIGH,0.9554,0.9554,0.0,0.0446
cal.com,apps/api/v2/src/platform/event-types/event-types_2024_06_14/transformers/api-to-internal/api-to-internal.spec.ts,HIGH,0.9999,0.9999,0.0,1e-04
cal.com,apps/api/v2/src/platform/event-types/event-types_2024_06_14/transformers/api-to-internal/booking-fields.ts,HIGH,1.0,1.0,0.0,0.0
cal.com,apps/api/v2/src/platform/event-types/event-types_2024_06_14/transformers/api-to-internal/interval-limits.ts,MEDIUM,0.8952,0.1047,1e-04,0.8952
cal.com,apps/api/v2/src/platform/event-types/event-types_2024_06_14/transformers/api-to-internal/seats.ts,MEDIUM,0.9752,0.0247,1e-04,0.9752
cal.com,apps/api/v2/src/platform/event-types/event-types_2024_06_14/transformers/api-to-internal/confirmation-policy.ts,MEDIUM,0.6802,0.3198,0.0,0.6802
cal.com,apps/api/v2/src/platform/event-types/event-types_2024_06_14/transformers/api-to-internal/recurrence.ts,MEDIUM,0.9918,0.0072,0.001,0.9918
cal.com,apps/api/v2/src/platform/event-types/event-types_2024_06_14/transformers/api-to-internal/index.ts,MEDIUM,0.9909,0.0067,0.0024,0.9909
cal.com,apps/api/v2/src/platform/event-types/event-types_2024_06_14/transformers/api-to-internal/event-colors.ts,MEDIUM,0.9917,0.008,0.0003,0.9917
cal.com,apps/api/v2/src/platform/event-types/event-types_2024_06_14/transformers/api-to-internal/future-booking-limits.ts,HIGH,0.7259,0.7259,0.0,0.274
cal.com,apps/api/v2/src/platform/event-types/event-types_2024_06_14/transformers/api-to-internal/booker-layouts.ts,MEDIUM,0.9796,0.0202,0.0002,0.9796
cal.com,apps/api/v2/src/platform/event-types/event-types_2024_06_14/transformers/internal/locations.ts,HIGH,0.7615,0.7615,0.0,0.2385
cal.com,apps/api/v2/src/platform/event-types/event-types_2024_06_14/transformers/internal-to-api/locations.ts,HIGH,0.9998,0.9998,0.0,0.0002
cal.com,apps/api/v2/src/platform/event-types/event-types_2024_06_14/transformers/internal-to-api/booking-fields.ts,HIGH,1.0,1.0,0.0,0.0
cal.com,apps/api/v2/src/platform/event-types/event-types_2024_06_14/transformers/internal-to-api/interval-limits.ts,MEDIUM,0.9183,0.0816,1e-04,0.9183
cal.com,apps/api/v2/src/platform/event-types/event-types_2024_06_14/transformers/internal-to-api/seats.ts,MEDIUM,0.9798,0.02,0.0002,0.9798
cal.com,apps/api/v2/src/platform/event-types/event-types_2024_06_14/transformers/internal-to-api/recurrence.ts,MEDIUM,0.9919,0.0068,0.0012,0.9919
cal.com,apps/api/v2/src/platform/event-types/event-types_2024_06_14/transformers/internal-to-api/requires-confirmation.ts,MEDIUM,0.7947,0.2052,1e-04,0.7947
cal.com,apps/api/v2/src/platform/event-types/event-types_2024_06_14/transformers/internal-to-api/index.ts,MEDIUM,0.9909,0.0067,0.0024,0.9909
cal.com,apps/api/v2/src/platform/event-types/event-types_2024_06_14/transformers/internal-to-api/internal-to-api.spec.ts,HIGH,0.9999,0.9999,0.0,1e-04
cal.com,apps/api/v2/src/platform/event-types/event-types_2024_06_14/transformers/internal-to-api/future-booking-limits.ts,HIGH,0.786,0.786,0.0,0.214
cal.com,apps/api/v2/src/platform/event-types/event-types_2024_06_14/transformers/internal-to-api/event-type-colors.ts,MEDIUM,0.9909,0.0067,0.0024,0.9909
cal.com,apps/api/v2/src/platform/event-types/event-types_2024_06_14/transformers/internal-to-api/booker-layouts.ts,MEDIUM,0.9766,0.0229,0.0006,0.9766
cal.com,apps/api/v2/src/platform/event-types/event-types_2024_06_14/transformed/event-type.tranformed.ts,HIGH,0.9932,0.9932,0.0,0.0068
cal.com,apps/api/v2/src/platform/event-types/event-types_2024_06_14/transformed/index.ts,LOW,0.999,1e-04,0.999,0.0009
cal.com,apps/api/v2/src/platform/event-types/event-types_2024_06_14/controllers/event-types.controller.e2e-spec.ts,HIGH,1.0,1.0,0.0,0.0
cal.com,apps/api/v2/src/platform/event-types/event-types_2024_06_14/controllers/event-types.controller.ts,HIGH,1.0,1.0,0.0,0.0
cal.com,apps/api/v2/src/platform/event-types/event-types_2024_06_14/outputs/update-event-type.output.ts,MEDIUM,0.9797,0.0195,0.0008,0.9797
cal.com,apps/api/v2/src/platform/event-types/event-types_2024_06_14/outputs/create-event-type.output.ts,MEDIUM,0.9797,0.0195,0.0008,0.9797
cal.com,apps/api/v2/src/platform/event-types/event-types_2024_06_14/outputs/get-event-type.output.ts,MEDIUM,0.9793,0.0203,0.0004,0.9793
cal.com,apps/api/v2/src/platform/event-types/event-types_2024_06_14/outputs/delete-event-type.output.ts,MEDIUM,0.9633,0.036,0.0008,0.9633
cal.com,apps/api/v2/src/platform/event-types/event-types_2024_06_14/outputs/get-event-types.output.ts,MEDIUM,0.9886,0.0104,0.0009,0.9886
cal.com,apps/api/v2/src/platform/event-types/event-types_2024_06_14/outputs/create-phone-call.output.ts,MEDIUM,0.9643,0.035,0.0007,0.9643
cal.com,apps/api/v2/src/platform/event-types/event-types_2024_06_14/services/output-event-types.service.ts,HIGH,1.0,1.0,0.0,0.0
cal.com,apps/api/v2/src/platform/event-types/event-types_2024_06_14/services/input-event-types.service.ts,HIGH,1.0,1.0,0.0,0.0
cal.com,apps/api/v2/src/platform/event-types/event-types_2024_06_14/services/output-event-types.service.spec.ts,HIGH,1.0,1.0,0.0,0.0
cal.com,apps/api/v2/src/platform/event-types/event-types_2024_06_14/services/event-types.service.ts,HIGH,1.0,1.0,0.0,0.0
cal.com,apps/api/v2/src/platform/event-types/event-types_2024_06_14/inputs/create-phone-call.input.ts,HIGH,0.7019,0.7019,0.0,0.2981
cal.com,apps/api/v2/src/platform/event-types/event-types_2024_04_15/event-types.repository.ts,HIGH,0.9969,0.9969,0.0,0.0031
cal.com,apps/api/v2/src/platform/event-types/event-types_2024_04_15/event-types.module.ts,HIGH,0.9561,0.9561,0.0,0.0439
cal.com,apps/api/v2/src/platform/event-types/event-types_2024_04_15/constants/constants.ts,MEDIUM,0.9832,0.0159,0.0009,0.9832
cal.com,apps/api/v2/src/platform/event-types/event-types_2024_04_15/controllers/event-types.controller.e2e-spec.ts,HIGH,1.0,1.0,0.0,0.0
cal.com,apps/api/v2/src/platform/event-types/event-types_2024_04_15/controllers/event-types.controller.ts,HIGH,1.0,1.0,0.0,0.0
cal.com,apps/api/v2/src/platform/event-types/event-types_2024_04_15/outputs/update-event-type.output.ts,HIGH,0.5198,0.5198,1e-04,0.4801
cal.com,apps/api/v2/src/platform/event-types/event-types_2024_04_15/outputs/create-event-type.output.ts,HIGH,0.5198,0.5198,1e-04,0.4801
cal.com,apps/api/v2/src/platform/event-types/event-types_2024_04_15/outputs/get-event-type.output.ts,HIGH,0.7907,0.7907,1e-04,0.2092
cal.com,apps/api/v2/src/platform/event-types/event-types_2024_04_15/outputs/event-type.output.ts,HIGH,1.0,1.0,0.0,0.0
cal.com,apps/api/v2/src/platform/event-types/event-types_2024_04_15/outputs/delete-event-type.output.ts,HIGH,0.9101,0.9101,0.0,0.0899
cal.com,apps/api/v2/src/platform/event-types/event-types_2024_04_15/outputs/get-event-type-public.output.ts,HIGH,1.0,1.0,0.0,0.0
cal.com,apps/api/v2/src/platform/event-types/event-types_2024_04_15/outputs/get-event-types.output.ts,HIGH,0.7788,0.7788,1e-04,0.2211
cal.com,apps/api/v2/src/platform/event-types/event-types_2024_04_15/outputs/get-event-types-public.output.ts,HIGH,0.9319,0.9319,0.0,0.0681
cal.com,apps/api/v2/src/platform/event-types/event-types_2024_04_15/services/event-types.service.ts,HIGH,1.0,1.0,0.0,0.0
cal.com,apps/api/v2/src/platform/event-types/event-types_2024_04_15/inputs/event-type-id.input.ts,MEDIUM,0.7377,0.0105,0.2518,0.7377
cal.com,apps/api/v2/src/platform/event-types/event-types_2024_04_15/inputs/event-type-location.input.ts,MEDIUM,0.9342,0.0656,0.0002,0.9342
cal.com,apps/api/v2/src/platform/event-types/event-types_2024_04_15/inputs/update-event-type.input.ts,HIGH,1.0,1.0,0.0,0.0
cal.com,apps/api/v2/src/platform/event-types/event-types_2024_04_15/inputs/get-public-event-type-query-params.input.ts,MEDIUM,0.9886,0.0104,0.0009,0.9886
cal.com,apps/api/v2/src/platform/event-types/event-types_2024_04_15/inputs/create-event-type.input.ts,HIGH,0.9992,0.9992,0.0,0.0008
cal.com,apps/api/v2/src/platform/event-types/event-types_2024_04_15/inputs/enums/scheduling-type.ts,MEDIUM,0.7377,0.0105,0.2518,0.7377
cal.com,apps/api/v2/src/platform/event-types/event-types_2024_04_15/inputs/enums/field-type.ts,MEDIUM,0.9832,0.0159,0.0009,0.9832
cal.com,apps/api/v2/src/platform/event-types/event-types_2024_04_15/inputs/enums/period-type.ts,MEDIUM,0.7377,0.0105,0.2518,0.7377
cal.com,apps/api/v2/src/platform/event-types/event-types_2024_04_15/inputs/enums/editable.ts,MEDIUM,0.9695,0.0074,0.023,0.9695
cal.com,apps/api/v2/src/platform/event-types/event-types_2024_04_15/inputs/enums/frequency.ts,MEDIUM,0.9909,0.0067,0.0024,0.9909
cal.com,apps/api/v2/src/platform/gcal/gcal.controller.e2e-spec.ts,HIGH,1.0,1.0,0.0,0.0
cal.com,apps/api/v2/src/platform/gcal/gcal.module.ts,HIGH,0.9826,0.9826,0.0,0.0174
cal.com,apps/api/v2/src/platform/gcal/gcal.controller.ts,HIGH,1.0,1.0,0.0,0.0
cal.com,apps/api/v2/src/platform/gcal/outputs/auth-url.output.ts,MEDIUM,0.9832,0.0159,0.0009,0.9832
cal.com,apps/api/v2/src/platform/gcal/outputs/save-redirect.output.ts,MEDIUM,0.7377,0.0105,0.2518,0.7377
cal.com,apps/api/v2/src/platform/gcal/outputs/check.output.ts,MEDIUM,0.9834,0.006,0.0105,0.9834
cal.com,apps/api/v2/src/platform/provider/provider.module.ts,MEDIUM,0.9226,0.0772,0.0002,0.9226
cal.com,apps/api/v2/src/platform/provider/provider.controller.ts,HIGH,0.9998,0.9998,0.0,0.0002
cal.com,apps/api/v2/src/platform/provider/outputs/verify-client.output.ts,MEDIUM,0.9797,0.0195,0.0008,0.9797
cal.com,apps/api/v2/src/platform/provider/outputs/verify-access-token.output.ts,MEDIUM,0.9834,0.006,0.0105,0.9834
cal.com,apps/api/v2/src/platform/schedules/schedules_2024_04_15/schedules.module.ts,HIGH,0.5771,0.5771,1e-04,0.4228
cal.com,apps/api/v2/src/platform/schedules/schedules_2024_04_15/schedules.repository.ts,HIGH,0.9992,0.9992,0.0,0.0008
cal.com,apps/api/v2/src/platform/schedules/schedules_2024_04_15/controllers/schedules.controller.ts,HIGH,0.9999,0.9999,0.0,1e-04
cal.com,apps/api/v2/src/platform/schedules/schedules_2024_04_15/controllers/schedules.controller.e2e-spec.ts,HIGH,1.0,1.0,0.0,0.0
cal.com,apps/api/v2/src/platform/schedules/schedules_2024_04_15/outputs/delete-schedule.output.ts,MEDIUM,0.9834,0.006,0.0105,0.9834
cal.com,apps/api/v2/src/platform/schedules/schedules_2024_04_15/outputs/create-schedule.output.ts,HIGH,0.5198,0.5198,1e-04,0.4801
cal.com,apps/api/v2/src/platform/schedules/schedules_2024_04_15/outputs/get-schedules.output.ts,HIGH,0.5933,0.5933,1e-04,0.4066
cal.com,apps/api/v2/src/platform/schedules/schedules_2024_04_15/outputs/schedule.output.ts,HIGH,0.6244,0.6244,0.0,0.3756
cal.com,apps/api/v2/src/platform/schedules/schedules_2024_04_15/outputs/schedule-updated.output.ts,HIGH,0.6235,0.6235,0.0,0.3765
cal.com,apps/api/v2/src/platform/schedules/schedules_2024_04_15/outputs/update-schedule.output.ts,HIGH,0.5198,0.5198,1e-04,0.4801
cal.com,apps/api/v2/src/platform/schedules/schedules_2024_04_15/outputs/get-default-schedule.output.ts,HIGH,0.5198,0.5198,1e-04,0.4801
cal.com,apps/api/v2/src/platform/schedules/schedules_2024_04_15/outputs/get-schedule.output.ts,HIGH,0.5198,0.5198,1e-04,0.4801
cal.com,apps/api/v2/src/platform/schedules/schedules_2024_04_15/services/schedules.service.ts,HIGH,1.0,1.0,0.0,0.0
cal.com,apps/api/v2/src/platform/schedules/schedules_2024_04_15/inputs/create-availability.input.ts,HIGH,0.8166,0.8166,0.0,0.1834
cal.com,apps/api/v2/src/platform/schedules/schedules_2024_04_15/inputs/create-schedule.input.ts,HIGH,0.7081,0.7081,1e-04,0.2919
cal.com,apps/api/v2/src/platform/schedules/schedules_2024_06_11/schedules.module.ts,HIGH,0.9987,0.9987,0.0,0.0013
cal.com,apps/api/v2/src/platform/schedules/schedules_2024_06_11/schedules.repository.ts,HIGH,1.0,1.0,0.0,0.0
cal.com,apps/api/v2/src/platform/schedules/schedules_2024_06_11/controllers/schedules.controller.ts,HIGH,0.9964,0.9964,0.0,0.0036
cal.com,apps/api/v2/src/platform/schedules/schedules_2024_06_11/controllers/schedules.controller.e2e-spec.ts,HIGH,1.0,1.0,0.0,0.0
cal.com,apps/api/v2/src/platform/schedules/schedules_2024_06_11/services/schedules.service.ts,HIGH,1.0,1.0,0.0,0.0
cal.com,apps/api/v2/src/platform/schedules/schedules_2024_06_11/services/output-schedules.service.ts,HIGH,0.9425,0.9425,0.0,0.0575
cal.com,apps/api/v2/src/platform/schedules/schedules_2024_06_11/services/input-schedules.service.ts,HIGH,0.9642,0.9642,0.0,0.0358
cal.com,apps/api/v2/src/platform/me/me.controller.ts,HIGH,0.9996,0.9996,0.0,0.0004
cal.com,apps/api/v2/src/platform/me/me.controller.e2e-spec.ts,HIGH,1.0,1.0,0.0,0.0
cal.com,apps/api/v2/src/platform/me/me.module.ts,HIGH,0.5771,0.5771,1e-04,0.4228
cal.com,apps/api/v2/src/platform/me/outputs/update-me.output.ts,HIGH,0.5198,0.5198,1e-04,0.4801
cal.com,apps/api/v2/src/platform/me/outputs/get-me.output.ts,HIGH,0.5198,0.5198,1e-04,0.4801
cal.com,apps/api/v2/src/platform/me/outputs/me.output.ts,MEDIUM,0.7318,0.268,0.0002,0.7318
cal.com,apps/api/v2/src/platform/me/services/me.service.ts,HIGH,0.9999,0.9999,0.0,1e-04
cal.com,apps/api/v2/src/lib/extract-user-context.ts,MEDIUM,0.9994,0.0006,0.0,0.9994
cal.com,apps/api/v2/src/lib/logger.bridge.ts,HIGH,0.9957,0.9957,0.0,0.0043
cal.com,apps/api/v2/src/lib/api-versions.ts,MEDIUM,0.998,1e-04,0.0019,0.998
cal.com,apps/api/v2/src/lib/endpoint-throttler-decorator.ts,LOW,0.9993,0.0,0.9993,0.0007
cal.com,apps/api/v2/src/lib/logger.ts,MEDIUM,0.9988,0.0011,0.0,0.9988
cal.com,apps/api/v2/src/lib/filterReqHeaders.ts,MEDIUM,0.9998,0.0002,1e-04,0.9998
cal.com,apps/api/v2/src/lib/throttler-guard.ts,HIGH,0.9999,0.9999,0.0,1e-04
cal.com,apps/api/v2/src/lib/pagination/pagination.ts,MEDIUM,0.9986,0.0013,0.0,0.9986
cal.com,apps/api/v2/src/lib/pagination/pagination.spec.ts,MEDIUM,0.9938,0.006,0.0002,0.9938
cal.com,apps/api/v2/src/lib/atoms/decorators/for-atom.decorator.ts,LOW,0.8998,0.0,0.8998,0.1002
cal.com,apps/api/v2/src/lib/api-key/index.ts,LOW,0.8998,0.0,0.8998,0.1002
cal.com,apps/api/v2/src/lib/response/response.dto.ts,MEDIUM,0.9961,0.0002,0.0037,0.9961
cal.com,apps/api/v2/src/lib/enums/locales.ts,MEDIUM,0.9985,0.0006,0.0009,0.9985
cal.com,apps/api/v2/src/lib/enums/auth-methods.ts,MEDIUM,0.8404,1e-04,0.1595,0.8404
cal.com,apps/api/v2/src/lib/roles/constants.ts,MEDIUM,0.9941,1e-04,0.0058,0.9941
cal.com,apps/api/v2/src/lib/repositories/prisma-features.repository.ts,MEDIUM,0.9876,1e-04,0.0123,0.9876
cal.com,apps/api/v2/src/lib/repositories/prisma-oauth-client.repository.ts,MEDIUM,0.9876,1e-04,0.0123,0.9876
cal.com,apps/api/v2/src/lib/repositories/prisma-booking-reference.repository.ts,MEDIUM,0.9797,1e-04,0.0201,0.9797
cal.com,apps/api/v2/src/lib/repositories/prisma-user.repository.ts,MEDIUM,0.9876,1e-04,0.0123,0.9876
cal.com,apps/api/v2/src/lib/repositories/prisma-holiday.repository.ts,MEDIUM,0.9876,1e-04,0.0123,0.9876
cal.com,apps/api/v2/src/lib/repositories/prisma-schedule.repository.ts,MEDIUM,0.9876,1e-04,0.0123,0.9876
cal.com,apps/api/v2/src/lib/repositories/prisma-profile.repository.ts,MEDIUM,0.9797,1e-04,0.0201,0.9797
cal.com,apps/api/v2/src/lib/repositories/prisma-booking-attendee.repository.ts,MEDIUM,0.9797,1e-04,0.0201,0.9797
cal.com,apps/api/v2/src/lib/repositories/prisma-membership.repository.ts,MEDIUM,0.9876,1e-04,0.0123,0.9876
cal.com,apps/api/v2/src/lib/repositories/prisma-access-code.repository.ts,MEDIUM,0.9876,1e-04,0.0123,0.9876
cal.com,apps/api/v2/src/lib/repositories/prisma-ooo.repository.ts,MEDIUM,0.9876,1e-04,0.0123,0.9876
cal.com,apps/api/v2/src/lib/repositories/prisma-host.repository.ts,MEDIUM,0.9876,1e-04,0.0123,0.9876
cal.com,apps/api/v2/src/lib/repositories/prisma-booking.repository.ts,MEDIUM,0.9876,1e-04,0.0123,0.9876
cal.com,apps/api/v2/src/lib/repositories/prisma-selected-slot.repository.ts,MEDIUM,0.9876,1e-04,0.0123,0.9876
cal.com,apps/api/v2/src/lib/repositories/prisma-event-type.repository.ts,MEDIUM,0.9876,1e-04,0.0123,0.9876
cal.com,apps/api/v2/src/lib/repositories/prisma-team.repository.ts,HIGH,0.9999,0.9999,0.0,1e-04
cal.com,apps/api/v2/src/lib/is-origin-allowed/is-origin-allowed.ts,MEDIUM,0.9994,1e-04,0.0006,0.9994
cal.com,apps/api/v2/src/lib/is-origin-allowed/is-origin-allowed.spec.ts,MEDIUM,0.9806,0.0194,0.0,0.9806
cal.com,apps/api/v2/src/lib/docs/headers.ts,MEDIUM,0.9975,0.0012,0.0014,0.9975
cal.com,apps/api/v2/src/lib/passport/strategies/types.ts,MEDIUM,0.9797,1e-04,0.0201,0.9797
cal.com,apps/api/v2/src/lib/safe-parse/safe-parse.ts,MEDIUM,0.9998,1e-04,1e-04,0.9998
cal.com,apps/api/v2/src/lib/safe-parse/default-responses-booking.ts,MEDIUM,0.9797,1e-04,0.0201,0.9797
cal.com,apps/api/v2/src/lib/modules/regular-booking.tokens.ts,LOW,0.734,0.0369,0.734,0.2291
cal.com,apps/api/v2/src/lib/modules/recurring-booking.module.ts,HIGH,0.9947,0.9947,0.0,0.0053
cal.com,apps/api/v2/src/lib/modules/calendars-tasker.module.ts,MEDIUM,0.996,0.0002,0.0038,0.996
cal.com,apps/api/v2/src/lib/modules/booking-attendees.module.ts,HIGH,0.6783,0.6783,0.0016,0.3201
cal.com,apps/api/v2/src/lib/modules/available-slots.module.ts,HIGH,0.9987,0.9987,0.0,0.0013
cal.com,apps/api/v2/src/lib/modules/booking-event-handler.module.ts,HIGH,0.9141,0.9141,0.0,0.0859
cal.com,apps/api/v2/src/lib/modules/booking-cancel.module.ts,MEDIUM,0.998,1e-04,0.0019,0.998
cal.com,apps/api/v2/src/lib/modules/oauth.module.ts,MEDIUM,0.6679,0.332,1e-04,0.6679
cal.com,apps/api/v2/src/lib/modules/regular-booking.module.ts,HIGH,0.9995,0.9995,0.0,0.0005
cal.com,apps/api/v2/src/lib/services/check-booking-and-duration-limits.service.ts,MEDIUM,0.9899,1e-04,0.01,0.9899
cal.com,apps/api/v2/src/lib/services/hashed-link.service.ts,MEDIUM,0.9111,1e-04,0.0888,0.9111
cal.com,apps/api/v2/src/lib/services/tasker.service.ts,MEDIUM,0.9941,1e-04,0.0058,0.9941
cal.com,apps/api/v2/src/lib/services/available-slots.service.ts,HIGH,0.9997,0.9997,0.0,0.0003
cal.com,apps/api/v2/src/lib/services/qualified-hosts.service.ts,HIGH,1.0,1.0,0.0,0.0
cal.com,apps/api/v2/src/lib/services/booking-event-handler.service.ts,HIGH,0.968,0.968,0.0,0.032
cal.com,apps/api/v2/src/lib/services/oauth.service.ts,HIGH,0.9987,0.9987,0.0,0.0013
cal.com,apps/api/v2/src/lib/services/recurring-booking.service.ts,HIGH,0.8786,0.8786,0.0,0.1213
cal.com,apps/api/v2/src/lib/services/busy-times.service.ts,MEDIUM,0.9899,1e-04,0.01,0.9899
cal.com,apps/api/v2/src/lib/services/booking-emails-sms-service.ts,MEDIUM,0.9899,1e-04,0.01,0.9899
cal.com,apps/api/v2/src/lib/services/regular-booking.service.ts,HIGH,0.979,0.979,0.0,0.021
cal.com,apps/api/v2/src/lib/services/booking-attendees-remove.service.ts,MEDIUM,0.8024,0.1957,0.0019,0.8024
cal.com,apps/api/v2/src/lib/services/booking-cancel.service.ts,MEDIUM,0.996,0.0002,0.0038,0.996
cal.com,apps/api/v2/src/lib/services/no-slots-notification.service.ts,HIGH,0.5256,0.5256,1e-04,0.4744
cal.com,apps/api/v2/src/lib/services/booking-attendees.service.ts,MEDIUM,0.5646,0.4335,0.002,0.5646
cal.com,apps/api/v2/src/lib/services/user-availability.service.ts,MEDIUM,0.996,0.0002,0.0038,0.996
cal.com,apps/api/v2/src/lib/services/check-booking-limits.service.ts,MEDIUM,0.9899,1e-04,0.01,0.9899
cal.com,apps/api/v2/src/lib/services/lucky-user.service.ts,HIGH,0.9975,0.9975,0.0,0.0025
cal.com,apps/api/v2/src/lib/services/tasker/booking-emails-sms-sync-tasker.service.ts,MEDIUM,0.9945,1e-04,0.0054,0.9945
cal.com,apps/api/v2/src/lib/services/tasker/calendars-sync-tasker.service.ts,MEDIUM,0.9945,1e-04,0.0054,0.9945
cal.com,apps/api/v2/src/lib/services/tasker/booking-emails-sms-trigger-tasker.service.ts,MEDIUM,0.9899,1e-04,0.01,0.9899
cal.com,apps/api/v2/src/lib/services/tasker/calendars-task.service.ts,MEDIUM,0.9945,1e-04,0.0054,0.9945
cal.com,apps/api/v2/src/lib/services/tasker/calendars-trigger-tasker.service.ts,MEDIUM,0.9899,1e-04,0.01,0.9899
cal.com,apps/api/v2/src/lib/services/tasker/booking-emails-sms-task.service.ts,MEDIUM,0.9977,1e-04,0.0022,0.9977
cal.com,apps/api/v2/src/lib/services/tasker/calendars-tasker.service.ts,MEDIUM,0.9977,1e-04,0.0022,0.9977
cal.com,apps/api/v2/src/lib/services/tasker/booking-emails-sms-tasker.service.ts,MEDIUM,0.9977,1e-04,0.0022,0.9977
cal.com,apps/api/v2/src/lib/inputs/capitalize-timezone.ts,LOW,0.8998,0.0,0.8998,0.1002
cal.com,apps/api/v2/src/lib/inputs/capitalize-timezone.spec.ts,MEDIUM,0.9974,0.0012,0.0014,0.9974
cal.com,apps/api/v2/src/modules/endpoints.module.ts,HIGH,0.999,0.999,0.0,0.001
cal.com,apps/api/v2/src/modules/jwt/jwt.service.ts,MEDIUM,0.9962,0.0002,0.0036,0.9962
cal.com,apps/api/v2/src/modules/jwt/jwt.module.ts,MEDIUM,0.9899,1e-04,0.01,0.9899
cal.com,apps/api/v2/src/modules/organizations/organizations.module.ts,HIGH,0.9993,0.9993,0.0,0.0007
cal.com,apps/api/v2/src/modules/organizations/index/organizations.repository.ts,HIGH,1.0,1.0,0.0,0.0
cal.com,apps/api/v2/src/modules/atoms/atoms.module.ts,HIGH,0.9992,0.9992,0.0,0.0008
cal.com,apps/api/v2/src/modules/atoms/atoms.repository.ts,MEDIUM,0.9968,0.0025,0.0007,0.9968
cal.com,apps/api/v2/src/modules/atoms/atoms-secondary-emails.repository.ts,MEDIUM,0.9991,0.0009,0.0,0.9991
cal.com,apps/api/v2/src/modules/atoms/controllers/atoms.event-types.controller.ts,HIGH,1.0,1.0,0.0,0.0
cal.com,apps/api/v2/src/modules/atoms/controllers/atoms.schedules.controller.ts,MEDIUM,0.8894,0.1106,0.0,0.8894
cal.com,apps/api/v2/src/modules/atoms/controllers/atoms.verification.controller.ts,HIGH,0.5431,0.5431,0.0,0.4568
cal.com,apps/api/v2/src/modules/atoms/controllers/atoms.conferencing-apps.controller.ts,HIGH,0.9999,0.9999,0.0,1e-04
cal.com,apps/api/v2/src/modules/atoms/outputs/send-verification-email.output.ts,MEDIUM,0.998,1e-04,0.0019,0.998
cal.com,apps/api/v2/src/modules/atoms/outputs/verify-email-code.output.ts,MEDIUM,0.998,1e-04,0.0019,0.998
cal.com,apps/api/v2/src/modules/atoms/outputs/get-verified-emails-output.ts,MEDIUM,0.9944,1e-04,0.0055,0.9944
cal.com,apps/api/v2/src/modules/atoms/services/schedules-atom.service.ts,MEDIUM,0.997,0.003,0.0,0.997
cal.com,apps/api/v2/src/modules/atoms/services/event-types-atom.service.ts,HIGH,1.0,1.0,0.0,0.0
cal.com,apps/api/v2/src/modules/atoms/services/verification-atom.service.ts,HIGH,0.9815,0.9815,0.0,0.0185
cal.com,apps/api/v2/src/modules/atoms/services/conferencing-atom.service.ts,HIGH,0.9927,0.9927,0.0,0.0073
cal.com,apps/api/v2/src/modules/atoms/inputs/check-email-verification-required-params.ts,MEDIUM,0.9899,1e-04,0.01,0.9899
cal.com,apps/api/v2/src/modules/atoms/inputs/get-atom-schedules-query-params.input.ts,MEDIUM,0.9992,1e-04,0.0008,0.9992
cal.com,apps/api/v2/src/modules/atoms/inputs/get-verified-emails-params.ts,MEDIUM,0.998,1e-04,0.0019,0.998
cal.com,apps/api/v2/src/modules/atoms/inputs/verify-email-code.input.ts,MEDIUM,0.9876,1e-04,0.0123,0.9876
cal.com,apps/api/v2/src/modules/atoms/inputs/event-types-app.input.ts,MEDIUM,0.9993,1e-04,0.0006,0.9993
cal.com,apps/api/v2/src/modules/atoms/inputs/add-verified-email.input.ts,MEDIUM,0.8404,1e-04,0.1595,0.8404
cal.com,apps/api/v2/src/modules/atoms/inputs/send-verification-email.input.ts,MEDIUM,0.9977,1e-04,0.0022,0.9977
cal.com,apps/api/v2/src/modules/atoms/inputs/get-atom-public-event-type-query-params.input.ts,MEDIUM,0.9996,1e-04,0.0003,0.9996
cal.com,apps/api/v2/src/modules/redis/redis.module.ts,MEDIUM,0.8404,1e-04,0.1595,0.8404
cal.com,apps/api/v2/src/modules/redis/redis.service.ts,HIGH,0.9997,0.9997,0.0,0.0003
cal.com,apps/api/v2/src/modules/auth/auth.module.ts,HIGH,0.7765,0.7765,1e-04,0.2235
cal.com,apps/api/v2/src/modules/auth/decorators/api-auth-guard-only-allow.decorator.ts,MEDIUM,0.9111,1e-04,0.0888,0.9111
cal.com,apps/api/v2/src/modules/auth/decorators/get-team/get-team.decorator.ts,MEDIUM,0.9996,0.0003,0.0002,0.9996
cal.com,apps/api/v2/src/modules/auth/decorators/methods/get-auth-methods.decorator.ts,MEDIUM,0.9979,1e-04,0.002,0.9979
cal.com,apps/api/v2/src/modules/auth/decorators/get-membership/get-membership.decorator.ts,MEDIUM,0.9996,0.0003,0.0002,0.9996
cal.com,apps/api/v2/src/modules/auth/decorators/get-org-id/get-org-id.decorator.ts,MEDIUM,0.9963,1e-04,0.0036,0.9963
cal.com,apps/api/v2/src/modules/auth/decorators/roles/membership-roles.decorator.ts,LOW,0.9993,0.0,0.9993,0.0007
cal.com,apps/api/v2/src/modules/auth/decorators/roles/roles.decorator.ts,LOW,0.8998,0.0,0.8998,0.1002
cal.com,apps/api/v2/src/modules/auth/decorators/permissions/permissions.decorator.ts,LOW,0.9993,0.0,0.9993,0.0007
cal.com,apps/api/v2/src/modules/auth/decorators/get-optional-user/get-optional-user.decorator.ts,MEDIUM,0.9996,0.0003,0.0002,0.9996
cal.com,apps/api/v2/src/modules/auth/decorators/pbac/pbac.decorator.ts,MEDIUM,0.7327,0.244,0.0233,0.7327
cal.com,apps/api/v2/src/modules/auth/decorators/get-org/get-org.decorator.ts,MEDIUM,0.9996,0.0003,0.0002,0.9996
cal.com,apps/api/v2/src/modules/auth/decorators/get-user/get-user.decorator.ts,MEDIUM,0.9996,0.0003,0.0002,0.9996
cal.com,apps/api/v2/src/modules/auth/strategies/next-auth/next-auth.strategy.ts,MEDIUM,0.9988,0.0012,0.0,0.9988
cal.com,apps/api/v2/src/modules/auth/strategies/api-auth/api-auth.strategy.ts,HIGH,1.0,1.0,0.0,0.0
cal.com,apps/api/v2/src/modules/auth/strategies/api-auth/api-auth.strategy.e2e-spec.ts,HIGH,1.0,1.0,0.0,0.0
cal.com,apps/api/v2/src/modules/auth/oauth2/oauth2.module.ts,MEDIUM,0.9899,1e-04,0.01,0.9899
cal.com,apps/api/v2/src/modules/auth/oauth2/filters/oauth2-http.exception.ts,MEDIUM,0.9797,1e-04,0.0201,0.9797
cal.com,apps/api/v2/src/modules/auth/oauth2/filters/oauth2-redirect-exception.filter.ts,MEDIUM,0.9941,1e-04,0.0058,0.9941
cal.com,apps/api/v2/src/modules/auth/oauth2/filters/oauth2-http-exception.filter.ts,MEDIUM,0.9995,0.0002,0.0004,0.9995
cal.com,apps/api/v2/src/modules/auth/oauth2/filters/oauth2-redirect.exception.ts,MEDIUM,0.9111,1e-04,0.0888,0.9111
cal.com,apps/api/v2/src/modules/auth/oauth2/controllers/oauth2.controller.e2e-spec.ts,HIGH,1.0,1.0,0.0,0.0
cal.com,apps/api/v2/src/modules/auth/oauth2/controllers/atoms-oauth2.controller.e2e-spec.ts,MEDIUM,0.9985,0.0015,0.0,0.9985
cal.com,apps/api/v2/src/modules/auth/oauth2/controllers/atoms-oauth2.controller.ts,MEDIUM,0.9985,0.0014,0.0,0.9985
cal.com,apps/api/v2/src/modules/auth/oauth2/controllers/oauth2.controller.ts,MEDIUM,0.504,0.4959,0.0,0.504
cal.com,apps/api/v2/src/modules/auth/oauth2/outputs/oauth2-client.output.ts,HIGH,1.0,1.0,0.0,0.0
cal.com,apps/api/v2/src/modules/auth/oauth2/outputs/oauth2-tokens.output.ts,MEDIUM,0.9977,0.0002,0.0021,0.9977
cal.com,apps/api/v2/src/modules/auth/oauth2/services/oauth2-error.service.ts,HIGH,0.9985,0.9985,0.0,0.0015
cal.com,apps/api/v2/src/modules/auth/oauth2/inputs/exchange.input.ts,MEDIUM,0.9987,0.0013,0.0,0.9987
cal.com,apps/api/v2/src/modules/auth/oauth2/inputs/authorize.input.ts,MEDIUM,0.9991,0.0009,0.0,0.9991
cal.com,apps/api/v2/src/modules/auth/oauth2/inputs/refresh.input.ts,MEDIUM,0.9993,0.0006,1e-04,0.9993
cal.com,apps/api/v2/src/modules/auth/oauth2/inputs/token.input.pipe.ts,HIGH,0.8171,0.8171,0.0,0.1829
cal.com,apps/api/v2/src/modules/auth/guards/optional-api-auth/optional-api-auth.guard.ts,MEDIUM,0.9996,0.0004,1e-04,0.9996
cal.com,apps/api/v2/src/modules/auth/guards/roles/roles.guard.ts,HIGH,0.9998,0.9998,0.0,0.0002
cal.com,apps/api/v2/src/modules/auth/guards/or-guard/or.guard.ts,MEDIUM,0.9989,0.001,0.0,0.9989
cal.com,apps/api/v2/src/modules/auth/guards/or-guard/index.ts,LOW,1.0,0.0,1.0,0.0
cal.com,apps/api/v2/src/modules/auth/guards/or-guard/or.guard.spec.ts,MEDIUM,0.9983,0.0016,0.0,0.9983
cal.com,apps/api/v2/src/modules/auth/guards/permissions/permissions.guard.spec.ts,HIGH,0.9997,0.9997,0.0,0.0003
cal.com,apps/api/v2/src/modules/auth/guards/permissions/permissions.guard.ts,HIGH,0.9222,0.9222,0.0,0.0778
cal.com,apps/api/v2/src/modules/auth/guards/next-auth/next-auth.guard.ts,LOW,0.5277,1e-04,0.5277,0.4723
cal.com,apps/api/v2/src/modules/auth/guards/pbac/pbac.guard.ts,HIGH,0.9979,0.9979,0.0,0.0021
cal.com,apps/api/v2/src/modules/auth/guards/api-auth/api-auth.guard.ts,MEDIUM,0.995,1e-04,0.0048,0.995
cal.com,apps/api/v2/src/modules/auth/guards/api-auth/token-expired.exception.ts,MEDIUM,0.8404,1e-04,0.1595,0.8404
cal.com,apps/api/v2/src/modules/event-types/controllers/event-types-webhooks.controller.ts,HIGH,0.9988,0.9988,0.0,0.0012
cal.com,apps/api/v2/src/modules/event-types/controllers/event-types-webhooks.controller.e2e-spec.ts,HIGH,0.9982,0.9982,0.0,0.0018
cal.com,apps/api/v2/src/modules/event-types/services/event-type-access.service.ts,HIGH,0.9998,0.9998,0.0,0.0002
cal.com,apps/api/v2/src/modules/event-types/guards/event-type-ownership.guard.ts,HIGH,0.9933,0.9933,0.0,0.0067
cal.com,apps/api/v2/src/modules/timezones/timezones.module.ts,MEDIUM,0.9899,1e-04,0.01,0.9899
cal.com,apps/api/v2/src/modules/timezones/controllers/timezones.controller.ts,MEDIUM,0.996,0.0002,0.0038,0.996
cal.com,apps/api/v2/src/modules/timezones/services/timezones.service.ts,MEDIUM,0.9995,1e-04,0.0004,0.9995
cal.com,apps/api/v2/src/modules/prisma/prisma-read.service.ts,HIGH,0.807,0.807,0.0,0.193
cal.com,apps/api/v2/src/modules/prisma/prisma-write.service.ts,HIGH,0.807,0.807,0.0,0.193
cal.com,apps/api/v2/src/modules/prisma/prisma.module.ts,MEDIUM,0.9996,0.0003,1e-04,0.9996
cal.com,apps/api/v2/src/modules/prisma/prisma-worker.module.ts,MEDIUM,0.9996,0.0003,1e-04,0.9996
cal.com,apps/api/v2/src/modules/api-keys/api-keys-repository.ts,MEDIUM,0.997,0.0002,0.0028,0.997
cal.com,apps/api/v2/src/modules/api-keys/api-keys.module.ts,MEDIUM,0.9941,1e-04,0.0058,0.9941
cal.com,apps/api/v2/src/modules/api-keys/controllers/api-keys.controller.ts,MEDIUM,0.9981,0.0004,0.0015,0.9981
cal.com,apps/api/v2/src/modules/api-keys/outputs/api-key.output.ts,MEDIUM,0.9797,1e-04,0.0201,0.9797
cal.com,apps/api/v2/src/modules/api-keys/outputs/refresh-api-key.output.ts,MEDIUM,0.995,1e-04,0.0048,0.995
cal.com,apps/api/v2/src/modules/api-keys/services/api-keys.service.ts,MEDIUM,0.9399,0.06,0.0,0.9399
cal.com,apps/api/v2/src/modules/api-keys/inputs/create-api-key.input.ts,MEDIUM,0.9994,1e-04,0.0005,0.9994
cal.com,apps/api/v2/src/modules/api-keys/inputs/refresh-api-key.input.ts,MEDIUM,0.9963,1e-04,0.0035,0.9963
cal.com,apps/api/v2/src/modules/conferencing/conferencing.module.ts,MEDIUM,0.9977,0.0003,0.002,0.9977
cal.com,apps/api/v2/src/modules/conferencing/repositories/conferencing.repository.ts,MEDIUM,0.9974,0.0018,0.0008,0.9974
cal.com,apps/api/v2/src/modules/conferencing/controllers/conferencing.controller.e2e-spec.ts,HIGH,0.927,0.927,0.0,0.073
cal.com,apps/api/v2/src/modules/conferencing/controllers/conferencing.controller.ts,HIGH,0.9999,0.9999,0.0,1e-04
cal.com,apps/api/v2/src/modules/conferencing/outputs/set-default-conferencing-app.output.ts,MEDIUM,0.9111,1e-04,0.0888,0.9111
cal.com,apps/api/v2/src/modules/conferencing/outputs/get-conferencing-apps.output.ts,MEDIUM,0.9993,0.0006,1e-04,0.9993
cal.com,apps/api/v2/src/modules/conferencing/outputs/get-conferencing-apps-oauth-url.ts,MEDIUM,0.9963,1e-04,0.0035,0.9963
cal.com,apps/api/v2/src/modules/conferencing/outputs/get-default-conferencing-app.output.ts,MEDIUM,0.9961,0.0002,0.0037,0.9961
cal.com,apps/api/v2/src/modules/conferencing/services/zoom-video.service.ts,HIGH,0.9608,0.9608,0.0,0.0392
cal.com,apps/api/v2/src/modules/conferencing/services/google-meet.service.ts,MEDIUM,0.9956,0.0043,0.0,0.9956
cal.com,apps/api/v2/src/modules/conferencing/services/office365-video.service.ts,HIGH,0.9616,0.9616,0.0,0.0384
cal.com,apps/api/v2/src/modules/conferencing/services/conferencing.service.ts,HIGH,0.9874,0.9874,0.0,0.0126
cal.com,apps/api/v2/src/modules/cal-unified-calendars/cal-unified-calendars.module.ts,HIGH,0.9169,0.9169,1e-04,0.083
cal.com,apps/api/v2/src/modules/cal-unified-calendars/pipes/parse-connection-id.pipe.ts,HIGH,0.8475,0.8475,0.0,0.1525
cal.com,apps/api/v2/src/modules/cal-unified-calendars/pipes/google-calendar-event-input.pipe.spec.ts,HIGH,0.998,0.998,0.0,0.002
cal.com,apps/api/v2/src/modules/cal-unified-calendars/pipes/get-calendar-event-details-output-pipe.ts,HIGH,1.0,1.0,0.0,0.0
cal.com,apps/api/v2/src/modules/cal-unified-calendars/pipes/google-calendar-event-input-pipe.ts,HIGH,1.0,1.0,0.0,0.0
cal.com,apps/api/v2/src/modules/cal-unified-calendars/pipes/get-calendar-event-details-output-pipe.spec.ts,HIGH,1.0,1.0,0.0,0.0
cal.com,apps/api/v2/src/modules/cal-unified-calendars/pipes/__fixtures__/google-calendar-event.fixture.ts,MEDIUM,0.9937,0.0062,1e-04,0.9937
cal.com,apps/api/v2/src/modules/cal-unified-calendars/controllers/cal-unified-calendars.controller.spec.ts,HIGH,1.0,1.0,0.0,0.0
cal.com,apps/api/v2/src/modules/cal-unified-calendars/controllers/cal-unified-calendars.controller.ts,HIGH,1.0,1.0,0.0,0.0
cal.com,apps/api/v2/src/modules/cal-unified-calendars/outputs/list-connections.output.ts,HIGH,1.0,1.0,0.0,0.0
cal.com,apps/api/v2/src/modules/cal-unified-calendars/outputs/get-unified-calendar-event.output.ts,HIGH,1.0,1.0,0.0,0.0
cal.com,apps/api/v2/src/modules/cal-unified-calendars/services/unified-calendar.service.ts,HIGH,1.0,1.0,0.0,0.0
cal.com,apps/api/v2/src/modules/cal-unified-calendars/services/unified-calendars-freebusy.integration.spec.ts,HIGH,0.9994,0.9994,0.0,0.0006
cal.com,apps/api/v2/src/modules/cal-unified-calendars/services/unified-calendars-freebusy.service.spec.ts,HIGH,1.0,1.0,0.0,0.0
cal.com,apps/api/v2/src/modules/cal-unified-calendars/services/google-calendar.service.ts,HIGH,1.0,1.0,0.0,0.0
cal.com,apps/api/v2/src/modules/cal-unified-calendars/services/google-calendar.service.spec.ts,HIGH,1.0,1.0,0.0,0.0
cal.com,apps/api/v2/src/modules/cal-unified-calendars/services/unified-calendars-freebusy.service.ts,HIGH,0.9999,0.9999,0.0,1e-04
cal.com,apps/api/v2/src/modules/cal-unified-calendars/inputs/create-unified-calendar-event.input.ts,HIGH,1.0,1.0,0.0,0.0
cal.com,apps/api/v2/src/modules/cal-unified-calendars/inputs/update-unified-calendar-event.input.ts,HIGH,0.9999,0.9999,0.0,1e-04
cal.com,apps/api/v2/src/modules/cal-unified-calendars/inputs/freebusy-unified.input.ts,HIGH,1.0,1.0,0.0,0.0
cal.com,apps/api/v2/src/modules/cal-unified-calendars/inputs/list-unified-calendar-events.input.ts,HIGH,1.0,1.0,0.0,0.0
cal.com,apps/api/v2/src/modules/destination-calendars/destination-calendars.repository.ts,MEDIUM,0.9994,0.0005,1e-04,0.9994
cal.com,apps/api/v2/src/modules/destination-calendars/destination-calendars.module.ts,HIGH,0.9772,0.9772,0.0,0.0228
cal.com,apps/api/v2/src/modules/destination-calendars/controllers/destination-calendars.controller.e2e-spec.ts,HIGH,1.0,1.0,0.0,0.0
cal.com,apps/api/v2/src/modules/destination-calendars/controllers/destination-calendars.controller.ts,MEDIUM,0.9985,0.0006,0.0009,0.9985
cal.com,apps/api/v2/src/modules/destination-calendars/outputs/destination-calendars.output.ts,MEDIUM,0.9975,0.0002,0.0024,0.9975
cal.com,apps/api/v2/src/modules/destination-calendars/services/destination-calendars.service.ts,HIGH,1.0,1.0,0.0,0.0
cal.com,apps/api/v2/src/modules/destination-calendars/inputs/destination-calendars.input.ts,MEDIUM,0.9977,0.0003,0.002,0.9977
cal.com,apps/api/v2/src/modules/oauth-clients/oauth-client.module.ts,HIGH,0.9996,0.9996,0.0,0.0004
cal.com,apps/api/v2/src/modules/oauth-clients/oauth-client.repository.ts,HIGH,0.8695,0.8695,0.0,0.1305
cal.com,apps/api/v2/src/modules/oauth-clients/controllers/oauth-client-users/oauth-client-users.controller.ts,HIGH,1.0,1.0,0.0,0.0
cal.com,apps/api/v2/src/modules/oauth-clients/controllers/oauth-client-users/outputs/delete-managed-user.output.ts,MEDIUM,0.9945,1e-04,0.0054,0.9945
cal.com,apps/api/v2/src/modules/oauth-clients/controllers/oauth-client-users/outputs/update-managed-user.output.ts,MEDIUM,0.9945,1e-04,0.0054,0.9945
cal.com,apps/api/v2/src/modules/oauth-clients/controllers/oauth-client-users/outputs/managed-user.output.ts,MEDIUM,0.9985,0.0015,0.0,0.9985
cal.com,apps/api/v2/src/modules/oauth-clients/controllers/oauth-client-users/outputs/create-managed-user.output.ts,MEDIUM,0.9962,0.0002,0.0036,0.9962
cal.com,apps/api/v2/src/modules/oauth-clients/controllers/oauth-client-users/outputs/get-managed-user.output.ts,MEDIUM,0.9945,1e-04,0.0054,0.9945
cal.com,apps/api/v2/src/modules/oauth-clients/controllers/oauth-client-users/outputs/get-managed-users.output.ts,MEDIUM,0.9944,1e-04,0.0055,0.9944
cal.com,apps/api/v2/src/modules/oauth-clients/controllers/oauth-client-users/inputs/get-managed-users.input.ts,MEDIUM,0.9997,1e-04,1e-04,0.9997
cal.com,apps/api/v2/src/modules/oauth-clients/controllers/oauth-clients/oauth-clients.controller.e2e-spec.ts,HIGH,1.0,1.0,0.0,0.0
cal.com,apps/api/v2/src/modules/oauth-clients/controllers/oauth-clients/oauth-clients.controller.ts,HIGH,1.0,1.0,0.0,0.0
cal.com,apps/api/v2/src/modules/oauth-clients/controllers/oauth-clients/responses/CreateOAuthClientResponse.dto.ts,MEDIUM,0.9961,0.0002,0.0037,0.9961
cal.com,apps/api/v2/src/modules/oauth-clients/controllers/oauth-clients/responses/GetOAuthClientsResponse.dto.ts,MEDIUM,0.9963,1e-04,0.0035,0.9963
cal.com,apps/api/v2/src/modules/oauth-clients/controllers/oauth-clients/responses/GetOAuthClientResponse.dto.ts,MEDIUM,0.995,1e-04,0.0048,0.995
cal.com,apps/api/v2/src/modules/oauth-clients/controllers/oauth-client-webhooks/oauth-client-webhooks.controller.ts,HIGH,0.9628,0.9628,0.0,0.0372
cal.com,apps/api/v2/src/modules/oauth-clients/controllers/oauth-client-webhooks/oauth-client-webhooks.controller.e2e-spec.ts,HIGH,0.9886,0.9886,0.0,0.0114
cal.com,apps/api/v2/src/modules/oauth-clients/controllers/oauth-flow/oauth-flow.controller.e2e-spec.ts,HIGH,0.7691,0.7691,1e-04,0.2308
cal.com,apps/api/v2/src/modules/oauth-clients/controllers/oauth-flow/oauth-flow.controller.ts,HIGH,0.9751,0.9751,0.0,0.0249
cal.com,apps/api/v2/src/modules/oauth-clients/controllers/oauth-flow/responses/KeysResponse.dto.ts,MEDIUM,0.9976,0.0002,0.0022,0.9976
cal.com,apps/api/v2/src/modules/oauth-clients/services/oauth-flow.service.ts,HIGH,0.9949,0.9949,0.0,0.0051
cal.com,apps/api/v2/src/modules/oauth-clients/services/oauth-clients-users-output.service.ts,MEDIUM,0.9876,1e-04,0.0123,0.9876
cal.com,apps/api/v2/src/modules/oauth-clients/services/oauth-clients-users.service.ts,HIGH,1.0,1.0,0.0,0.0
cal.com,apps/api/v2/src/modules/oauth-clients/services/oauth-clients/oauth-clients.service.ts,MEDIUM,0.9994,0.0004,1e-04,0.9994
cal.com,apps/api/v2/src/modules/oauth-clients/services/oauth-clients/oauth-clients-input.service.ts,MEDIUM,0.9992,1e-04,0.0007,0.9992
cal.com,apps/api/v2/src/modules/oauth-clients/services/oauth-clients/oauth-clients-output.service.ts,MEDIUM,0.9993,0.0006,1e-04,0.9993
cal.com,apps/api/v2/src/modules/oauth-clients/guards/oauth-client-guard.ts,MEDIUM,0.9956,0.0043,0.0,0.9956
cal.com,apps/api/v2/src/modules/oauth-clients/inputs/exchange-code.input.ts,LOW,0.8998,0.0,0.8998,0.1002
cal.com,apps/api/v2/src/modules/oauth-clients/inputs/refresh-token.input.ts,MEDIUM,0.8404,1e-04,0.1595,0.8404
cal.com,apps/api/v2/src/modules/oauth-clients/inputs/authorize.input.ts,LOW,0.8998,0.0,0.8998,0.1002
cal.com,apps/api/v2/src/modules/memberships/memberships.module.ts,MEDIUM,0.9876,1e-04,0.0123,0.9876
cal.com,apps/api/v2/src/modules/memberships/memberships.repository.ts,HIGH,1.0,1.0,0.0,0.0
cal.com,apps/api/v2/src/modules/memberships/services/memberships.service.ts,MEDIUM,0.9996,0.0003,1e-04,0.9996
cal.com,apps/api/v2/src/modules/users/users.module.ts,MEDIUM,0.9226,0.0772,0.0002,0.9226
cal.com,apps/api/v2/src/modules/users/users.repository.ts,HIGH,1.0,1.0,0.0,0.0
cal.com,apps/api/v2/src/modules/users/validators/avatarValidator.ts,MEDIUM,0.9996,0.0003,1e-04,0.9996
cal.com,apps/api/v2/src/modules/users/validators/weekdayValidator.ts,MEDIUM,0.9992,1e-04,0.0008,0.9992
cal.com,apps/api/v2/src/modules/users/validators/isEmailStringOrArray.ts,MEDIUM,0.9998,1e-04,1e-04,0.9998
cal.com,apps/api/v2/src/modules/users/validators/avatarValidator.spec.ts,HIGH,0.8633,0.8633,0.0,0.1367
cal.com,apps/api/v2/src/modules/users/validators/timeZoneValidator.ts,HIGH,0.9901,0.9901,0.0,0.0099
cal.com,apps/api/v2/src/modules/users/validators/localeValidator.ts,MEDIUM,0.9996,0.0002,0.0002,0.9996
cal.com,apps/api/v2/src/modules/users/validators/themeValidator.ts,MEDIUM,0.9992,1e-04,0.0008,0.9992
cal.com,apps/api/v2/src/modules/users/validators/timeFormatValidator.ts,MEDIUM,0.9992,1e-04,0.0008,0.9992
cal.com,apps/api/v2/src/modules/users/outputs/get-users.output.ts,HIGH,0.9998,0.9998,0.0,0.0002
cal.com,apps/api/v2/src/modules/users/services/users.service.ts,MEDIUM,0.9979,0.0021,0.0,0.9979
cal.com,apps/api/v2/src/modules/users/inputs/create-managed-user.input.ts,MEDIUM,0.9983,0.0017,0.0,0.9983
cal.com,apps/api/v2/src/modules/users/inputs/update-user.input.ts,LOW,0.9993,0.0,0.9993,0.0007
cal.com,apps/api/v2/src/modules/users/inputs/update-managed-user.input.ts,MEDIUM,0.9972,0.0024,0.0005,0.9972
cal.com,apps/api/v2/src/modules/users/inputs/create-user.input.ts,HIGH,0.9511,0.9511,0.0,0.0489
cal.com,apps/api/v2/src/modules/users/inputs/get-users.input.ts,MEDIUM,0.9996,0.0003,1e-04,0.9996
cal.com,apps/api/v2/src/modules/teams/event-types/teams-event-types.repository.ts,HIGH,1.0,1.0,0.0,0.0
cal.com,apps/api/v2/src/modules/teams/event-types/pipes/output-team-event-types-response.pipe.ts,HIGH,0.9983,0.9983,0.0,0.0017
cal.com,apps/api/v2/src/modules/teams/event-types/services/teams-event-types.service.ts,HIGH,1.0,1.0,0.0,0.0
cal.com,apps/api/v2/src/modules/teams/event-types/services/output-team-event-types.service.ts,HIGH,1.0,1.0,0.0,0.0
cal.com,apps/api/v2/src/modules/teams/teams/teams.repository.ts,HIGH,0.9995,0.9995,0.0,0.0005
cal.com,apps/api/v2/src/modules/teams/teams/validators/ssrfSafeUrlValidator.ts,HIGH,0.7874,0.7874,0.0,0.2126
cal.com,apps/api/v2/src/modules/booking-seat/booking-seat.module.ts,MEDIUM,0.9797,1e-04,0.0201,0.9797
cal.com,apps/api/v2/src/modules/booking-seat/booking-seat.repository.ts,MEDIUM,0.9804,0.0194,1e-04,0.9804
cal.com,apps/api/v2/src/modules/kysely/kysely-write.service.ts,MEDIUM,0.9995,0.0002,0.0004,0.9995
cal.com,apps/api/v2/src/modules/kysely/kysely-read.service.ts,MEDIUM,0.9995,0.0002,0.0004,0.9995
cal.com,apps/api/v2/src/modules/kysely/kysely.module.ts,MEDIUM,0.9111,1e-04,0.0888,0.9111
cal.com,apps/api/v2/src/modules/profiles/profiles.module.ts,MEDIUM,0.9797,1e-04,0.0201,0.9797
cal.com,apps/api/v2/src/modules/profiles/profiles.repository.ts,HIGH,0.9982,0.9982,0.0,0.0018
cal.com,apps/api/v2/src/modules/verified-resources/verified-resources.module.ts,HIGH,0.9788,0.9788,0.0,0.0212
cal.com,apps/api/v2/src/modules/verified-resources/users-verified-resources.repository.ts,MEDIUM,0.9974,0.0018,0.0008,0.9974
cal.com,apps/api/v2/src/modules/verified-resources/teams-verified-resources.repository.ts,MEDIUM,0.9968,0.0025,0.0008,0.9968
cal.com,apps/api/v2/src/modules/verified-resources/controllers/users-verified-resources.controller.ts,HIGH,0.9998,0.9998,0.0,0.0002
cal.com,apps/api/v2/src/modules/verified-resources/outputs/request-phone-verification-output.ts,MEDIUM,0.9111,1e-04,0.0888,0.9111
cal.com,apps/api/v2/src/modules/verified-resources/outputs/request-email-verification-output.ts,MEDIUM,0.9111,1e-04,0.0888,0.9111
cal.com,apps/api/v2/src/modules/verified-resources/outputs/verified-email.output.ts,HIGH,1.0,1.0,0.0,0.0
cal.com,apps/api/v2/src/modules/verified-resources/outputs/verified-phone.output.ts,HIGH,1.0,1.0,0.0,0.0
cal.com,apps/api/v2/src/modules/verified-resources/services/verified-resources.service.ts,HIGH,0.9984,0.9984,0.0,0.0016
cal.com,apps/api/v2/src/modules/verified-resources/inputs/verify-email.input.ts,MEDIUM,0.998,1e-04,0.0019,0.998
cal.com,apps/api/v2/src/modules/verified-resources/inputs/request-email-verification.input.ts,MEDIUM,0.9945,1e-04,0.0054,0.9945
cal.com,apps/api/v2/src/modules/verified-resources/inputs/verify-phone.input.ts,MEDIUM,0.998,1e-04,0.0019,0.998
cal.com,apps/api/v2/src/modules/verified-resources/inputs/request-phone-verification.input.ts,MEDIUM,0.9945,1e-04,0.0054,0.9945
cal.com,apps/api/v2/src/modules/webhooks/webhooks.repository.ts,MEDIUM,0.993,0.007,0.0,0.993
cal.com,apps/api/v2/src/modules/webhooks/webhooks.module.ts,HIGH,0.9962,0.9962,0.0,0.0038
cal.com,apps/api/v2/src/modules/webhooks/decorators/get-webhook-decorator.ts,MEDIUM,0.9996,0.0003,0.0002,0.9996
cal.com,apps/api/v2/src/modules/webhooks/utils/validate-webhook-url.spec.ts,MEDIUM,0.9977,0.002,0.0004,0.9977
cal.com,apps/api/v2/src/modules/webhooks/utils/validate-webhook-url.ts,MEDIUM,0.9998,1e-04,1e-04,0.9998
cal.com,apps/api/v2/src/modules/webhooks/pipes/WebhookOutputPipe.ts,MEDIUM,0.9876,1e-04,0.0123,0.9876
cal.com,apps/api/v2/src/modules/webhooks/pipes/WebhookInputPipe.ts,MEDIUM,0.9992,1e-04,0.0007,0.9992
cal.com,apps/api/v2/src/modules/webhooks/controllers/webhooks.controller.e2e-spec.ts,HIGH,0.6782,0.6782,1e-04,0.3217
cal.com,apps/api/v2/src/modules/webhooks/controllers/webhooks.controller.ts,MEDIUM,0.8197,0.1803,0.0,0.8197
cal.com,apps/api/v2/src/modules/webhooks/outputs/event-type-webhook.output.ts,MEDIUM,0.9976,0.0002,0.0022,0.9976
cal.com,apps/api/v2/src/modules/webhooks/outputs/webhook.output.ts,HIGH,0.9664,0.9664,0.0,0.0336
cal.com,apps/api/v2/src/modules/webhooks/outputs/team-webhook.output.ts,MEDIUM,0.9976,0.0002,0.0022,0.9976
cal.com,apps/api/v2/src/modules/webhooks/outputs/user-webhook.output.ts,MEDIUM,0.9976,0.0002,0.0022,0.9976
cal.com,apps/api/v2/src/modules/webhooks/outputs/oauth-client-webhook.output.ts,MEDIUM,0.998,1e-04,0.0019,0.998
cal.com,apps/api/v2/src/modules/webhooks/services/event-type-webhooks.service.ts,MEDIUM,0.9992,0.0007,0.0,0.9992
cal.com,apps/api/v2/src/modules/webhooks/services/webhooks.service.ts,MEDIUM,0.9994,1e-04,0.0005,0.9994
cal.com,apps/api/v2/src/modules/webhooks/services/oauth-clients-webhooks.service.ts,MEDIUM,0.9995,0.0004,1e-04,0.9995
cal.com,apps/api/v2/src/modules/webhooks/services/team-event-type-webhooks.service.ts,MEDIUM,0.9992,0.0007,0.0,0.9992
cal.com,apps/api/v2/src/modules/webhooks/services/user-webhooks.service.ts,MEDIUM,0.9995,0.0005,1e-04,0.9995
cal.com,apps/api/v2/src/modules/webhooks/guards/is-user-event-type-webhook-guard.ts,HIGH,0.9991,0.9991,0.0,0.0009
cal.com,apps/api/v2/src/modules/webhooks/guards/is-oauth-client-webhook-guard.ts,MEDIUM,0.9788,0.0212,0.0,0.9788
cal.com,apps/api/v2/src/modules/webhooks/guards/is-user-webhook-guard.ts,MEDIUM,0.9995,0.0004,1e-04,0.9995
cal.com,apps/api/v2/src/modules/webhooks/inputs/webhook.input.ts,HIGH,0.9952,0.9952,0.0,0.0048
cal.com,apps/api/v2/src/modules/selected-calendars/selected-calendars.repository.ts,HIGH,0.7979,0.7979,0.0,0.2021
cal.com,apps/api/v2/src/modules/selected-calendars/selected-calendars.module.ts,HIGH,0.9995,0.9995,0.0,0.0005
cal.com,apps/api/v2/src/modules/selected-calendars/controllers/selected-calendars.controller.e2e-spec.ts,HIGH,0.9979,0.9979,0.0,0.0021
cal.com,apps/api/v2/src/modules/selected-calendars/controllers/selected-calendars.controller.ts,MEDIUM,0.9977,0.0015,0.0008,0.9977
cal.com,apps/api/v2/src/modules/selected-calendars/outputs/selected-calendars.output.ts,MEDIUM,0.9975,0.0002,0.0024,0.9975
cal.com,apps/api/v2/src/modules/selected-calendars/services/selected-calendars.service.ts,HIGH,1.0,1.0,0.0,0.0
cal.com,apps/api/v2/src/modules/selected-calendars/inputs/selected-calendars.input.ts,MEDIUM,0.9971,0.0002,0.0027,0.9971
cal.com,apps/api/v2/src/modules/apps/apps.repository.ts,MEDIUM,0.9975,0.002,0.0004,0.9975
cal.com,apps/api/v2/src/modules/apps/apps.module.ts,MEDIUM,0.9945,1e-04,0.0054,0.9945
cal.com,apps/api/v2/src/modules/apps/services/gcal.service.ts,MEDIUM,0.9996,1e-04,0.0003,0.9996
cal.com,apps/api/v2/src/modules/ooo/repositories/ooo.repository.ts,MEDIUM,0.7354,0.2645,0.0,0.7354
cal.com,apps/api/v2/src/modules/ooo/outputs/ooo.output.ts,MEDIUM,0.9183,0.0817,0.0,0.9183
cal.com,apps/api/v2/src/modules/ooo/services/ooo.service.ts,HIGH,0.989,0.989,0.0,0.011
cal.com,apps/api/v2/src/modules/ooo/guards/is-user-ooo.ts,MEDIUM,0.9996,0.0002,1e-04,0.9996
cal.com,apps/api/v2/src/modules/ooo/inputs/ooo.input.ts,HIGH,0.9624,0.9624,0.0,0.0376
cal.com,apps/api/v2/src/modules/slots/slots-2024-04-15/slots.module.ts,HIGH,0.7081,0.7081,1e-04,0.2919
cal.com,apps/api/v2/src/modules/slots/slots-2024-04-15/slots.repository.ts,MEDIUM,0.9983,0.0008,0.0009,0.9983
cal.com,apps/api/v2/src/modules/slots/slots-2024-04-15/workers/slots.worker.module.ts,MEDIUM,0.9996,1e-04,0.0003,0.9996
cal.com,apps/api/v2/src/modules/slots/slots-2024-04-15/workers/slots.worker.ts,MEDIUM,0.9867,0.0132,0.0,0.9867
cal.com,apps/api/v2/src/modules/slots/slots-2024-04-15/controllers/slots.controller.e2e-spec.ts,HIGH,1.0,1.0,0.0,0.0
cal.com,apps/api/v2/src/modules/slots/slots-2024-04-15/controllers/slots.controller.ts,HIGH,0.9999,0.9999,0.0,1e-04
cal.com,apps/api/v2/src/modules/slots/slots-2024-04-15/services/slots.service.ts,HIGH,0.9993,0.9993,0.0,0.0007
cal.com,apps/api/v2/src/modules/slots/slots-2024-04-15/services/slots-worker.service.ts,HIGH,1.0,1.0,0.0,0.0
cal.com,apps/api/v2/src/modules/slots/slots-2024-04-15/services/slots-output.service.ts,HIGH,1.0,1.0,0.0,0.0
cal.com,apps/api/v2/src/modules/slots/slots-2024-09-04/slots.module.ts,HIGH,0.9989,0.9989,0.0,0.0011
cal.com,apps/api/v2/src/modules/slots/slots-2024-09-04/slots.repository.ts,MEDIUM,0.9974,0.0026,0.0,0.9974
cal.com,apps/api/v2/src/modules/slots/slots-2024-09-04/controllers/slots.controller.ts,HIGH,1.0,1.0,0.0,0.0
cal.com,apps/api/v2/src/modules/slots/slots-2024-09-04/controllers/e2e/reschedule-uid-slots.controller.e2e-spec.ts,HIGH,1.0,1.0,0.0,0.0
cal.com,apps/api/v2/src/modules/slots/slots-2024-09-04/controllers/e2e/user-event-type-slots.controller.e2e-spec.ts,HIGH,1.0,1.0,0.0,0.0
cal.com,apps/api/v2/src/modules/slots/slots-2024-09-04/controllers/e2e/expected-slots.ts,HIGH,0.975,0.975,0.0,0.025
cal.com,apps/api/v2/src/modules/slots/slots-2024-09-04/controllers/e2e/dynamic-event-type-slots.controller.e2e-spec.ts,HIGH,1.0,1.0,0.0,0.0
cal.com,apps/api/v2/src/modules/slots/slots-2024-09-04/outputs/get-slots.output.ts,MEDIUM,0.9958,1e-04,0.0041,0.9958
cal.com,apps/api/v2/src/modules/slots/slots-2024-09-04/outputs/get-reserved-slot.output.ts,MEDIUM,0.9952,1e-04,0.0047,0.9952
cal.com,apps/api/v2/src/modules/slots/slots-2024-09-04/outputs/reserve-slot.output.ts,MEDIUM,0.9952,1e-04,0.0047,0.9952
cal.com,apps/api/v2/src/modules/slots/slots-2024-09-04/services/slots.service.ts,HIGH,1.0,1.0,0.0,0.0
cal.com,apps/api/v2/src/modules/slots/slots-2024-09-04/services/slots-input.service.ts,HIGH,1.0,1.0,0.0,0.0
cal.com,apps/api/v2/src/modules/slots/slots-2024-09-04/services/slots.service.spec.ts,HIGH,1.0,1.0,0.0,0.0
cal.com,apps/api/v2/src/modules/slots/slots-2024-09-04/services/slots-output.service.ts,HIGH,1.0,1.0,0.0,0.0
cal.com,apps/api/v2/src/modules/tokens/tokens.module.ts,MEDIUM,0.9899,1e-04,0.01,0.9899
cal.com,apps/api/v2/src/modules/tokens/tokens.repository.ts,HIGH,0.9994,0.9994,0.0,0.0006
cal.com,apps/api/v2/src/modules/tokens/tokens.service.ts,MEDIUM,0.9984,0.0016,0.0,0.9984
cal.com,apps/api/v2/src/modules/email/email.module.ts,MEDIUM,0.9797,1e-04,0.0201,0.9797
cal.com,apps/api/v2/src/modules/email/email.service.ts,MEDIUM,0.9995,0.0002,0.0004,0.9995
cal.com,apps/api/v2/src/modules/deployments/deployments.service.ts,HIGH,0.9959,0.9959,0.0,0.0041
cal.com,apps/api/v2/src/modules/deployments/deployments.module.ts,MEDIUM,0.9899,1e-04,0.01,0.9899
cal.com,apps/api/v2/src/modules/deployments/deployments.repository.ts,MEDIUM,0.9876,1e-04,0.0123,0.9876
cal.com,apps/api/v2/src/modules/stripe/stripe.service.ts,HIGH,1.0,1.0,0.0,0.0
cal.com,apps/api/v2/src/modules/stripe/stripe.module.ts,MEDIUM,0.9963,1e-04,0.0035,0.9963
cal.com,apps/api/v2/src/modules/stripe/utils/getReturnToValueFromQueryState.ts,MEDIUM,0.9997,1e-04,0.0002,0.9997
cal.com,apps/api/v2/src/modules/stripe/utils/newStripeInstance.ts,LOW,0.8998,0.0,0.8998,0.1002
cal.com,apps/api/v2/src/modules/stripe/utils/stripeDataSchemas.ts,MEDIUM,0.998,1e-04,0.0019,0.998
cal.com,apps/api/v2/src/modules/stripe/controllers/stripe.controller.ts,HIGH,0.9952,0.9952,0.0,0.0048
cal.com,apps/api/v2/src/modules/stripe/outputs/stripe.output.ts,MEDIUM,0.9975,0.0002,0.0024,0.9975
cal.com,apps/api/v2/src/modules/stripe/inputs/stripe.input.ts,LOW,0.5277,1e-04,0.5277,0.4723
cal.com,apps/api/v2/src/modules/credentials/credential.module.ts,MEDIUM,0.9111,1e-04,0.0888,0.9111
cal.com,apps/api/v2/src/modules/credentials/credentials.repository.ts,HIGH,1.0,1.0,0.0,0.0
