repository_name,snapshot_date,commit_frequency_30d,defect_count_30d,active_contributors_30d,modification_count_30d,avg_complexity_30d,avg_maintainability_30d,risk_score_30d,commit_frequency_60d,defect_count_60d,active_contributors_60d,modification_count_60d,avg_complexity_60d,avg_maintainability_60d,risk_score_60d,commit_frequency_90d,defect_count_90d,active_contributors_90d,modification_count_90d,avg_complexity_90d,avg_maintainability_90d,risk_score_90d,future_defect_count_30d,future_modification_intensity_30d,future_risk_30d,future_defect_count_60d,future_modification_intensity_60d,future_risk_60d,future_defect_count_90d,future_modification_intensity_90d,future_risk_90d
click,2014-07-23,33,7,3,40,66.80357142857143,54.65839905238236,39.0,223,62,13,475,52.76147034252297,57.259386716923686,357.5,469,136,30,934,53.55917541891846,57.343165507572586,773.4,10,108,60.8,14,139,83.9,15,141,89.1
click,2014-07-30,23,4,2,32,48.41617063492064,58.19537368448434,23.2,129,36,11,264,55.33982683982684,57.061286081183084,206.4,389,109,20,758,55.453511747707005,56.72371865842759,620.8,8,98,49.8,12,126,72.6,14,132,83.2
click,2014-08-06,11,3,1,15,51.87407407407408,56.786506202635444,16.5,82,19,8,124,56.43535586277522,56.556681661440436,107.4,299,87,16,601,54.51387898476085,56.90157257118955,495.1,8,98,49.8,12,127,72.7,14,133,83.3
click,2014-08-13,51,5,1,83,51.95964811627463,55.85382069452643,33.3,104,15,5,174,56.71446816274402,55.818940717392586,92.4,306,77,15,617,54.17025546036892,56.838934605206944,446.7,8,54,45.4,9,58,50.8,11,63,61.3
click,2014-08-20,59,8,2,99,52.47234247234247,55.702588430534476,49.9,94,16,4,141,56.43712709670157,55.45935603418334,94.1,302,76,16,600,52.72248677248677,56.983219558650696,440.0,5,38,28.8,7,42,39.2,10,52,55.2
click,2014-08-27,59,8,4,98,53.952057013281504,54.74935279086376,49.8,88,13,5,139,57.16672376384607,54.991064573841,78.9,216,55,15,411,53.80797899046074,56.73886395128277,316.1,4,28,22.8,6,34,33.4,8,40,44.0
click,2014-09-03,59,8,4,98,53.952057013281504,54.74935279086376,49.8,70,11,4,113,53.67621857002388,55.01977138534672,66.3,158,31,12,260,56.0421855921856,55.776389032583715,181.0,4,29,22.9,6,35,33.5,9,41,49.1
click,2014-09-10,74,11,4,123,53.47722286746677,55.11440763365254,67.3,84,13,4,136,52.701797385620914,55.52773923235252,78.6,139,24,8,230,55.909592822636306,55.68137643014359,143.0,1,5,5.5,3,10,16.0,6,16,31.6
click,2014-09-17,28,7,5,39,52.908017908017904,55.28444269432495,38.9,85,13,5,137,52.6482446993396,55.556284873363246,78.7,120,21,7,179,55.730070054092394,55.39901661367432,122.9,2,4,10.4,4,12,21.2,6,15,31.5
click,2014-09-24,19,4,4,30,57.48306878306878,54.34107464126835,23.0,86,14,6,139,53.332191389745354,55.318503690823945,83.9,119,21,7,177,56.46659492422206,55.122773960554696,122.7,2,6,10.6,4,12,21.2,5,13,26.3
click,2014-10-01,17,4,3,28,54.86167800453514,55.39768010211428,22.8,76,12,6,126,54.15419501133787,54.89342552669721,72.6,95,16,6,151,53.34563229265216,55.38247768153375,95.1,2,7,10.7,4,12,21.2,5,13,26.3
click,2014-10-08,15,3,5,24,56.444444444444436,54.72421144399639,17.4,78,12,8,128,54.01686507936508,54.964442191136655,72.8,88,14,8,141,53.21918270854442,55.37694324202959,84.1,2,5,10.5,5,11,26.1,5,11,26.1
click,2014-10-15,5,2,4,4,72.77380952380952,49.23449236885196,10.4,33,9,8,43,54.75599852344038,54.721656617536766,49.3,90,15,8,141,53.219182708544416,55.37694324202959,89.1,2,6,10.6,4,11,21.1,4,11,21.1
click,2014-10-22,7,2,4,6,52.91005291005291,54.85073667783058,10.6,28,6,8,37,56.413985413985415,54.56149057718528,33.7,93,16,9,145,53.314723590585665,55.29914781442422,94.5,2,6,10.6,3,7,15.7,3,7,15.7
click,2014-10-29,7,2,4,6,52.91005291005291,54.85073667783058,10.6,24,6,6,34,54.517273576097104,55.30116067429951,33.4,83,14,9,132,54.09764309764309,54.89148512447599,83.2,2,6,10.6,3,7,15.7,4,8,20.8
click,2014-11-05,7,2,4,6,52.91005291005291,54.850736677830575,10.6,25,6,7,35,54.25578231292516,55.41937014220014,33.5,84,14,10,133,54.03198472371405,54.925673146478594,83.3,3,6,15.6,3,6,15.6,10,16,51.6
click,2014-11-12,6,2,3,5,54.41904761904762,53.93318560323237,10.5,9,3,6,9,62.57671957671957,51.8448774990633,15.9,43,11,10,63,54.97379692617788,54.63409218248635,61.3,3,6,15.6,3,6,15.6,13,27,67.7
click,2014-11-19,8,3,5,10,84.95555555555556,50.741989621944825,16.0,13,5,9,14,81.47505668934241,50.31127612106115,26.4,39,10,12,52,60.74420024420025,53.86562766774437,55.2,1,1,5.1,1,1,5.1,13,24,67.4
click,2014-11-26,5,2,4,6,103.80423280423281,49.53207670901801,10.6,12,4,8,12,78.35714285714285,52.19140669342429,21.2,29,8,10,40,61.91031746031746,54.43579807950728,44.0,1,1,5.1,2,2,10.2,15,25,77.5
click,2014-12-03,5,3,4,6,103.80423280423281,49.53207670901801,15.6,12,5,8,12,78.35714285714286,52.19140669342429,26.2,30,9,11,41,61.50677506775068,54.55781500563689,49.1,0,0,0.0,7,10,36.0,14,25,72.5
click,2014-12-10,5,3,4,6,103.80423280423281,49.53207670901801,15.6,11,5,7,11,81.35642135642136,51.532580751842715,26.1,15,6,11,16,76.96130952380953,51.45217811228121,31.6,0,0,0.0,10,21,52.1,17,27,87.7
click,2014-12-17,3,2,2,3,162.24338624338625,39.625661367214406,10.3,9,4,6,11,81.35642135642136,51.532580751842715,21.1,14,6,10,15,79.06772486772488,50.91975718304518,31.5,0,0,0.0,10,22,52.2,17,27,87.7
click,2014-12-24,1,1,1,1,45.36507936507937,59.43849205082161,5.1,6,3,5,7,95.45578231292518,50.947278900704234,15.7,13,5,9,13,75.81929181929182,52.74887479783948,26.3,1,1,5.1,14,24,72.4,17,27,87.7
click,2014-12-31,1,1,1,1,45.36507936507937,59.43849205082161,5.1,5,3,4,6,103.80423280423281,49.53207670901801,15.6,13,5,9,13,75.81929181929182,52.74887479783948,26.3,5,8,25.8,14,25,72.5,27,65,141.5
click,2015-01-07,0,0,0,0,62.575975609380166,50.64065370204058,0.0,5,3,4,6,103.80423280423281,49.53207670901801,15.6,11,5,7,11,81.35642135642136,51.53258075184272,26.1,10,21,52.1,17,27,87.7,27,67,141.7
click,2015-01-14,0,0,0,0,62.575975609380166,50.64065370204058,0.0,4,2,3,5,115.4920634920635,47.55079364065729,10.5,9,4,6,11,81.35642135642136,51.532580751842715,21.1,10,21,52.1,17,27,87.7,27,68,141.8
click,2015-01-21,1,1,1,1,45.36507936507937,59.43849205082161,5.1,2,2,2,2,45.36507936507937,59.43849205082161,10.2,7,4,6,8,89.19444444444446,52.00868054446891,20.8,11,22,57.2,16,26,82.6,26,70,137.0
click,2015-01-28,1,1,1,1,45.36507936507937,59.43849205082161,5.1,2,2,2,2,45.36507936507937,59.43849205082161,10.2,7,4,6,8,89.19444444444446,52.00868054446891,20.8,13,24,67.4,16,26,82.6,29,75,152.5
click,2015-02-04,15,7,4,10,115.49206349206352,47.55079364065729,36.0,15,7,4,10,115.49206349206352,47.55079364065729,36.0,20,10,8,16,111.10912698412699,48.29377479129255,51.6,8,15,41.5,20,57,105.7,23,66,121.6
click,2015-02-11,21,10,7,21,78.75888133030992,53.7776832840767,52.1,21,10,7,21,78.7588813303099,53.7776832840767,52.1,26,13,11,27,84.32451499118167,52.83421515628587,67.7,7,6,35.6,17,47,89.7,20,59,105.9
click,2015-02-18,24,12,9,23,75.85507246376812,54.26992752466322,62.3,24,12,9,23,75.85507246376812,54.26992752466322,62.3,25,13,10,24,74.58465608465609,54.4852843799198,67.4,5,4,25.4,15,48,79.8,18,59,95.9
click,2015-02-25,26,13,11,24,74.58465608465609,54.48528437991981,67.4,27,14,11,25,73.41587301587302,54.68341268675588,72.5,28,15,12,26,72.33699633699634,54.86630035460457,77.6,3,2,15.2,16,51,85.1,16,57,85.7
click,2015-03-04,12,7,8,15,45.36507936507937,59.438492050821615,36.5,27,14,11,25,73.41587301587302,54.68341268675588,72.5,27,14,11,25,73.41587301587302,54.68341268675588,72.5,13,42,69.2,16,51,85.1,17,64,91.4
click,2015-03-11,11,7,6,6,45.36507936507937,59.438492050821615,35.6,32,17,12,27,71.33803644914757,55.03564078779779,87.7,32,17,12,27,71.33803644914757,55.03564078779778,87.7,10,41,54.1,13,53,70.3,15,62,81.2
click,2015-03-18,10,7,5,5,45.36507936507937,59.43849205082161,35.5,32,17,12,27,71.33803644914757,55.03564078779778,87.7,32,17,12,27,71.33803644914757,55.03564078779779,87.7,10,44,54.4,13,53,70.3,18,73,97.3
click,2015-03-25,6,3,3,3,45.36507936507936,59.438492050821615,15.3,31,16,12,26,72.33699633699634,54.86630035460457,82.6,32,17,12,27,71.33803644914757,55.03564078779779,87.7,10,46,54.6,13,55,70.5,21,80,113.0
click,2015-04-01,28,13,3,40,76.13968253968254,51.90247573939725,69.0,43,22,10,57,66.96129211918687,54.15005955157644,115.7,55,27,12,65,75.0920634920635,52.97206687299672,141.5,3,11,16.1,4,19,21.9,12,43,64.3
click,2015-04-08,25,10,3,41,75.94115369725127,51.750591597749704,54.1,36,17,7,47,72.03782505910165,52.73202569814186,89.7,57,27,13,68,74.11344537815127,53.054949364386445,141.8,3,10,16.0,5,21,27.1,12,40,64.0
click,2015-04-15,25,10,3,41,75.94115369725127,51.75059159774972,54.1,36,17,7,47,72.03782505910165,52.73202569814187,89.7,57,27,13,68,74.11344537815127,53.05494936438645,141.8,3,12,16.2,8,32,43.2,20,55,105.5
click,2015-04-22,25,10,3,44,81.82539682539684,50.92389180930413,54.4,33,15,6,48,78.78703703703704,51.63344182943058,79.8,56,26,13,70,78.30113378684807,52.38821498327286,137.0,3,11,16.1,11,36,58.6,20,65,106.5
click,2015-04-29,34,13,6,49,78.10495626822158,51.79272856864264,69.9,39,16,7,51,76.82103952692188,52.09256243068887,85.1,65,29,16,75,76.10539682539682,52.858233454442775,152.5,1,8,5.8,9,32,48.2,18,63,96.3
click,2015-05-06,11,3,5,11,84.57142857142857,50.738159099480484,16.1,38,15,7,53,77.15543575920935,51.68551882363859,80.3,51,23,13,68,70.14285714285715,53.39573350610542,121.8,2,11,11.1,9,30,48.0,20,70,107.0
click,2015-05-13,9,3,4,12,81.3042328042328,51.46318684542558,16.2,34,13,6,53,77.15543575920935,51.68551882363859,70.3,45,20,10,59,73.92251815980629,52.47395677894534,105.9,3,11,16.1,12,30,63.0,22,81,118.1
click,2015-05-20,11,3,5,11,61.57142857142856,52.525314038392224,16.1,36,13,7,55,77.77460317460319,51.244176255121744,70.5,44,18,10,59,75.57734732311003,51.799723088728506,95.9,5,21,27.1,17,47,89.7,24,94,129.4
click,2015-05-27,2,0,2,6,75.07671957671958,46.76433236136774,0.6000000000000001,36,13,7,55,77.77460317460319,51.244176255121744,70.5,41,16,8,57,76.63742690058479,51.53169610760245,85.7,9,26,47.6,18,57,95.7,24,94,129.4
click,2015-06-03,11,2,4,13,59.07814407814407,53.58887988645829,11.3,22,5,8,22,69.40620490620489,53.28015340593321,27.2,50,18,9,64,73.21701388888889,52.396501913892045,96.4,7,19,36.9,16,52,85.2,22,88,118.8
click,2015-06-10,12,3,4,11,54.240981240981235,55.822147712385934,16.1,21,6,7,23,68.3609385783299,53.54790726005879,32.3,46,16,8,64,73.21701388888889,52.39650191389204,86.4,6,17,31.7,19,70,102.0,21,86,113.6
click,2015-06-17,18,5,5,20,52.51031746031746,56.073176052784675,27.0,27,8,8,29,53.07334428024083,55.86706134824681,42.9,52,18,9,73,70.40334855403347,52.887616694637515,97.3,12,26,62.6,18,68,96.8,22,93,119.3
click,2015-06-24,21,8,5,25,55.46666666666666,55.11359930327692,42.5,29,11,8,34,58.0359477124183,54.02180743831159,58.4,57,21,10,80,70.803373015873,52.45337095767023,113.0,10,32,53.2,16,69,86.9,23,98,124.8
click,2015-07-01,20,8,5,24,55.88756613756613,54.93339543879589,42.4,24,9,7,32,58.82787698412698,53.68326465002973,48.2,35,12,11,43,64.06459948320412,53.45316565558591,64.3,9,33,48.3,15,69,81.9,22,97,119.7
click,2015-07-08,13,7,4,19,58.65664160401002,53.747843698789126,36.9,24,9,7,30,57.03756613756613,54.508421837107946,48.0,33,12,10,40,64.90119047619048,53.348347828917554,64.0,12,50,65.0,15,69,81.9,24,99,129.9
click,2015-07-15,26,12,8,26,53.347374847374844,55.16888624259583,62.6,44,17,11,46,52.98343685300206,55.56205572528663,89.6,53,20,14,58,58.84291187739464,54.714013888074,105.8,6,36,33.6,7,56,40.6,17,84,93.4
click,2015-07-22,26,9,8,29,49.57799671592775,54.94438376768454,47.9,47,17,11,54,52.304232804232804,55.022724293421746,90.4,58,20,15,65,53.87252747252747,54.60008563487829,106.5,7,40,39.0,13,68,71.8,17,74,92.4
click,2015-07-29,30,9,8,33,52.02597402597404,54.28367605282865,48.3,50,17,12,57,53.65190754664438,54.55724211007802,90.7,54,18,13,65,55.374603174603166,53.98808890068149,96.5,6,36,33.6,13,64,71.4,16,69,86.9
click,2015-08-05,35,12,9,41,50.72628726287263,55.28949380853459,64.1,48,19,12,60,53.23756613756614,54.80130460711519,101.0,59,21,14,71,53.393024815560025,54.95946339807263,112.1,3,28,17.8,12,58,65.8,14,64,76.4
click,2015-08-12,37,11,9,52,50.61660561660562,56.18219959491042,60.2,53,20,13,71,52.76816454281242,55.53075224242726,107.1,65,23,15,82,52.965737514518004,55.569841878641235,123.2,1,20,7.0,10,47,54.7,23,118,126.8
click,2015-08-19,34,7,7,47,51.16953731847349,56.48289113286028,39.7,61,19,13,73,51.0,56.117778982610204,102.3,77,24,15,94,51.389057750759875,56.132592210978444,129.4,4,21,22.1,10,34,53.4,22,104,120.4
click,2015-08-26,27,6,6,37,47.9030459030459,58.55948290696019,33.7,55,15,11,68,49.978524743230615,56.458605782341614,81.8,77,24,15,94,51.389057750759875,56.132592210978444,129.4,7,29,37.9,10,34,53.4,23,123,127.3
click,2015-09-02,26,6,6,36,47.97354497354497,58.53506598629737,33.6,56,15,12,69,49.911663216011036,56.50179253985581,81.9,69,22,15,88,51.79978354978355,55.90718994917096,118.8,7,28,37.8,11,36,58.6,26,139,143.9
click,2015-09-09,17,2,4,21,50.07482993197279,55.90834596482656,12.1,56,15,12,74,50.391891891891895,56.14848832766921,82.4,68,21,15,91,52.227978370835515,55.574947059592006,114.1,9,25,47.5,21,97,114.7,30,140,164.0
click,2015-09-16,14,5,4,29,65.04816639299398,52.43360278116964,27.9,41,11,8,71,57.247037782249045,54.62081554428514,62.1,67,23,14,97,56.2017673048601,54.76772109228594,124.7,6,13,31.3,18,83,98.3,28,131,153.1
click,2015-09-23,9,7,3,29,63.646962233169134,53.58205307597167,37.9,36,13,8,66,54.82082732082733,56.37243040546523,71.6,65,23,14,98,53.97619047619047,55.6377880046248,124.8,3,5,15.5,15,75,82.5,25,133,138.3
click,2015-09-30,8,7,2,28,64.2998866213152,53.372894541155596,37.8,34,13,7,64,55.11631944444444,56.27661597904785,71.4,64,22,13,97,54.064964817542126,55.598605488684626,119.7,4,8,20.8,19,111,106.1,25,133,138.3
click,2015-10-07,10,9,2,30,63.03756613756613,53.77726770846667,48.0,28,12,6,49,59.00680272108844,54.48090885607263,64.9,66,24,13,99,53.88920955587622,55.676178954586376,129.9,12,71,67.1,21,115,116.5,25,135,138.5
click,2015-10-14,11,10,3,28,62.218820861678005,54.831037728892646,52.8,26,11,6,48,57.25694444444445,55.206371450406884,59.8,47,17,10,84,55.408163265306115,55.36640833696341,93.4,12,70,67.0,22,118,121.8,24,132,133.2
click,2015-10-21,4,4,3,6,45.36507936507936,59.438492050821615,20.6,12,10,4,34,60.95845004668534,54.4432941016849,53.4,42,17,9,74,55.11797511797512,56.16633183033089,92.4,12,70,67.0,22,126,122.6,24,132,133.2
click,2015-10-28,3,3,3,5,45.36507936507936,59.43849205082161,15.5,11,10,3,33,61.43097643097643,54.29192446686256,53.3,37,16,8,69,54.409707844490455,56.5057374335242,86.9,16,106,90.6,22,128,122.8,24,133,133.3
click,2015-11-04,2,2,2,6,55.137566137566125,54.014000698632564,10.6,12,11,3,36,61.72089947089947,53.816723206827646,58.6,33,14,7,64,56.032490079365076,55.76806991478012,76.4,19,109,105.9,23,127,127.7,23,130,128.0
click,2015-11-11,39,13,3,71,57.69260004471273,54.567262190977885,72.1,49,22,4,98,59.11159701976028,54.59292020324085,119.8,64,23,7,118,57.619854721549636,54.78595722989949,126.8,8,43,44.3,12,62,66.2,13,68,71.8
click,2015-11-18,39,12,3,70,57.868707482993194,54.497673192980116,67.0,45,18,4,83,55.91030789825971,55.271536387581804,98.3,51,22,5,104,58.87881562881562,54.479895413133605,120.4,10,56,55.6,12,62,66.2,13,68,71.8
click,2015-11-25,49,14,3,95,54.847117794486216,54.86811468074388,79.5,52,17,4,100,54.37301587301587,55.09663354924777,95.0,61,24,5,129,56.45785652762397,54.756146466108184,132.9,8,33,43.3,10,38,53.8,11,46,59.6
click,2015-12-02,56,16,4,105,53.21073318216175,55.44807914343337,90.5,60,20,5,113,53.17418176710213,55.442560162424265,111.3,68,27,5,141,55.38354159630756,55.03156273408723,149.1,6,22,32.2,7,25,37.5,8,33,43.3
click,2015-12-09,28,9,5,43,45.53193060169804,56.980748252217076,49.3,65,21,7,115,53.03837129054521,55.51205463004857,116.5,75,30,7,140,55.03888888888889,55.29171330508654,164.0,4,20,22.0,4,25,22.5,6,29,32.9
click,2015-12-16,29,10,6,49,51.61904761904762,55.529424594988576,54.9,68,22,8,119,55.295318127250916,54.922512005571846,121.9,74,28,9,132,54.31734006734007,55.36726761608887,153.2,2,13,11.3,3,19,16.9,4,28,22.8
click,2015-12-23,36,10,7,58,50.64860426929391,56.136004027790264,55.8,75,22,9,128,54.59709821428572,55.24004185250346,122.8,78,25,10,133,54.250029836496005,55.397878326124456,138.3,2,5,10.5,3,10,16.0,4,23,22.3
click,2015-12-30,21,7,7,24,57.83465608465608,55.86093696766232,37.4,76,22,9,127,54.208098987626556,55.46325837151776,122.7,80,26,10,135,54.11840094062317,55.45773927019403,143.5,1,3,5.3,2,11,11.1,5,30,28.0
click,2016-01-06,15,4,6,20,65.26031746031745,52.959470788895615,22.0,44,13,11,64,51.69444444444445,55.762501291782314,71.4,80,25,12,135,54.84902998236333,55.13389406098888,138.5,0,5,0.5,2,9,10.9,8,45,44.5
click,2016-01-13,13,2,6,14,52.410430839002274,56.315698962057546,11.4,41,12,10,62,51.89861751152074,55.64392094471653,66.2,80,24,12,132,55.064574314574315,55.03606228849267,133.2,1,6,5.6,2,14,11.4,9,48,49.8
click,2016-01-20,7,2,6,6,61.804232804232804,52.15197484370546,10.6,41,12,10,62,51.89861751152074,55.64392094471653,66.2,80,24,12,132,55.06457431457432,55.03606228849267,133.2,1,6,5.6,2,19,11.9,14,52,75.2
click,2016-01-27,7,2,4,5,65.09206349206349,50.69467140228223,10.5,26,8,10,27,60.10229276895943,54.63921704198753,42.7,82,24,12,133,54.991645781119466,55.06916326414929,133.3,1,8,5.8,4,27,22.7,14,51,75.1
click,2016-02-03,4,0,3,4,107.43253968253968,37.7760509906695,0.4,18,4,7,22,70.25324675324674,51.59707904007471,22.2,81,23,12,131,55.83327274930329,54.92319097057583,128.1,2,7,10.7,6,31,33.1,15,52,80.2
click,2016-02-10,4,1,3,6,70.30423280423281,52.28338188450302,5.6,19,5,8,25,67.26666666666665,52.538048601364345,27.5,45,13,12,68,53.522642390289455,55.34740279234475,71.8,1,8,5.8,8,42,44.2,15,49,79.9
click,2016-02-17,3,1,2,6,70.30423280423281,52.28338188450302,5.6,10,3,7,12,66.0542328042328,52.217678364104245,16.2,44,13,11,68,53.52264239028945,55.34740279234476,71.8,1,13,6.3,13,46,69.6,15,49,79.9
click,2016-02-24,4,1,2,8,64.06944444444444,54.07215942608267,5.8,11,3,5,13,64.46275946275946,52.773125570774816,16.3,37,11,11,46,56.86887508626639,55.31098032325753,59.6,3,19,16.9,13,43,69.3,15,46,79.6
click,2016-03-02,4,1,2,8,64.06944444444444,54.07215942608267,5.8,9,2,5,11,67.93506493506494,51.56124075622085,11.1,29,8,10,33,61.95719095719096,54.21088337699035,43.3,5,20,27.0,14,44,74.4,15,46,79.6
click,2016-03-09,5,2,2,9,66.57671957671957,47.502256958999844,10.9,8,2,4,14,69.68934240362812,48.69872227765679,11.4,23,6,8,34,67.08403361344537,51.20504493132668,33.4,7,34,38.4,14,41,74.1,16,42,84.2
click,2016-03-16,5,1,1,9,66.57671957671958,47.502256958999844,5.9,8,2,3,15,68.06772486772486,49.41470692920112,11.5,20,4,7,28,61.049886621315196,52.50721061985717,22.8,12,37,63.7,14,40,74.0,16,45,84.5
click,2016-03-23,12,3,2,21,59.15268329554045,52.2411006665791,17.1,13,4,3,26,62.25641025641026,51.97403512516759,22.6,20,6,6,31,62.713773681515626,51.767686137605445,33.1,10,25,52.5,12,28,62.8,14,33,73.3
click,2016-03-30,14,3,4,20,59.842063492063495,51.88123109736697,17.0,18,4,5,28,61.04988662131519,52.507210619857176,22.8,23,5,7,31,62.71377368151561,51.76768613760545,28.1,11,24,57.4,12,26,62.6,14,31,73.1
click,2016-04-06,32,6,6,36,55.64770723104057,54.2326478985154,33.6,37,8,7,40,54.619444444444454,54.75323231374601,44.0,40,8,8,45,56.91640211640212,54.31980204013416,44.5,7,9,35.9,8,10,41.0,10,15,51.5
click,2016-04-13,38,9,7,35,51.13378684807256,56.75999091437588,48.5,42,10,7,43,54.50018456995202,54.76003494379843,54.3,45,11,8,49,56.43537414965988,54.45677130388471,59.9,5,6,25.6,7,7,35.7,7,11,36.1
click,2016-04-20,40,12,7,33,49.18037518037519,57.50541015227988,63.3,46,13,7,46,54.39648033126294,54.765950274278794,69.6,49,14,8,52,56.23199023199023,54.4795000754585,75.2,2,3,10.3,4,8,20.8,4,9,20.9
click,2016-04-27,33,11,7,25,50.401269841269844,56.88682394474653,57.5,45,14,8,44,54.80699855699857,54.55356201170866,74.4,49,15,9,52,56.23199023199025,54.47950007545852,80.2,1,2,5.2,3,7,15.7,3,9,15.9
click,2016-05-04,24,9,5,21,51.36054421768708,56.40079192454176,47.1,44,13,8,45,54.59717813051147,54.66211601257783,69.5,49,15,9,52,53.354395604395606,55.30508971003373,80.2,1,1,5.1,3,6,15.6,3,8,15.8
click,2016-05-11,9,7,3,7,48.598639455782305,57.472311176682595,35.7,45,14,8,41,50.84165698799846,56.816277272905175,74.1,49,15,8,49,53.843537414965986,55.05202426059774,79.9,2,1,10.1,2,5,10.5,2,10,11.0
click,2016-05-18,3,2,2,3,45.36507936507937,59.438492050821615,10.3,43,14,8,36,48.86243386243387,57.666500310491706,73.6,49,15,8,49,53.843537414965986,55.05202426059775,79.9,2,5,10.5,2,6,10.6,2,13,11.3
click,2016-05-25,3,2,2,3,45.36507936507937,59.438492050821615,10.3,34,12,7,27,50.028218694885375,57.0758363970484,62.7,46,15,8,46,54.39648033126294,54.765950274278794,79.6,2,5,10.5,2,6,10.6,5,23,27.3
click,2016-06-01,1,1,1,2,45.36507936507937,59.43849205082161,5.2,30,10,6,26,50.207570207570214,56.98496502574942,52.6,46,15,8,46,54.39648033126294,54.765950274278794,79.6,2,5,10.5,2,7,10.7,6,27,32.7
click,2016-06-08,2,2,2,1,45.36507936507937,59.43849205082161,10.1,11,9,4,8,48.19444444444444,57.71808378594997,45.8,47,16,9,42,50.71126228269087,56.878710958093656,84.2,0,4,0.4,0,9,0.9,4,30,23.0
click,2016-06-15,2,2,2,5,75.29206349206349,50.85235985123931,10.5,5,4,3,8,64.06944444444444,54.07215942608266,20.8,46,16,9,45,53.68007054673722,56.09534834209971,84.5,0,1,0.1,0,8,0.8,4,26,22.6
click,2016-06-22,2,2,2,5,75.29206349206349,50.85235985123931,10.5,5,4,3,8,64.06944444444444,54.07215942608267,20.8,39,14,9,33,53.71476671476672,56.20448103113105,73.3,0,1,0.1,3,18,16.8,5,27,27.7
click,2016-06-29,2,2,2,5,75.29206349206349,50.85235985123931,10.5,3,3,2,7,66.74149659863944,53.30554047969139,15.7,34,14,7,31,54.253456221198164,55.99583515889296,73.1,0,2,0.2,3,18,16.8,5,30,28.0
click,2016-07-06,2,2,2,5,75.29206349206349,50.85235985123931,10.5,3,3,2,6,70.30423280423281,52.28338188450302,15.6,15,10,5,15,58.35873015873016,54.74134583509776,51.5,0,5,0.5,4,22,22.2,5,33,28.3
click,2016-07-13,0,0,0,4,82.77380952380952,48.705826801343726,0.4,2,2,2,5,75.29206349206349,50.85235985123931,10.5,9,7,4,11,61.02597402597402,54.284498676559366,36.1,0,8,0.8,4,26,22.6,5,33,28.3
click,2016-07-20,0,0,0,1,45.36507936507937,59.43849205082161,0.1,2,2,2,6,70.30423280423281,52.28338188450302,10.6,5,4,3,9,61.99118165784833,54.668418606609215,20.9,3,12,16.2,4,26,22.6,5,32,28.2
click,2016-07-27,0,0,0,2,45.36507936507937,59.43849205082161,0.2,2,2,2,7,66.74149659863947,53.30554047969139,10.7,3,3,2,9,61.99118165784833,54.66841860660921,15.9,3,16,16.6,5,28,27.8,6,32,33.2
click,2016-08-03,0,0,0,5,37.29206349206349,60.01671084803352,0.5,2,2,2,10,56.29206349206349,55.43453534963642,11.0,3,3,2,11,55.298701298701296,55.79853141338053,16.1,4,17,21.7,5,28,27.8,7,29,37.9
click,2016-08-10,0,0,0,8,43.14880952380952,58.07947053420742,0.8,0,0,0,12,56.357142857142854,54.954922623252855,1.2000000000000002,2,2,2,13,55.511599511599506,55.29981257921968,11.3,4,18,21.8,5,25,27.5,7,29,37.9
click,2016-08-17,0,0,0,7,42.832199546485256,57.88532460326253,0.7000000000000001,0,0,0,8,43.14880952380952,58.07947053420742,0.8,2,2,2,13,55.511599511599506,55.299812579219676,11.3,4,19,21.9,5,25,27.5,8,31,43.1
click,2016-08-24,6,3,3,17,44.32212885154062,58.798952513591395,16.7,6,3,3,18,44.380070546737215,58.834482487881964,16.8,8,5,4,23,51.100069013112495,57.099238436437915,27.3,2,12,11.2,3,16,16.6,5,21,27.1
click,2016-08-31,10,4,4,20,49.960317460317455,56.854083507782,22.0,10,4,4,22,49.542568542568546,57.089029738967426,22.2,12,6,5,27,54.31099353321576,55.93409087086962,32.7,1,11,6.1,2,12,11.2,4,17,21.7
click,2016-09-07,14,4,5,21,51.66364323507181,56.83947943906677,22.1,14,4,5,26,48.899877899877886,57.45048547925267,22.6,14,4,5,30,53.41640211640212,56.28453098886482,23.0,1,7,5.7,3,9,15.9,5,14,26.4
click,2016-09-14,15,4,6,19,51.13533834586467,57.29028159145957,21.9,15,4,6,26,48.89987789987789,57.450485479252684,22.6,15,4,6,27,48.768959435626094,57.524115352273746,22.7,1,6,5.6,3,10,16.0,5,13,26.3
click,2016-09-21,14,2,6,11,55.33189033189033,55.72794671192355,11.1,20,5,8,28,48.64739229024944,57.592485948650456,27.8,20,5,8,29,48.53420908593323,57.656141331483944,27.9,1,5,5.5,3,10,16.0,4,11,21.1
click,2016-09-28,16,2,7,15,59.98306878306879,53.996358887104456,11.5,22,5,9,31,51.86635944700462,56.454486580219324,28.1,22,5,9,33,51.47234247234248,56.63533539661947,28.3,1,1,5.1,3,6,15.6,5,9,25.9
click,2016-10-05,13,1,7,11,55.33189033189033,55.72794671192355,6.1,23,5,10,28,54.00453514739229,56.031518351724095,27.8,23,5,10,33,51.472342472342476,56.63533539661947,28.3,2,2,10.2,4,7,20.7,5,14,26.4
click,2016-10-12,10,1,6,7,61.027210884353735,53.607635089696096,5.7,24,5,10,25,54.135873015873024,56.17321215259131,27.5,24,5,10,33,51.47234247234247,56.63533539661946,28.3,2,4,10.4,4,7,20.7,6,20,32.0
click,2016-10-19,10,2,6,7,61.027210884353735,53.60763508969609,10.7,19,3,9,21,55.80650037792895,55.55125407673794,17.1,25,6,11,33,51.47234247234247,56.63533539661947,33.3,2,5,10.5,3,6,15.6,5,19,26.9
click,2016-10-26,3,1,3,4,72.77380952380952,49.23449236885196,5.4,19,3,9,16,59.06944444444445,54.336492209836784,16.6,25,6,11,32,51.66319444444444,56.54773675117564,33.2,2,5,10.5,4,8,20.8,5,19,26.9
click,2016-11-02,5,2,5,1,45.36507936507937,59.43849205082161,10.1,17,3,10,12,54.50132275132275,56.037158823498395,16.2,27,7,13,29,53.70662287903668,56.14900020341711,37.9,1,5,5.5,3,13,16.3,5,24,27.4
click,2016-11-09,5,2,4,4,97.43253968253968,40.56908977306015,10.4,15,3,9,11,74.26551226551226,48.86634588364666,16.1,29,7,13,29,60.10782703886152,54.02091941058701,37.9,2,3,10.3,4,16,21.6,5,21,27.1
click,2016-11-16,7,3,5,6,80.07671957671958,46.85889053231397,15.6,16,4,9,12,71.85714285714285,49.74735806424457,21.2,31,8,14,31,59.15668202764978,54.370440226086025,43.1,1,1,5.1,3,14,16.4,5,23,27.3
click,2016-11-23,6,2,4,5,87.01904761904761,44.342970228612444,10.5,9,3,6,9,80.68783068783068,46.51698006871889,15.9,25,5,12,21,65.72411186696903,51.95708221430718,27.1,2,3,10.3,3,14,16.4,5,23,27.3
click,2016-11-30,6,2,4,5,87.01904761904761,44.342970228612444,10.5,9,3,6,6,80.07671957671958,46.85889053231397,15.6,21,4,11,17,64.06535947712418,52.597691589708404,21.7,2,8,10.8,4,19,21.9,7,28,37.8
click,2016-12-07,3,2,2,5,57.092063492063495,52.929102428194746,10.5,8,4,6,7,75.11791383219955,48.65597646352934,20.7,18,5,11,14,68.07256235827664,51.13180577661272,26.4,2,13,11.3,3,18,16.8,6,27,32.7
click,2016-12-14,3,2,2,3,45.36507936507936,59.438492050821615,10.3,8,4,6,7,75.11791383219955,48.65597646352934,20.7,17,5,10,13,69.81929181929182,50.49282990936588,26.3,2,13,11.3,4,22,22.2,6,28,32.8
click,2016-12-21,1,1,1,1,45.36507936507937,59.43849205082161,5.1,7,3,5,6,80.07671957671958,46.85889053231397,15.6,12,4,8,11,74.26551226551227,48.86634588364666,21.1,2,13,11.3,4,22,22.2,8,31,43.1
click,2016-12-28,2,2,2,3,95.24338624338624,45.12827171818443,10.3,8,4,6,8,90.10317460317461,44.63745828720194,20.8,11,5,8,9,85.13227513227514,46.28201759427079,25.9,1,11,6.1,4,23,22.3,7,35,38.5
click,2017-01-04,2,1,2,9,112.42504409171076,42.505426541750836,5.9,5,3,4,14,92.66326530612244,46.22816792976653,16.4,11,5,8,16,96.10317460317461,45.19629213252894,26.6,2,9,10.9,5,18,26.8,9,33,48.3
click,2017-01-11,5,2,3,13,91.79120879120879,47.71560054454184,11.3,8,4,5,16,83.08630952380952,49.913642701969295,21.6,13,6,8,20,85.95555555555556,48.04473211618747,32.0,1,7,5.7,4,15,21.5,8,29,42.9
click,2017-01-18,5,2,3,13,91.79120879120879,47.71560054454184,11.3,6,3,4,14,88.47505668934241,48.552949937847536,16.4,12,5,7,19,88.09189640768588,47.445060540680416,26.9,2,9,10.9,4,15,21.5,8,32,43.2
click,2017-01-25,4,1,2,11,86.62914862914863,49.48695308866475,6.1,6,3,4,14,88.47505668934241,48.55294993784754,16.4,12,5,7,19,88.09189640768588,47.44506054068041,26.9,2,12,11.2,6,18,31.8,8,32,43.2
click,2017-02-01,5,2,3,11,77.24098124098124,54.03499277347419,11.1,7,4,5,19,77.13032581453635,51.41756628336703,21.9,11,5,6,24,79.19047619047619,49.94369210529317,27.4,3,9,15.9,7,24,37.4,8,32,43.2
click,2017-02-08,1,1,1,5,45.36507936507937,59.43849205082161,5.5,6,3,4,18,78.89506172839508,50.97195929628622,16.8,9,5,6,21,74.10506424792139,52.18146397550557,27.1,3,9,15.9,7,24,37.4,12,37,63.7
click,2017-02-15,7,2,4,9,45.36507936507937,59.4384920508216,10.9,12,4,6,22,72.7987012987013,52.511328888019925,22.2,13,5,7,23,71.60593512767426,52.812509895098266,27.3,2,6,10.6,6,23,32.3,11,34,58.4
click,2017-02-22,7,2,4,12,45.36507936507937,59.4384920508216,11.2,11,3,5,23,65.1000690131125,54.67906037326833,17.3,13,5,7,26,68.57814407814408,53.57704629768173,27.6,4,6,20.6,6,20,32.0,13,36,68.6
click,2017-03-01,10,3,4,9,45.36507936507937,59.4384920508216,15.9,15,5,6,20,62.8968253968254,56.466567448280536,27.0,17,7,8,28,66.92006802721089,53.995720994334576,37.8,4,15,21.5,4,18,21.8,11,35,58.5
click,2017-03-08,10,3,4,9,45.36507936507936,59.438492050821615,15.9,11,4,5,14,45.36507936507936,59.43849205082161,21.4,16,6,7,27,67.71840094062317,53.79413688113136,32.7,4,15,21.5,9,28,47.8,13,39,68.9
click,2017-03-15,7,2,2,6,45.36507936507936,59.4384920508216,10.6,12,4,5,15,45.36507936507937,59.438492050821615,21.5,17,6,7,28,66.92006802721089,53.995720994334576,32.8,4,14,21.4,9,27,47.7,14,41,74.1
click,2017-03-22,7,4,3,9,45.36507936507937,59.438492050821615,20.9,14,6,6,18,45.36507936507937,59.438492050821615,31.8,19,8,8,31,64.83410138248848,54.52244077399461,43.1,2,14,11.4,9,28,47.8,12,38,63.8
click,2017-03-29,10,5,4,12,45.36507936507937,59.438492050821615,26.2,19,8,8,24,45.36507936507937,59.438492050821615,42.4,23,9,9,35,58.33378684807256,56.31086551985803,48.5,0,8,0.8,7,25,37.5,10,32,53.2
click,2017-04-05,12,4,4,15,45.36507936507937,59.43849205082161,21.5,22,7,7,24,45.36507936507936,59.438492050821615,37.4,26,9,8,33,45.36507936507937,59.43849205082161,48.3,5,13,26.3,9,24,47.4,10,27,52.7
click,2017-04-12,11,4,4,14,45.365079365079374,59.43849205082161,21.4,21,7,7,22,45.36507936507937,59.43849205082161,37.2,23,8,8,29,45.36507936507937,59.4384920508216,42.9,5,13,26.3,9,24,47.4,11,29,57.9
click,2017-04-19,14,4,4,17,45.36507936507936,59.43849205082161,21.7,19,6,5,23,45.365079365079374,59.4384920508216,32.3,26,8,8,32,45.36507936507937,59.43849205082161,43.2,6,14,31.4,10,24,52.4,13,29,67.9
click,2017-04-26,12,2,3,14,45.36507936507936,59.43849205082161,11.4,19,6,5,20,45.36507936507937,59.43849205082161,32.0,26,8,8,32,45.36507936507937,59.43849205082161,43.2,7,17,36.7,10,24,52.4,14,30,73.0
click,2017-05-03,7,1,2,8,45.36507936507937,59.43849205082161,5.8,19,5,4,23,45.36507936507936,59.43849205082161,27.3,29,8,7,32,45.36507936507937,59.43849205082161,43.2,8,16,41.6,9,19,46.9,13,25,67.5
click,2017-05-10,16,5,2,13,45.36507936507937,59.438492050821615,26.3,28,9,4,28,45.365079365079374,59.4384920508216,47.8,38,12,7,37,45.36507936507937,59.43849205082161,63.7,4,11,21.1,6,16,31.6,9,20,47.0
click,2017-05-17,13,5,2,11,45.36507936507937,59.43849205082161,26.1,27,9,4,28,45.36507936507936,59.43849205082161,47.8,32,11,5,34,45.36507936507937,59.43849205082161,58.4,5,13,26.3,6,18,31.8,9,19,46.9
click,2017-05-24,19,7,4,17,86.61624649859945,52.44572828013672,36.7,31,9,5,31,67.98668714797748,55.60375062818796,48.1,38,13,7,37,64.31831831831832,56.22560058861503,68.7,3,7,15.7,6,12,31.2,8,16,41.6
click,2017-05-31,19,7,4,17,86.61624649859945,52.44572828013671,36.7,22,7,4,20,80.42857142857143,53.49464284573944,37.0,34,11,6,35,65.4013605442177,56.04200679077466,58.5,3,7,15.7,7,13,36.3,8,18,41.8
click,2017-06-07,8,4,5,11,109.11688311688312,48.631493496126765,21.1,24,9,5,24,74.58465608465609,54.48528437991981,47.4,36,13,7,39,63.346357346357344,56.39036425334358,68.9,2,4,10.4,5,9,25.9,6,14,31.4
click,2017-06-14,10,5,6,14,92.50113378684807,53.844529468502685,26.4,26,10,6,27,69.80599647266314,56.53791885998958,52.7,37,14,8,41,61.46031746031745,57.52835848612734,74.1,1,5,5.5,4,6,20.6,5,11,26.1
click,2017-06-21,7,3,6,10,76.29206349206349,57.55079364065729,16.0,23,10,6,24,72.86111111111111,56.175347211135566,52.4,35,12,7,38,62.73099415204678,57.377558467862,63.8,3,5,15.5,5,9,25.9,5,11,26.1
click,2017-06-28,4,3,3,7,39.45578231292517,65.23299318641853,15.7,23,10,6,24,72.86111111111111,56.17534721113557,52.4,30,10,6,32,65.98710317460318,56.991133421057086,53.2,4,6,20.6,5,11,26.1,5,11,26.1
click,2017-07-05,2,1,1,3,31.576719576719572,72.95899470054773,5.3,10,5,6,14,92.50113378684809,53.84452946850269,26.4,26,10,6,27,69.80599647266315,56.537918859989574,52.7,4,6,20.6,5,11,26.1,5,13,26.3
click,2017-07-12,4,2,3,8,40.19444444444444,64.50868054446892,10.8,12,6,8,19,80.0969089390142,55.31662488490241,31.9,28,11,8,32,65.98710317460318,56.99113342105707,58.2,3,1,15.1,4,6,20.6,7,39,38.9
click,2017-07-19,4,3,3,5,45.36507936507937,59.43849205082161,15.5,13,7,9,15,65.98306878306879,58.180026444045396,36.5,27,13,9,29,68.12041598248496,56.73795839039179,67.9,2,4,10.4,2,6,10.6,5,46,29.6
click,2017-07-26,5,4,4,6,45.36507936507937,59.4384920508216,20.6,9,7,7,13,42.18315018315018,62.558608046912255,36.3,28,14,10,30,67.36190476190477,56.827976179072785,73.0,1,5,5.5,1,5,5.5,5,46,29.6
click,2017-08-02,5,4,4,6,45.36507936507937,59.438492050821615,20.6,7,5,5,9,40.7689594356261,63.945326267396986,25.9,24,13,10,25,71.76126984126985,56.30587300472302,67.5,1,5,5.5,1,7,5.7,5,49,29.9
click,2017-08-09,4,3,3,4,45.36507936507937,59.43849205082161,15.4,7,5,5,9,40.7689594356261,63.945326267396986,25.9,15,9,10,20,78.36031746031748,55.52271824319837,47.0,1,5,5.5,1,12,6.2,5,49,29.9
click,2017-08-16,3,3,2,1,45.36507936507937,59.43849205082161,15.1,5,4,4,6,45.36507936507937,59.438492050821615,20.6,15,9,10,19,80.0969089390142,55.31662488490241,46.9,1,5,5.5,4,45,24.5,5,56,30.6
click,2017-08-23,4,2,3,5,45.36507936507936,59.43849205082161,10.5,8,5,6,10,45.36507936507936,59.43849205082161,26.0,12,8,9,17,42.931839402427634,61.82446310665563,41.7,0,1,0.1,4,42,24.2,4,52,25.2
click,2017-08-30,5,1,2,5,65.09206349206349,50.694671402282225,5.5,10,5,6,11,54.33189033189033,55.46402811966734,26.1,14,8,9,18,48.54673721340388,59.26307009007059,41.8,0,2,0.2,4,44,24.4,5,51,30.1
click,2017-09-06,6,1,3,5,65.09206349206349,50.69467140228223,5.5,10,4,6,10,55.22857142857142,55.06658172655192,21.0,13,6,8,14,49.455782312925166,59.212949529856004,31.4,0,2,0.2,4,44,24.4,5,51,30.1
click,2017-09-13,6,1,3,5,65.09206349206349,50.694671402282225,5.5,9,4,5,6,61.80423280423281,52.15197484370546,20.6,11,5,7,11,54.33189033189033,55.46402811966734,26.1,3,36,18.6,4,51,25.1,6,53,35.3
click,2017-09-20,4,0,3,2,94.68253968253968,37.578940429473164,0.2,7,2,4,6,61.804232804232804,52.15197484370546,10.6,11,5,7,11,54.33189033189034,55.46402811966734,26.1,4,41,24.1,4,51,25.1,6,53,35.3
click,2017-09-27,2,0,2,0,62.575975609380166,50.64065370204058,0.0,6,1,3,5,65.09206349206349,50.694671402282225,5.5,11,5,7,11,54.33189033189033,55.46402811966734,26.1,4,41,24.1,5,51,30.1,6,56,35.6
click,2017-10-04,1,0,1,2,45.36507936507936,59.43849205082161,0.2,6,1,3,7,59.455782312925166,53.192905873293476,5.7,11,5,7,13,52.95238095238095,56.075484109075695,26.3,4,42,24.2,5,49,29.9,6,54,35.4
click,2017-10-11,10,3,4,35,49.640362811791384,58.21190173659556,18.5,16,4,6,40,51.571825396825396,57.272247944806395,24.0,19,7,8,41,51.42044134727062,57.325083166904335,39.1,1,11,6.1,3,18,16.8,5,31,28.1
click,2017-10-18,11,4,5,41,51.84165698799845,56.92477728260191,24.1,15,4,7,43,53.834256183093395,56.02497091734011,24.3,18,6,8,47,53.113475177304956,56.31548335423215,34.7,0,10,1.0,2,12,11.2,4,25,22.5
click,2017-10-25,11,4,5,41,51.84165698799846,56.92477728260191,24.1,13,4,6,41,51.84165698799845,56.92477728260191,24.1,17,5,7,46,53.28191856452726,56.24759186082803,29.6,0,10,1.0,2,15,11.5,4,25,22.5
click,2017-11-01,12,4,6,42,51.68745275888133,56.984627634226186,24.2,13,4,7,44,51.40007215007215,57.09616692588961,24.4,18,5,8,49,52.79721412374474,56.442953096950085,29.9,1,7,5.7,2,12,11.2,4,22,22.2
click,2017-11-08,8,4,6,39,61.16442816442817,55.2718049342106,23.9,12,4,6,46,58.760179434092485,55.90586601717314,24.6,18,5,8,51,59.38095238095239,55.3949645843407,30.1,2,7,10.7,4,20,22.0,5,21,27.1
click,2017-11-15,3,1,3,11,94.99278499278499,46.80230409660283,6.1,13,4,7,51,59.36134453781513,55.47220606512313,25.1,19,5,9,56,59.873015873015866,55.04564047022664,30.6,2,2,10.2,4,15,21.5,7,17,36.7
click,2017-11-22,2,0,2,10,90.1920634920635,49.516664073460205,1.0,13,4,7,51,59.36134453781513,55.47220606512314,25.1,16,4,9,52,60.98901098901099,54.70772881018086,25.2,2,2,10.2,4,15,21.5,7,17,36.7
click,2017-11-29,2,1,2,7,109.40362811791384,45.26445208316245,5.7,14,5,8,49,59.93262066731455,55.31031684121708,29.9,15,5,9,51,59.36134453781513,55.47220606512314,30.1,1,5,5.5,3,15,16.5,6,17,31.7
click,2017-12-06,4,2,2,9,95.17283950617283,48.41423874264227,10.9,15,6,8,51,59.36134453781512,55.47220606512314,35.1,16,6,8,53,58.83318358790057,55.62187723439478,35.3,1,10,6.0,3,14,16.4,5,15,26.5
click,2017-12-13,3,2,1,2,45.36507936507936,59.43849205082161,10.2,6,3,4,17,80.92623716153128,49.34760877967216,16.7,16,6,8,53,58.83318358790058,55.62187723439478,35.3,2,13,11.3,5,15,26.5,5,15,26.5
click,2017-12-20,3,2,1,2,45.36507936507936,59.43849205082161,10.2,5,2,3,12,82.72089947089948,51.170302069687104,11.2,16,6,8,53,58.83318358790058,55.62187723439478,35.3,2,13,11.3,5,15,26.5,5,15,26.5
click,2017-12-27,4,1,1,5,127.14603174603174,41.245991259484036,5.5,7,2,3,15,102.51005291005292,46.759773135468144,11.5,18,6,8,56,65.41354875283447,54.202008314619654,35.6,2,10,11.0,5,12,26.2,6,14,31.4
click,2018-01-03,4,1,1,5,127.14603174603174,41.245991259484036,5.5,6,2,2,12,116.7962962962963,43.590093406629784,11.2,18,6,8,54,66.15608465608466,54.008064472538095,35.4,3,11,16.1,5,12,26.2,14,32,73.2
click,2018-01-10,8,2,4,13,76.81929181929182,52.44137636184563,11.3,12,4,5,20,70.6920634920635,52.90137746684759,22.0,14,5,6,31,76.75473630312341,51.36389759180878,28.1,3,2,15.2,3,2,15.2,13,25,67.5
click,2018-01-17,8,2,4,13,76.81929181929182,52.44137636184563,11.3,11,4,4,15,72.62539682539682,53.37432512037575,21.5,13,4,6,25,79.65206349206349,51.83126070160954,22.5,3,2,15.2,3,2,15.2,13,29,67.9
click,2018-01-24,6,2,4,10,45.36507936507936,59.43849205082161,11.0,11,4,4,15,72.62539682539682,53.37432512037575,21.5,13,4,6,25,79.65206349206349,51.83126070160954,22.5,3,2,15.2,3,2,15.2,16,37,83.7
click,2018-01-31,6,2,4,10,45.36507936507936,59.43849205082161,11.0,10,3,4,15,72.62539682539682,53.37432512037575,16.5,12,4,5,22,84.32756132756133,50.79391097217152,22.2,3,2,15.2,11,22,57.2,16,37,83.7
click,2018-02-07,4,2,3,1,10.0,74.46900661627932,10.1,12,4,7,14,72.04648526077098,54.014778522876604,21.4,16,6,8,21,67.80196523053667,53.92840742634435,32.1,1,1,5.1,10,22,52.2,15,37,78.7
click,2018-02-14,5,3,4,2,27.682539682539684,66.95374933355046,15.2,13,5,8,15,70.26772486772487,54.376359424739604,26.5,16,7,8,17,67.33800186741364,54.971904439572775,36.7,0,0,0.0,10,27,52.7,45,135,238.5
click,2018-02-21,5,3,4,2,27.682539682539684,66.95374933355046,15.2,13,5,8,15,70.26772486772487,54.3763594247396,26.5,16,7,8,17,67.33800186741364,54.971904439572775,36.7,0,0,0.0,13,33,68.3,54,138,283.8
click,2018-02-28,5,3,4,2,27.682539682539684,66.95374933355046,15.2,11,5,8,12,42.41798941798942,60.69103493127642,26.2,15,6,8,17,67.33800186741364,54.971904439572775,31.7,1,2,5.2,13,35,68.5,54,143,284.3
click,2018-03-07,2,2,2,1,45.36507936507937,59.43849205082161,10.1,7,4,5,5,38.29206349206349,62.444594963913154,20.5,13,5,8,15,70.26772486772487,54.3763594247396,26.5,9,21,47.1,13,35,68.5,54,143,284.3
click,2018-03-14,0,0,0,0,62.575975609380166,50.64065370204058,0.0,5,3,4,2,27.682539682539684,66.95374933355046,15.2,13,5,8,15,70.26772486772487,54.376359424739604,26.5,10,27,52.7,14,39,73.9,54,143,284.3
click,2018-03-21,0,0,0,0,62.575975609380166,50.64065370204058,0.0,5,3,4,2,27.682539682539684,66.95374933355046,15.2,13,5,8,15,70.26772486772487,54.376359424739604,26.5,13,33,68.3,54,138,283.8,55,152,290.2
click,2018-03-28,2,1,2,2,45.36507936507937,59.43849205082161,5.2,7,4,6,4,36.523809523809526,63.19612069218603,20.4,13,6,10,14,42.8390022675737,60.5121002340686,31.4,12,33,63.3,53,136,278.6,54,153,285.3
click,2018-04-04,17,9,9,20,64.9420634920635,54.29561143597814,47.0,19,11,11,21,64.00982615268329,54.54051051287545,57.1,28,14,15,32,56.49553571428571,56.693895246714995,73.2,4,15,21.5,45,123,237.3,47,139,248.9
click,2018-04-11,21,10,12,26,58.871794871794876,55.59362596194431,52.6,21,10,12,26,58.871794871794876,55.59362596194431,52.6,26,13,16,28,56.643990929705225,56.405063345630474,67.8,4,13,21.3,44,117,231.7,46,133,243.3
click,2018-04-18,24,12,13,29,60.875752599890525,54.48381544552828,62.9,24,12,13,29,60.875752599890525,54.48381544552828,62.9,29,15,17,31,58.734254992319514,55.28832730927164,78.1,42,109,220.9,43,123,227.3,46,132,243.2
click,2018-04-25,27,13,16,35,58.21678004535147,55.33318857786428,68.5,27,13,16,35,58.21678004535147,55.33318857786427,68.5,32,16,19,37,56.56628056628056,55.96132699709056,83.7,41,103,215.3,42,120,222.0,45,127,237.7
click,2018-05-02,11,5,10,15,49.249735449735454,56.716624767045786,26.5,27,13,16,35,58.21678004535148,55.33318857786427,68.5,32,16,19,37,56.566280566280575,55.96132699709056,83.7,41,108,215.8,42,121,222.1,46,131,243.1
click,2018-05-09,10,5,9,15,49.24973544973545,56.716624767045786,26.5,28,14,17,36,57.85978835978837,55.44722478544642,73.6,29,15,18,37,57.52209352209352,55.5550968736998,78.7,40,107,210.7,42,123,222.3,47,131,248.1
click,2018-05-16,96,36,30,108,72.43121693121692,51.69073373866402,190.8,118,46,42,135,69.61928277483833,52.499792672867315,243.5,118,46,42,135,69.61928277483833,52.499792672867315,243.5,9,17,46.7,11,25,57.5,17,34,88.4
click,2018-05-23,102,41,29,105,72.26515495086923,51.88574162729472,215.5,128,54,43,138,69.09201748332183,52.65063396369241,283.8,128,54,43,138,69.09201748332183,52.65063396369241,283.8,1,17,6.7,4,24,22.4,10,32,53.2
click,2018-05-30,103,41,28,108,71.51793062904173,52.095540250170465,215.8,128,53,41,141,68.58718901272093,52.79505647618452,279.1,130,54,43,143,68.26240426240426,52.88797165904658,284.3,1,13,6.3,5,23,27.3,14,75,77.5
click,2018-06-06,103,41,28,108,71.51793062904173,52.09554025017047,215.8,112,45,35,122,68.99440541243821,52.603518249780954,237.2,130,54,43,143,68.26240426240426,52.88797165904658,284.3,2,16,11.6,7,24,37.4,16,79,87.9
click,2018-06-13,112,41,27,113,70.36072482090181,52.42044962188069,216.3,119,45,32,125,68.75022222222222,52.74442886911744,237.5,141,55,44,152,66.90664160401002,53.27583141908589,290.2,2,8,10.8,7,17,36.7,16,75,87.5
click,2018-06-20,13,1,3,17,56.616246498599445,54.55170436968687,6.7,115,42,30,122,70.08456934686444,52.257228238939526,222.2,141,55,44,155,67.7237071172555,52.85913845983374,290.5,3,7,15.7,9,15,46.5,26,80,138.0
click,2018-06-27,14,1,4,18,55.99118165784833,54.82319257419435,6.8,115,42,30,121,70.288862652499,52.197878951238025,222.1,140,54,43,154,67.86889301175015,52.816415384567584,285.4,4,7,20.7,12,22,62.2,29,117,156.7
click,2018-07-04,13,2,4,16,57.31944444444445,54.24628013961595,11.6,116,43,30,124,69.68586789554533,52.373055074615046,227.4,126,47,38,139,67.48052986182483,52.84178561696369,248.9,3,7,15.7,14,60,76.0,30,116,161.6
click,2018-07-11,13,2,4,16,57.31944444444445,54.24628013961594,11.6,114,42,28,120,70.49656084656084,52.137540508741495,222.0,122,46,34,133,68.78171619525003,52.52245228922529,243.3,5,8,25.8,15,66,81.6,32,120,172.0
click,2018-07-18,7,3,7,10,64.49206349206351,51.13095299289253,16.0,20,4,9,24,53.33465608465608,55.977017443351166,22.4,124,46,36,133,68.04010025062655,52.85116735120045,243.3,6,8,30.8,21,71,112.1,30,124,162.4
click,2018-07-25,7,3,7,7,45.36507936507936,59.4384920508216,15.7,20,4,9,24,53.33465608465608,55.97701744335115,22.4,121,45,34,127,69.11136107986502,52.539955160667176,237.7,6,8,30.8,25,81,133.1,33,126,177.6
click,2018-08-01,8,4,8,10,47.62857142857142,58.062165438924296,21.0,20,5,11,23,54.66528640441685,55.22811567263623,27.3,123,46,35,131,68.55906942929843,52.64553440831331,243.1,11,53,60.3,26,108,140.8,32,123,172.3
click,2018-08-08,9,5,8,8,48.19444444444444,57.718083785949965,25.8,22,7,12,24,54.27777777777778,55.40354802172729,37.4,124,47,35,131,68.55906942929842,52.64553440831332,248.1,10,58,55.8,27,112,146.2,30,131,163.1
click,2018-08-15,14,6,10,10,51.6920634920635,54.73165958399844,31.0,18,8,13,18,59.50617283950617,52.20828564818147,41.8,41,17,18,35,52.637641723356,55.72010018660668,88.5,16,63,86.3,25,116,136.6,29,131,158.1
click,2018-08-22,13,6,8,8,53.27380952380952,53.55495146729264,30.8,20,9,14,15,49.58306878306878,56.30060373960615,46.5,33,10,16,32,53.31944444444445,55.37150094933653,53.2,18,71,97.1,25,117,136.7,31,134,168.4
click,2018-08-29,26,11,13,53,47.08535489667565,58.88743158963561,60.3,34,15,19,63,47.171579743008316,58.75643696253857,81.3,46,16,21,76,49.37928153717627,57.78000703580686,87.6,15,55,80.5,21,70,112.0,25,85,133.5
click,2018-09-05,24,9,12,57,53.116123642439426,57.8833219368974,50.7,33,14,18,65,52.51037851037851,57.86298493370388,76.5,46,16,21,81,53.46031746031746,57.148574110180334,88.1,18,51,95.1,21,70,112.0,25,80,133.0
click,2018-09-12,41,14,12,63,51.02872260015117,59.203918558833635,76.3,50,19,18,72,51.19951499118165,58.579513513828914,102.2,54,21,19,80,53.00694444444444,57.626968985287064,113.0,12,51,65.1,16,69,86.9,19,72,102.2
click,2018-09-19,54,18,14,69,50.53623188405797,59.224316253789105,96.9,67,24,19,77,50.820655534941245,58.635291340906356,127.7,74,27,23,84,50.36602418745276,58.7022247333993,143.4,7,48,39.8,12,63,66.3,13,67,71.7
click,2018-09-26,58,17,12,95,48.69323308270676,59.6335123513902,94.5,75,25,19,110,49.183982683982684,58.876251553880934,136.0,83,29,24,117,48.955501288834625,58.909889874210734,156.7,7,15,36.5,11,31,58.1,12,43,64.3
click,2018-10-03,53,18,10,56,50.8341836734694,59.10140304900655,95.6,79,29,21,109,49.01135867190913,58.99736188068858,155.9,86,32,26,116,48.98645320197044,58.9053329588951,171.6,3,18,16.8,7,29,37.9,10,50,55.0
click,2018-10-10,45,17,10,58,48.85714285714287,58.43094291221952,90.8,77,27,20,116,50.91981390257252,58.17053906347161,146.6,86,32,26,124,50.743983614951354,58.14134840040569,172.4,4,15,21.5,7,21,37.1,10,43,54.3
click,2018-10-17,25,9,7,53,53.89667565139264,56.46011494903255,50.3,68,24,17,116,52.33908045977012,57.950284150907265,131.6,81,30,22,124,52.39938556067588,57.66671430035149,162.4,6,16,31.6,7,18,36.8,11,40,59.0
click,2018-10-24,13,8,7,45,55.413403880070554,55.930625686492256,44.5,71,27,19,118,52.220877051385536,57.97550801361769,146.8,84,33,24,126,52.287729906777535,57.69483775670816,177.6,4,16,21.6,5,28,27.8,8,39,43.9
click,2018-10-31,7,6,6,15,75.51005291005292,48.91489295783356,31.5,57,21,13,70,56.20000000000001,56.91376390087212,112.0,83,32,23,123,52.27255129694154,57.76420607570518,172.3,4,15,21.5,5,32,28.2,8,38,43.8
click,2018-11-07,7,4,6,19,77.03926482873851,48.87087903015149,21.9,52,21,14,73,53.00130463144163,57.24365452419758,112.3,84,31,23,131,52.99297225251424,57.5387375780183,168.1,3,6,15.6,6,27,32.7,7,30,38.0
click,2018-11-14,8,4,6,15,59.24973544973545,54.406651443418546,21.5,33,13,11,68,55.07749766573296,56.00714505808828,71.8,78,29,21,131,53.13037683266691,57.54452468058414,158.1,3,3,15.3,6,25,32.5,7,29,37.9
click,2018-11-21,12,6,7,17,57.61624649859943,54.99863269134833,31.7,27,13,11,63,55.84832451499118,55.73481593168086,71.3,81,31,22,134,52.95652688936272,57.58692693514169,168.4,1,12,6.2,4,22,22.2,5,28,27.8
click,2018-11-28,9,4,6,15,59.249735449735454,54.40665144341855,21.5,16,10,9,30,67.37989417989418,51.660772200626056,53.0,66,25,16,85,56.738188608776845,56.47133229073326,133.5,1,17,6.7,4,23,22.3,7,31,38.1
click,2018-12-05,9,4,5,10,66.1920634920635,51.89073113971703,21.0,15,7,8,29,68.13902572523263,51.39257496441241,37.9,68,25,16,80,53.06607142857142,57.028865956363006,133.0,3,21,17.1,4,23,22.3,7,31,38.1
click,2018-12-12,7,3,5,3,45.36507936507936,59.438492050821615,15.3,15,7,8,21,65.05744520030235,53.04171883568987,37.1,49,19,15,72,54.5379188712522,56.19777544657346,102.2,3,22,17.2,4,24,22.4,7,31,38.1
click,2018-12-19,6,1,5,4,45.36507936507936,59.43849205082161,5.4,15,6,8,19,56.326649958228906,55.46598630813499,31.9,30,13,12,67,55.22245913290689,55.95593092386837,71.7,4,20,22.0,4,24,22.4,7,33,38.3
click,2018-12-26,5,1,4,15,54.33439153439153,51.34752818474639,6.5,15,5,8,31,56.42345110087046,53.08874795075148,28.1,22,12,12,46,62.64734299516908,51.7277082791478,64.6,3,8,15.8,6,16,31.6,6,25,32.5
click,2019-01-02,15,3,5,21,51.771730914588055,53.659232146482175,17.1,26,7,9,32,56.07787698412699,53.28717745387867,38.2,30,10,11,50,61.26476190476191,52.34457098088172,55.0,1,2,5.2,4,10,21.0,4,23,22.3
click,2019-01-09,16,3,6,22,51.48051948051946,53.921925778497595,17.2,24,6,10,28,52.264172335600904,53.941656118526524,32.8,31,10,12,43,58.111111111111114,53.49205727154497,54.3,1,2,5.2,4,9,20.9,4,22,22.2
click,2019-01-16,18,4,7,22,51.480519480519476,53.9219257784976,22.2,23,5,10,24,50.97089947089947,54.381639634524596,27.4,33,11,13,40,53.93531746031747,54.517440373267256,59.0,0,4,0.4,3,13,16.3,3,22,17.2
click,2019-01-23,17,3,8,11,55.33189033189033,55.72794671192355,16.1,22,4,9,23,51.214630779848164,54.16177648598995,22.3,32,8,12,39,54.15506715506716,54.391259561022274,43.9,1,5,5.5,3,17,16.7,3,21,17.1
click,2019-01-30,16,3,8,6,45.36507936507937,59.4384920508216,15.6,20,4,8,23,51.21463077984817,54.161776485989954,22.3,31,8,12,38,54.38638262322473,54.25843765339598,43.8,3,8,15.8,3,17,16.7,3,21,17.1
click,2019-02-06,5,1,4,3,45.36507936507937,59.438492050821615,5.3,20,4,8,24,50.97089947089947,54.381639634524596,22.4,28,7,12,30,51.804232804232804,54.30811184734619,38.0,3,7,15.7,3,20,17.0,7,61,41.1
click,2019-02-13,4,1,3,4,51.02380952380952,55.997675521078335,5.4,20,4,8,26,51.410256410256416,54.241271892740784,22.6,27,7,12,29,50.78489326765189,54.77891535736983,37.9,3,6,15.6,3,18,16.8,7,70,42.0
click,2019-02-20,5,1,4,6,49.13756613756615,57.14461436432609,5.6,20,4,10,16,53.63194444444444,56.02728799789338,21.6,25,5,11,28,50.97845804988662,54.61250190403228,27.8,2,12,11.2,2,16,11.6,6,69,36.9
click,2019-02-27,8,3,4,8,48.19444444444444,57.71808378594997,15.8,24,6,11,14,46.981859410430836,58.455401613752095,31.4,30,7,12,31,50.43522785458269,55.07953320856027,38.1,0,9,0.9,0,13,1.3,5,71,32.1
click,2019-03-06,8,3,4,8,48.19444444444444,57.71808378594997,15.8,13,4,7,10,47.62857142857143,58.062165438924296,21.0,28,7,11,31,50.4352278545827,55.07953320856027,38.1,0,13,1.3,0,13,1.3,9,100,55.0
click,2019-03-13,10,3,6,7,48.59863945578231,57.472311176682595,15.7,14,4,8,9,47.880070546737215,57.9092402598246,20.9,30,7,13,31,50.43522785458269,55.07953320856027,38.1,0,13,1.3,4,65,26.5,9,101,55.1
click,2019-03-20,11,3,7,9,45.36507936507937,59.4384920508216,15.9,13,3,8,13,47.10622710622711,58.37977927243906,16.3,30,7,14,33,50.127946127946124,55.34371253233369,38.3,0,9,0.9,4,62,26.2,9,97,54.7
click,2019-03-27,4,0,4,9,84.32451499118166,52.83421515628587,0.9,12,3,7,17,67.32212885154061,55.1325062761278,16.7,29,6,14,25,60.29587301587302,56.51042172402982,32.5,0,4,0.4,5,59,30.9,9,94,54.4
click,2019-04-03,5,0,4,13,83.66544566544567,48.37270879048175,1.3,13,3,7,21,70.15268329554043,51.93285164589822,17.1,18,4,10,23,67.99723947550035,52.58551602893504,22.3,0,0,0.0,8,84,48.4,9,90,54.0
click,2019-04-10,5,0,4,13,83.66544566544567,48.37270879048175,1.3,13,3,7,20,71.3920634920635,51.55756962565205,17.0,17,4,9,22,69.02597402597404,52.27401711884927,22.2,4,47,24.7,9,87,53.7,11,100,65.0
click,2019-04-17,3,0,3,9,100.6878306878307,43.45458289699737,0.9,14,3,8,18,73.02645502645503,51.446537473909494,16.8,16,3,9,22,69.02597402597404,52.27401711884927,17.2,4,52,25.2,9,88,53.8,11,107,65.7
click,2019-04-24,2,0,2,4,82.1825396825397,38.334319467422475,0.4,11,2,7,16,76.48412698412699,50.44754315179547,11.6,14,3,8,21,70.15268329554044,51.93285164589822,17.1,5,55,30.5,9,90,54.0,13,111,76.1
click,2019-05-01,2,0,2,4,82.1825396825397,38.334319467422475,0.4,6,0,5,13,83.66544566544567,48.37270879048175,1.3,14,3,8,21,70.15268329554044,51.93285164589822,17.1,6,75,37.5,9,90,54.0,13,112,76.2
click,2019-05-08,10,4,8,45,93.48183421516757,46.372505412422804,24.5,15,4,11,58,91.28160919540231,46.820826859229115,25.8,23,7,13,65,86.6849816849817,47.96790978572411,41.5,5,42,29.2,7,55,40.5,11,75,62.5
click,2019-05-15,10,4,9,52,95.98351648351651,46.15680035116438,25.2,13,4,11,64,94.27232142857144,46.39938032009358,26.4,24,7,14,70,90.08027210884354,47.51701846844169,42.0,5,36,28.6,7,55,40.5,11,68,61.8
click,2019-05-22,12,5,9,53,95.02845163222523,46.40739830776168,30.3,14,5,10,57,94.12698412698414,45.84086645931683,30.7,23,7,13,69,90.7283183804923,47.34424348898691,41.9,4,37,23.7,8,58,45.8,10,67,56.7
click,2019-05-29,16,5,12,58,90.74712643678164,47.53076845802547,30.8,18,5,12,62,90.19457245263699,46.93744916830915,31.2,22,5,14,71,89.45048066174827,47.68492654706676,32.1,4,32,23.2,8,53,45.3,13,64,71.4
click,2019-06-05,34,9,18,87,77.44407954752783,50.092630237595635,53.7,35,9,18,87,77.44407954752785,50.092630237595635,53.7,40,9,20,100,78.25285714285715,49.86904044947083,55.0,0,9,0.9,6,33,33.3,9,36,48.6
click,2019-06-12,26,5,11,36,49.773809523809526,56.037325123919274,28.6,36,9,19,88,77.07954545454547,50.198833212745924,53.8,40,9,20,101,77.92723558070094,49.96378749502876,55.1,2,12,11.2,6,32,33.2,9,36,48.6
click,2019-06-19,25,5,11,35,49.89977324263039,55.94014892600778,28.5,36,9,19,88,77.07954545454547,50.198833212745924,53.8,39,9,20,97,79.27000490918017,49.57307802881049,54.7,4,23,22.3,6,32,33.2,9,38,48.8
click,2019-06-26,20,4,8,35,49.899773242630395,55.94014892600778,23.5,36,9,19,90,76.37477954144622,50.40415896470316,54.0,38,9,19,94,76.62191827085445,49.89054877332952,54.4,4,21,22.1,8,32,43.2,9,38,48.8
click,2019-07-03,5,1,4,12,42.023809523809526,58.69558572785517,6.2,36,9,19,96,73.59573412698414,51.22286918543622,54.6,37,9,19,96,73.59573412698413,51.2228691854362,54.6,6,24,32.4,9,27,47.7,9,32,48.2
click,2019-07-10,4,2,3,13,39.15506715506716,61.31465994879556,11.3,28,7,12,53,52.82270140760708,56.46113855363026,40.3,39,11,20,100,72.46650793650794,51.55149410005162,65.0,4,20,22.0,7,24,37.4,7,31,38.1
click,2019-07-17,3,2,3,22,69.97619047619048,50.64366662281788,12.2,29,7,12,58,57.43678160919541,53.99145465798427,40.8,39,11,20,110,75.65887445887448,50.28779989476032,66.0,4,10,21.0,7,16,36.6,9,28,47.8
click,2019-07-24,5,4,4,21,71.14814814814815,50.22486541196057,22.1,25,8,10,56,57.86791383219954,53.796917608240065,45.6,41,13,21,111,75.3859573859574,50.37023856283294,76.1,2,9,10.9,5,17,26.7,7,28,37.8
click,2019-07-31,5,4,4,22,69.97619047619047,50.64366662281789,22.2,16,7,6,37,63.2934362934363,51.50872623828491,38.7,41,13,21,112,75.11791383219955,50.45120511183285,76.2,5,11,26.1,5,16,26.6,7,29,37.9
click,2019-08-07,24,4,10,20,83.95555555555556,46.39814189643887,22.0,28,6,11,33,66.3068783068783,52.2743459776703,33.3,53,11,20,75,62.921058201058194,53.28466005833218,62.5,3,4,15.4,3,8,15.8,5,23,27.3
click,2019-08-14,24,4,10,13,56.875457875457876,56.13613351252073,21.3,26,6,11,32,66.96130952380952,52.05046641288432,33.2,52,11,19,68,57.86204481792716,54.16115631872635,61.8,3,6,15.6,5,18,26.8,5,23,27.3
click,2019-08-21,21,2,8,9,61.99118165784833,54.668418606609215,10.9,26,6,11,30,68.4010582010582,51.55793137035516,33.0,50,10,19,67,58.048566690357724,54.08239011376971,56.7,3,8,15.8,5,19,26.9,5,25,27.5
click,2019-08-28,24,5,10,11,53.62914862914863,56.86217751599706,26.1,29,9,11,32,65.12599206349208,52.50644144772311,48.2,49,13,16,64,57.72544642857143,54.059310352889796,71.4,0,6,0.6000000000000001,2,17,11.7,2,26,12.6
click,2019-09-04,3,3,2,3,58.333333333333336,51.04229651483795,15.3,29,9,11,27,75.39153439153439,48.84606280283621,47.7,31,9,11,36,65.64241622574956,52.17167518910094,48.6,0,5,0.5,2,20,12.0,2,25,12.5
click,2019-09-11,3,3,2,4,55.09126984126984,53.14134539883386,15.4,27,7,10,24,79.14484126984128,47.52200914683804,37.4,29,9,11,36,65.64241622574956,52.17167518910093,48.6,2,14,11.4,2,19,11.9,2,24,12.4
click,2019-09-18,3,3,2,6,51.84920634920635,55.240394282829776,15.6,24,5,10,15,57.93439153439154,54.89720887709744,26.5,29,9,11,38,64.57518796992481,52.55413923445465,48.8,2,13,11.3,2,19,11.9,2,27,12.7
click,2019-09-25,1,1,1,6,61.63756613756613,52.80852743035621,5.6,24,5,10,17,56.45564892623716,55.43147748577087,26.7,29,9,11,38,64.57518796992481,52.554139234454645,48.8,2,11,11.1,2,20,12.0,4,26,22.6
click,2019-10-02,3,0,2,5,45.36507936507936,59.43849205082161,0.5,6,3,4,8,50.2281746031746,56.28991872482774,15.8,32,9,13,32,70.69990079365078,50.50112987283393,48.2,2,15,11.5,2,20,12.0,4,27,22.7
click,2019-10-09,7,2,4,14,51.00113378684807,54.96734295479731,11.4,10,5,6,18,51.910052910052904,54.56156572013877,26.8,34,9,13,38,68.77610693400167,50.265026865559875,48.8,0,5,0.5,0,10,1.0,3,18,16.8
click,2019-10-16,8,2,5,12,51.9404761904762,54.22215143879327,11.2,11,5,7,18,51.91005291005291,54.56156572013877,26.8,34,9,14,28,54.916666666666664,54.77008723117152,47.8,0,7,0.7000000000000001,0,15,1.5,3,18,16.8
click,2019-10-23,11,2,6,11,52.53823953823955,53.747938655881605,11.1,14,5,8,19,51.565580618212195,54.81824605333261,26.9,35,7,15,28,54.916666666666664,54.7700872311715,37.8,0,9,0.9,2,15,11.5,5,21,27.1
click,2019-10-30,9,2,5,15,53.77671957671958,52.345893334717715,11.5,12,2,7,20,51.67380952380952,54.11904301374369,12.0,36,7,16,31,55.51715309779826,53.80919436219512,38.1,0,5,0.5,2,12,11.2,6,18,31.8
click,2019-11-06,9,2,5,15,53.77671957671958,52.345893334717715,11.5,12,2,7,19,52.005847953216374,53.83907201179222,11.9,15,5,9,23,52.54244306418219,53.71772825301685,27.3,0,5,0.5,2,12,11.2,10,22,52.2
click,2019-11-13,4,0,3,5,54.819047619047616,50.679913371377936,0.5,12,2,7,17,52.78711484593838,53.180316713082874,11.7,15,5,9,23,52.54244306418219,53.71772825301685,27.3,0,7,0.7000000000000001,3,13,16.3,10,24,52.4
click,2019-11-20,1,0,1,6,53.24338624338625,52.13967648461854,0.6000000000000001,12,2,7,17,52.787114845938376,53.180316713082874,11.7,15,5,9,25,51.96825396825397,54.17538935684124,27.5,2,9,10.9,5,15,26.5,24,36,123.6
click,2019-11-27,1,0,1,9,67.64726631393299,48.383308880952704,0.9,9,2,5,20,59.33730158730159,51.3338552571636,12.0,12,2,7,26,59.86813186813187,51.67416422020805,12.6,2,7,10.7,6,13,31.3,33,46,169.6
click,2019-12-04,0,0,0,5,76.01904761904763,48.29774102450126,0.5,9,2,5,20,59.33730158730159,51.3338552571636,12.0,12,2,7,25,56.54285714285714,52.9547826158952,12.5,2,7,10.7,10,17,51.7,35,62,181.2
click,2019-12-11,0,0,0,7,67.2607709750567,51.48081274630708,0.7000000000000001,4,0,3,12,62.07671957671957,51.14710467341993,1.2000000000000002,12,2,7,26,56.112942612942625,53.20415605570007,12.6,3,6,15.6,10,16,51.6,37,285,213.5
click,2019-12-18,0,0,0,8,83.6825396825397,45.51255326792118,0.8,1,0,1,14,70.63718820861678,48.352748932220045,1.4000000000000001,12,2,7,27,61.391534391534385,51.37195534694155,12.7,5,7,25.7,14,25,72.5,37,285,213.5
click,2019-12-25,2,2,2,6,87.34920634920634,42.868015655105175,10.6,3,2,3,15,75.52804232804233,46.177191590613695,11.5,14,4,9,26,65.8015873015873,49.380199964380886,22.6,4,7,20.7,29,38,148.8,35,284,203.4
click,2020-01-01,2,2,2,7,81.3514739229025,45.23522656877895,10.7,2,2,2,12,79.12962962962963,46.51127425866324,11.2,11,4,7,27,65.04467960023516,49.752729300915725,22.7,8,10,41.0,32,54,165.4,35,287,203.7
click,2020-01-08,3,3,3,8,76.85317460317461,47.01063475403428,15.8,3,3,3,13,76.53235653235654,47.50567562729081,16.3,8,3,7,18,70.50088183421516,48.387408333981675,16.8,7,10,36.0,33,263,191.3,35,287,203.7
click,2020-01-15,5,5,5,4,70.02380952380952,48.50871624014738,25.4,5,5,5,12,79.12962962962963,46.51127425866324,26.2,9,5,8,19,69.1779448621554,48.96904431907851,26.9,5,10,26.0,32,281,188.1,35,287,203.7
click,2020-01-22,3,3,3,6,102.24338624338624,46.424309360008515,15.6,5,5,5,12,94.7962962962963,44.646162507556845,26.2,6,5,6,21,83.1609977324263,46.24779666758364,27.1,21,26,107.6,32,278,187.8,35,412,216.2
click,2020-01-29,5,4,5,6,102.24338624338627,46.4243093600085,20.6,7,6,7,13,90.99389499389501,45.784034010884895,31.3,7,6,7,18,86.8342151675485,46.482285959111664,31.8,28,46,144.6,31,277,182.7,35,416,216.6
click,2020-02-05,11,8,7,10,79.4920634920635,51.62998243633374,41.0,13,10,8,17,80.2577030812325,48.996847667340596,51.7,13,10,8,22,79.2943722943723,48.83795979396802,52.2,26,200,150.0,28,278,167.8,31,412,196.2
click,2020-02-12,11,7,7,11,76.3896103896104,52.339846946741744,36.1,14,10,9,17,80.25770308123249,48.996847667340596,51.7,14,10,9,24,76.46693121693121,49.72133748203916,52.4,27,271,162.1,30,277,177.7,31,416,196.6
click,2020-02-19,50,20,22,21,52.74149659863945,55.78761198132039,102.1,53,23,25,27,63.7419165196943,53.706878065473305,117.7,55,25,26,36,70.40255731922399,50.83070896442426,128.6,12,257,85.7,15,263,101.3,16,402,120.2
click,2020-02-26,86,27,29,33,66.45021645021644,53.00386498847261,138.3,91,31,33,39,71.95685795685796,51.99162566101659,158.9,93,33,34,46,73.38647342995169,50.963477973067384,169.6,4,244,44.400000000000006,7,378,72.80000000000001,8,403,80.30000000000001
click,2020-03-04,87,25,30,45,62.61940035273368,53.91387286256721,129.5,98,33,36,55,65.68715728715729,53.49862005779749,170.5,100,35,37,62,67.45570916538658,52.565656276779265,181.2,2,233,33.3,6,367,66.7,6,393,69.30000000000001
click,2020-03-11,122,27,31,272,62.061683006535944,48.61890436264134,162.2,133,34,37,282,62.67978160531352,48.72568018085738,198.2,136,37,39,288,63.19372795414462,48.603645503237544,213.8,1,5,5.5,4,145,34.5,5,174,42.400000000000006
click,2020-03-18,112,23,29,260,62.61202686202686,48.26141836832815,141.0,131,32,35,278,61.701324654562065,48.8524206436812,187.8,136,37,39,285,62.84360902255639,48.68504625933877,213.5,3,6,15.6,4,145,34.5,5,189,43.900000000000006
click,2020-03-25,58,6,11,246,60.99787069299265,48.33855238363659,54.6,129,31,34,277,61.76030026932555,48.81420377939549,182.7,134,35,38,284,62.55784708249497,48.8011225179698,203.4,3,134,28.4,4,159,35.9,5,199,44.900000000000006
click,2020-04-01,39,3,5,234,62.63247863247864,47.35971579936649,38.400000000000006,124,27,33,278,62.40242092040653,48.507641921692056,162.8,135,35,38,288,62.99581128747795,48.6160565228949,203.8,4,134,33.4,4,160,36.0,9,221,67.1
click,2020-04-08,16,2,3,24,50.75066137566137,48.62910226008791,12.4,124,28,33,277,62.46392756862071,48.46818036887932,167.7,135,35,38,287,63.05724240915879,48.57834768830281,203.7,3,134,28.4,4,165,36.5,8,237,63.7
click,2020-04-15,4,3,4,6,77.84920634920634,43.46374459865812,15.6,126,30,34,277,62.4639275686207,48.46818036887932,177.7,135,35,37,287,63.05724240915879,48.57834768830281,203.7,1,139,18.9,2,178,27.8,6,236,53.6
click,2020-04-22,12,3,4,134,66.08659085524758,44.93525888515331,28.4,87,14,18,386,63.53507689777119,47.089367820440394,108.6,143,35,37,412,63.12760055478501,47.578392304742515,216.2,1,11,6.1,2,63,16.3,6,114,41.4
click,2020-04-29,16,4,4,139,65.41703779833277,44.996985943450305,33.9,54,7,7,370,63.29180609180608,46.63320959932937,72.0,145,35,36,416,62.98214285714285,47.53873916594265,216.6,0,26,2.6,4,74,27.4,5,111,36.1
click,2020-05-06,14,3,2,134,64.71073205401564,45.17341097461541,28.4,35,5,4,212,64.73495058400718,45.16950514165447,46.2,139,31,35,412,63.15318230852211,47.42320758453606,196.2,1,28,7.800000000000001,5,98,34.8,5,135,38.5
click,2020-05-13,12,1,1,139,67.05469909786457,44.30468193223838,18.9,16,4,4,145,67.50136836343734,44.26988452533161,34.5,138,31,34,416,63.99786324786324,47.07701142009784,196.6,1,39,8.9,5,97,34.7,13,164,81.4
click,2020-05-20,12,1,1,139,67.05469909786457,44.30468193223838,18.9,16,4,4,145,67.50136836343734,44.26988452533161,34.5,97,16,19,402,64.26143094053542,46.83722971022071,120.2,1,52,10.2,5,103,35.3,17,172,102.2
click,2020-05-27,10,1,2,27,61.4050558495003,49.95646068058094,7.7,22,4,5,161,65.3014887114266,45.77732378252316,36.1,65,8,10,405,62.78589065255732,47.26557044755354,80.5,4,49,24.9,5,88,33.8,19,158,110.8
click,2020-06-03,9,0,2,28,62.78684807256235,49.266267305410246,2.8000000000000003,24,4,4,162,64.37820889672743,45.88081824166637,36.2,61,6,7,395,63.18802491460719,46.81441197611347,69.5,5,70,32.0,5,88,33.8,19,152,110.2
click,2020-06-10,21,1,4,36,47.16798941798941,56.717825112426794,8.6,35,4,5,176,62.86372655122656,46.92972150385978,37.6,37,5,7,181,63.45716039638694,46.74571801226767,43.1,4,61,26.1,8,119,51.9,18,139,103.9
click,2020-06-17,27,1,4,47,56.43836541708882,53.632628630911036,9.7,39,2,4,186,64.37207714627071,46.661743732440605,28.6,43,5,7,192,64.79323743386244,46.5618062595099,44.2,4,56,25.6,16,123,92.3,18,130,103.0
click,2020-06-24,32,2,7,47,67.62377575143532,47.99959468164166,14.7,41,3,7,72,65.91005291005291,48.415672282100005,22.2,53,6,10,206,66.02488827246108,46.15171405301818,50.6,3,43,19.3,15,111,86.1,17,116,96.6
click,2020-07-01,45,5,10,68,83.65056022408965,42.58084174693991,31.8,52,5,10,94,78.25042215467747,44.213571694061244,34.4,67,9,12,228,70.29288499025341,44.77768776245712,67.8,0,22,2.2,14,86,78.6,14,89,78.9
click,2020-07-08,45,4,8,72,82.24823633156967,40.90280871998974,27.2,56,5,10,103,75.88349514563107,43.71624454896323,35.3,70,8,11,237,69.56640546513964,44.54012767570328,63.7,2,41,14.100000000000001,14,77,77.7,14,111,81.1
click,2020-07-15,33,4,8,59,90.38122141511973,36.90681848069006,25.9,58,5,10,98,73.12892776158083,44.87407623020963,34.8,70,6,10,237,69.56640546513964,44.54012767570328,53.7,12,68,66.8,14,77,77.7,16,136,93.6
click,2020-07-22,33,4,8,51,82.94895736072206,37.79039580558002,25.1,60,5,10,103,73.2109724148559,44.76150718913645,35.3,64,6,10,114,74.323029796714,43.93196321090872,41.4,12,69,66.9,14,74,77.4,16,134,93.4
click,2020-07-29,25,1,3,40,77.33492063492064,40.44634191548416,9.0,61,5,10,88,77.21572871572872,43.31365238998648,33.8,68,5,10,114,74.23057644110276,44.49280623481276,36.4,14,66,76.6,14,69,76.9,16,133,93.3
click,2020-08-05,23,0,4,41,55.82578397212543,50.423090780674336,4.1000000000000005,67,4,10,111,73.0966680966681,44.77716136060905,31.1,77,5,11,139,71.01986981843096,45.681441694813614,38.9,14,41,74.1,14,75,77.5,16,118,91.8
click,2020-08-12,56,9,15,67,67.04690831556503,44.01733483491944,51.7,87,13,19,125,78.23415873015874,40.53780185799596,77.5,112,14,21,164,70.81349206349208,44.435258612495886,86.4,5,11,26.1,6,66,36.6,7,92,44.2
click,2020-08-19,75,12,23,69,66.46054750402577,43.25184811596425,66.9,108,16,27,120,73.4681216931217,40.93073088405094,92.0,135,17,29,172,70.50295311923219,44.15588814234063,102.2,2,5,10.5,4,65,26.5,4,86,28.6
click,2020-08-26,77,14,24,70,66.1591836734694,43.483085886462206,77.0,96,15,24,109,74.11416921508665,41.303624931001636,85.9,133,19,30,158,72.7303596544103,42.801733365639784,110.8,0,3,0.30000000000000004,2,67,16.7,2,88,18.8
click,2020-09-02,69,14,24,64,68.10863095238096,41.987266558553515,76.4,85,14,24,82,64.98857917150602,43.85205220788146,78.2,130,19,30,152,73.3811612364244,42.7551741451726,110.2,0,7,0.7000000000000001,2,77,17.7,2,99,19.9
click,2020-09-09,42,10,16,20,78.18253968253967,40.21344608728937,52.0,85,14,24,78,65.91452991452992,44.037272540068344,77.8,120,18,28,139,76.00399680255796,41.23227721286106,103.9,0,40,4.0,2,78,17.8,2,98,19.8
click,2020-09-16,13,2,4,7,45.36507936507936,59.4384920508216,10.7,83,14,24,74,65.03517803517803,44.34554027372488,77.4,116,18,28,130,74.62100122100122,41.317474423722125,103.0,2,57,15.7,2,81,18.1,2,96,19.6
click,2020-09-23,8,2,3,5,45.36507936507936,59.43849205082161,10.5,81,14,24,73,65.30463144161774,44.13878750965505,77.3,106,17,26,116,73.61986863711003,41.41280501713823,96.6,2,63,16.3,2,81,18.1,2,101,20.1
click,2020-09-30,4,0,1,3,45.36507936507936,59.438492050821615,0.30000000000000004,73,14,24,67,67.09026297086,42.76866471492372,76.7,91,14,24,89,63.96094168004281,43.82563698346551,78.9,2,64,16.4,2,89,18.9,2,101,20.1
click,2020-10-07,22,0,6,41,73.39759969028262,41.82145352705785,4.1000000000000005,74,12,22,77,75.61925376211092,38.25985316095967,67.7,105,14,26,118,68.68872746838848,43.13685051427018,81.8,2,38,13.8,2,58,15.8,2,71,17.1
click,2020-10-14,40,2,11,59,72.38740920096853,39.81577147246831,15.9,51,4,13,68,69.4859943977591,40.77383693322683,26.8,123,16,31,136,68.87371615312792,42.092641786398076,93.6,0,24,2.4000000000000004,0,39,3.9000000000000004,0,52,5.2
click,2020-10-21,38,2,11,60,74.39153439153439,38.850241171599656,16.0,46,4,12,65,72.15873015873015,40.43395277769365,26.5,121,16,31,134,69.22459132906893,41.88495858620612,93.4,0,21,2.1,0,36,3.6,0,54,5.4
click,2020-10-28,39,2,12,64,74.45659722222223,39.21856929973888,16.4,43,2,12,67,73.15399194503672,40.12393897516049,16.7,114,16,32,133,70.30827067669173,41.31102221943475,93.3,0,25,2.5,0,37,3.7,0,50,5.0
click,2020-11-04,38,2,13,43,80.14654854189739,38.9625946347223,14.3,56,2,15,77,72.75159760874048,41.346616543582726,17.7,118,16,33,118,73.23796072101156,39.9339918041907,91.8,0,22,2.2,0,35,3.5,0,65,6.5
click,2020-11-11,29,1,12,26,65.17216117216117,45.24921419625352,7.6,57,2,17,81,70.79757005682931,42.05843335650098,18.1,86,7,26,92,69.3890614216701,42.30955354415551,44.2,0,17,1.7000000000000002,0,30,3.0,2,76,17.6
click,2020-11-18,19,0,8,21,60.52910052910054,51.22469674193332,2.1,57,2,17,81,70.79757005682931,42.05843335650098,18.1,65,4,18,86,69.31893687707641,43.06890188524055,28.6,0,15,1.5,0,33,3.3000000000000003,5,99,34.9
click,2020-11-25,20,0,8,25,53.67365079365079,52.58784559408877,2.5,59,2,17,89,68.61869092206172,42.97398398916301,18.9,63,2,17,92,67.86042097998622,43.5108701216084,19.200000000000003,0,12,1.2000000000000002,0,25,2.5,5,95,34.5
click,2020-12-02,16,0,6,22,43.583694083694084,56.153637349447926,2.2,64,2,18,92,67.8604209799862,43.5108701216084,19.200000000000003,72,2,18,99,66.26984126984127,44.637065611552764,19.9,0,13,1.3,0,33,3.3000000000000003,6,113,41.3
click,2020-12-09,15,0,5,20,43.40555555555555,55.82515187931055,2.0,50,2,15,58,61.231253420908594,46.627412085075036,15.8,70,2,18,98,66.48315516682862,44.48603064788676,19.8,0,13,1.3,0,43,4.3,10,132,63.2
click,2020-12-16,11,0,3,15,46.0010582010582,55.60139450097868,1.5,30,0,10,39,57.551078551078554,51.55129452864799,3.9000000000000004,68,2,18,96,66.92311507936508,44.17452103532562,19.6,0,18,1.8,2,59,15.9,10,133,63.3
click,2020-12-23,11,0,3,20,51.91904761904762,52.000987193433616,2.0,30,0,10,38,54.0296574770259,52.531655331915374,3.8000000000000003,68,2,18,101,67.05924878202106,44.02725589846783,20.1,0,13,1.3,5,83,33.3,10,135,63.5
click,2020-12-30,9,0,2,12,55.49338624338625,51.839022559145285,1.2000000000000002,27,0,8,37,54.26383526383527,52.34498406924223,3.7,68,2,18,101,67.05924878202106,44.02725589846783,20.1,0,13,1.3,6,95,39.5,11,137,68.7
click,2021-01-06,10,0,1,13,54.714285714285715,52.42359713542807,1.3,25,0,5,33,47.860509860509865,54.48514546505382,3.3000000000000003,60,2,15,71,60.0380058126537,47.688685404153766,17.1,0,30,3.0,10,119,61.9,15,167,91.7
click,2021-01-13,10,0,1,13,54.714285714285715,52.42359713542807,1.3,21,0,3,28,50.04648526077098,54.12598858125876,2.8000000000000003,40,0,10,52,56.841880341880334,51.76937018034301,5.2,2,46,14.600000000000001,10,119,61.9,18,184,108.4
click,2021-01-20,11,0,2,18,75.27865961199296,45.537639407313925,1.8,22,0,4,33,61.970658970658974,50.11207354079791,3.3000000000000003,41,0,11,54,61.410052910052904,50.54476034123945,5.4,5,70,32.0,10,118,61.8,23,203,135.3
click,2021-01-27,11,0,2,13,77.43467643467645,47.20605253674296,1.3,20,0,3,25,66.90285714285714,49.429878147496076,2.5,40,0,10,50,60.288253968253976,51.00886187079242,5.0,6,82,38.2,10,122,62.2,23,232,138.2
click,2021-02-03,13,0,2,30,62.8978835978836,48.2102709220335,3.0,23,0,2,43,60.42377260981913,49.48406721910628,4.3,39,0,7,65,54.724053724053725,51.74146018629883,6.5,10,86,58.6,12,131,73.1,23,215,136.5
click,2021-02-10,22,2,4,46,69.5424430641822,49.33772861119801,14.600000000000001,32,2,4,59,66.27522195318805,50.017665743655485,15.9,45,2,6,76,61.723475355054305,51.367633953842066,17.6,8,73,47.3,13,126,77.6,22,223,132.3
click,2021-02-17,41,5,8,66,68.80399230399232,51.32753733196789,31.6,52,5,9,84,70.19142101284959,50.08684491954203,33.4,63,5,11,99,66.52621452621453,50.922382734911224,34.9,5,52,30.2,17,136,98.6,20,221,122.1
click,2021-02-24,48,5,9,81,66.86850872036058,51.67977319394117,33.1,59,5,10,94,68.32978723404257,51.06106714560525,34.4,68,5,11,106,66.87660976340221,51.14913756977959,35.6,5,41,29.1,18,149,104.9,24,246,144.6
click,2021-03-03,69,9,13,80,66.78055555555557,53.014137592435205,53.0,70,9,14,100,67.7573015873016,50.93054214547605,55.0,80,9,14,113,66.25677763730863,51.10230953370063,56.3,3,43,19.3,14,142,84.2,22,239,133.9
click,2021-03-10,67,10,15,89,72.93240592116999,49.908364794090915,58.9,80,10,16,119,70.40269441109778,49.48027390197561,61.9,90,10,16,132,68.85762385762386,49.7701466446641,63.2,5,52,30.2,13,129,77.9,24,226,142.6
click,2021-03-17,60,8,15,77,70.69738198309628,48.88812475661452,47.7,81,10,15,118,67.787463007802,49.96398623562154,61.8,92,10,16,136,68.77894491129786,49.37814621422788,63.6,12,84,68.4,15,166,91.6,26,223,152.3
click,2021-03-24,42,5,10,52,65.02350427350429,49.43696686960387,30.2,83,10,15,122,68.30861306271143,49.81803761372973,62.2,94,10,16,135,69.18741916519697,49.566513124834714,63.5,13,108,75.8,19,201,115.1,26,230,153.0
click,2021-03-31,34,6,9,43,71.53562200073829,46.24389007022536,34.3,88,12,15,125,68.14704761904763,49.72334782349273,72.5,99,12,16,138,69.0219691741431,49.48621131097283,73.8,11,112,66.2,19,206,115.6,24,229,142.9
click,2021-04-07,26,5,6,48,77.26752645502647,40.17175523541378,29.8,93,15,16,137,74.45128026879854,46.496997941415714,88.7,106,15,17,167,72.37581978899345,46.80477153074825,91.7,8,81,48.1,19,178,112.8,28,206,160.6
click,2021-04-14,41,12,8,70,76.67188208616783,38.89932314290564,67.0,99,20,18,143,73.74825174825176,44.34664124631737,114.3,121,22,19,189,72.72461577223483,45.56140325046821,128.9,3,100,25.0,14,157,85.7,21,192,124.2
click,2021-04-21,50,13,9,85,76.42726423902896,40.25917215044136,73.5,90,18,14,133,71.75044754744003,43.68948644312205,103.3,131,23,19,203,71.4051137696458,45.90039413098944,135.3,5,115,36.5,13,146,79.6,20,178,117.8
click,2021-04-28,60,13,10,114,71.47257031467556,41.062497306243316,76.4,89,17,14,154,71.68295196866627,42.41554595370041,100.4,143,23,20,236,69.83696529459242,45.58866644824899,138.6,8,95,49.5,13,117,76.7,20,145,114.5
click,2021-05-05,48,11,8,84,68.75377928949358,41.24093087599918,63.4,68,13,10,129,71.97723637258521,40.391362862727874,77.9,135,23,20,215,72.32410483573275,44.34139402039329,136.5,9,98,54.8,20,124,112.4,20,148,114.8
click,2021-05-12,62,10,9,112,58.46740362811793,46.42477024121725,61.2,90,15,11,165,64.8942760942761,43.93431336716528,91.5,148,23,21,238,66.75010004001602,45.66293606639604,138.8,11,62,61.2,18,94,99.4,20,118,111.8
click,2021-05-19,66,6,10,111,59.405262405262405,45.95640089510627,41.1,114,18,14,195,66.89711029711029,43.403854564582005,109.5,154,23,19,247,66.81292976029819,44.4205852307164,139.7,8,36,43.6,15,68,81.8,23,90,124.0
click,2021-05-26,69,6,12,97,61.02143675339552,47.25902031520669,39.7,121,19,17,205,67.38110723964384,43.541332509333536,115.5,156,24,22,246,68.00987224157956,43.97443953080962,144.6,7,26,37.6,14,54,75.4,22,76,117.6
click,2021-06-02,68,8,12,99,59.876863876863894,48.08668231661873,49.9,117,19,16,198,66.91847041847043,44.34470516243634,114.8,142,22,20,241,68.06362378976486,43.93276632693937,134.1,5,23,27.3,12,48,64.8,20,67,106.7
click,2021-06-09,68,11,13,97,59.5031909671085,48.91319432365573,64.7,108,19,17,174,62.92337164750958,45.743051811852055,112.4,136,24,19,226,66.2118275038629,44.21751798681447,142.6,9,33,48.3,11,49,59.9,19,75,102.5
click,2021-06-16,48,11,11,57,71.99275967697021,44.32813503175296,60.7,88,14,16,139,59.84309695101063,46.65323306650392,83.9,136,26,20,223,66.22934016655991,44.15870195955489,152.3,7,40,39.0,15,62,81.2,18,77,97.7
click,2021-06-23,15,7,6,29,86.22331691297208,40.309553435490415,37.9,82,13,15,122,64.44938849856884,46.182172427070725,77.2,134,26,20,230,68.508143547274,43.374231434525875,153.0,7,29,37.9,15,51,80.1,19,67,101.7
click,2021-06-30,12,5,6,23,83.08764665286404,37.15514725108371,27.3,76,13,15,117,64.9432912766246,45.56592912344569,76.7,131,24,20,229,68.50440146946698,43.22224381192231,142.9,7,27,37.7,15,49,79.9,25,72,132.2
click,2021-07-07,27,9,10,28,91.68253968253968,34.26270926460007,47.8,95,20,19,125,66.7113650793651,45.63148567042726,112.5,137,28,23,206,67.0977808599168,43.80713918994665,160.6,2,20,12.0,10,42,54.2,18,58,95.8
click,2021-07-14,25,7,9,35,103.80589569160999,33.809901756946154,38.5,73,18,18,92,84.09558316080056,40.32663324242428,99.2,122,21,21,192,69.27108134920636,44.028921908905154,124.2,6,27,32.7,11,42,59.2,21,80,113.0
click,2021-07-21,25,7,9,32,94.88988095238096,37.83682540563119,38.2,43,15,15,63,85.54472159234064,39.808853264210114,81.3,111,20,20,178,68.09211699661138,44.31142545592414,117.8,8,22,42.2,12,38,63.8,21,78,112.8
click,2021-07-28,23,7,8,28,88.56235827664399,38.99647960280553,37.8,35,12,12,50,86.4152380952381,38.9293963130696,65.0,99,20,19,145,69.8904214559387,44.457161779024766,114.5,8,22,42.2,18,45,94.5,21,85,113.5
click,2021-08-04,8,0,3,24,97.83399470899472,39.22366468414462,2.4000000000000004,35,11,11,50,88.60793650793651,37.26861207280318,60.0,101,20,19,148,69.3484555984556,45.15845030429889,114.8,10,22,52.2,18,38,93.8,21,84,113.4
click,2021-08-11,17,2,6,24,75.55357142857143,40.886376635082044,12.4,42,9,12,56,88.12726757369614,37.592519797933264,50.6,90,20,21,118,78.48681732580039,41.09473278069545,111.8,8,18,41.8,19,54,100.4,19,79,102.9
click,2021-08-18,27,8,7,22,68.84343434343435,36.874655920438606,42.2,52,15,13,54,84.27836566725455,37.44483043018236,80.4,74,23,19,90,78.73703703703703,40.63282393442414,124.0,4,16,21.6,13,56,70.6,13,90,74.0
click,2021-08-25,27,8,7,22,68.84343434343435,36.874655920438606,42.2,50,15,12,50,79.88603174603175,38.06287718256408,80.0,65,22,16,76,78.72911445279867,39.640558114560584,117.6,4,16,21.6,13,56,70.6,13,90,74.0
click,2021-09-01,33,10,7,25,66.02603174603175,39.58231625608457,52.5,52,17,12,50,79.39333333333335,39.25164702358051,90.0,66,22,16,73,80.37051532941945,38.77269821275376,117.3,8,17,41.7,11,58,60.8,11,84,63.4
click,2021-09-08,23,8,6,26,72.33272283272284,40.23976636644689,42.6,37,10,7,42,74.62396069538927,41.03491538765232,54.2,64,19,14,75,84.3473015873016,37.96499354298255,102.5,9,24,47.4,11,61,61.1,11,78,62.8
click,2021-09-15,11,3,4,15,69.41904761904762,51.80081834704015,16.5,38,11,8,37,69.0767910767911,42.925802850141935,58.7,63,18,14,77,83.16120387548958,39.61464327813669,97.7,10,41,54.1,10,75,57.5,10,78,57.8
click,2021-09-22,13,4,5,16,67.91567460317461,52.27817295352649,21.6,40,12,9,38,68.45279866332498,43.360347302791396,63.8,65,19,15,67,76.51220090026061,41.776613707991785,101.7,9,40,49.0,9,74,52.4,9,79,52.9
click,2021-09-29,23,10,7,23,65.73982056590754,49.65011085495608,52.3,50,18,11,45,67.25714285714285,43.40433288696976,94.5,73,25,16,72,75.50440917107584,42.293005677669356,132.2,3,41,19.1,3,67,21.7,15,91,84.1
click,2021-10-06,18,8,6,21,62.98337112622827,50.7997461335735,42.1,39,16,10,43,65.40863787375415,44.8979869628463,84.3,53,18,11,63,73.07709750566895,43.70006996381299,96.3,3,45,19.5,3,62,21.2,15,86,83.6
click,2021-10-13,33,10,6,41,82.01161440185831,41.100708480086894,54.1,50,15,10,56,78.63860544217688,43.96680933730652,80.6,71,21,13,83,73.88774144195833,42.796506248276785,113.3,0,34,3.4000000000000004,0,37,3.7,12,62,66.2
click,2021-10-20,31,9,5,40,82.92777777777778,40.64226389081853,49.0,44,13,9,56,78.63860544217687,43.96680933730652,70.6,71,21,13,78,75.87586487586489,41.96645837357455,112.8,0,34,3.4000000000000004,0,39,3.9000000000000004,14,73,77.3
click,2021-10-27,25,3,3,40,88.90277777777779,38.404012259942206,19.0,48,13,9,63,80.4464600655077,42.50973079462981,71.3,75,21,13,85,77.44332399626518,41.05124082719209,113.5,0,27,2.7,4,49,24.9,14,66,76.6
click,2021-11-03,28,3,3,46,83.22394755003451,41.147640058752565,19.6,43,11,8,62,79.42140296979008,42.94183308473473,61.2,72,21,13,84,76.3577097505669,41.97871930774882,113.4,0,21,2.1,12,45,64.5,14,60,76.0
click,2021-11-10,10,0,1,25,79.25523809523811,41.658542296585374,2.5,44,11,7,61,75.86651053864169,44.23670003372337,61.1,64,19,11,79,75.30098452883263,43.55230517843739,102.9,0,20,2.0,12,45,64.5,14,58,75.8
click,2021-11-17,17,0,1,34,59.81372549019608,48.11531325719944,3.4000000000000004,48,9,5,74,72.30780780780782,44.07582711320976,52.4,61,13,9,90,71.52698412698413,45.53402192926607,74.0,0,5,0.5,14,39,73.9,14,41,74.1
click,2021-11-24,17,0,1,34,59.81372549019608,48.11531325719944,3.4000000000000004,48,9,5,74,72.30780780780782,44.07582711320976,52.4,61,13,9,90,71.52698412698413,45.53402192926607,74.0,0,8,0.8,14,39,73.9,22,75,117.5
click,2021-12-01,13,0,1,26,50.920634920634924,52.327324673901785,2.6,38,3,3,67,73.51362236436864,44.12103617865606,21.7,53,11,8,84,73.39569160997732,44.540845492012096,63.4,12,24,62.4,14,39,73.9,22,76,117.6
click,2021-12-08,7,0,1,20,56.75079365079365,45.59470245262805,2.0,26,2,2,57,67.45363408521304,43.97506676911185,15.7,51,11,7,81,71.14658044287674,44.57200927295909,63.1,12,25,62.5,14,36,73.6,22,73,117.3
click,2021-12-15,0,0,0,3,73.12169312169313,28.776678662836304,0.30000000000000004,17,0,1,37,60.89274989274989,46.547315857656486,3.7,50,10,6,78,71.99369149369149,43.68435556944683,57.8,12,34,63.4,14,38,73.8,22,75,117.5
click,2021-12-22,0,0,0,5,61.94603174603175,40.00131218160385,0.5,17,0,1,39,60.08709808709809,47.07505670904616,3.9000000000000004,48,9,5,79,71.651999196303,43.817946421335975,52.9,14,34,73.4,21,59,110.9,26,78,137.8
click,2021-12-29,25,12,8,24,64.28108465608464,45.64809375892637,62.4,38,12,8,50,57.3336507936508,49.121293834713576,65.0,63,15,10,91,71.07866736438166,44.523776639386696,84.1,2,15,11.5,10,51,55.1,15,66,81.6
click,2022-01-05,25,12,8,24,64.28108465608466,45.64809375892637,62.4,32,12,8,41,59.96089818041038,46.85654300678743,64.1,60,15,10,86,72.57364341085272,43.6566420224428,83.6,2,15,11.5,10,52,55.2,19,90,104.0
click,2022-01-12,25,12,8,25,61.04444444444445,47.798425624249255,62.5,25,12,8,28,62.33843537414966,45.76038130695502,62.8,42,12,8,62,60.953917050691246,47.05179560225035,66.2,2,13,11.3,10,50,55.0,19,86,103.6
click,2022-01-19,31,14,9,34,58.54108309990663,50.56422237755734,73.4,31,14,9,39,58.97761497761499,49.21000312166587,73.9,48,14,9,73,59.367036312241794,48.70014756835273,77.3,2,17,11.7,12,44,64.4,17,76,92.6
click,2022-01-26,16,10,6,17,50.690943043884225,54.662154356194435,51.7,31,14,9,39,58.97761497761498,49.21000312166586,73.9,44,14,9,66,55.5974025974026,50.5930159896551,76.6,8,36,43.6,12,44,64.4,19,86,103.6
click,2022-02-02,6,2,2,15,50.492063492063494,54.909058102049066,11.5,31,14,9,39,58.97761497761498,49.21000312166587,73.9,41,14,9,60,56.62063492063492,49.70846838353846,76.0,8,37,43.7,17,72,92.2,20,123,112.3
click,2022-02-09,6,2,2,13,51.30891330891332,57.055040706045524,11.3,31,14,9,38,57.7138680033417,50.965162362758505,73.8,38,14,9,58,57.38177339901478,49.113279635127306,75.8,8,37,43.7,17,73,92.3,20,121,112.1
click,2022-02-16,0,0,0,2,56.18253968253968,51.90804201418164,0.2,31,14,9,36,58.410052910052904,50.63887902403647,73.6,31,14,9,41,58.84126984126984,49.34161477495932,74.1,10,39,53.9,17,74,92.4,20,123,112.3
click,2022-02-23,54,8,11,36,52.351851851851855,49.38822772115239,43.6,85,22,18,67,52.74176735370766,50.413416582875996,116.7,85,22,18,75,55.79724867724867,49.29555092941939,117.5,4,8,20.8,10,42,54.2,12,89,68.9
click,2022-03-02,56,8,12,37,52.16302016302017,49.65985648681912,43.7,62,10,13,52,51.68101343101344,51.17404926044314,55.2,87,22,19,76,55.65998329156224,49.42901068101679,117.6,9,35,48.5,12,56,65.6,12,88,68.8
click,2022-03-09,56,8,12,37,52.163020163020164,49.65985648681912,43.7,62,10,13,48,51.764219576719576,51.56904448255283,54.8,87,22,19,73,54.94237877799522,50.27773665436668,117.3,9,38,48.8,12,86,68.6,13,89,73.9
click,2022-03-16,57,8,13,37,51.56842556842557,49.92635488928256,43.7,59,10,14,41,52.84785133565621,50.098639795723216,54.1,88,22,20,75,54.68211640211639,50.452684009177034,117.5,9,37,48.7,12,86,68.6,13,87,73.7
click,2022-03-23,23,5,6,19,57.95739348370927,44.32402072296685,26.9,65,12,15,44,53.92640692640693,48.10568277517081,64.4,96,26,22,78,55.93793243793243,49.1773538839034,137.8,5,34,28.4,8,81,48.1,9,83,53.3
click,2022-03-30,24,7,7,22,61.87662337662337,45.04335000771436,37.2,78,15,17,58,55.96469622331692,47.74017065743451,80.8,84,17,18,73,54.84018264840182,49.21322972139642,92.3,4,34,23.4,5,67,31.7,6,69,36.9
click,2022-04-06,37,9,8,38,66.29741019214704,45.8582010621346,48.8,93,17,18,75,59.32444444444444,47.73368440497896,92.5,99,19,19,90,57.852380952380955,48.92958002115732,104.0,3,48,19.8,4,51,25.1,5,55,30.5
click,2022-04-13,36,9,7,36,67.47045855379189,45.24819765115567,48.6,93,17,18,73,59.41052402696239,47.61931844308299,92.3,99,19,19,86,58.185861941675896,49.04564855260059,103.6,3,50,20.0,4,51,25.1,5,55,30.5
click,2022-04-20,29,5,6,32,66.31051587301587,47.587961884897744,28.2,80,15,18,59,63.009954264191556,45.80670549190988,80.9,94,17,19,76,59.14076858813702,47.88769503189794,92.6,3,49,19.9,4,51,25.1,5,54,30.4
click,2022-04-27,36,7,7,42,60.353741496598644,50.307463507250155,39.2,47,11,10,50,60.459047619047624,49.03174622901072,60.0,101,19,20,86,57.065337763012195,49.18097103967468,103.6,1,39,8.9,2,41,14.100000000000001,3,44,19.4
click,2022-05-04,16,3,5,51,55.56738250855898,45.74138492611815,20.1,53,12,11,86,56.300849021779264,46.69748580863161,68.6,109,20,21,123,55.05613627564848,47.58860544353355,112.3,1,3,5.3,2,6,10.6,3,12,16.2
click,2022-05-11,16,3,5,48,48.38690476190476,47.361919566275084,19.8,52,12,10,84,56.56557067271354,46.45603874550962,68.4,109,20,21,121,55.03751803751804,47.51720979773771,112.1,1,3,5.3,2,7,10.7,3,12,16.2
click,2022-05-18,15,3,4,49,49.460641399416915,47.283401302514626,19.9,48,10,9,84,55.80801209372638,46.919333035834185,58.4,109,20,21,123,55.33255903987611,47.581588635927616,112.3,1,1,5.1,2,5,10.5,3,10,16.0
click,2022-05-25,14,2,4,47,49.64268828098615,46.8768114660363,14.7,44,8,8,81,56.11738193219674,47.4037215325919,48.1,55,12,11,89,56.55733904048511,46.94803694703342,68.9,1,2,5.2,2,5,10.5,3,10,16.0
click,2022-06-01,2,1,2,33,53.9037999037999,41.492206026327665,8.3,18,4,5,54,56.03086419753087,46.207447036586686,25.4,55,13,11,89,56.55733904048511,46.94803694703343,73.9,1,3,5.3,1,4,5.4,2,9,10.9
click,2022-06-08,2,1,2,3,63.91005291005291,54.13050291455185,5.3,18,4,5,51,49.30003112356054,47.76007152793842,25.1,55,13,11,89,56.55733904048511,46.94803694703342,73.9,1,4,5.4,2,9,10.9,3,12,16.2
click,2022-06-15,2,1,2,1,45.36507936507937,59.43849205082161,5.1,17,4,4,50,49.37873015873016,47.52650311748077,25.0,54,13,10,87,56.818828680897646,46.720675440993844,73.7,1,4,5.4,2,9,10.9,3,13,16.3
click,2022-06-22,2,1,2,2,85.68253968253968,41.305906843856235,5.2,17,4,4,49,51.113702623906704,46.6494276039065,24.9,46,9,8,83,56.829795371964046,47.25678623888743,53.3,1,3,5.3,2,8,10.8,4,13,21.3
click,2022-06-29,2,1,2,2,85.68253968253968,41.305906843856235,5.2,4,2,2,35,55.71972789115646,41.48156035875787,13.5,33,6,6,69,55.70554405337014,47.39178843194161,36.9,1,3,5.3,2,8,10.8,4,13,21.3
click,2022-07-06,6,1,3,4,65.52380952380952,50.372199447338915,5.4,8,2,3,7,64.83219954648527,51.982900933287326,10.7,24,5,6,55,50.47994227994227,47.95004446753118,30.5,1,5,5.5,2,8,10.8,3,12,16.2
click,2022-07-13,6,1,3,4,65.52380952380952,50.37219944733892,5.4,8,2,3,5,61.492063492063494,52.185457968035465,10.5,24,5,6,55,50.479942279942286,47.950044467531185,30.5,1,5,5.5,2,9,10.9,3,17,16.7
click,2022-07-20,6,1,3,3,45.36507936507936,59.438492050821615,5.3,8,2,3,5,61.492063492063494,52.185457968035465,10.5,23,5,5,54,50.57466196355086,47.73729543821099,30.4,1,5,5.5,3,10,16.0,3,20,17.0
click,2022-07-27,6,1,3,3,45.36507936507936,59.438492050821615,5.3,8,2,3,5,61.492063492063494,52.185457968035465,10.5,16,3,4,44,52.684343434343425,45.175346969900346,19.4,1,5,5.5,3,10,16.0,3,20,17.0
click,2022-08-03,8,1,3,6,65.24338624338624,50.29837741814288,5.6,10,2,3,9,67.57671957671957,49.31561891637681,10.9,12,3,3,12,66.66005291005291,50.519339915920575,16.2,1,3,5.3,2,7,10.7,2,17,11.7
click,2022-08-10,4,1,3,5,69.21904761904761,48.47035449160713,5.5,10,2,3,9,67.57671957671957,49.31561891637682,10.9,12,3,3,12,66.66005291005291,50.51933991592057,16.2,1,4,5.4,2,12,11.2,2,26,12.6
click,2022-08-17,4,1,3,5,69.21904761904761,48.47035449160713,5.5,10,2,3,9,67.57671957671957,49.31561891637682,10.9,12,3,3,10,65.35555555555555,50.327906229821295,16.0,2,5,10.5,2,12,11.2,2,35,13.5
click,2022-08-24,4,1,3,5,69.21904761904761,48.47035449160713,5.5,10,2,3,8,60.27380952380952,52.58340607631256,10.8,12,3,3,10,65.35555555555555,50.327906229821295,16.0,2,5,10.5,2,15,11.5,2,35,13.5
click,2022-08-31,4,1,3,5,69.21904761904761,48.47035449160713,5.5,8,1,3,6,65.24338624338624,50.29837741814288,5.6,10,2,3,9,67.57671957671957,49.31561891637682,10.9,2,5,10.5,2,15,11.5,2,36,13.6
click,2022-09-07,1,1,1,4,48.773809523809526,56.124434156553136,5.4,5,2,3,9,60.132275132275126,51.87216767602757,10.9,11,3,3,13,61.791208791208796,51.410638990277214,16.3,1,8,5.8,1,13,6.3,1,32,8.2
click,2022-09-14,2,2,2,5,57.819047619047616,48.64772831722691,10.5,6,3,4,10,63.51904761904761,48.559041404417016,16.0,12,4,4,14,64.09183673469389,49.07708655953756,21.4,0,7,0.7000000000000001,0,30,3.0,0,31,3.1
click,2022-09-21,2,2,2,5,57.819047619047616,48.64772831722691,10.5,6,3,4,10,63.51904761904761,48.559041404417016,16.0,12,4,4,13,59.32967032967032,51.069683861279614,21.3,0,10,1.0,0,30,3.0,0,34,3.4000000000000004
click,2022-09-28,2,2,2,5,57.819047619047616,48.64772831722691,10.5,6,3,4,10,63.51904761904761,48.559041404417016,16.0,12,4,4,13,59.32967032967032,51.069683861279614,21.3,0,10,1.0,0,30,3.0,0,34,3.4000000000000004
click,2022-10-05,3,1,3,9,64.05114638447972,41.693767056276876,5.9,4,2,3,12,59.379629629629626,46.129948304913064,11.2,8,3,4,17,62.27357609710551,46.818303065705436,16.7,0,5,0.5,0,24,2.4000000000000004,2,37,13.7
click,2022-10-12,3,1,3,8,64.68253968253968,41.132705379093025,5.8,4,2,3,12,59.379629629629626,46.12994830491306,11.2,8,3,4,17,62.2735760971055,46.81830306570543,16.7,0,23,2.3000000000000003,0,24,2.4000000000000004,2,40,14.0
click,2022-10-19,2,0,2,10,64.28253968253969,39.665077406133115,1.0,4,2,3,15,62.12804232804233,42.659294376497705,11.5,8,3,4,20,63.90079365079365,44.11205940527506,17.0,0,20,2.0,0,24,2.4000000000000004,2,38,13.8
click,2022-10-26,2,0,2,10,64.28253968253969,39.665077406133115,1.0,4,2,3,15,62.128042328042326,42.659294376497705,11.5,8,3,4,20,63.90079365079364,44.11205940527506,17.0,0,20,2.0,0,24,2.4000000000000004,3,53,20.3
click,2022-11-02,2,0,2,10,64.28253968253968,39.665077406133115,1.0,5,1,3,14,63.32539682539682,41.46078025690314,6.4,6,2,3,17,60.155929038281975,44.633317632300525,11.7,0,19,1.9000000000000001,2,32,13.2,3,51,20.1
click,2022-11-09,2,0,2,23,66.16632160110422,34.49156574987339,2.3000000000000003,5,1,3,31,65.78341013824884,36.20540823483329,8.1,6,2,3,35,63.83945578231294,38.4818683401727,13.5,0,1,0.1,2,14,11.4,4,37,23.7
click,2022-11-16,2,0,2,23,66.16632160110422,34.49156574987339,2.3000000000000003,4,0,2,30,64.84285714285714,36.787558343997006,3.0,6,2,3,35,63.83945578231294,38.4818683401727,13.5,0,4,0.4,2,18,11.8,4,37,23.7
click,2022-11-23,2,0,2,20,65.12301587301587,35.34879881292895,2.0,4,0,2,30,64.84285714285714,36.787558343997006,3.0,6,2,3,35,63.839455782312925,38.4818683401727,13.5,0,4,0.4,3,33,18.3,4,37,23.7
click,2022-11-30,3,0,3,21,64.18216175359032,36.49592706235241,2.1,5,0,3,31,64.21454173067076,37.51823362486231,3.1,7,2,4,36,63.326278659611994,39.063996776579614,13.6,2,11,11.1,3,32,18.2,4,36,23.6
click,2022-12-07,1,0,1,19,66.16290726817043,34.080920221460914,1.9000000000000001,3,0,3,24,65.29960317460318,35.5310210124129,2.4000000000000004,6,1,4,32,65.14533730158729,36.93144210408293,8.2,2,13,11.3,4,35,23.5,5,40,29.0
click,2022-12-14,1,0,1,1,45.36507936507937,59.43849205082161,0.1,3,0,3,24,65.29960317460318,35.5310210124129,2.4000000000000004,5,0,3,31,64.21454173067076,37.51823362486231,3.1,2,17,11.7,4,36,23.6,5,40,29.0
click,2022-12-21,1,0,1,4,44.432539682539684,40.7639074397982,0.4,3,0,3,24,61.674603174603185,36.25131691740716,2.4000000000000004,5,0,3,34,62.441643323996274,37.25536411997362,3.4000000000000004,3,29,17.9,4,33,23.3,7,38,38.8
click,2022-12-28,1,0,1,4,44.432539682539684,40.7639074397982,0.4,3,0,3,24,61.674603174603185,36.25131691740716,2.4000000000000004,5,0,3,34,62.441643323996274,37.25536411997362,3.4000000000000004,3,29,17.9,4,33,23.3,7,38,38.8
click,2023-01-04,8,2,3,13,47.86813186813186,51.03916730497092,11.3,9,2,4,32,58.730654761904766,40.970208099136855,13.2,11,2,5,37,59.17503217503217,40.979829169257606,13.7,2,22,12.2,3,27,17.7,5,33,28.3
click,2023-01-11,12,2,3,16,47.39880952380952,52.61404069481792,11.6,13,2,4,17,47.27917833800187,53.01547900987697,11.7,15,2,5,40,58.13928571428572,42.36422888537491,14.0,2,20,12.0,3,24,17.4,5,39,28.9
click,2023-01-18,12,2,3,14,47.95578231292517,56.974714675681234,11.4,13,2,4,18,47.172839506172835,53.37231306770722,11.8,15,2,5,38,56.6203007518797,43.8862529336134,13.8,2,19,11.9,3,23,17.3,5,38,28.8
click,2023-01-25,25,3,4,29,48.590585659551174,56.90889048830222,17.9,26,3,5,33,48.086580086580085,54.951922846059304,18.3,28,3,6,53,54.51542377957473,47.554517550538414,20.3,1,4,5.4,4,9,20.9,4,23,22.3
click,2023-02-01,23,2,3,22,47.968253968253975,57.67187559349902,12.2,29,4,4,35,47.93106575963719,55.208298229188586,23.5,30,4,5,54,54.34597295708407,47.774591152395516,25.4,1,5,5.5,3,10,16.0,5,26,27.6
click,2023-02-08,24,2,4,23,47.85507246376812,57.748685004686955,12.3,32,4,5,36,47.85978835978836,55.32580361312283,23.6,33,4,6,37,47.79236379236379,55.43695735468225,23.7,1,4,5.4,3,19,16.9,9,43,49.3
click,2023-02-15,20,2,4,19,48.379281537176276,57.39293615286914,11.9,32,4,5,33,48.1996151996152,57.21550885951669,23.3,33,4,6,37,47.79236379236379,55.43695735468225,23.7,1,4,5.4,3,19,16.9,9,45,49.5
click,2023-02-22,7,1,3,4,45.36507936507937,59.43849205082161,5.4,32,4,5,33,48.1996151996152,57.21550885951669,23.3,33,4,6,37,47.792363792363794,55.43695735468225,23.7,3,5,15.5,3,19,16.9,9,45,49.5
click,2023-03-01,11,2,3,6,45.36507936507937,59.438492050821615,10.6,32,3,4,27,47.48618459729572,57.99902678929949,17.7,36,5,5,38,47.72848788638263,55.54226089931749,28.8,2,3,10.3,2,17,11.7,8,43,44.3
click,2023-03-08,7,1,3,5,48.09206349206348,56.78724573540683,5.5,28,3,4,27,47.99118165784833,57.508055249407874,17.7,36,5,5,40,47.95119047619048,55.40566666746586,29.0,2,6,10.6,5,29,27.9,10,60,56.0
click,2023-03-15,4,1,2,4,48.77380952380952,56.12443415655313,5.4,24,3,4,23,48.44789510006902,57.17232711003157,17.3,36,5,5,40,47.951190476190476,55.40566666746586,29.0,2,15,11.5,8,41,44.1,10,61,56.1
click,2023-03-22,6,3,3,5,53.01904761904761,44.8995473252425,15.5,13,4,4,9,49.61728395061729,51.361300536611,20.9,38,7,6,38,48.83375104427736,55.59498760500693,38.8,0,14,1.4000000000000001,6,40,34.0,8,60,46.0
click,2023-03-29,6,3,3,5,53.01904761904761,44.8995473252425,15.5,13,4,4,9,49.617283950617285,51.361300536611,20.9,38,7,6,38,48.83375104427736,55.59498760500693,38.8,0,14,1.4000000000000001,6,40,34.0,8,73,47.3
click,2023-04-05,10,2,4,6,49.470899470899475,49.53207670901801,10.6,17,3,4,11,48.84415584415585,52.829880811922024,16.1,38,5,5,33,48.260221260221265,56.05787733297335,28.3,2,20,12.0,8,53,45.3,18,122,102.2
click,2023-04-12,10,2,4,15,57.23703703703704,48.26586261796533,11.5,14,3,4,19,55.45530492898914,49.92029873135224,16.9,34,5,5,39,51.749287749287745,53.804870637205845,28.9,6,25,32.5,8,46,44.6,18,128,102.8
click,2023-04-19,10,2,4,15,57.23703703703704,48.26586261796534,11.5,14,3,4,19,55.45530492898914,49.92029873135224,16.9,34,5,5,38,51.91729323308271,53.65661744211068,28.8,6,26,32.6,8,46,44.6,21,153,120.3
click,2023-04-26,8,0,3,14,56.32539682539683,51.71342423353429,1.4000000000000001,14,3,4,19,55.45530492898914,49.92029873135224,16.9,21,4,4,23,53.70048309178744,51.57563669995561,22.3,6,26,32.6,8,46,44.6,23,157,130.7
click,2023-05-03,15,2,4,21,56.511715797430085,52.56153396244289,12.1,20,4,5,26,55.31562881562882,51.59793005440719,22.6,27,5,5,31,54.1505376344086,52.434916454568416,28.1,6,33,33.3,14,89,78.9,22,152,125.2
click,2023-05-10,18,6,12,25,58.04444444444445,44.38663138440527,32.5,28,8,13,40,57.74166666666666,45.84134309699029,44.0,32,9,13,44,56.92640692640692,46.776169556950556,49.4,2,21,12.1,12,103,70.3,18,141,104.1
click,2023-05-17,18,6,12,26,57.55677655677656,44.96554910234436,32.6,28,8,13,41,57.439798683701135,46.17298087635204,44.1,32,9,13,45,56.6694885361552,47.05755450125879,49.5,2,20,12.0,13,125,77.5,20,154,115.4
click,2023-05-24,18,6,12,26,57.556776556776555,44.96554910234436,32.6,26,6,12,40,57.12579365079365,47.32730539826084,34.0,32,9,13,45,56.6694885361552,47.0575545012588,49.5,2,20,12.0,17,129,97.9,23,222,137.2
click,2023-05-31,18,6,12,26,57.55677655677656,44.96554910234436,32.6,26,6,12,40,57.12579365079366,47.32730539826083,34.0,28,8,13,43,57.1952750092285,46.481696940814025,44.3,7,69,41.9,17,133,98.3,26,226,152.6
click,2023-06-07,19,5,9,31,55.08602150537634,52.66180268689762,28.1,31,8,12,54,56.01940035273369,50.327064674279065,45.4,41,10,13,60,55.36455026455026,50.24756587775297,56.0,10,83,58.3,16,118,91.8,27,223,157.3
click,2023-06-14,13,2,3,20,48.392063492063485,61.088086836737226,12.0,31,8,12,46,53.57211870255348,51.97534811729779,44.6,41,10,13,61,54.473328129065834,51.06317955188816,56.1,11,105,65.5,17,124,97.4,27,222,157.2
click,2023-06-21,13,2,3,20,48.392063492063485,61.088086836737226,12.0,31,8,12,46,53.572118702553475,51.97534811729779,44.6,39,8,12,60,54.21455026455026,51.91423254441963,46.0,15,109,85.9,21,202,125.2,27,222,157.2
click,2023-06-28,19,2,3,66,46.65007215007214,58.95899120969067,16.6,37,8,12,92,49.7324016563147,55.00432278804932,49.2,45,8,12,106,50.6031746031746,54.569675809151114,50.6,15,65,81.5,22,158,125.8,27,176,152.6
click,2023-07-05,62,10,20,69,51.192316540142635,56.86252918795722,56.9,81,16,28,102,52.65266106442577,54.28807640361586,90.2,91,18,29,122,53.37665886026542,53.94866815024014,102.2,6,50,35.0,17,155,100.5,17,155,100.5
click,2023-07-12,72,10,20,82,54.26171118854047,54.45775481723675,58.2,85,12,20,103,53.03559870550162,55.79355459999009,70.3,103,18,29,128,54.01388888888889,53.565639909446176,102.8,6,38,33.8,17,140,99.0,17,140,99.0
click,2023-07-19,83,15,23,109,47.52147953982817,58.179934094764164,85.9,96,17,23,129,47.65645379598869,58.63081048886852,97.9,114,23,32,155,49.31715309779827,56.338573094999965,130.5,6,56,35.6,12,113,71.3,12,113,71.3
click,2023-07-26,83,15,23,111,47.48262548262549,58.20261081469314,86.1,96,17,23,131,47.62147098024961,58.64314150508154,98.1,114,23,32,157,49.26680820948338,56.378062508449915,130.7,6,91,39.1,12,111,71.1,12,111,71.1
click,2023-08-02,43,8,10,63,48.71075837742505,58.28700211467388,46.3,91,16,23,119,47.082032813125245,58.515151371509376,91.9,110,22,31,152,48.95436507936508,56.42876508164069,125.2,11,105,65.5,11,105,65.5,11,105,65.5
click,2023-08-09,18,6,7,38,33.070175438596486,65.87862817686243,33.8,90,16,23,120,47.551058201058204,58.07436471445154,92.0,103,18,23,141,47.65484633569741,58.51151769162945,104.1,11,102,65.2,11,102,65.2,11,102,65.2
click,2023-08-16,19,7,6,29,45.38368910782704,58.09868277256208,37.9,96,18,23,134,47.32267235252309,58.21688548093796,103.4,109,20,23,154,47.46155431869718,58.5897687738989,115.4,9,88,53.8,9,88,53.8,9,88,53.8
click,2023-08-23,37,6,8,93,45.874722648916205,51.44414503118582,39.3,120,21,27,202,46.76331918906177,55.078803486285025,125.2,133,23,27,222,46.910052910052904,55.62018036470415,137.2,6,20,32.0,6,20,32.0,6,20,32.0
click,2023-08-30,47,9,8,101,45.54361150400755,51.629162272225756,55.1,92,19,14,165,46.751803751803756,54.2185758470914,111.5,143,26,27,234,46.763600596933934,55.56588751788486,153.4,3,8,15.8,3,8,15.8,3,8,15.8
click,2023-09-06,49,11,8,105,45.82161753590325,51.421829561995715,65.5,66,17,11,140,42.27290249433107,55.26871950110665,99.0,138,27,27,223,46.49626307922273,55.17110594245894,157.3,0,0,0.0,0,0,0.0,0,1,0.1
click,2023-09-13,46,10,8,98,45.71509556203434,50.984478481947676,59.8,61,16,10,117,45.66286799620133,52.025263001085094,91.7,138,27,27,222,46.7012012012012,54.96917398724479,157.2,0,0,0.0,0,0,0.0,0,1,0.1
click,2023-09-20,18,6,3,20,46.07380952380952,53.86191604693833,32.0,55,12,8,113,45.90995926394155,51.87206910477034,71.3,138,27,27,222,46.70120120120121,54.96917398724479,157.2,0,0,0.0,0,0,0.0,0,1,0.1
click,2023-09-27,17,5,3,18,46.15255731922399,53.242296490951304,26.8,55,12,8,111,45.919776919776915,51.735737159796436,71.1,132,27,27,176,46.91251803751804,54.16832353445172,152.6,0,0,0.0,0,0,0.0,0,1,0.1
click,2023-10-04,0,0,0,0,62.575975609380166,50.64065370204058,0.0,49,11,8,105,45.82161753590325,51.421829561995715,65.5,78,17,11,155,44.398463901689716,54.445681311291075,100.5,0,0,0.0,0,0,0.0,1,38,8.8
click,2023-10-11,0,0,0,0,62.575975609380166,50.64065370204058,0.0,48,11,8,102,45.70136943666355,51.316008425825075,65.2,66,17,11,140,42.27290249433107,55.26871950110665,99.0,0,0,0.0,0,1,0.1,1,38,8.8
click,2023-10-18,0,0,0,0,62.575975609380166,50.64065370204058,0.0,27,6,4,57,45.01336675020885,48.316901207206215,35.7,55,12,8,113,45.909959263941566,51.87206910477034,71.3,0,0,0.0,0,1,0.1,1,38,8.8
click,2023-10-25,0,0,0,0,62.575975609380166,50.64065370204058,0.0,18,6,3,20,46.07380952380952,53.86191604693833,32.0,55,12,8,111,45.91977691977692,51.735737159796436,71.1,0,0,0.0,0,1,0.1,1,38,8.8
click,2023-11-01,0,0,0,0,62.575975609380166,50.64065370204058,0.0,0,0,0,0,62.575975609380166,50.64065370204058,0.0,49,11,8,105,45.82161753590325,51.4218295619957,65.5,0,0,0.0,1,38,8.8,1,38,8.8
click,2023-11-08,0,0,0,0,62.575975609380166,50.64065370204058,0.0,0,0,0,0,62.575975609380166,50.64065370204058,0.0,48,11,8,102,45.70136943666355,51.316008425825075,65.2,0,1,0.1,1,38,8.8,1,38,8.8
click,2023-11-15,0,0,0,0,62.575975609380166,50.64065370204058,0.0,0,0,0,0,62.575975609380166,50.64065370204058,0.0,42,9,7,88,45.754870129870135,50.023795121848366,53.8,0,1,0.1,1,38,8.8,1,38,8.8
click,2023-11-22,0,0,0,0,62.575975609380166,50.64065370204058,0.0,0,0,0,0,62.575975609380166,50.64065370204058,0.0,18,6,3,20,46.07380952380953,53.86191604693833,32.0,0,1,0.1,1,38,8.8,1,38,8.8
click,2023-11-29,0,0,0,0,62.575975609380166,50.64065370204058,0.0,0,0,0,0,62.575975609380166,50.64065370204058,0.0,8,3,2,8,49.10317460317461,52.812585339754214,15.8,1,38,8.8,1,38,8.8,1,38,8.8
click,2023-12-06,2,0,2,1,45.36507936507937,59.43849205082161,0.1,2,0,2,1,45.36507936507937,59.43849205082161,0.1,2,0,2,1,45.36507936507937,59.43849205082161,0.1,1,37,8.7,1,37,8.7,1,37,8.7
click,2023-12-13,2,0,2,1,45.36507936507937,59.43849205082161,0.1,2,0,2,1,45.36507936507937,59.43849205082161,0.1,2,0,2,1,45.36507936507937,59.43849205082161,0.1,1,37,8.7,1,37,8.7,1,37,8.7
click,2023-12-20,2,0,2,1,45.36507936507937,59.43849205082161,0.1,2,0,2,1,45.36507936507937,59.43849205082161,0.1,2,0,2,1,45.36507936507937,59.43849205082161,0.1,1,37,8.7,1,37,8.7,1,37,8.7
click,2023-12-27,2,0,2,1,45.36507936507937,59.43849205082161,0.1,2,0,2,1,45.36507936507937,59.43849205082161,0.1,2,0,2,1,45.36507936507937,59.43849205082161,0.1,1,37,8.7,1,37,8.7,2,60,16.0
click,2024-01-03,17,1,3,38,55.55346700083542,48.61385863610934,8.8,17,1,3,38,55.55346700083542,48.61385863610934,8.8,17,1,3,38,55.55346700083542,48.61385863610934,8.8,0,0,0.0,0,0,0.0,1,23,7.300000000000001
click,2024-01-10,15,1,2,37,55.82882882882884,48.321300976252246,8.7,17,1,3,38,55.55346700083542,48.61385863610934,8.8,17,1,3,38,55.55346700083542,48.61385863610934,8.8,0,0,0.0,0,0,0.0,1,24,7.4
click,2024-01-17,15,1,2,37,55.82882882882884,48.321300976252246,8.7,17,1,3,38,55.55346700083542,48.61385863610934,8.8,17,1,3,38,55.55346700083542,48.61385863610934,8.8,0,0,0.0,0,0,0.0,1,24,7.4
click,2024-01-24,15,1,2,37,55.82882882882884,48.321300976252246,8.7,17,1,3,38,55.55346700083542,48.61385863610934,8.8,17,1,3,38,55.55346700083542,48.61385863610934,8.8,0,0,0.0,1,23,7.300000000000001,1,25,7.5
click,2024-01-31,0,0,0,0,62.575975609380166,50.64065370204058,0.0,17,1,3,38,55.55346700083542,48.61385863610934,8.8,17,1,3,38,55.55346700083542,48.61385863610934,8.8,0,0,0.0,1,23,7.300000000000001,3,91,24.1
click,2024-02-07,0,0,0,0,62.575975609380166,50.64065370204058,0.0,15,1,2,37,55.82882882882884,48.321300976252246,8.7,17,1,3,38,55.55346700083542,48.61385863610934,8.8,0,0,0.0,1,23,7.300000000000001,4,96,29.6
click,2024-02-14,0,0,0,0,62.575975609380166,50.64065370204058,0.0,15,1,2,37,55.82882882882884,48.321300976252246,8.7,17,1,3,38,55.55346700083542,48.61385863610934,8.8,0,0,0.0,1,24,7.4,4,98,29.8
click,2024-02-21,0,0,0,0,62.575975609380166,50.64065370204058,0.0,15,1,2,37,55.82882882882884,48.321300976252246,8.7,17,1,3,38,55.55346700083542,48.61385863610934,8.8,0,0,0.0,1,25,7.5,9,121,57.1
click,2024-02-28,0,0,0,0,62.575975609380166,50.64065370204058,0.0,0,0,0,0,62.575975609380166,50.64065370204058,0.0,17,1,3,38,55.55346700083542,48.61385863610934,8.8,1,23,7.300000000000001,3,91,24.1,14,123,82.3
click,2024-03-06,0,0,0,0,62.575975609380166,50.64065370204058,0.0,0,0,0,0,62.575975609380166,50.64065370204058,0.0,15,1,2,37,55.82882882882884,48.321300976252246,8.7,1,23,7.300000000000001,4,95,29.5,16,129,92.9
click,2024-03-13,0,0,0,0,62.575975609380166,50.64065370204058,0.0,0,0,0,0,62.575975609380166,50.64065370204058,0.0,15,1,2,37,55.82882882882884,48.321300976252246,8.7,1,24,7.4,4,98,29.8,16,129,92.9
click,2024-03-20,0,0,0,0,62.575975609380166,50.64065370204058,0.0,0,0,0,0,62.575975609380166,50.64065370204058,0.0,15,1,2,37,55.82882882882884,48.321300976252246,8.7,1,25,7.5,4,98,29.8,16,129,92.9
click,2024-03-27,3,1,1,23,35.27743271221532,62.57928276787657,7.300000000000001,3,1,1,23,35.27743271221532,62.57928276787657,7.300000000000001,18,2,2,60,47.950793650793656,53.78686066304157,16.0,2,68,16.8,13,100,75.0,15,106,85.6
click,2024-04-03,3,1,1,23,35.27743271221532,62.57928276787657,7.300000000000001,3,1,1,23,35.27743271221532,62.57928276787657,7.300000000000001,3,1,1,23,35.27743271221532,62.57928276787657,7.300000000000001,3,72,22.2,15,105,85.5,17,111,96.1
click,2024-04-10,3,1,1,24,36.59920634920635,61.82087898494595,7.4,3,1,1,24,36.59920634920635,61.82087898494595,7.4,3,1,1,24,36.59920634920635,61.82087898494595,7.4,3,72,22.2,15,105,85.5,17,110,96.0
click,2024-04-17,3,1,1,25,36.94984126984127,61.72558350758098,7.5,3,1,1,25,36.94984126984127,61.72558350758098,7.5,3,1,1,25,36.94984126984127,61.72558350758098,7.5,3,73,22.3,15,104,85.4,17,109,95.9
click,2024-04-24,9,2,2,67,46.70646766169155,56.6572976835968,16.7,12,3,2,90,43.785714285714285,58.17069387180163,24.0,12,3,2,90,43.785714285714285,58.17069387180163,24.0,11,33,58.3,13,39,68.9,15,44,79.4
click,2024-05-01,11,3,2,72,45.99713403880071,57.41379045839267,22.2,14,4,2,95,43.40183792815372,58.66438333332036,29.5,14,4,2,95,43.40183792815372,58.66438333332036,29.5,10,28,52.8,12,34,63.4,14,39,73.9
click,2024-05-08,13,3,3,73,45.98847575559905,57.44152609664512,22.3,16,4,3,96,43.42228835978836,58.672446965794336,29.6,16,4,3,96,43.42228835978836,58.672446965794336,29.6,12,33,63.3,14,38,73.8,16,45,84.5
click,2024-05-15,16,3,3,74,45.68768768768769,57.67203779971885,22.4,19,4,3,98,43.46193715581472,58.68808053895815,29.8,19,4,3,98,43.4619371558147,58.688080538958154,29.8,12,31,63.1,14,36,73.6,16,43,84.3
click,2024-05-22,39,13,13,98,50.638160025915134,54.08416541800595,74.8,42,14,13,123,47.85598141695703,55.63729917604965,82.3,42,14,13,123,47.85598141695703,55.63729917604966,82.3,2,6,10.6,4,11,21.1,6,18,31.8
click,2024-05-29,30,11,13,32,60.76785714285715,47.12579219349877,58.2,39,13,13,100,50.749047619047616,54.04064294992947,75.0,42,14,13,123,47.85598141695702,55.63729917604966,82.3,2,6,10.6,4,11,21.1,9,38,48.8
click,2024-06-05,34,12,13,34,59.86181139122316,47.85006865569424,63.4,45,15,13,106,50.444294699011685,54.346181578281865,85.6,48,16,13,129,47.74012550756737,55.8140988446437,92.9,2,5,10.5,4,11,21.1,7,35,38.5
click,2024-06-12,29,12,13,31,61.26472094214029,46.72860832713352,63.1,45,15,13,105,50.28662131519275,54.44112052686033,85.5,48,16,13,129,47.74012550756737,55.8140988446437,92.9,2,5,10.5,4,12,21.2,7,35,38.5
click,2024-06-19,29,12,13,31,61.26472094214029,46.72860832713352,63.1,45,15,13,104,50.333943833943835,54.39306887759147,85.4,48,16,13,129,47.74012550756737,55.8140988446437,92.9,2,5,10.5,4,12,21.2,7,35,38.5
click,2024-06-26,6,2,3,6,45.36507936507937,59.4384920508216,10.6,36,13,13,38,58.3358395989975,49.069902697286594,68.8,45,15,13,106,50.444294699011685,54.34618157828185,85.6,2,5,10.5,7,32,38.2,7,35,38.5
click,2024-07-03,6,2,3,6,45.36507936507937,59.4384920508216,10.6,38,14,13,39,58.003256003256006,49.335763962761845,73.9,49,17,13,111,50.21550121550122,54.57556493290075,96.1,2,6,10.6,5,30,28.0,5,30,28.0
click,2024-07-10,4,2,2,5,45.36507936507937,59.43849205082161,10.5,36,14,13,38,58.3358395989975,49.06990269728659,73.8,49,17,13,110,50.062914862914866,54.66827377794949,96.0,2,7,10.7,5,30,28.0,5,32,28.2
click,2024-07-17,4,2,2,5,45.36507936507937,59.43849205082161,10.5,33,14,13,36,59.05643738977072,48.493869955423534,73.6,49,17,13,109,50.106014271151885,54.62451030755616,95.9,2,7,10.7,5,30,28.0,5,32,28.2
click,2024-07-24,4,2,2,5,45.36507936507937,59.43849205082161,10.5,10,4,3,11,45.36507936507937,59.43849205082161,21.1,40,15,13,44,55.55880230880231,51.40565369888633,79.4,2,22,12.2,5,30,28.0,5,32,28.2
click,2024-07-31,4,2,2,5,45.36507936507937,59.43849205082161,10.5,10,4,3,11,45.36507936507937,59.43849205082161,21.1,38,14,13,39,58.003256003256006,49.335763962761845,73.9,5,27,27.7,5,30,28.0,6,48,34.8
click,2024-08-07,6,2,3,7,45.36507936507936,59.43849205082161,10.7,10,4,3,12,45.36507936507937,59.438492050821615,21.2,42,16,13,45,56.31816578483245,50.68279437450314,84.5,3,23,17.3,3,25,17.5,8,98,49.8
click,2024-08-14,6,2,3,7,45.36507936507936,59.43849205082161,10.7,10,4,3,12,45.36507936507937,59.438492050821615,21.2,39,16,13,43,56.82761166482097,50.275552622116244,84.3,3,23,17.3,3,25,17.5,10,116,61.6
click,2024-08-21,6,2,3,7,45.36507936507936,59.43849205082161,10.7,10,4,3,12,45.36507936507937,59.438492050821615,21.2,16,6,3,18,45.36507936507937,59.4384920508216,31.8,3,23,17.3,3,25,17.5,10,122,62.2
click,2024-08-28,14,5,3,27,46.70487948265726,53.69138543495013,27.7,18,7,3,32,46.495535714285715,54.589370843680044,38.2,24,9,3,38,46.31704260651629,55.35502156059714,48.8,0,3,0.30000000000000004,1,21,7.1,7,102,45.2
click,2024-09-04,13,3,2,24,46.8723544973545,52.972997107966194,17.4,17,5,3,30,46.57089947089947,54.26609609653727,28.0,21,7,3,35,46.398639455782316,55.00500980429217,38.5,0,0,0.0,4,73,27.3,9,112,56.2
click,2024-09-11,11,3,1,23,46.93788819875777,52.69188863218986,17.3,17,5,3,30,46.57089947089947,54.266096096537275,28.0,21,7,3,35,46.39863945578232,55.00500980429217,38.5,0,2,0.2,7,93,44.3,13,127,77.7
click,2024-09-18,11,3,1,23,46.93788819875777,52.69188863218986,17.3,17,5,3,30,46.57089947089947,54.26609609653727,28.0,21,7,3,35,46.398639455782316,55.00500980429217,38.5,0,2,0.2,7,99,44.9,13,127,77.7
click,2024-09-25,3,0,1,3,45.36507936507937,59.438492050821615,0.30000000000000004,17,5,3,30,46.57089947089947,54.26609609653727,28.0,21,7,3,35,46.398639455782316,55.00500980429218,38.5,0,12,1.2000000000000002,7,99,44.9,17,148,99.8
click,2024-10-02,0,0,0,0,62.575975609380166,50.64065370204058,0.0,15,3,2,24,46.8723544973545,52.97299710796619,17.4,17,5,3,30,46.57089947089947,54.26609609653727,28.0,1,18,6.8,9,111,56.1,17,148,99.8
click,2024-10-09,2,0,2,2,45.36507936507936,59.43849205082161,0.2,13,3,2,25,46.8120634920635,53.231616905680404,17.5,19,5,4,32,46.495535714285715,54.589370843680044,28.2,6,84,38.4,13,125,77.5,17,151,100.1
click,2024-10-16,2,0,2,2,45.36507936507936,59.43849205082161,0.2,13,3,2,25,46.8120634920635,53.231616905680404,17.5,19,5,4,32,46.495535714285715,54.589370843680044,28.2,7,97,44.7,13,125,77.5,18,177,107.7
click,2024-10-23,2,0,2,2,45.36507936507936,59.43849205082161,0.2,13,3,2,10,47.79206349206349,52.97459692752616,16.0,19,5,4,32,46.495535714285715,54.589370843680044,28.2,7,97,44.7,13,140,79.0,18,180,108.0
click,2024-10-30,12,1,6,18,59.2636684303351,50.130547060517735,6.8,15,1,6,21,57.278155706727134,51.46025348770401,7.1,29,6,8,48,51.33068783068783,52.715265208029955,34.8,7,87,43.7,16,130,93.0,20,172,117.2
click,2024-11-06,31,5,17,73,85.88475755599045,37.82361690763765,32.3,33,5,18,75,84.8042328042328,38.400013578122554,32.5,44,8,18,98,75.91723356009071,41.75422915203632,49.8,8,51,45.1,12,73,67.3,16,115,91.5
click,2024-11-13,40,7,21,95,82.34319131161237,39.92409770087297,44.5,42,7,22,97,81.58075601374571,40.326456347263665,44.7,53,10,22,120,74.94087301587302,42.696497535207854,62.0,6,30,33.0,11,80,63.0,14,93,79.3
click,2024-11-20,42,7,21,97,81.58075601374571,40.326456347263665,44.7,44,7,22,99,80.84912618245951,40.71255807864868,44.9,55,10,22,122,74.4560239396305,42.970956461693326,62.2,6,33,33.3,11,83,63.3,14,104,80.4
click,2024-11-27,35,6,17,81,85.64589457182049,38.61967163823333,38.1,44,7,22,99,80.84912618245951,40.71255807864868,44.9,47,7,22,102,79.80547774665422,41.26332084253612,45.2,10,49,54.9,13,88,73.8,14,104,80.4
click,2024-12-04,24,9,12,51,72.03641456582633,45.70415837527367,50.1,55,13,25,124,80.21915002560164,41.207132272817226,77.4,55,13,25,124,80.21915002560164,41.207132272817226,77.4,4,24,22.4,8,66,46.6,9,81,53.1
click,2024-12-11,18,6,8,34,70.58916900093371,46.276176276753276,33.4,57,13,25,125,79.94031746031747,41.352983151041265,77.5,59,13,26,127,79.39582552180977,41.63779431481733,77.7,4,31,23.1,8,63,46.3,9,78,52.8
click,2024-12-18,15,6,8,28,74.25736961451248,44.909165292699335,32.8,57,13,25,125,79.94031746031746,41.35298315104126,77.5,59,13,26,127,79.39582552180977,41.63779431481732,77.7,5,55,30.5,8,68,46.8,9,78,52.8
click,2024-12-25,31,10,13,49,66.33106575963718,45.63981438936005,54.9,69,17,28,136,78.74929971988797,40.83553125187501,98.6,75,17,29,148,76.04247104247105,42.34387942476258,99.8,1,38,8.8,4,55,25.5,5,57,30.7
click,2025-01-01,27,8,10,37,54.3007293007293,50.80532342106919,43.7,63,16,25,130,78.36568986568986,41.265725444427254,93.0,75,17,29,148,76.04247104247104,42.34387942476258,99.8,4,42,24.2,5,57,30.7,7,72,42.2
click,2025-01-08,17,4,8,26,53.763125763125764,49.08025912066036,22.6,38,11,15,67,65.06870409855485,46.337671666395096,61.7,74,17,28,151,75.43298643960895,42.68350749018098,100.1,4,37,23.7,5,52,30.2,8,69,46.9
click,2025-01-15,25,5,8,54,57.71634332745444,48.56251832193581,30.4,40,11,13,82,63.36449864498646,47.31503192170872,63.2,82,18,28,179,73.235878336437,43.527926722149104,107.9,3,13,16.3,4,24,22.4,14,47,74.7
click,2025-01-22,17,5,5,40,56.580555555555556,51.488778921430594,29.0,41,11,13,83,63.147638171734556,47.46109770639683,63.3,83,18,28,180,73.0810405643739,43.61631875175284,108.0,3,21,17.1,4,23,22.3,14,46,74.6
click,2025-01-29,15,4,5,42,56.04648526077098,51.86733668949684,24.2,44,13,12,85,56.67581699346406,49.95102583954456,73.5,78,20,25,172,72.91565153193059,43.85449098101401,117.2,0,13,1.3,3,30,18.0,11,40,59.0
click,2025-02-05,15,4,5,42,56.04648526077097,51.867336689496824,24.2,33,8,9,64,55.78645833333333,50.26188921707422,46.4,57,16,17,115,63.025396825396825,48.39409806490901,91.5,1,15,6.5,4,32,23.2,11,40,59.0
click,2025-02-12,10,3,3,14,45.365079365079374,59.4384920508216,16.4,31,8,8,64,55.786458333333336,50.26188921707422,46.4,48,14,13,94,61.066700439040865,48.86270768287207,79.4,1,14,6.4,11,37,58.7,13,80,73.0
click,2025-02-19,8,3,2,21,42.42554799697657,60.595001994632554,17.1,32,8,7,71,53.186675609210816,52.33222185884324,47.1,49,14,13,104,58.96336996336996,50.11313607229059,80.4,1,2,5.2,11,25,57.5,24,119,131.9
click,2025-02-26,4,1,1,16,41.50694444444444,60.95641135207348,6.6,18,4,5,55,52.3994227994228,54.09845902617415,25.5,49,14,13,104,58.96336996336996,50.11313607229059,80.4,3,17,16.7,11,27,57.7,26,135,143.5
click,2025-03-05,4,1,1,15,41.24973544973545,61.057605972156935,6.5,19,5,5,57,52.1526037315511,54.28582860598633,30.7,39,9,9,81,52.837154614932395,52.48767880958948,53.1,3,17,16.7,10,25,52.5,31,155,170.5
click,2025-03-12,4,1,1,15,41.249735449735454,61.057605972156935,6.5,18,5,5,47,46.47889226612631,55.81001122670395,29.7,35,9,8,78,53.12454212454212,52.22033983877286,52.8,3,17,16.7,12,63,66.3,31,187,173.7
click,2025-03-19,6,1,3,10,40.92857142857143,63.49464284573944,6.0,13,4,3,23,42.68115942028986,60.49443591256204,22.3,39,9,9,78,53.12454212454213,52.22033983877286,52.8,10,23,52.3,19,97,104.7,33,201,185.1
click,2025-03-26,7,2,3,17,45.038281979458446,58.82842393826575,11.7,14,5,3,34,43.38608776844071,59.84777295983868,28.4,25,6,6,72,50.661375661375665,55.215256297084665,37.2,9,8,45.8,24,111,131.1,33,189,183.9
click,2025-04-02,14,2,2,15,44.99470899470899,58.7470815232583,11.5,18,3,3,30,43.12222222222222,59.90234374770762,18.0,33,7,6,72,50.661375661375665,55.215256297084665,42.2,8,10,41.0,29,136,158.6,34,193,189.3
click,2025-04-09,16,3,3,17,45.038281979458446,58.82842393826575,16.7,20,4,3,32,43.26240079365079,59.873353016652246,23.2,34,8,6,69,50.89164941338854,55.031637351270014,46.9,7,8,35.8,28,164,156.4,35,195,194.5
click,2025-04-16,23,10,4,23,47.265700483091784,53.81900761538279,52.3,27,11,4,34,45.34593837535014,56.83006163711824,58.4,34,14,4,47,44.981762917933125,57.20527006794793,74.7,5,65,31.5,22,173,127.3,28,189,158.9
click,2025-04-23,21,10,5,23,47.265700483091784,53.81900761538279,52.3,26,11,5,25,47.1136507936508,54.2685663702179,57.5,34,14,5,46,44.973429951690825,57.15672176397242,74.6,15,101,85.1,24,180,138.0,33,213,186.3
click,2025-04-30,12,8,4,10,50.29206349206349,47.55079364065729,41.0,27,11,5,27,46.98412698412699,54.651523828040396,57.7,30,11,5,40,44.91468253968253,56.81445622094505,59.0,21,125,117.5,24,183,138.3,35,216,196.6
click,2025-05-07,10,7,4,8,51.523809523809526,44.57886903811621,35.8,26,10,5,25,47.1136507936508,54.2685663702179,52.5,30,11,5,40,44.91468253968254,56.81445622094505,59.0,21,134,118.4,28,187,158.7,36,230,203.0
click,2025-05-14,15,2,5,43,55.61203396087118,51.32456732876239,14.3,39,12,7,66,52.70346320346321,52.1938419740998,66.6,43,13,7,80,50.647619047619045,53.765239597776485,73.0,20,130,113.0,26,146,144.6,39,210,216.0
click,2025-05-21,48,14,11,97,58.89052528227787,51.990747527327095,79.7,68,24,13,120,56.66243386243387,52.34116404420445,132.0,73,25,13,122,56.47723132969035,52.45751368365719,137.2,9,81,53.1,14,95,79.5,28,161,156.1
click,2025-05-28,65,16,14,122,60.62997658079625,50.84589594622959,92.2,77,24,16,132,59.84680134680135,50.596266983686235,133.2,92,27,17,149,58.157238734419934,51.53550636776578,149.9,8,61,46.1,18,91,99.1,30,190,169.0
click,2025-06-04,81,21,15,134,59.26297085998578,51.61538216455127,118.4,91,28,17,142,58.82696177062374,51.218958889822545,154.2,107,31,18,159,57.352700409304184,52.032549492486275,170.9,6,53,35.3,15,95,84.5,26,179,147.9
click,2025-06-11,79,19,15,124,60.914618535586264,52.31726422311636,107.4,102,28,18,170,58.92838468720823,51.787346082180484,157.0,118,31,19,187,57.66564807741278,52.42744406909731,173.7,7,25,37.5,20,89,108.9,26,153,145.3
click,2025-06-18,74,14,15,104,61.460012210012216,52.20216732152515,80.4,103,23,19,178,57.79275905118602,53.02693967656222,132.8,123,33,21,201,56.588170259812046,53.117574316327755,185.1,5,11,26.1,19,80,103.0,26,152,145.2
click,2025-06-25,59,9,11,78,57.065323565323574,55.212500400551654,52.8,106,24,19,181,57.586775409979836,53.13320850044499,138.1,126,33,21,189,57.33014193331653,52.771120057595084,183.9,10,34,53.4,22,128,122.8,26,160,146.0
click,2025-07-02,39,5,10,57,51.502088554720146,57.80762191296292,30.7,112,26,21,183,57.45320496140168,53.202118703181334,148.3,124,34,21,193,57.0821613619541,52.909303933102365,189.3,9,42,49.2,21,130,118.0,29,176,162.6
click,2025-07-09,30,7,11,31,46.73732718894009,58.429742442029564,38.1,115,28,23,187,57.65936677701383,52.95138473296118,158.7,125,35,23,195,57.40765160765161,52.60789690958292,194.5,11,58,60.8,19,128,107.8,29,177,162.7
click,2025-07-16,21,6,9,16,50.79662698412699,54.94894543696338,31.6,98,23,20,124,59.564900153609834,52.79002013413965,127.4,118,28,23,189,57.529268497522466,53.02003137124541,158.9,13,64,71.4,21,135,118.5,30,179,167.9
click,2025-07-23,30,10,10,35,106.92517006802721,36.06213771982677,53.5,88,19,17,114,72.49220272904483,48.90275401266942,106.4,136,34,25,215,65.67545219638244,50.324870077784446,191.5,9,69,51.9,16,123,92.3,24,165,136.5
click,2025-07-30,30,11,9,36,109.47266313932981,35.16415436425435,58.6,66,14,16,94,73.63829787234043,49.15300530003047,79.4,138,35,26,219,66.00434877147207,50.23697388034403,196.9,11,93,64.3,19,140,109.0,25,169,141.9
click,2025-08-06,36,9,14,54,101.36243386243387,37.565904938493865,50.4,70,16,18,107,77.70686841714878,46.859874782173236,90.7,151,37,28,241,67.45175525258513,49.50401581635853,209.1,10,74,57.4,20,119,111.9,25,147,139.7
click,2025-08-13,56,13,16,64,94.36706349206348,40.20047818859746,71.4,76,19,18,80,85.65297619047618,43.150171638270635,103.0,158,39,29,210,69.14860166288739,49.460286371899215,216.0,6,68,36.8,17,115,96.5,21,140,119.0
click,2025-08-20,64,14,17,66,87.19624819624819,42.58461473141702,76.6,80,19,19,80,85.6529761904762,43.15017163827064,103.0,135,28,24,161,70.9749580991817,48.74351853005589,156.1,8,79,47.9,16,116,91.6,24,152,135.2
click,2025-08-27,90,12,13,99,123.27962161295495,28.150401064514618,69.9,118,22,18,129,121.8623108157992,29.084279576176563,122.9,161,30,21,190,99.143776106934,38.34031832931026,169.0,8,46,44.6,14,72,77.2,24,103,130.3
click,2025-09-03,82,11,11,84,139.56424792139077,23.750870367187495,63.4,115,20,17,126,125.77676996724617,28.45992732496207,112.6,147,26,21,179,104.40746652478497,36.71172389921279,147.9,10,47,54.7,15,75,82.5,23,102,125.2
click,2025-09-10,57,6,6,64,155.32415674603175,17.060195209300755,36.4,113,19,17,128,124.84561011904763,28.6303366989491,107.8,136,26,20,153,112.13663243075008,33.45996183570897,145.3,11,49,59.9,15,73,82.3,23,101,125.1
click,2025-09-17,63,7,8,72,144.577380952381,20.01821973128448,42.2,128,21,20,141,118.26871552403469,30.576843155864015,119.1,143,26,21,152,113.56453634085213,32.192931261277195,145.2,9,41,49.1,17,73,92.3,21,88,113.8
click,2025-09-24,48,7,15,39,75.1827431827432,42.13441118324938,38.9,136,19,21,133,108.54195011337869,32.29725841070604,108.3,166,29,26,167,108.58140861134872,32.92378261537138,161.7,7,38,38.8,17,66,91.6,18,74,97.4
click,2025-10-01,58,8,16,46,65.0503795721187,45.52947762096622,44.6,146,20,22,134,111.17294479981048,32.292410817996135,113.4,174,29,27,176,108.5713383838384,33.21720474938194,162.6,7,29,37.9,15,56,80.6,16,61,86.1
click,2025-10-08,64,11,18,49,72.64658244250082,43.962436825997024,59.9,129,19,21,119,116.6797385620915,29.85319047947382,106.9,177,30,27,177,110.39503183570979,32.874816395137515,167.7,4,24,22.4,12,51,65.1,13,57,70.7
click,2025-10-15,56,9,16,47,71.55420466058763,45.985766585564896,49.7,123,17,20,118,116.33266074791499,30.027155577315348,96.8,179,30,27,182,108.60849467992323,33.60458770435961,168.2,8,32,43.2,12,47,64.7,13,52,70.2
click,2025-10-22,57,9,12,45,70.32028218694884,48.752843947437434,49.5,107,16,19,99,94.06878306878309,39.06881484007869,89.9,176,25,25,168,101.57105064247922,35.8942602931252,141.8,11,31,58.1,12,39,63.9,12,40,64.0
click,2025-10-29,37,8,8,29,66.831964969896,52.48720126384412,42.9,93,16,20,76,70.08479532163742,47.58532641073587,87.6,182,27,26,169,101.21696252465485,36.10915571260086,151.9,8,27,42.7,9,32,48.2,9,34,48.4
click,2025-11-05,33,5,6,28,64.11167800453515,53.65964758298037,27.8,94,15,20,73,65.7271145901283,48.462363735557005,82.3,171,25,25,147,104.11391858330634,35.196440703962445,139.7,8,27,42.7,9,33,48.3,9,35,48.5
click,2025-11-12,29,5,5,28,52.348639455782305,53.929808927923474,27.8,90,16,19,75,64.384126984127,48.95154239337876,87.5,153,22,22,143,105.29315129315128,34.09037434931891,124.3,7,22,37.2,8,27,42.7,8,30,43.0
click,2025-11-19,42,10,11,39,60.001221001221005,52.43541226767312,53.9,87,18,18,76,67.65183792815372,49.51777789036004,97.6,158,26,23,155,103.07465437788018,35.28586098361819,145.5,2,5,10.5,3,10,16.0,3,13,16.3
click,2025-11-26,31,10,12,31,63.77828981054787,50.6281658720219,53.1,64,16,16,57,63.675856307435254,51.86345900929131,85.7,120,24,24,103,67.69394359685622,48.45761788391485,130.3,1,5,5.5,1,7,5.7,1,20,7.0
click,2025-12-03,24,8,10,27,60.96413874191652,50.9129568454557,42.7,57,13,13,55,62.56652236652237,52.311272130013705,70.5,118,23,24,102,64.47525676937443,48.93269256905127,125.2,1,6,5.6,1,8,5.8,3,41,19.1
click,2025-12-10,26,8,11,28,60.40702947845805,51.217440245647346,42.8,55,12,13,52,56.3421855921856,54.18618221346024,65.2,120,23,25,101,64.25223950966526,49.226147322512745,125.1,1,5,5.5,1,8,5.8,3,61,21.1
click,2025-12-17,15,4,7,15,70.3830687830688,51.51335977737872,21.5,53,12,13,47,57.50996285038839,53.627425847783506,64.7,104,21,22,88,65.83892496392497,49.149876046164145,113.8,1,5,5.5,1,8,5.8,4,78,27.8
click,2025-12-24,12,1,5,8,45.36507936507937,59.43849205082161,5.8,38,11,13,36,61.220899470899475,51.85182228574408,58.6,81,18,18,74,67.13384813384813,51.07677620351864,97.4,0,2,0.2,0,15,1.5,3,74,22.4
click,2025-12-31,10,1,4,6,45.36507936507937,59.4384920508216,5.6,34,9,11,33,58.12794612794612,52.46305415552223,48.3,70,16,15,62,62.19918074756785,52.47434877070504,86.2,0,1,0.1,2,24,12.4,3,76,22.6
click,2026-01-07,10,1,4,6,45.36507936507937,59.4384920508216,5.6,34,9,11,33,58.127946127946124,52.46305415552223,48.3,64,13,13,57,55.379281537176276,54.64691114656211,70.7,0,2,0.2,2,53,15.3,4,95,29.5
click,2026-01-14,8,1,3,5,45.36507936507937,59.43849205082161,5.5,25,5,8,20,64.12857142857142,53.49464284573944,27.0,61,13,13,52,56.3421855921856,54.18618221346025,70.2,0,3,0.30000000000000004,3,73,22.3,17,118,96.8
click,2026-01-21,4,0,2,1,45.36507936507937,59.43849205082161,0.1,15,1,5,9,45.36507936507937,59.4384920508216,5.9,45,12,13,40,59.63531746031746,52.61048926225184,64.0,0,10,1.0,3,73,22.3,19,133,108.3
click,2026-01-28,4,0,3,2,45.36507936507937,59.43849205082161,0.2,11,1,5,7,45.36507936507936,59.4384920508216,5.7,37,9,12,34,57.75256769374417,52.66821409361927,48.4,0,13,1.3,3,75,22.5,20,155,115.5
click,2026-02-04,2,0,1,2,45.36507936507937,59.43849205082161,0.2,12,1,5,8,45.36507936507937,59.4384920508216,5.8,36,9,12,35,57.39863945578232,52.861650606682204,48.5,2,51,15.100000000000001,4,93,29.3,29,198,164.8
click,2026-02-11,3,0,1,3,45.36507936507937,59.438492050821615,0.30000000000000004,11,1,4,8,45.36507936507937,59.43849205082161,5.8,35,8,11,30,57.87407407407409,55.47592591410018,43.0,3,58,20.8,14,106,80.6,30,221,172.1
click,2026-02-18,3,0,1,3,45.36507936507937,59.438492050821615,0.30000000000000004,11,1,4,8,45.36507936507937,59.43849205082161,5.8,20,3,6,13,45.36507936507937,59.438492050821615,16.3,3,70,22.0,18,118,101.8,50,288,278.8
click,2026-02-25,4,0,2,13,124.65079365079366,31.228553586285923,1.3,8,0,4,15,114.07936507936508,34.98987871489068,1.5,15,1,6,20,96.90079365079366,41.10203204887341,7.0,3,62,21.2,19,135,108.5,63,342,349.2
click,2026-03-04,16,2,5,41,85.78784359272164,39.2934865221018,14.100000000000001,18,2,5,43,83.9077150239941,40.23046352343761,14.3,28,3,8,49,79.18820861678006,42.58246701658667,19.9,2,50,15.0,26,151,145.1,74,322,402.2
databases,2019-05-02,11,0,3,15,21.044444444444444,45.365228215730085,1.5,44,10,6,74,49.23873873873874,41.730102603206134,57.4,168,26,9,315,46.73968253968254,45.743091579642254,161.5,1,2,5.2,6,34,33.4,11,54,60.4
databases,2019-05-09,9,0,2,14,21.071428571428573,43.860682950903545,1.4000000000000001,27,4,4,38,34.28070175438597,45.00926729736202,23.8,142,26,9,231,49.58585858585859,44.501316635226694,153.1,1,2,5.2,8,36,43.6,11,54,60.4
databases,2019-05-16,10,0,3,15,21.044444444444444,45.365228215730085,1.5,21,3,4,27,25.839506172839506,48.1741398737352,17.7,70,19,9,123,45.70731707317074,42.23686840819402,107.3,1,1,5.1,11,53,60.3,11,53,60.3
databases,2019-05-23,6,1,3,6,21.000000000000004,58.772171421412246,5.6,21,4,4,26,26.192307692307693,47.47203517952111,22.6,60,17,9,100,49.38333333333333,43.17190586664528,95.0,2,7,10.7,10,52,55.2,10,52,55.2
databases,2019-05-30,4,1,3,4,21.166666666666668,54.943826170467574,5.4,14,1,4,17,20.078431372549023,49.818075597603105,6.7,47,11,7,76,48.280701754385966,42.82179545474416,62.6,5,27,27.7,10,52,55.2,10,52,55.2
databases,2019-06-06,3,1,2,2,12.833333333333334,83.21443096165078,5.2,12,1,3,16,20.041666666666668,48.77990145224695,6.6,30,5,5,40,33.208333333333336,46.91952548057647,29.0,5,32,28.2,10,52,55.2,10,52,55.2
databases,2019-06-13,3,1,2,2,12.833333333333334,83.21443096165078,5.2,12,1,3,16,20.041666666666668,48.77990145224695,6.6,24,4,5,29,24.60919540229885,49.005250051816034,22.9,10,52,55.2,10,52,55.2,10,52,55.2
databases,2019-06-20,6,1,1,6,95.6111111111111,23.49339977848051,5.6,12,2,3,12,58.305555555555564,41.13278559994637,11.2,29,5,4,34,37.53921568627452,45.34300515475687,28.4,9,46,49.6,9,46,49.6,9,46,49.6
databases,2019-06-27,23,5,3,27,87.0864197530864,37.175918475553125,27.7,27,6,5,31,78.58064516129032,39.46855172650982,33.1,37,6,6,44,61.1969696969697,42.0603882727088,34.4,5,25,27.5,5,25,27.5,5,25,27.5
databases,2019-07-04,24,5,4,32,83.40625,36.92857293108856,28.2,27,6,5,34,79.25490196078431,39.6512704622981,33.4,38,6,7,49,61.435374149659864,41.400441203144624,34.9,5,20,27.0,5,20,27.0,7,24,37.4
databases,2019-07-11,38,10,4,43,81.65116279069767,38.23704892433489,54.3,41,11,5,45,78.5925925925926,40.23604368154893,59.5,50,11,6,59,64.94350282485877,41.09612757597206,60.9,0,9,0.9,0,9,0.9,2,16,11.6
databases,2019-07-18,41,10,4,52,75.51923076923077,40.296913973910755,55.2,41,10,4,52,75.51923076923077,40.296913973910755,55.2,47,11,6,58,69.87931034482759,42.20814750296263,60.8,0,0,0.0,0,0,0.0,2,7,10.7
databases,2019-07-25,33,8,3,44,64.39393939393939,44.12043218091678,44.4,41,10,4,52,75.51923076923077,40.296913973910755,55.2,45,11,6,56,71.63690476190477,41.34312198795053,60.6,0,0,0.0,0,0,0.0,3,11,16.1
databases,2019-08-01,17,5,3,20,62.9,45.686259642426286,27.0,41,10,4,52,75.51923076923077,40.296913973910755,55.2,44,11,5,54,73.19753086419753,41.886451640123354,60.4,0,0,0.0,1,1,5.1,3,11,16.1
databases,2019-08-08,15,3,3,18,68.88888888888889,44.77141612943249,16.8,41,10,4,52,75.51923076923077,40.296913973910755,55.2,44,11,5,54,73.19753086419753,41.886451640123354,60.4,0,0,0.0,2,6,10.6,4,30,23.0
databases,2019-08-15,0,0,0,0,45.00099651220727,47.68150788611888,0.0,41,10,4,52,75.51923076923077,40.296913973910755,55.2,43,11,5,53,74.18867924528301,41.423387295157724,60.3,0,0,0.0,2,7,10.7,4,30,23.0
databases,2019-08-22,0,0,0,0,45.00099651220727,47.68150788611888,0.0,34,8,4,45,68.74074074074075,43.286423821475715,44.5,41,10,4,52,75.51923076923077,40.296913973910755,55.2,0,0,0.0,3,11,16.1,4,30,23.0
databases,2019-08-29,0,0,0,0,45.00099651220727,47.68150788611888,0.0,18,5,3,25,63.02666666666667,43.66758911213701,27.5,41,10,4,52,75.51923076923077,40.296913973910755,55.2,0,0,0.0,3,11,16.1,4,30,23.0
databases,2019-09-05,0,0,0,0,45.00099651220727,47.68150788611888,0.0,17,5,3,20,62.9,45.686259642426286,27.0,41,10,4,52,75.51923076923077,40.296913973910755,55.2,2,6,10.6,4,30,23.0,4,30,23.0
databases,2019-09-12,0,0,0,0,45.00099651220727,47.68150788611888,0.0,0,0,0,0,45.00099651220727,47.68150788611888,0.0,41,10,4,52,75.51923076923077,40.296913973910755,55.2,2,7,10.7,4,30,23.0,4,30,23.0
databases,2019-09-19,0,0,0,0,45.00099651220727,47.68150788611888,0.0,0,0,0,0,45.00099651220727,47.68150788611888,0.0,35,9,4,46,72.89855072463769,42.48867669505383,49.6,2,7,10.7,4,30,23.0,4,30,23.0
databases,2019-09-26,0,0,0,0,45.00099651220727,47.68150788611888,0.0,0,0,0,0,45.00099651220727,47.68150788611888,0.0,18,5,3,25,63.02666666666667,43.66758911213701,27.5,3,11,16.1,4,30,23.0,4,30,23.0
databases,2019-10-03,3,2,1,6,108.33333333333333,29.75393038612756,10.6,3,2,1,6,108.33333333333333,29.75393038612756,10.6,20,7,3,26,73.38461538461539,42.00956827558811,37.6,1,22,7.2,2,24,12.4,2,24,12.4
databases,2019-10-10,4,2,2,7,94.42857142857143,28.424865318368543,10.7,4,2,2,7,94.42857142857143,28.424865318368543,10.7,7,2,2,16,67.3125,40.63878000784618,11.6,2,23,12.3,2,23,12.3,2,23,12.3
databases,2019-10-17,4,2,2,7,94.42857142857143,28.424865318368546,10.7,4,2,2,7,94.42857142857143,28.424865318368546,10.7,4,2,2,7,94.42857142857143,28.424865318368546,10.7,2,23,12.3,2,23,12.3,2,23,12.3
databases,2019-10-24,6,3,3,11,64.63636363636364,29.788695021219112,16.1,6,3,3,11,64.63636363636364,29.788695021219112,16.1,6,3,3,11,64.63636363636364,29.78869502121911,16.1,1,19,6.9,1,19,6.9,1,19,6.9
databases,2019-10-31,13,2,4,26,32.23076923076923,28.98236572478358,12.6,14,3,4,27,32.96296296296296,29.4061360348085,17.7,14,3,4,27,32.96296296296296,29.4061360348085,17.7,1,3,5.3,1,3,5.3,1,3,5.3
databases,2019-11-07,15,2,4,24,21.333333333333332,30.93677589753949,12.4,18,4,5,30,38.733333333333334,30.7002067952571,23.0,18,4,5,30,38.733333333333334,30.700206795257102,23.0,0,0,0.0,0,0,0.0,0,0,0.0
databases,2019-11-14,14,2,3,23,21.782608695652176,31.392702027353618,12.3,18,4,5,30,38.733333333333334,30.7002067952571,23.0,18,4,5,30,38.733333333333334,30.7002067952571,23.0,0,0,0.0,0,0,0.0,0,0,0.0
databases,2019-11-21,12,1,2,19,23.736842105263158,31.227924138121203,6.9,18,4,5,30,38.733333333333334,30.700206795257102,23.0,18,4,5,30,38.733333333333334,30.7002067952571,23.0,0,0,0.0,0,0,0.0,0,0,0.0
databases,2019-11-28,12,1,2,19,23.736842105263158,31.227924138121203,6.9,18,4,5,30,38.733333333333334,30.7002067952571,23.0,18,4,5,30,38.733333333333334,30.7002067952571,23.0,0,0,0.0,0,0,0.0,0,0,0.0
databases,2019-12-05,0,0,0,0,45.00099651220727,47.68150788611888,0.0,15,2,4,24,21.333333333333332,30.936775897539487,12.4,18,4,5,30,38.733333333333334,30.700206795257102,23.0,0,0,0.0,0,0,0.0,0,0,0.0
databases,2019-12-12,0,0,0,0,45.00099651220727,47.68150788611888,0.0,14,2,3,23,21.782608695652176,31.39270202735362,12.3,18,4,5,30,38.733333333333334,30.7002067952571,23.0,0,0,0.0,0,0,0.0,0,2,0.2
databases,2019-12-19,0,0,0,0,45.00099651220727,47.68150788611888,0.0,14,2,3,23,21.782608695652176,31.39270202735362,12.3,18,4,5,30,38.733333333333334,30.7002067952571,23.0,0,0,0.0,0,0,0.0,2,3,10.3
databases,2019-12-26,0,0,0,0,45.00099651220727,47.68150788611888,0.0,12,1,2,19,23.736842105263158,31.227924138121203,6.9,18,4,5,30,38.733333333333334,30.7002067952571,23.0,0,0,0.0,0,0,0.0,2,3,10.3
databases,2020-01-02,0,0,0,0,45.00099651220727,47.68150788611888,0.0,2,1,1,2,135.5,13.52026545894175,5.2,15,2,4,24,21.333333333333332,30.93677589753949,12.4,0,0,0.0,0,0,0.0,2,3,10.3
databases,2020-01-09,0,0,0,0,45.00099651220727,47.68150788611888,0.0,0,0,0,0,45.00099651220727,47.68150788611888,0.0,14,2,3,23,21.782608695652176,31.392702027353618,12.3,0,0,0.0,0,2,0.2,2,3,10.3
databases,2020-01-16,0,0,0,0,45.00099651220727,47.68150788611888,0.0,0,0,0,0,45.00099651220727,47.68150788611888,0.0,14,2,3,23,21.782608695652176,31.392702027353618,12.3,0,0,0.0,2,3,10.3,2,3,10.3
databases,2020-01-23,0,0,0,0,45.00099651220727,47.68150788611888,0.0,0,0,0,0,45.00099651220727,47.68150788611888,0.0,12,1,2,19,23.736842105263158,31.227924138121203,6.9,0,0,0.0,2,3,10.3,2,5,10.5
databases,2020-01-30,0,0,0,0,45.00099651220727,47.68150788611888,0.0,0,0,0,0,45.00099651220727,47.68150788611888,0.0,4,1,2,3,90.66666666666667,42.3468436392945,5.3,0,0,0.0,2,3,10.3,4,18,21.8
databases,2020-02-06,0,0,0,0,45.00099651220727,47.68150788611888,0.0,0,0,0,0,45.00099651220727,47.68150788611888,0.0,0,0,0,0,45.00099651220727,47.68150788611888,0.0,0,0,0.0,2,3,10.3,6,30,33.0
databases,2020-02-13,0,0,0,0,45.00099651220727,47.68150788611888,0.0,0,0,0,0,45.00099651220727,47.68150788611888,0.0,0,0,0,0,45.00099651220727,47.68150788611888,0.0,0,2,0.2,2,3,10.3,6,31,33.1
databases,2020-02-20,0,0,0,0,45.00099651220727,47.68150788611888,0.0,0,0,0,0,45.00099651220727,47.68150788611888,0.0,0,0,0,0,45.00099651220727,47.68150788611888,0.0,2,3,10.3,2,3,10.3,6,31,33.1
databases,2020-02-27,0,0,0,0,45.00099651220727,47.68150788611888,0.0,0,0,0,0,45.00099651220727,47.68150788611888,0.0,0,0,0,0,45.00099651220727,47.68150788611888,0.0,2,3,10.3,4,15,21.5,6,31,33.1
databases,2020-03-05,0,0,0,0,45.00099651220727,47.68150788611888,0.0,0,0,0,0,45.00099651220727,47.68150788611888,0.0,0,0,0,0,45.00099651220727,47.68150788611888,0.0,2,3,10.3,6,30,33.0,6,31,33.1
databases,2020-03-12,2,0,2,2,20.666666666666668,66.42886192330157,0.2,2,0,2,2,20.666666666666668,66.42886192330157,0.2,2,0,2,2,20.666666666666668,66.42886192330157,0.2,2,1,10.1,6,28,32.8,6,29,32.9
databases,2020-03-19,8,2,3,3,14.111111111111112,77.61924128220105,10.3,8,2,3,3,14.111111111111112,77.61924128220105,10.3,8,2,3,3,14.111111111111112,77.61924128220105,10.3,0,0,0.0,4,28,22.8,4,28,22.8
databases,2020-03-26,8,2,3,3,14.111111111111112,77.61924128220105,10.3,8,2,3,3,14.111111111111112,77.61924128220105,10.3,8,2,3,3,14.111111111111112,77.61924128220105,10.3,2,12,11.2,4,28,22.8,4,28,22.8
databases,2020-04-02,8,2,3,3,14.111111111111112,77.61924128220105,10.3,8,2,3,3,14.111111111111112,77.61924128220105,10.3,8,2,3,3,14.111111111111112,77.61924128220105,10.3,4,26,22.6,4,28,22.8,4,28,22.8
databases,2020-04-09,6,2,1,1,1.0,100.0,10.1,8,2,3,3,14.111111111111112,77.61924128220105,10.3,8,2,3,3,14.111111111111112,77.61924128220105,10.3,4,27,22.7,4,28,22.8,4,28,22.8
databases,2020-04-16,0,0,0,0,45.00099651220727,47.68150788611888,0.0,8,2,3,3,14.111111111111112,77.61924128220105,10.3,8,2,3,3,14.111111111111112,77.61924128220105,10.3,4,28,22.8,4,28,22.8,4,28,22.8
databases,2020-04-23,2,1,1,5,108.6,30.8162123671534,5.5,10,3,3,8,73.16666666666666,48.36734821029627,15.8,10,3,3,8,73.16666666666666,48.36734821029627,15.8,3,23,17.3,3,23,17.3,4,24,22.4
databases,2020-04-30,12,4,4,24,55.805555555555564,50.40198561611505,22.4,20,6,6,27,51.17283950617284,53.426125134569055,32.7,20,6,6,27,51.17283950617284,53.42612513456905,32.7,0,4,0.4,0,4,0.4,1,5,5.5
databases,2020-05-07,15,4,6,27,50.8888888888889,52.57177619069952,22.7,23,6,8,30,47.211111111111116,55.07652269984967,33.0,23,6,8,30,47.211111111111116,55.07652269984967,33.0,0,1,0.1,0,1,0.1,1,2,5.2
databases,2020-05-14,16,4,7,28,49.392857142857146,52.24283562813253,22.8,22,6,8,29,47.724137931034484,53.889634399576245,32.9,24,6,9,31,45.97849462365592,54.698616820461744,33.1,0,0,0.0,0,0,0.0,1,7,5.7
databases,2020-05-21,16,4,7,28,49.392857142857146,52.24283562813254,22.8,16,4,7,28,49.392857142857146,52.24283562813254,22.8,24,6,9,31,45.97849462365592,54.698616820461744,33.1,0,0,0.0,1,1,5.1,1,7,5.7
databases,2020-05-28,10,2,7,16,43.458333333333336,52.73226889305206,11.6,16,4,7,28,49.392857142857146,52.24283562813253,22.8,24,6,9,31,45.97849462365592,54.698616820461744,33.1,0,0,0.0,1,1,5.1,2,12,11.2
databases,2020-06-04,1,0,1,1,9.0,43.36144043882412,0.1,16,4,7,28,49.392857142857146,52.24283562813254,22.8,24,6,9,31,45.97849462365592,54.698616820461744,33.1,0,0,0.0,1,1,5.1,2,12,11.2
databases,2020-06-11,1,0,1,1,9.0,43.36144043882412,0.1,16,4,7,28,49.392857142857146,52.24283562813254,22.8,22,6,8,29,47.724137931034484,53.88963439957624,32.9,0,0,0.0,1,4,5.4,2,12,11.2
databases,2020-06-18,0,0,0,0,45.00099651220727,47.68150788611888,0.0,16,4,7,28,49.392857142857146,52.24283562813254,22.8,16,4,7,28,49.392857142857146,52.24283562813254,22.8,0,0,0.0,1,7,5.7,2,12,11.2
databases,2020-06-25,0,0,0,0,45.00099651220727,47.68150788611888,0.0,10,2,7,16,43.458333333333336,52.732268893052066,11.6,16,4,7,28,49.392857142857146,52.24283562813254,22.8,1,1,5.1,2,12,11.2,2,12,11.2
databases,2020-07-02,0,0,0,0,45.00099651220727,47.68150788611888,0.0,2,0,2,2,14.833333333333334,54.89515118106284,0.2,16,4,7,28,49.392857142857146,52.24283562813254,22.8,1,1,5.1,2,12,11.2,2,21,12.1
databases,2020-07-09,0,0,0,0,45.00099651220727,47.68150788611888,0.0,1,0,1,1,9.0,43.36144043882412,0.1,16,4,7,28,49.392857142857146,52.24283562813253,22.8,1,1,5.1,2,12,11.2,2,21,12.1
databases,2020-07-16,0,0,0,0,45.00099651220727,47.68150788611888,0.0,0,0,0,0,45.00099651220727,47.68150788611888,0.0,16,4,7,28,49.392857142857146,52.24283562813254,22.8,1,7,5.7,2,12,11.2,2,21,12.1
databases,2020-07-23,1,1,1,1,13.0,38.1480463823104,5.1,1,1,1,1,13.0,38.1480463823104,5.1,15,4,8,24,35.54166666666667,56.11943258892726,22.4,1,11,6.1,1,11,6.1,4,25,22.5
databases,2020-07-30,1,1,1,1,13.0,38.1480463823104,5.1,1,1,1,1,13.0,38.1480463823104,5.1,5,1,5,5,11.333333333333334,58.25995783665203,5.5,1,11,6.1,1,20,7.0,4,25,22.5
databases,2020-08-06,1,1,1,1,13.0,38.1480463823104,5.1,1,1,1,1,13.0,38.1480463823104,5.1,2,1,2,2,11.0,40.75474341056726,5.2,1,11,6.1,1,20,7.0,4,25,22.5
databases,2020-08-13,4,1,4,7,25.61904761904762,45.91689806839361,5.7,4,1,4,7,25.61904761904762,45.91689806839361,5.7,4,1,4,7,25.61904761904762,45.91689806839361,5.7,1,5,5.5,1,14,6.4,4,19,21.9
databases,2020-08-20,4,1,4,11,42.84848484848485,38.82383800498419,6.1,5,2,5,12,40.361111111111114,38.76752203642804,11.2,5,2,5,12,40.361111111111114,38.76752203642804,11.2,0,0,0.0,2,12,11.2,4,19,21.9
databases,2020-08-27,4,1,4,11,42.84848484848485,38.8238380049842,6.1,5,2,5,12,40.361111111111114,38.76752203642804,11.2,5,2,5,12,40.361111111111114,38.76752203642804,11.2,0,9,0.9,3,14,16.4,5,21,27.1
databases,2020-09-03,4,1,4,11,42.84848484848485,38.82383800498419,6.1,5,2,5,12,40.361111111111114,38.76752203642804,11.2,5,2,5,12,40.361111111111114,38.76752203642804,11.2,0,9,0.9,3,14,16.4,5,21,27.1
databases,2020-09-10,2,1,2,8,48.708333333333336,34.605968949655505,5.8,5,2,5,12,40.361111111111114,38.76752203642804,11.2,5,2,5,12,40.361111111111114,38.76752203642804,11.2,0,9,0.9,3,14,16.4,5,21,27.1
databases,2020-09-17,1,1,1,5,61.0,28.75839559167626,5.5,5,2,5,12,40.361111111111114,38.76752203642804,11.2,5,2,5,12,40.361111111111114,38.76752203642804,11.2,1,10,6.0,3,18,16.8,6,23,32.3
databases,2020-09-24,0,0,0,0,45.00099651220727,47.68150788611888,0.0,4,1,4,11,42.84848484848485,38.8238380049842,6.1,5,2,5,12,40.361111111111114,38.76752203642804,11.2,3,14,16.4,5,21,27.1,6,23,32.3
databases,2020-10-01,2,0,2,9,65.88888888888889,33.13767982181674,0.9,6,1,6,20,53.216666666666676,36.265066822558836,7.0,7,2,7,21,51.30158730158731,36.354732515880336,12.1,3,5,15.5,5,12,26.2,6,14,31.4
databases,2020-10-08,2,0,2,9,65.88888888888889,33.13767982181674,0.9,6,1,6,20,53.21666666666666,36.265066822558836,7.0,7,2,7,21,51.3015873015873,36.354732515880336,12.1,3,5,15.5,5,12,26.2,6,14,31.4
databases,2020-10-15,2,0,2,9,65.88888888888889,33.13767982181674,0.9,3,1,3,14,64.14285714285714,31.57364973962371,6.4,7,2,7,21,51.30158730158731,36.354732515880336,12.1,3,5,15.5,6,14,31.4,6,14,31.4
databases,2020-10-22,5,3,5,14,49.59523809523809,41.745948928680185,16.4,5,3,5,14,49.59523809523809,41.745948928680185,16.4,9,4,8,25,46.62666666666667,40.46022012225395,22.5,1,5,5.5,3,9,15.9,3,9,15.9
databases,2020-10-29,3,3,3,5,20.26666666666667,57.24083332103437,15.5,5,3,5,14,49.59523809523809,41.745948928680185,16.4,9,4,8,25,46.62666666666667,40.46022012225394,22.5,2,7,10.7,3,9,15.9,3,9,15.9
databases,2020-11-05,3,3,3,5,20.26666666666667,57.24083332103437,15.5,5,3,5,14,49.59523809523809,41.745948928680185,16.4,9,4,8,25,46.62666666666666,40.46022012225394,22.5,2,7,10.7,3,9,15.9,3,9,15.9
databases,2020-11-12,3,3,3,5,20.26666666666667,57.24083332103437,15.5,5,3,5,14,49.59523809523809,41.745948928680185,16.4,6,4,6,19,52.59649122807017,38.32817173473178,21.9,3,9,15.9,3,9,15.9,3,9,15.9
databases,2020-11-19,3,2,2,7,12.80952380952381,80.81649252760089,10.7,7,4,6,19,40.122807017543856,51.77525635639091,21.9,7,4,6,19,40.122807017543856,51.77525635639091,21.9,2,4,10.4,2,4,10.4,2,4,10.4
databases,2020-11-26,3,2,3,7,18.428571428571427,69.01031290059788,10.7,6,5,5,12,19.194444444444446,64.10636307577975,26.2,8,5,7,21,39.2063492063492,50.83407025265275,27.1,1,2,5.2,1,2,5.2,1,2,5.2
databases,2020-12-03,3,2,3,7,18.428571428571427,69.01031290059788,10.7,6,5,5,12,19.194444444444446,64.10636307577975,26.2,8,5,7,21,39.2063492063492,50.83407025265275,27.1,1,2,5.2,1,2,5.2,1,2,5.2
databases,2020-12-10,4,3,4,9,17.62962962962963,65.87361029625677,15.9,7,6,6,14,18.571428571428577,62.79047566224876,31.4,9,6,8,23,37.086956521739125,51.187207724688406,32.3,0,0,0.0,0,0,0.0,0,0,0.0
databases,2020-12-17,3,3,3,5,22.26666666666667,52.00095376394156,15.5,6,5,5,13,18.41025641025641,62.51059979601394,26.3,9,6,8,23,37.08695652173913,51.187207724688406,32.3,0,0,0.0,0,0,0.0,1,3,5.3
databases,2020-12-24,1,1,1,2,14.833333333333334,54.89515118106284,5.2,4,3,4,9,17.629629629629633,65.87361029625676,15.9,9,6,8,23,37.08695652173913,51.187207724688406,32.3,0,0,0.0,0,0,0.0,1,3,5.3
databases,2020-12-31,1,1,1,2,14.833333333333334,54.89515118106284,5.2,4,3,4,9,17.62962962962963,65.87361029625677,15.9,7,6,6,14,18.571428571428573,62.79047566224876,31.4,0,0,0.0,0,0,0.0,1,8,5.8
databases,2021-01-07,1,1,1,2,14.833333333333334,54.89515118106284,5.2,4,3,4,9,17.629629629629633,65.87361029625676,15.9,7,6,6,14,18.571428571428573,62.79047566224876,31.4,0,0,0.0,0,0,0.0,1,8,5.8
databases,2021-01-14,0,0,0,0,45.00099651220727,47.68150788611888,0.0,4,3,4,9,17.62962962962963,65.87361029625677,15.9,7,6,6,14,18.571428571428573,62.79047566224876,31.4,0,0,0.0,1,3,5.3,1,8,5.8
databases,2021-01-21,0,0,0,0,45.00099651220727,47.68150788611888,0.0,2,2,2,4,22.666666666666668,48.393976724101556,10.4,4,3,4,9,17.629629629629633,65.87361029625676,15.9,0,0,0.0,1,3,5.3,1,8,5.8
databases,2021-01-28,0,0,0,0,45.00099651220727,47.68150788611888,0.0,1,1,1,2,14.833333333333334,54.89515118106284,5.2,4,3,4,9,17.62962962962963,65.87361029625677,15.9,0,0,0.0,1,8,5.8,1,8,5.8
databases,2021-02-04,0,0,0,0,45.00099651220727,47.68150788611888,0.0,1,1,1,2,14.833333333333334,54.89515118106284,5.2,4,3,4,9,17.629629629629633,65.87361029625676,15.9,0,0,0.0,1,8,5.8,1,8,5.8
databases,2021-02-11,0,0,0,0,45.00099651220727,47.68150788611888,0.0,0,0,0,0,45.00099651220727,47.68150788611888,0.0,4,3,4,9,17.62962962962963,65.87361029625677,15.9,0,0,0.0,1,8,5.8,1,8,5.8
databases,2021-02-18,0,0,0,0,45.00099651220727,47.68150788611888,0.0,0,0,0,0,45.00099651220727,47.68150788611888,0.0,2,2,2,4,22.666666666666668,48.393976724101556,10.4,1,3,5.3,1,8,5.8,1,9,5.9
databases,2021-02-25,0,0,0,0,45.00099651220727,47.68150788611888,0.0,0,0,0,0,45.00099651220727,47.68150788611888,0.0,1,1,1,2,14.833333333333334,54.89515118106284,5.2,1,8,5.8,1,8,5.8,1,9,5.9
databases,2021-03-04,0,0,0,0,45.00099651220727,47.68150788611888,0.0,0,0,0,0,45.00099651220727,47.68150788611888,0.0,1,1,1,2,14.833333333333334,54.89515118106284,5.2,1,8,5.8,1,8,5.8,1,9,5.9
databases,2021-03-11,0,0,0,0,45.00099651220727,47.68150788611888,0.0,0,0,0,0,45.00099651220727,47.68150788611888,0.0,0,0,0,0,45.00099651220727,47.68150788611888,0.0,1,8,5.8,1,8,5.8,1,9,5.9
databases,2021-03-18,2,1,1,3,14.111111111111112,77.61924128220103,5.3,2,1,1,3,14.111111111111112,77.61924128220103,5.3,2,1,1,3,14.111111111111112,77.61924128220103,5.3,0,5,0.5,0,6,0.6000000000000001,0,6,0.6000000000000001
databases,2021-03-25,2,1,1,3,14.111111111111112,77.61924128220103,5.3,2,1,1,3,14.111111111111112,77.61924128220103,5.3,2,1,1,3,14.111111111111112,77.61924128220103,5.3,0,5,0.5,0,6,0.6000000000000001,0,6,0.6000000000000001
databases,2021-04-01,4,1,2,8,13.791666666666668,79.01803870206348,5.8,4,1,2,8,13.791666666666668,79.01803870206348,5.8,4,1,2,8,13.791666666666668,79.01803870206348,5.8,0,0,0.0,0,1,0.1,0,1,0.1
databases,2021-04-08,4,1,2,8,13.791666666666668,79.01803870206348,5.8,4,1,2,8,13.791666666666668,79.01803870206348,5.8,4,1,2,8,13.791666666666668,79.01803870206348,5.8,0,0,0.0,0,1,0.1,0,1,0.1
databases,2021-04-15,2,0,1,5,13.6,79.85731715398094,0.5,4,1,2,8,13.791666666666668,79.01803870206348,5.8,4,1,2,8,13.791666666666668,79.01803870206348,5.8,0,1,0.1,0,1,0.1,0,1,0.1
databases,2021-04-22,2,0,1,5,13.6,79.85731715398094,0.5,4,1,2,8,13.791666666666668,79.01803870206348,5.8,4,1,2,8,13.791666666666668,79.01803870206348,5.8,0,1,0.1,0,1,0.1,0,1,0.1
databases,2021-04-29,0,0,0,0,45.00099651220727,47.68150788611888,0.0,4,1,2,8,13.791666666666668,79.01803870206348,5.8,4,1,2,8,13.791666666666668,79.01803870206348,5.8,0,1,0.1,0,1,0.1,0,1,0.1
databases,2021-05-06,0,0,0,0,45.00099651220727,47.68150788611888,0.0,4,1,2,8,13.791666666666668,79.01803870206348,5.8,4,1,2,8,13.791666666666668,79.01803870206348,5.8,0,1,0.1,0,1,0.1,0,1,0.1
databases,2021-05-13,1,0,1,1,20.666666666666668,66.42886192330157,0.1,5,1,2,9,14.555555555555555,77.61924128220105,5.9,5,1,2,9,14.555555555555555,77.61924128220105,5.9,0,0,0.0,0,0,0.0,0,0,0.0
databases,2021-05-20,1,0,1,1,20.666666666666668,66.42886192330157,0.1,3,0,1,6,14.777777777777779,77.61924128220105,0.6000000000000001,5,1,2,9,14.555555555555555,77.61924128220105,5.9,0,0,0.0,0,0,0.0,2,9,10.9
databases,2021-05-27,1,0,1,1,20.666666666666668,66.42886192330157,0.1,1,0,1,1,20.666666666666668,66.42886192330157,0.1,5,1,2,9,14.555555555555555,77.61924128220105,5.9,0,0,0.0,0,0,0.0,2,9,10.9
databases,2021-06-03,1,0,1,1,20.666666666666668,66.42886192330157,0.1,1,0,1,1,20.666666666666668,66.42886192330157,0.1,5,1,2,9,14.555555555555555,77.61924128220105,5.9,0,0,0.0,0,0,0.0,4,24,22.4
databases,2021-06-10,1,0,1,1,20.666666666666668,66.42886192330157,0.1,1,0,1,1,20.666666666666668,66.42886192330157,0.1,5,1,2,9,14.555555555555555,77.61924128220105,5.9,0,0,0.0,0,0,0.0,4,33,23.3
databases,2021-06-17,0,0,0,0,45.00099651220727,47.68150788611888,0.0,1,0,1,1,20.666666666666668,66.42886192330157,0.1,3,0,1,6,14.777777777777779,77.61924128220105,0.6000000000000001,0,0,0.0,0,0,0.0,5,39,28.9
databases,2021-06-24,0,0,0,0,45.00099651220727,47.68150788611888,0.0,1,0,1,1,20.666666666666668,66.42886192330157,0.1,3,0,1,6,14.777777777777779,77.61924128220105,0.6000000000000001,0,0,0.0,2,9,10.9,5,39,28.9
databases,2021-07-01,0,0,0,0,45.00099651220727,47.68150788611888,0.0,1,0,1,1,20.666666666666668,66.42886192330157,0.1,1,0,1,1,20.666666666666668,66.42886192330157,0.1,0,0,0.0,4,24,22.4,5,43,29.3
databases,2021-07-08,0,0,0,0,45.00099651220727,47.68150788611888,0.0,1,0,1,1,20.666666666666668,66.42886192330157,0.1,1,0,1,1,20.666666666666668,66.42886192330157,0.1,0,0,0.0,4,33,23.3,5,43,29.3
databases,2021-07-15,0,0,0,0,45.00099651220727,47.68150788611888,0.0,0,0,0,0,45.00099651220727,47.68150788611888,0.0,1,0,1,1,20.666666666666668,66.42886192330157,0.1,0,0,0.0,5,39,28.9,5,45,29.5
databases,2021-07-22,0,0,0,0,45.00099651220727,47.68150788611888,0.0,0,0,0,0,45.00099651220727,47.68150788611888,0.0,1,0,1,1,20.666666666666668,66.42886192330157,0.1,2,9,10.9,5,39,28.9,5,45,29.5
databases,2021-07-29,0,0,0,0,45.00099651220727,47.68150788611888,0.0,0,0,0,0,45.00099651220727,47.68150788611888,0.0,1,0,1,1,20.666666666666668,66.42886192330157,0.1,4,24,22.4,5,43,29.3,5,53,30.3
databases,2021-08-05,0,0,0,0,45.00099651220727,47.68150788611888,0.0,0,0,0,0,45.00099651220727,47.68150788611888,0.0,1,0,1,1,20.666666666666668,66.42886192330157,0.1,4,33,23.3,5,43,29.3,5,53,30.3
databases,2021-08-12,0,0,0,0,45.00099651220727,47.68150788611888,0.0,0,0,0,0,45.00099651220727,47.68150788611888,0.0,0,0,0,0,45.00099651220727,47.68150788611888,0.0,4,38,23.8,5,45,29.5,5,53,30.3
databases,2021-08-19,2,2,2,9,49.22222222222222,50.94551892271635,10.9,2,2,2,9,49.22222222222222,50.94551892271635,10.9,2,2,2,9,49.22222222222222,50.94551892271635,10.9,3,30,18.0,3,36,18.6,3,62,21.2
databases,2021-08-26,4,3,4,17,45.568627450980394,51.10179471683118,16.7,4,3,4,17,45.568627450980394,51.10179471683118,16.7,4,3,4,17,45.568627450980394,51.10179471683118,16.7,2,26,12.6,2,35,13.5,2,54,15.4
databases,2021-09-02,9,4,5,33,44.82828282828283,46.74182996084585,23.3,9,4,5,33,44.82828282828283,46.741829960845855,23.3,9,4,5,33,44.82828282828283,46.741829960845855,23.3,1,10,6.0,1,20,7.0,1,38,8.8
databases,2021-09-09,10,4,6,34,43.83333333333333,45.96855481234494,23.4,10,4,6,34,43.83333333333333,45.96855481234494,23.4,10,4,6,34,43.83333333333333,45.96855481234494,23.4,1,9,5.9,1,19,6.9,2,40,14.0
databases,2021-09-16,13,5,8,39,46.24786324786325,46.73920816369781,28.9,13,5,8,39,46.24786324786325,46.73920816369782,28.9,13,5,8,39,46.24786324786325,46.73920816369782,28.9,0,6,0.6000000000000001,0,30,3.0,1,35,8.5
databases,2021-09-23,11,3,6,30,45.35555555555556,45.47731493599225,18.0,13,5,8,39,46.24786324786324,46.73920816369781,28.9,13,5,8,39,46.24786324786325,46.73920816369781,28.9,0,13,1.3,0,32,3.2,1,35,8.5
databases,2021-09-30,8,1,6,19,64.66666666666666,40.320260416826,6.9,14,5,9,43,49.077519379844965,45.84427827507073,29.3,14,5,9,43,49.077519379844965,45.84427827507073,29.3,0,10,1.0,0,28,2.8000000000000003,1,31,8.1
databases,2021-10-07,5,1,5,10,63.1,42.88235771201277,6.0,14,5,9,43,49.077519379844965,45.84427827507073,29.3,14,5,9,43,49.077519379844965,45.84427827507073,29.3,0,10,1.0,1,31,8.1,1,31,8.1
databases,2021-10-14,2,0,2,6,54.72222222222223,52.48395156118803,0.6000000000000001,15,5,9,45,47.37777777777778,47.50517395002984,29.5,15,5,9,45,47.37777777777778,47.50517395002984,29.5,0,8,0.8,1,29,7.9,1,29,7.9
databases,2021-10-21,2,0,2,6,54.72222222222223,52.48395156118803,0.6000000000000001,13,3,7,36,46.916666666666664,46.64508770685821,18.6,15,5,9,45,47.37777777777778,47.50517395002984,29.5,0,26,2.6,1,29,7.9,1,36,8.6
databases,2021-10-28,4,0,3,10,10.166666666666668,52.85769027805045,1.0,12,1,8,29,45.8735632183908,44.643512093110296,7.9,18,5,11,53,41.735849056603776,47.16756355865181,30.3,0,18,1.8,1,21,7.1,2,30,13.0
databases,2021-11-04,4,0,3,10,10.166666666666668,52.85769027805045,1.0,9,1,7,20,36.63333333333334,47.870023995031616,7.0,18,5,11,53,41.735849056603776,47.16756355865181,30.3,1,21,7.1,1,21,7.1,3,42,19.2
databases,2021-11-11,3,0,3,8,10.0,45.26850510715037,0.8,6,1,5,15,28.600000000000005,49.56537414317551,6.5,18,5,11,53,41.735849056603776,47.16756355865181,30.3,1,21,7.1,1,21,7.1,3,42,19.2
databases,2021-11-18,5,0,4,26,26.948717948717952,51.09331992088423,2.6,7,0,5,32,32.15625,51.35406335344119,3.2,18,3,10,62,38.543010752688176,48.51047540951428,21.2,1,3,5.3,1,5,5.5,3,29,17.9
databases,2021-11-25,3,0,3,19,33.245614035087726,51.933092210400076,1.9000000000000001,6,0,4,28,25.797619047619047,53.38768499522469,2.8000000000000003,16,2,9,54,38.111111111111114,48.10053028718893,15.4,1,3,5.3,2,12,11.2,3,29,17.9
databases,2021-12-02,3,1,3,19,33.35087719298246,52.86454334042618,6.9,7,1,5,29,25.356321839080465,52.86218021546903,7.9,12,2,8,39,35.03418803418804,50.30325136842896,13.9,0,2,0.2,1,20,7.0,2,28,12.8
databases,2021-12-09,4,1,3,21,32.142857142857146,54.15638320546193,7.1,8,1,5,31,25.053763440860216,53.73745000307113,8.1,12,2,8,40,34.91666666666667,51.855851307587955,14.0,0,0,0.0,2,21,12.1,2,28,12.8
databases,2021-12-16,3,1,3,5,22.666666666666668,44.87044259749646,5.5,7,1,5,29,26.034482758620694,51.7045547645484,7.9,9,1,6,35,30.952380952380956,51.83816564397233,8.5,0,2,0.2,2,26,12.6,2,28,12.8
databases,2021-12-23,2,1,2,3,18.11111111111111,57.00192340963785,5.3,5,1,4,22,31.181818181818187,52.62429646484159,7.2,9,1,6,35,30.952380952380956,51.83816564397234,8.5,1,9,5.9,2,26,12.6,2,28,12.8
databases,2021-12-30,2,1,2,3,18.11111111111111,57.00192340963785,5.3,4,1,3,21,32.142857142857146,54.15638320546193,7.1,8,1,5,31,25.053763440860216,53.73745000307113,8.1,1,18,6.8,2,26,12.6,2,28,12.8
databases,2022-01-06,0,0,0,0,45.00099651220727,47.68150788611888,0.0,4,1,3,21,32.142857142857146,54.15638320546193,7.1,8,1,5,31,25.053763440860216,53.73745000307113,8.1,2,21,12.1,2,28,12.8,2,28,12.8
databases,2022-01-13,0,0,0,0,45.00099651220727,47.68150788611888,0.0,4,1,3,21,32.142857142857146,54.15638320546193,7.1,7,1,5,29,26.034482758620694,51.70455476454839,7.9,2,26,12.6,2,28,12.8,2,28,12.8
databases,2022-01-20,3,1,1,9,42.03703703703704,64.6773117846001,5.9,5,2,2,12,36.05555555555556,62.75846469085954,11.2,10,2,5,38,29.824561403508778,54.77704984824485,13.8,1,17,6.7,1,19,6.9,1,19,6.9
databases,2022-01-27,4,1,2,18,40.833333333333336,51.27696418968784,6.8,6,2,3,21,37.58730158730159,52.09481550682356,12.1,8,2,4,39,36.15384615384616,52.82742058279697,13.9,1,8,5.8,1,10,6.0,1,10,6.0
databases,2022-02-03,5,2,3,21,48.88888888888889,48.40260705978886,12.1,5,2,3,21,48.88888888888889,48.40260705978886,12.1,9,3,5,42,40.51587301587302,51.27949513262541,19.2,0,5,0.5,0,7,0.7000000000000001,0,7,0.7000000000000001
databases,2022-02-10,5,2,3,21,48.88888888888889,48.40260705978886,12.1,5,2,3,21,48.88888888888889,48.40260705978886,12.1,9,3,5,42,40.51587301587301,51.27949513262539,19.2,0,7,0.7000000000000001,0,7,0.7000000000000001,0,7,0.7000000000000001
databases,2022-02-17,5,2,4,24,56.15277777777778,46.76380791798082,12.4,6,2,4,26,52.66666666666667,49.56770199826313,12.6,8,3,5,29,49.0919540229885,50.33675938564672,17.9,0,2,0.2,0,2,0.2,0,2,0.2
databases,2022-02-24,3,1,3,17,58.294117647058826,41.5684968172612,6.7,6,2,4,26,52.66666666666667,49.56770199826313,12.6,8,3,5,29,49.09195402298852,50.336759385646715,17.9,0,2,0.2,0,2,0.2,0,2,0.2
databases,2022-03-03,2,1,2,8,79.29166666666667,45.721862067557545,5.8,6,2,4,26,52.66666666666667,49.56770199826313,12.6,7,2,4,28,50.38095238095239,50.772070564337305,12.8,0,2,0.2,0,2,0.2,0,12,1.2000000000000002
databases,2022-03-10,2,0,2,7,51.80952380952381,48.016774149987704,0.7000000000000001,7,2,5,28,49.61904761904763,48.30614883233857,12.8,7,2,5,28,49.61904761904763,48.30614883233857,12.8,0,0,0.0,0,0,0.0,0,10,1.0
databases,2022-03-17,1,0,1,2,10.0,31.9059576753193,0.2,6,2,5,26,52.6025641025641,45.62089636085302,12.6,7,2,5,28,49.61904761904763,48.30614883233857,12.8,0,0,0.0,0,0,0.0,0,10,1.0
databases,2022-03-24,1,0,1,2,10.0,31.9059576753193,0.2,4,1,4,19,53.21052631578947,40.551387433898896,6.9,7,2,5,28,49.61904761904763,48.30614883233857,12.8,0,0,0.0,0,0,0.0,0,11,1.1
databases,2022-03-31,1,0,1,2,10.0,31.9059576753193,0.2,3,1,3,10,65.43333333333334,42.958681189109896,6.0,7,2,5,28,49.61904761904763,48.30614883233857,12.8,0,0,0.0,0,10,1.0,0,11,1.1
databases,2022-04-07,0,0,0,0,45.00099651220727,47.68150788611888,0.0,2,0,2,7,51.80952380952381,48.016774149987704,0.7000000000000001,7,2,5,28,49.61904761904763,48.30614883233857,12.8,0,0,0.0,0,10,1.0,0,11,1.1
databases,2022-04-14,0,0,0,0,45.00099651220727,47.68150788611888,0.0,1,0,1,2,10.0,31.9059576753193,0.2,7,2,5,28,49.61904761904763,48.30614883233857,12.8,0,0,0.0,0,10,1.0,0,11,1.1
databases,2022-04-21,0,0,0,0,45.00099651220727,47.68150788611888,0.0,1,0,1,2,10.0,31.9059576753193,0.2,4,1,4,19,53.21052631578947,40.551387433898896,6.9,0,0,0.0,0,10,1.0,0,11,1.1
databases,2022-04-28,0,0,0,0,45.00099651220727,47.68150788611888,0.0,1,0,1,2,10.0,31.9059576753193,0.2,3,1,3,10,65.43333333333334,42.958681189109896,6.0,0,0,0.0,0,11,1.1,0,11,1.1
databases,2022-05-05,0,0,0,0,45.00099651220727,47.68150788611888,0.0,1,0,1,2,10.0,31.9059576753193,0.2,2,0,2,7,51.80952380952381,48.016774149987704,0.7000000000000001,0,10,1.0,0,11,1.1,0,19,1.9000000000000001
databases,2022-05-12,0,0,0,0,45.00099651220727,47.68150788611888,0.0,0,0,0,0,45.00099651220727,47.68150788611888,0.0,2,0,2,7,51.80952380952381,48.016774149987704,0.7000000000000001,0,10,1.0,0,11,1.1,0,21,2.1
databases,2022-05-19,0,0,0,0,45.00099651220727,47.68150788611888,0.0,0,0,0,0,45.00099651220727,47.68150788611888,0.0,1,0,1,2,10.0,31.9059576753193,0.2,0,10,1.0,0,11,1.1,0,21,2.1
databases,2022-05-26,0,0,0,0,45.00099651220727,47.68150788611888,0.0,0,0,0,0,45.00099651220727,47.68150788611888,0.0,1,0,1,2,10.0,31.9059576753193,0.2,0,11,1.1,0,11,1.1,0,21,2.1
databases,2022-06-02,3,0,1,10,39.13333333333334,57.96353154462058,1.0,3,0,1,10,39.13333333333334,57.96353154462058,1.0,4,0,2,12,34.27777777777778,53.620602566403704,1.2000000000000002,0,1,0.1,0,8,0.8,0,11,1.1
databases,2022-06-09,3,0,1,10,39.13333333333334,57.96353154462058,1.0,3,0,1,10,39.13333333333334,57.96353154462058,1.0,3,0,1,10,39.13333333333334,57.96353154462058,1.0,0,1,0.1,0,9,0.9,0,11,1.1
databases,2022-06-16,3,0,1,10,39.13333333333334,57.96353154462058,1.0,3,0,1,10,39.13333333333334,57.96353154462058,1.0,3,0,1,10,39.13333333333334,57.96353154462058,1.0,0,1,0.1,0,11,1.1,0,11,1.1
databases,2022-06-23,4,0,2,11,36.57575757575758,54.55325366891093,1.1,4,0,2,11,36.57575757575758,54.55325366891093,1.1,4,0,2,11,36.57575757575758,54.55325366891093,1.1,0,0,0.0,0,10,1.0,0,10,1.0
databases,2022-06-30,1,0,1,1,11.0,20.45047491181448,0.1,4,0,2,11,36.57575757575758,54.55325366891093,1.1,4,0,2,11,36.57575757575758,54.55325366891093,1.1,0,7,0.7000000000000001,0,10,1.0,0,10,1.0
databases,2022-07-07,1,0,1,1,11.0,20.45047491181448,0.1,4,0,2,11,36.57575757575758,54.55325366891093,1.1,4,0,2,11,36.57575757575758,54.55325366891093,1.1,0,8,0.8,0,10,1.0,0,10,1.0
databases,2022-07-14,1,0,1,1,11.0,20.45047491181448,0.1,4,0,2,11,36.57575757575758,54.55325366891093,1.1,4,0,2,11,36.57575757575758,54.55325366891093,1.1,0,10,1.0,0,10,1.0,0,10,1.0
databases,2022-07-21,1,0,1,1,11.0,20.45047491181448,0.1,4,0,2,11,36.57575757575758,54.55325366891093,1.1,4,0,2,11,36.57575757575758,54.55325366891093,1.1,0,10,1.0,0,10,1.0,0,10,1.0
databases,2022-07-28,2,0,1,7,52.66666666666667,50.97152083042711,0.7000000000000001,6,0,2,18,42.833333333333336,53.16035756505611,1.8,6,0,2,18,42.833333333333336,53.16035756505611,1.8,0,3,0.30000000000000004,0,3,0.30000000000000004,0,3,0.30000000000000004
databases,2022-08-04,3,0,2,8,47.083333333333336,55.10572686178144,0.8,4,0,3,9,43.074074074074076,51.25514331178511,0.9,7,0,3,19,41.0,54.78587396064588,1.9000000000000001,0,2,0.2,0,2,0.2,0,2,0.2
databases,2022-08-11,4,0,2,10,39.833333333333336,60.72746768175531,1.0,5,0,3,11,37.21212121212122,57.06592288448796,1.1,8,0,3,21,38.12698412698413,57.49335557978921,2.1,0,0,0.0,0,0,0.0,0,3,0.30000000000000004
databases,2022-08-18,4,0,2,10,39.833333333333336,60.72746768175531,1.0,5,0,3,11,37.21212121212122,57.06592288448796,1.1,8,0,3,21,38.126984126984134,57.49335557978921,2.1,0,0,0.0,0,0,0.0,0,3,0.30000000000000004
databases,2022-08-25,4,0,2,10,39.833333333333336,60.72746768175531,1.0,4,0,2,10,39.833333333333336,60.72746768175531,1.0,8,0,3,21,38.126984126984134,57.49335557978921,2.1,0,0,0.0,0,0,0.0,0,3,0.30000000000000004
databases,2022-09-01,2,0,2,3,9.88888888888889,83.49134366818777,0.30000000000000004,4,0,2,10,39.833333333333336,60.72746768175531,1.0,5,0,3,11,37.21212121212122,57.06592288448796,1.1,0,0,0.0,0,0,0.0,0,3,0.30000000000000004
databases,2022-09-08,1,0,1,2,10.833333333333334,83.21443096165078,0.2,4,0,2,10,39.833333333333336,60.72746768175531,1.0,5,0,3,11,37.21212121212122,57.06592288448796,1.1,0,0,0.0,0,3,0.30000000000000004,0,5,0.5
databases,2022-09-15,0,0,0,0,45.00099651220727,47.68150788611888,0.0,4,0,2,10,39.833333333333336,60.72746768175531,1.0,5,0,3,11,37.21212121212122,57.06592288448796,1.1,0,0,0.0,0,3,0.30000000000000004,0,5,0.5
databases,2022-09-22,0,0,0,0,45.00099651220727,47.68150788611888,0.0,4,0,2,10,39.833333333333336,60.72746768175531,1.0,4,0,2,10,39.833333333333336,60.72746768175531,1.0,0,0,0.0,0,3,0.30000000000000004,1,14,6.4
databases,2022-09-29,0,0,0,0,45.00099651220727,47.68150788611888,0.0,2,0,2,3,9.88888888888889,83.49134366818777,0.30000000000000004,4,0,2,10,39.833333333333336,60.72746768175531,1.0,0,0,0.0,0,3,0.30000000000000004,2,20,12.0
databases,2022-10-06,0,0,0,0,45.00099651220727,47.68150788611888,0.0,1,0,1,2,10.833333333333334,83.21443096165078,0.2,4,0,2,10,39.833333333333336,60.72746768175531,1.0,0,0,0.0,0,5,0.5,2,20,12.0
databases,2022-10-13,0,0,0,0,45.00099651220727,47.68150788611888,0.0,0,0,0,0,45.00099651220727,47.68150788611888,0.0,4,0,2,10,39.833333333333336,60.72746768175531,1.0,0,3,0.30000000000000004,0,5,0.5,2,20,12.0
databases,2022-10-20,0,0,0,0,45.00099651220727,47.68150788611888,0.0,0,0,0,0,45.00099651220727,47.68150788611888,0.0,4,0,2,10,39.833333333333336,60.72746768175531,1.0,0,3,0.30000000000000004,1,14,6.4,2,21,12.1
databases,2022-10-27,0,0,0,0,45.00099651220727,47.68150788611888,0.0,0,0,0,0,45.00099651220727,47.68150788611888,0.0,2,0,2,3,9.88888888888889,83.49134366818777,0.30000000000000004,0,3,0.30000000000000004,1,14,6.4,2,21,12.1
databases,2022-11-03,0,0,0,0,45.00099651220727,47.68150788611888,0.0,0,0,0,0,45.00099651220727,47.68150788611888,0.0,1,0,1,2,10.833333333333334,83.21443096165078,0.2,0,5,0.5,2,20,12.0,2,21,12.1
databases,2022-11-10,2,0,1,3,8.88888888888889,88.80962064110052,0.30000000000000004,2,0,1,3,8.88888888888889,88.80962064110052,0.30000000000000004,2,0,1,3,8.88888888888889,88.80962064110052,0.30000000000000004,0,2,0.2,2,17,11.7,2,18,11.8
databases,2022-11-17,2,0,1,3,8.88888888888889,88.80962064110052,0.30000000000000004,2,0,1,3,8.88888888888889,88.80962064110052,0.30000000000000004,2,0,1,3,8.88888888888889,88.80962064110052,0.30000000000000004,1,9,5.9,2,18,11.8,2,18,11.8
databases,2022-11-24,2,0,1,3,8.88888888888889,88.80962064110052,0.30000000000000004,2,0,1,3,8.88888888888889,88.80962064110052,0.30000000000000004,2,0,1,3,8.88888888888889,88.80962064110052,0.30000000000000004,1,11,6.1,2,18,11.8,2,18,11.8
databases,2022-12-01,4,0,3,5,13.6,79.85731715398094,0.5,4,0,3,5,13.6,79.85731715398094,0.5,4,0,3,5,13.6,79.85731715398094,0.5,2,15,11.5,2,16,11.6,2,16,11.6
databases,2022-12-08,2,0,2,2,20.666666666666668,66.42886192330157,0.2,4,0,3,5,13.6,79.85731715398094,0.5,4,0,3,5,13.6,79.85731715398094,0.5,2,15,11.5,2,16,11.6,2,16,11.6
databases,2022-12-15,2,0,2,2,20.666666666666668,66.42886192330157,0.2,4,0,3,5,13.6,79.85731715398094,0.5,4,0,3,5,13.6,79.85731715398094,0.5,2,15,11.5,2,16,11.6,2,16,11.6
databases,2022-12-22,5,1,5,11,13.424242424242424,55.10722450879362,6.1,7,1,6,14,12.452380952380953,62.329166537145106,6.4,7,1,6,14,12.452380952380953,62.329166537145106,6.4,1,7,5.7,1,7,5.7,1,7,5.7
databases,2022-12-29,6,2,6,17,12.686274509803921,46.470878349357505,11.7,8,2,7,20,12.116666666666667,52.821689693118955,12.0,8,2,7,20,12.116666666666667,52.821689693118955,12.0,0,1,0.1,0,1,0.1,0,1,0.1
databases,2023-01-05,4,2,4,15,11.622222222222224,43.80981387283164,11.5,8,2,7,20,12.116666666666669,52.821689693118955,12.0,8,2,7,20,12.116666666666669,52.821689693118955,12.0,0,1,0.1,0,1,0.1,0,1,0.1
databases,2023-01-12,4,2,4,15,11.622222222222224,43.80981387283164,11.5,6,2,6,17,12.686274509803921,46.470878349357505,11.7,8,2,7,20,12.116666666666667,52.821689693118955,12.0,0,1,0.1,0,1,0.1,0,1,0.1
databases,2023-01-19,2,1,2,7,12.666666666666668,35.75061775223561,5.7,7,2,7,18,13.12962962962963,47.579655214576626,11.8,9,2,8,21,12.523809523809527,53.469650275508606,12.1,0,0,0.0,0,0,0.0,0,0,0.0
databases,2023-01-26,2,1,2,7,12.666666666666668,35.75061775223561,5.7,7,2,7,18,13.129629629629628,47.57965521457662,11.8,9,2,8,21,12.523809523809524,53.469650275508606,12.1,0,0,0.0,0,0,0.0,0,0,0.0
databases,2023-02-02,1,0,1,1,20.666666666666668,66.42886192330157,0.1,5,2,5,16,12.1875,45.22350437598601,11.6,9,2,8,21,12.523809523809524,53.469650275508606,12.1,0,0,0.0,0,0,0.0,0,0,0.0
databases,2023-02-09,1,0,1,1,20.666666666666668,66.42886192330157,0.1,5,2,5,16,12.1875,45.22350437598601,11.6,7,2,7,18,13.129629629629628,47.57965521457662,11.8,0,0,0.0,0,0,0.0,0,0,0.0
databases,2023-02-16,0,0,0,0,45.00099651220727,47.68150788611888,0.0,3,1,3,9,12.25925925925926,46.29813179877232,5.9,7,2,7,18,13.12962962962963,47.579655214576626,11.8,0,0,0.0,0,0,0.0,0,0,0.0
databases,2023-02-23,0,0,0,0,45.00099651220727,47.68150788611888,0.0,2,1,2,7,12.666666666666668,35.75061775223561,5.7,7,2,7,18,13.129629629629628,47.57965521457662,11.8,0,0,0.0,0,0,0.0,1,1,5.1
databases,2023-03-02,0,0,0,0,45.00099651220727,47.68150788611888,0.0,1,0,1,1,20.666666666666668,66.42886192330157,0.1,5,2,5,16,12.1875,45.223504375986,11.6,0,0,0.0,0,0,0.0,1,1,5.1
databases,2023-03-09,0,0,0,0,45.00099651220727,47.68150788611888,0.0,1,0,1,1,20.666666666666668,66.42886192330157,0.1,5,2,5,16,12.1875,45.22350437598601,11.6,0,0,0.0,0,0,0.0,1,1,5.1
databases,2023-03-16,0,0,0,0,45.00099651220727,47.68150788611888,0.0,1,0,1,1,20.666666666666668,66.42886192330157,0.1,5,2,5,16,12.1875,45.22350437598601,11.6,0,0,0.0,0,0,0.0,1,1,5.1
databases,2023-03-23,0,0,0,0,45.00099651220727,47.68150788611888,0.0,0,0,0,0,45.00099651220727,47.68150788611888,0.0,2,1,2,7,12.666666666666668,35.75061775223561,5.7,0,0,0.0,0,0,0.0,1,1,5.1
databases,2023-03-30,0,0,0,0,45.00099651220727,47.68150788611888,0.0,0,0,0,0,45.00099651220727,47.68150788611888,0.0,1,0,1,1,20.666666666666668,66.42886192330157,0.1,0,0,0.0,1,1,5.1,1,1,5.1
databases,2023-04-06,0,0,0,0,45.00099651220727,47.68150788611888,0.0,0,0,0,0,45.00099651220727,47.68150788611888,0.0,1,0,1,1,20.666666666666668,66.42886192330157,0.1,0,0,0.0,1,1,5.1,1,1,5.1
databases,2023-04-13,0,0,0,0,45.00099651220727,47.68150788611888,0.0,0,0,0,0,45.00099651220727,47.68150788611888,0.0,1,0,1,1,20.666666666666668,66.42886192330157,0.1,0,0,0.0,1,1,5.1,1,7,5.7
databases,2023-04-20,0,0,0,0,45.00099651220727,47.68150788611888,0.0,0,0,0,0,45.00099651220727,47.68150788611888,0.0,0,0,0,0,45.00099651220727,47.68150788611888,0.0,0,0,0.0,1,1,5.1,1,7,5.7
databases,2023-04-27,0,0,0,0,45.00099651220727,47.68150788611888,0.0,0,0,0,0,45.00099651220727,47.68150788611888,0.0,0,0,0,0,45.00099651220727,47.68150788611888,0.0,1,1,5.1,1,1,5.1,2,10,11.0
databases,2023-05-04,0,0,0,0,45.00099651220727,47.68150788611888,0.0,0,0,0,0,45.00099651220727,47.68150788611888,0.0,0,0,0,0,45.00099651220727,47.68150788611888,0.0,1,1,5.1,1,1,5.1,2,13,11.3
databases,2023-05-11,0,0,0,0,45.00099651220727,47.68150788611888,0.0,0,0,0,0,45.00099651220727,47.68150788611888,0.0,0,0,0,0,45.00099651220727,47.68150788611888,0.0,1,1,5.1,1,1,5.1,2,13,11.3
databases,2023-05-18,0,0,0,0,45.00099651220727,47.68150788611888,0.0,0,0,0,0,45.00099651220727,47.68150788611888,0.0,0,0,0,0,45.00099651220727,47.68150788611888,0.0,1,1,5.1,1,7,5.7,2,13,11.3
databases,2023-05-25,1,1,1,1,20.666666666666668,66.42886192330157,5.1,1,1,1,1,20.666666666666668,66.42886192330157,5.1,1,1,1,1,20.666666666666668,66.42886192330157,5.1,0,0,0.0,0,6,0.6000000000000001,1,12,6.2
databases,2023-06-01,1,1,1,1,20.666666666666668,66.42886192330157,5.1,1,1,1,1,20.666666666666668,66.42886192330157,5.1,1,1,1,1,20.666666666666668,66.42886192330157,5.1,0,0,0.0,1,9,5.9,2,16,11.6
databases,2023-06-08,1,1,1,1,20.666666666666668,66.42886192330157,5.1,1,1,1,1,20.666666666666668,66.42886192330157,5.1,1,1,1,1,20.666666666666668,66.42886192330157,5.1,0,0,0.0,1,12,6.2,2,16,11.6
databases,2023-06-15,1,1,1,1,20.666666666666668,66.42886192330157,5.1,1,1,1,1,20.666666666666668,66.42886192330157,5.1,1,1,1,1,20.666666666666668,66.42886192330157,5.1,0,6,0.6000000000000001,1,12,6.2,3,17,16.7
databases,2023-06-22,1,1,1,1,20.666666666666668,66.42886192330157,5.1,1,1,1,1,20.666666666666668,66.42886192330157,5.1,1,1,1,1,20.666666666666668,66.42886192330157,5.1,0,6,0.6000000000000001,1,12,6.2,3,17,16.7
databases,2023-06-29,0,0,0,0,45.00099651220727,47.68150788611888,0.0,1,1,1,1,20.666666666666668,66.42886192330157,5.1,1,1,1,1,20.666666666666668,66.42886192330157,5.1,1,9,5.9,1,14,6.4,3,17,16.7
databases,2023-07-06,0,0,0,0,45.00099651220727,47.68150788611888,0.0,1,1,1,1,20.666666666666668,66.42886192330157,5.1,1,1,1,1,20.666666666666668,66.42886192330157,5.1,1,12,6.2,2,16,11.6,3,17,16.7
databases,2023-07-13,3,0,2,6,27.555555555555557,43.092278147856604,0.6000000000000001,4,1,2,7,26.571428571428573,46.42607583006303,5.7,4,1,2,7,26.571428571428573,46.42607583006303,5.7,1,6,5.6,3,11,16.1,3,11,16.1
databases,2023-07-20,3,0,2,6,27.555555555555557,43.092278147856604,0.6000000000000001,4,1,2,7,26.571428571428573,46.42607583006303,5.7,4,1,2,7,26.571428571428573,46.42607583006303,5.7,1,6,5.6,3,11,16.1,3,11,16.1
databases,2023-07-27,4,1,3,9,50.77777777777778,39.113673525369414,5.9,4,1,3,9,50.77777777777778,39.113673525369414,5.9,5,2,3,10,47.766666666666666,41.845192365162625,11.0,0,3,0.30000000000000004,2,8,10.8,2,8,10.8
databases,2023-08-03,5,1,4,12,62.555555555555564,38.59916883666714,6.2,5,1,4,12,62.555555555555564,38.59916883666714,6.2,6,2,4,13,59.33333333333334,40.739914458715944,11.3,1,4,5.4,2,5,10.5,2,5,10.5
databases,2023-08-10,5,1,4,12,62.555555555555564,38.59916883666714,6.2,5,1,4,12,62.555555555555564,38.59916883666714,6.2,6,2,4,13,59.333333333333336,40.739914458715944,11.3,2,5,10.5,2,5,10.5,2,5,10.5
databases,2023-08-17,2,1,2,6,97.55555555555556,34.10605952547768,5.6,5,1,4,12,62.555555555555564,38.59916883666714,6.2,6,2,4,13,59.333333333333336,40.739914458715944,11.3,2,5,10.5,2,5,10.5,2,5,10.5
databases,2023-08-24,2,1,2,6,97.55555555555556,34.10605952547768,5.6,5,1,4,12,62.555555555555564,38.59916883666714,6.2,5,1,4,12,62.555555555555564,38.59916883666714,6.2,2,5,10.5,2,5,10.5,2,5,10.5
databases,2023-08-31,4,1,2,7,85.14285714285714,50.08782059490759,5.7,8,2,4,16,65.8125,43.914862868292374,11.6,8,2,4,16,65.8125,43.914862868292374,11.6,1,1,5.1,1,1,5.1,1,3,5.3
databases,2023-09-07,3,1,2,4,75.58333333333333,59.861944963168035,5.4,8,2,4,16,65.8125,43.91486286829237,11.6,8,2,4,16,65.8125,43.91486286829236,11.6,1,1,5.1,1,1,5.1,1,3,5.3
databases,2023-09-14,4,2,3,5,64.60000000000001,61.17532835519474,10.5,6,3,3,11,82.57575757575758,46.41027262989453,16.1,9,3,5,17,63.156862745098046,45.23921575388114,16.7,0,0,0.0,0,0,0.0,0,2,0.2
databases,2023-09-21,4,2,3,5,64.6,61.175328355194736,10.5,6,3,3,11,82.57575757575756,46.41027262989453,16.1,9,3,5,17,63.156862745098046,45.23921575388114,16.7,0,0,0.0,0,0,0.0,0,2,0.2
databases,2023-09-28,3,2,2,3,100.44444444444446,46.48259328422406,10.3,5,2,3,8,77.08333333333334,52.13045076095683,10.8,9,3,5,17,63.156862745098046,45.23921575388114,16.7,0,0,0.0,0,0,0.0,0,2,0.2
databases,2023-10-05,1,1,1,1,20.666666666666668,66.42886192330157,5.1,4,2,3,5,64.6,61.175328355194736,10.5,9,3,5,17,63.15686274509803,45.23921575388114,16.7,0,0,0.0,0,2,0.2,0,2,0.2
databases,2023-10-12,0,0,0,0,45.00099651220727,47.68150788611888,0.0,4,2,3,5,64.60000000000001,61.17532835519474,10.5,6,3,3,11,82.57575757575758,46.41027262989453,16.1,0,0,0.0,0,2,0.2,0,2,0.2
databases,2023-10-19,0,0,0,0,45.00099651220727,47.68150788611888,0.0,4,2,3,5,64.6,61.17532835519474,10.5,6,3,3,11,82.57575757575759,46.41027262989453,16.1,0,0,0.0,0,2,0.2,0,2,0.2
databases,2023-10-26,0,0,0,0,45.00099651220727,47.68150788611888,0.0,4,2,3,5,64.60000000000001,61.17532835519474,10.5,5,2,3,8,77.08333333333334,52.13045076095684,10.8,0,0,0.0,0,2,0.2,0,2,0.2
databases,2023-11-02,0,0,0,0,45.00099651220727,47.68150788611888,0.0,1,1,1,1,20.666666666666668,66.42886192330157,5.1,4,2,3,5,64.6,61.17532835519474,10.5,0,2,0.2,0,2,0.2,0,2,0.2
databases,2023-11-09,0,0,0,0,45.00099651220727,47.68150788611888,0.0,0,0,0,0,45.00099651220727,47.68150788611888,0.0,4,2,3,5,64.60000000000001,61.17532835519474,10.5,0,2,0.2,0,2,0.2,0,2,0.2
databases,2023-11-16,0,0,0,0,45.00099651220727,47.68150788611888,0.0,0,0,0,0,45.00099651220727,47.68150788611888,0.0,4,2,3,5,64.6,61.175328355194736,10.5,0,2,0.2,0,2,0.2,0,2,0.2
databases,2023-11-23,0,0,0,0,45.00099651220727,47.68150788611888,0.0,0,0,0,0,45.00099651220727,47.68150788611888,0.0,4,2,3,5,64.60000000000001,61.17532835519474,10.5,0,2,0.2,0,2,0.2,1,21,7.1
databases,2023-11-30,1,0,1,2,30.5,41.89280226714027,0.2,1,0,1,2,30.5,41.89280226714027,0.2,2,1,2,3,27.222222222222225,50.07148881919403,5.3,0,0,0.0,0,0,0.0,2,26,12.6
pytest,2007-04-24,16,6,1,29,27.489626556016592,62.345470241382735,32.9,44,12,1,105,27.489626556016592,62.34547024138272,70.5,537,136,1,1673,27.489626556016596,62.34547024138271,847.3,0,4,0.4,1,6,5.6,1,8,5.8
pytest,2007-05-01,12,6,1,17,27.489626556016592,62.34547024138272,31.7,43,11,1,103,27.489626556016596,62.34547024138272,65.3,400,93,1,899,27.489626556016592,62.34547024138273,554.9,0,4,0.4,1,6,5.6,2,12,11.2
pytest,2007-05-08,10,6,1,10,27.489626556016596,62.34547024138273,31.0,32,9,1,68,27.489626556016592,62.34547024138272,51.8,267,67,1,522,27.4896265560166,62.34547024138272,387.2,0,4,0.4,1,8,5.8,3,17,16.7
pytest,2007-05-15,11,6,1,11,27.489626556016596,62.34547024138272,31.1,33,9,1,69,27.4896265560166,62.34547024138272,51.9,73,19,1,140,27.489626556016596,62.34547024138272,109.0,1,5,5.5,1,7,5.7,5,29,27.9
pytest,2007-05-22,2,0,1,2,27.489626556016596,62.34547024138272,0.2,18,6,1,31,27.489626556016592,62.34547024138273,33.1,45,12,1,106,27.489626556016592,62.34547024138273,70.6,1,5,5.5,1,7,5.7,5,37,28.7
pytest,2007-05-29,2,0,1,4,27.489626556016596,62.34547024138272,0.4,14,6,1,21,27.489626556016592,62.34547024138272,32.1,45,11,1,107,27.489626556016592,62.34547024138271,65.7,1,2,5.2,2,8,10.8,6,66,36.6
pytest,2007-06-05,2,0,1,4,27.489626556016596,62.34547024138272,0.4,12,6,1,14,27.489626556016596,62.34547024138273,31.4,34,9,1,72,27.489626556016592,62.34547024138273,52.2,1,4,5.4,3,10,16.0,6,66,36.6
pytest,2007-06-12,1,0,1,3,27.4896265560166,62.34547024138272,0.30000000000000004,12,6,1,14,27.489626556016592,62.34547024138273,31.4,34,9,1,72,27.489626556016592,62.34547024138273,52.2,1,4,5.4,5,26,27.6,6,66,36.6
pytest,2007-06-19,2,1,1,5,27.489626556016596,62.34547024138273,5.5,8,2,1,11,27.489626556016596,62.34547024138272,11.1,23,7,1,41,27.489626556016596,62.34547024138271,39.1,0,2,0.2,4,32,23.2,5,67,31.7
pytest,2007-06-26,1,1,1,2,27.489626556016596,62.34547024138272,5.2,3,1,1,6,27.489626556016592,62.34547024138272,5.6,18,7,1,33,27.489626556016596,62.34547024138271,38.3,1,6,5.6,5,34,28.4,6,78,37.8
pytest,2007-07-03,3,1,1,4,27.489626556016596,62.34547024138272,5.4,5,1,1,8,27.489626556016596,62.34547024138272,5.8,15,7,1,18,27.489626556016596,62.34547024138273,36.8,1,4,5.4,5,62,31.2,6,76,37.6
pytest,2007-07-10,3,1,1,4,27.489626556016596,62.34547024138272,5.4,5,1,1,8,27.489626556016596,62.34547024138273,5.8,15,7,1,18,27.4896265560166,62.34547024138273,36.8,4,22,22.2,5,62,31.2,7,77,42.7
pytest,2007-07-17,2,0,1,2,27.489626556016596,62.34547024138272,0.2,4,1,1,7,27.489626556016592,62.34547024138272,5.7,11,3,1,14,27.489626556016596,62.34547024138272,16.4,4,30,23.0,5,62,31.2,7,77,42.7
pytest,2007-07-24,4,1,1,6,27.4896265560166,62.34547024138272,5.6,5,2,1,8,27.489626556016596,62.34547024138272,10.8,7,2,1,12,27.4896265560166,62.34547024138272,11.2,4,28,22.8,5,72,32.2,6,76,37.6
pytest,2007-07-31,4,1,1,6,27.4896265560166,62.34547024138272,5.6,5,2,1,8,27.489626556016596,62.34547024138272,10.8,7,2,1,12,27.4896265560166,62.34547024138272,11.2,4,58,25.8,5,72,32.2,6,76,37.6
pytest,2007-08-07,12,3,1,17,27.489626556016596,62.34547024138272,16.7,15,4,1,21,27.4896265560166,62.34547024138272,22.1,17,4,1,25,27.489626556016596,62.34547024138272,22.5,2,45,14.5,3,59,20.9,4,63,26.3
pytest,2007-08-14,22,4,1,29,27.489626556016592,62.34547024138273,22.9,24,4,1,31,27.489626556016592,62.34547024138273,23.1,26,5,1,36,27.489626556016596,62.34547024138273,28.6,1,33,8.3,3,48,19.8,3,53,20.3
pytest,2007-08-21,24,4,1,31,27.489626556016592,62.34547024138273,23.1,26,4,1,33,27.489626556016596,62.34547024138273,23.3,28,5,1,38,27.489626556016596,62.345470241382735,28.8,2,43,14.3,3,49,19.9,3,51,20.1
pytest,2007-08-28,26,4,1,58,27.489626556016596,62.345470241382735,25.8,30,5,1,64,27.489626556016596,62.34547024138273,31.4,31,6,1,66,27.489626556016592,62.34547024138273,36.6,1,14,6.4,2,18,11.8,2,20,12.0
pytest,2007-09-04,24,3,1,56,27.489626556016596,62.34547024138272,20.6,28,5,1,62,27.489626556016596,62.34547024138273,31.2,31,6,1,66,27.489626556016596,62.34547024138271,36.6,1,14,6.4,2,18,11.8,2,20,12.0
pytest,2007-09-11,11,1,1,40,27.489626556016596,62.34547024138273,9.0,28,5,1,62,27.489626556016596,62.34547024138273,31.2,31,6,1,66,27.489626556016596,62.34547024138271,36.6,2,15,11.5,2,20,12.0,3,21,17.1
pytest,2007-09-18,6,1,1,35,27.4896265560166,62.34547024138272,8.5,29,5,1,65,27.489626556016596,62.34547024138272,31.5,31,5,1,67,27.489626556016596,62.34547024138272,31.7,2,12,11.2,2,17,11.7,3,18,16.8
pytest,2007-09-25,8,1,1,44,27.489626556016596,62.34547024138272,9.4,31,5,1,72,27.489626556016596,62.34547024138273,32.2,35,6,1,78,27.4896265560166,62.345470241382735,37.8,1,4,5.4,1,6,5.6,2,8,10.8
pytest,2007-10-02,5,1,1,14,27.489626556016596,62.34547024138272,6.4,31,5,1,72,27.4896265560166,62.34547024138273,32.2,33,6,1,76,27.489626556016596,62.345470241382735,37.6,1,4,5.4,1,6,5.6,2,8,10.8
pytest,2007-10-09,6,2,1,15,27.4896265560166,62.34547024138272,11.5,17,3,1,55,27.4896265560166,62.34547024138273,20.5,34,7,1,77,27.489626556016596,62.345470241382735,42.7,0,5,0.5,1,6,5.6,1,7,5.7
pytest,2007-10-16,6,2,1,15,27.4896265560166,62.34547024138272,11.5,11,3,1,47,27.489626556016596,62.34547024138274,19.7,34,7,1,77,27.4896265560166,62.34547024138272,42.7,0,5,0.5,1,6,5.6,2,10,11.0
pytest,2007-10-23,2,1,1,4,27.489626556016596,62.34547024138272,5.4,10,2,1,48,27.4896265560166,62.34547024138272,14.8,33,6,1,76,27.489626556016596,62.345470241382735,37.6,0,2,0.2,1,4,5.4,3,9,15.9
pytest,2007-10-30,2,1,1,4,27.489626556016596,62.34547024138272,5.4,7,2,1,18,27.4896265560166,62.34547024138273,11.8,33,6,1,76,27.489626556016596,62.345470241382735,37.6,0,2,0.2,1,4,5.4,5,61,31.1
pytest,2007-11-06,3,1,1,6,27.4896265560166,62.34547024138272,5.6,8,2,1,20,27.4896265560166,62.34547024138273,12.0,24,4,1,65,27.489626556016596,62.345470241382735,26.5,1,1,5.1,1,2,5.2,5,60,31.0
pytest,2007-11-13,2,0,1,5,27.489626556016596,62.34547024138273,0.5,8,2,1,20,27.489626556016596,62.34547024138273,12.0,14,3,1,53,27.489626556016596,62.34547024138273,20.3,1,1,5.1,1,2,5.2,6,73,37.3
pytest,2007-11-20,1,0,1,2,27.489626556016596,62.34547024138272,0.2,4,1,1,8,27.489626556016596,62.34547024138273,5.8,12,3,1,51,27.4896265560166,62.34547024138272,20.1,1,1,5.1,3,7,15.7,6,73,37.3
pytest,2007-11-27,1,0,1,2,27.489626556016596,62.34547024138272,0.2,3,1,1,6,27.489626556016592,62.34547024138272,5.6,8,2,1,20,27.489626556016596,62.34547024138273,12.0,1,2,5.2,5,57,30.7,6,73,37.3
pytest,2007-12-04,1,0,1,2,27.489626556016596,62.34547024138272,0.2,3,1,1,6,27.4896265560166,62.34547024138272,5.6,8,2,1,20,27.489626556016596,62.34547024138273,12.0,1,2,5.2,5,60,31.0,6,84,38.4
pytest,2007-12-11,1,1,1,1,27.489626556016596,62.34547024138272,5.1,3,1,1,6,27.4896265560166,62.34547024138272,5.6,9,3,1,21,27.4896265560166,62.34547024138272,17.1,0,1,0.1,5,72,32.2,5,83,33.3
pytest,2007-12-18,1,1,1,1,27.489626556016596,62.34547024138272,5.1,3,1,1,6,27.489626556016592,62.34547024138272,5.6,8,3,1,18,27.4896265560166,62.34547024138273,16.8,2,5,10.5,5,72,32.2,5,85,33.5
pytest,2007-12-25,2,1,1,2,27.489626556016596,62.34547024138272,5.2,3,1,1,4,27.489626556016596,62.34547024138272,5.4,5,2,1,8,27.489626556016596,62.34547024138272,10.8,2,5,10.5,5,71,32.1,5,85,33.5
pytest,2008-01-01,2,1,1,2,27.489626556016596,62.34547024138272,5.2,3,1,1,4,27.489626556016596,62.34547024138272,5.4,5,2,1,8,27.489626556016596,62.34547024138273,10.8,4,58,25.8,5,82,33.2,5,85,33.5
pytest,2008-01-08,1,0,1,1,27.489626556016596,62.34547024138272,0.1,2,1,1,2,27.489626556016596,62.34547024138272,5.2,4,1,1,7,27.489626556016592,62.34547024138272,5.7,5,60,31.0,5,82,33.2,5,85,33.5
pytest,2008-01-15,4,2,1,5,27.489626556016596,62.34547024138273,10.5,5,3,1,6,27.489626556016592,62.34547024138272,15.6,7,3,1,11,27.489626556016596,62.34547024138272,16.1,3,67,21.7,3,80,23.0,3,81,23.1
pytest,2008-01-22,4,2,1,5,27.489626556016596,62.34547024138273,10.5,6,3,1,7,27.489626556016592,62.34547024138272,15.7,7,3,1,9,27.489626556016596,62.34547024138273,15.9,3,66,21.6,3,80,23.0,3,80,23.0
pytest,2008-01-29,12,4,1,57,27.489626556016596,62.34547024138272,25.7,14,5,1,59,27.489626556016596,62.34547024138272,30.9,15,5,1,61,27.489626556016596,62.34547024138273,31.1,1,14,6.4,1,28,7.800000000000001,1,28,7.800000000000001
pytest,2008-02-05,15,5,1,60,27.4896265560166,62.34547024138273,31.0,16,5,1,61,27.489626556016596,62.34547024138273,31.1,17,6,1,62,27.489626556016596,62.34547024138273,36.2,0,22,2.2,0,25,2.5,0,25,2.5
pytest,2008-02-12,16,5,1,71,27.489626556016596,62.34547024138273,32.1,17,5,1,72,27.4896265560166,62.34547024138273,32.2,18,6,1,73,27.4896265560166,62.34547024138271,37.3,0,11,1.1,0,14,1.4000000000000001,1,18,6.8
pytest,2008-02-19,12,3,1,66,27.489626556016596,62.34547024138271,21.6,17,5,1,72,27.489626556016596,62.34547024138273,32.2,18,6,1,73,27.489626556016596,62.34547024138273,37.3,0,14,1.4000000000000001,0,14,1.4000000000000001,1,18,6.8
pytest,2008-02-26,6,1,1,16,27.489626556016596,62.34547024138273,6.6,16,5,1,71,27.4896265560166,62.34547024138273,32.1,18,6,1,73,27.489626556016596,62.34547024138271,37.3,0,14,1.4000000000000001,0,14,1.4000000000000001,1,19,6.9
pytest,2008-03-04,5,1,1,24,27.4896265560166,62.34547024138272,7.4,18,5,1,82,27.489626556016596,62.34547024138273,33.2,20,6,1,84,27.4896265560166,62.34547024138272,38.4,0,3,0.30000000000000004,0,3,0.30000000000000004,1,8,5.8
pytest,2008-03-11,2,0,1,11,27.489626556016596,62.34547024138272,1.1,18,5,1,82,27.489626556016596,62.34547024138271,33.2,19,5,1,83,27.4896265560166,62.34547024138273,33.3,0,3,0.30000000000000004,1,7,5.7,1,8,5.8
pytest,2008-03-18,5,0,1,14,27.489626556016596,62.34547024138272,1.4000000000000001,18,3,1,81,27.4896265560166,62.34547024138273,23.1,22,5,1,86,27.489626556016596,62.34547024138272,33.6,0,0,0.0,1,4,5.4,1,5,5.5
pytest,2008-03-25,5,0,1,14,27.489626556016596,62.34547024138272,1.4000000000000001,17,3,1,80,27.489626556016596,62.34547024138273,23.0,21,5,1,85,27.489626556016596,62.34547024138272,33.5,0,0,0.0,1,5,5.5,1,5,5.5
pytest,2008-04-01,3,0,1,3,27.4896265560166,62.34547024138272,0.30000000000000004,8,1,1,27,27.4896265560166,62.34547024138272,7.7,21,5,1,85,27.489626556016596,62.34547024138272,33.5,0,0,0.0,1,5,5.5,1,5,5.5
pytest,2008-04-08,3,0,1,3,27.4896265560166,62.34547024138272,0.30000000000000004,6,0,1,25,27.489626556016596,62.34547024138272,2.5,21,5,1,85,27.489626556016596,62.34547024138273,33.5,0,0,0.0,1,5,5.5,2,14,11.4
pytest,2008-04-15,1,0,1,1,27.489626556016596,62.34547024138272,0.1,5,0,1,14,27.489626556016596,62.34547024138272,1.4000000000000001,18,3,1,81,27.489626556016592,62.34547024138273,23.1,1,4,5.4,1,5,5.5,3,18,16.8
pytest,2008-04-22,0,0,0,0,39.031921792614305,52.27286909059944,0.0,5,0,1,14,27.489626556016596,62.34547024138272,1.4000000000000001,17,3,1,80,27.489626556016596,62.34547024138273,23.0,1,5,5.5,1,5,5.5,3,24,17.4
pytest,2008-04-29,0,0,0,0,39.031921792614305,52.27286909059944,0.0,5,0,1,14,27.489626556016596,62.34547024138272,1.4000000000000001,9,1,1,28,27.489626556016592,62.34547024138272,7.800000000000001,1,5,5.5,1,5,5.5,6,30,33.0
pytest,2008-05-06,0,0,0,0,39.031921792614305,52.27286909059944,0.0,3,0,1,3,27.4896265560166,62.34547024138272,0.30000000000000004,6,0,1,25,27.489626556016596,62.34547024138273,2.5,1,5,5.5,2,14,11.4,6,32,33.2
pytest,2008-05-13,2,1,1,4,27.489626556016596,62.34547024138272,5.4,5,1,1,7,27.489626556016596,62.34547024138272,5.7,7,1,1,18,27.4896265560166,62.34547024138273,6.8,0,1,0.1,1,10,6.0,5,28,27.8
pytest,2008-05-20,2,1,1,4,27.489626556016596,62.34547024138272,5.4,2,1,1,4,27.489626556016596,62.34547024138272,5.4,7,1,1,18,27.489626556016596,62.34547024138273,6.8,0,1,0.1,2,20,12.0,8,470,87.0
pytest,2008-05-27,3,1,1,5,27.489626556016596,62.34547024138273,5.5,3,1,1,5,27.489626556016596,62.34547024138273,5.5,8,1,1,19,27.489626556016596,62.34547024138272,6.9,0,0,0.0,5,25,27.5,17,579,142.9
pytest,2008-06-03,3,1,1,5,27.489626556016596,62.34547024138273,5.5,3,1,1,5,27.489626556016596,62.34547024138273,5.5,6,1,1,8,27.489626556016596,62.34547024138272,5.8,0,1,0.1,5,27,27.7,17,586,143.6
pytest,2008-06-10,1,0,1,1,27.489626556016596,62.34547024138272,0.1,3,1,1,5,27.489626556016596,62.34547024138273,5.5,6,1,1,8,27.489626556016596,62.34547024138272,5.8,1,9,5.9,5,27,27.7,22,673,177.3
pytest,2008-06-17,1,0,1,1,27.489626556016596,62.34547024138272,0.1,3,1,1,5,27.489626556016596,62.34547024138273,5.5,3,1,1,5,27.489626556016596,62.34547024138273,5.5,2,15,11.5,7,407,75.7,27,723,207.3
pytest,2008-06-24,0,0,0,0,39.031921792614305,52.27286909059944,0.0,3,1,1,5,27.489626556016596,62.34547024138273,5.5,3,1,1,5,27.489626556016596,62.34547024138273,5.5,5,25,27.5,17,578,142.8,29,780,223.0
pytest,2008-07-01,0,0,0,0,39.031921792614305,52.27286909059944,0.0,3,1,1,5,27.489626556016596,62.34547024138273,5.5,3,1,1,5,27.489626556016596,62.34547024138273,5.5,5,27,27.7,17,580,143.0,29,792,224.2
pytest,2008-07-08,5,1,1,9,27.489626556016596,62.34547024138273,5.9,8,2,1,14,27.489626556016596,62.34547024138272,11.4,8,2,1,14,27.4896265560166,62.34547024138272,11.4,4,18,21.8,19,658,160.8,30,791,229.10000000000002
pytest,2008-07-15,9,2,1,13,27.489626556016596,62.34547024138272,11.3,10,2,1,14,27.489626556016592,62.34547024138272,11.4,12,3,1,18,27.489626556016592,62.34547024138273,16.8,4,15,21.5,25,710,196.0,29,792,224.2
pytest,2008-07-22,17,3,1,23,27.489626556016596,62.34547024138272,17.3,17,3,1,23,27.489626556016596,62.34547024138272,17.3,20,4,1,28,27.489626556016596,62.34547024138272,22.8,14,536,123.6,24,707,190.7,29,783,223.3
pytest,2008-07-29,20,5,1,27,27.4896265560166,62.34547024138273,27.7,20,5,1,27,27.489626556016592,62.34547024138272,27.7,23,6,1,32,27.4896265560166,62.34547024138272,33.2,12,552,115.2,24,765,196.5,27,780,213.0
pytest,2008-08-05,15,4,1,18,27.489626556016596,62.34547024138273,21.8,20,5,1,27,27.489626556016592,62.34547024138273,27.7,23,6,1,32,27.489626556016596,62.34547024138273,33.2,15,634,138.4,26,769,206.9,28,784,218.4
pytest,2008-08-12,15,4,1,18,27.489626556016596,62.34547024138273,21.8,20,5,1,27,27.489626556016592,62.34547024138273,27.7,21,5,1,28,27.489626556016592,62.34547024138272,27.8,20,677,167.7,26,778,207.8,29,785,223.5
pytest,2008-08-19,28,10,1,461,27.489626556016596,62.34547024138272,96.1,42,12,1,480,27.489626556016596,62.34547024138272,108.0,43,12,1,481,27.489626556016596,62.34547024138271,108.1,15,250,100.0,19,325,127.5,22,333,143.3
pytest,2008-08-26,45,12,1,554,27.4896265560166,62.34547024138271,115.4,64,17,1,579,27.489626556016596,62.34547024138271,142.9,64,17,1,579,27.489626556016596,62.34547024138271,142.9,12,213,81.3,15,228,97.8,17,234,108.4
pytest,2008-09-02,55,15,1,630,27.489626556016596,62.34547024138272,138.0,74,20,1,656,27.489626556016592,62.34547024138271,165.60000000000002,75,20,1,657,27.489626556016592,62.34547024138272,165.7,11,139,68.9,13,154,80.4,14,169,86.9
pytest,2008-09-09,73,20,1,670,27.489626556016592,62.34547024138273,167.0,88,24,1,688,27.48962655601659,62.34547024138271,188.8,93,25,1,697,27.489626556016592,62.34547024138272,194.7,6,107,40.7,9,115,56.5,10,131,63.1
pytest,2008-09-16,79,20,1,316,27.489626556016596,62.34547024138272,131.6,96,25,1,708,27.48962655601659,62.34547024138272,195.8,107,27,1,723,27.489626556016596,62.34547024138273,207.3,4,82,28.200000000000003,7,90,44.0,8,105,50.5
pytest,2008-09-23,69,12,1,214,27.489626556016596,62.34547024138271,81.4,113,24,1,767,27.4896265560166,62.34547024138271,196.7,132,29,1,792,27.489626556016603,62.345470241382706,224.2,3,15,16.5,5,21,27.1,6,36,33.6
pytest,2008-09-30,67,12,1,212,27.489626556016596,62.34547024138273,81.2,112,24,1,765,27.489626556016592,62.34547024138272,196.5,132,29,1,792,27.4896265560166,62.34547024138271,224.2,4,16,21.6,5,34,28.4,6,36,33.6
pytest,2008-10-07,59,11,1,137,27.489626556016596,62.34547024138273,68.7,118,26,1,777,27.489626556016596,62.34547024138271,207.7,133,30,1,795,27.489626556016592,62.345470241382706,229.5,3,8,15.8,4,24,22.4,4,24,22.4
pytest,2008-10-14,32,4,1,82,27.489626556016596,62.34547024138273,28.200000000000003,118,25,1,777,27.489626556016596,62.34547024138272,202.7,130,29,1,792,27.4896265560166,62.34547024138271,224.2,3,8,15.8,4,23,22.3,4,23,22.3
pytest,2008-10-21,29,5,1,76,27.489626556016596,62.34547024138272,32.6,81,15,1,247,27.489626556016592,62.34547024138272,99.7,123,29,1,783,27.489626556016596,62.34547024138272,223.3,2,7,10.7,3,22,17.2,3,26,17.6
pytest,2008-10-28,10,4,1,16,27.489626556016596,62.34547024138272,21.6,78,16,1,229,27.489626556016596,62.34547024138273,102.9,122,28,1,781,27.489626556016596,62.34547024138273,218.10000000000002,1,18,6.8,2,20,12.0,2,25,12.5
pytest,2008-11-04,8,2,1,15,27.4896265560166,62.34547024138272,11.5,67,13,1,150,27.489626556016592,62.34547024138272,80.0,123,28,1,784,27.489626556016596,62.34547024138271,218.4,2,17,11.7,2,17,11.7,2,22,12.2
pytest,2008-11-11,6,3,1,8,27.489626556016596,62.34547024138272,15.8,49,9,1,109,27.489626556016596,62.34547024138273,55.9,125,29,1,786,27.489626556016596,62.34547024138272,223.60000000000002,1,15,6.5,1,15,6.5,1,20,7.0
pytest,2008-11-18,6,3,1,8,27.489626556016596,62.34547024138273,15.8,34,7,1,83,27.4896265560166,62.34547024138272,43.3,103,22,1,333,27.489626556016596,62.34547024138272,143.3,1,15,6.5,1,19,6.9,1,25,7.5
pytest,2008-11-25,9,2,1,19,27.489626556016596,62.34547024138272,11.9,18,5,1,34,27.489626556016596,62.34547024138272,28.4,86,17,1,247,27.489626556016592,62.34547024138273,109.7,1,2,5.2,1,7,5.7,1,19,6.9
pytest,2008-12-02,8,2,1,17,27.489626556016592,62.34547024138272,11.7,16,4,1,32,27.4896265560166,62.34547024138272,23.2,76,15,1,171,27.489626556016596,62.34547024138273,92.1,0,0,0.0,0,5,0.5,3,187,33.7
pytest,2008-12-09,7,1,1,16,27.489626556016596,62.34547024138272,6.6,13,4,1,24,27.4896265560166,62.34547024138272,22.4,58,10,1,131,27.489626556016596,62.34547024138272,63.1,0,0,0.0,0,5,0.5,8,313,71.3
pytest,2008-12-16,6,1,1,15,27.489626556016596,62.34547024138272,6.5,12,4,1,23,27.489626556016596,62.34547024138272,22.3,44,8,1,105,27.489626556016592,62.34547024138271,50.5,0,4,0.4,0,6,0.6000000000000001,10,345,84.5
pytest,2008-12-23,6,1,1,15,27.489626556016596,62.34547024138272,6.5,10,3,1,21,27.4896265560166,62.34547024138272,17.1,19,6,1,36,27.489626556016596,62.34547024138273,33.6,0,4,0.4,0,17,1.7000000000000002,33,758,240.8
pytest,2008-12-30,1,1,1,2,27.489626556016596,62.34547024138272,5.2,9,2,1,20,27.489626556016596,62.345470241382735,12.0,19,6,1,36,27.489626556016596,62.34547024138273,33.6,0,5,0.5,2,156,25.6,37,845,269.5
pytest,2009-01-06,0,0,0,0,39.031921792614305,52.27286909059944,0.0,7,1,1,16,27.489626556016596,62.34547024138272,6.6,13,4,1,24,27.4896265560166,62.34547024138272,22.4,0,5,0.5,7,311,66.1,52,1319,391.9
pytest,2009-01-13,0,0,0,0,39.031921792614305,52.27286909059944,0.0,6,1,1,15,27.489626556016596,62.34547024138272,6.5,12,4,1,23,27.489626556016596,62.34547024138273,22.3,0,5,0.5,8,320,72.0,57,1620,447.0
pytest,2009-01-20,4,0,1,4,27.489626556016596,62.34547024138272,0.4,10,1,1,19,27.489626556016596,62.34547024138272,6.9,15,3,1,26,27.489626556016596,62.34547024138272,17.6,0,13,1.3,26,664,196.4,65,1684,493.4
pytest,2009-01-27,5,0,1,5,27.489626556016596,62.34547024138273,0.5,6,1,1,7,27.489626556016596,62.34547024138272,5.7,14,2,1,25,27.489626556016592,62.34547024138273,12.5,0,12,1.2000000000000002,37,836,268.6,65,1683,493.3
pytest,2009-02-03,5,0,1,5,27.489626556016596,62.34547024138273,0.5,5,0,1,5,27.489626556016596,62.34547024138273,0.5,13,2,1,22,27.489626556016596,62.34547024138272,12.2,6,300,60.0,51,1303,385.3,68,1695,509.5
pytest,2009-02-10,5,0,1,5,27.489626556016596,62.34547024138273,0.5,5,0,1,5,27.489626556016596,62.34547024138273,0.5,11,1,1,20,27.489626556016596,62.34547024138273,7.0,8,315,71.5,55,1545,429.5,74,1794,549.4
pytest,2009-02-17,6,0,1,13,27.489626556016596,62.34547024138272,1.3,10,0,1,17,27.489626556016592,62.34547024138272,1.7000000000000002,16,1,1,32,27.489626556016596,62.34547024138272,8.2,21,481,153.1,65,1671,492.1,78,1888,578.8
pytest,2009-02-24,5,0,1,12,27.489626556016592,62.34547024138272,1.2000000000000002,10,0,1,17,27.489626556016592,62.34547024138272,1.7000000000000002,11,1,1,19,27.489626556016596,62.34547024138272,6.9,37,824,267.4,65,1671,492.1,85,2063,631.3
pytest,2009-03-03,23,4,1,268,27.489626556016596,62.34547024138272,46.8,28,4,1,273,27.489626556016596,62.34547024138271,47.3,28,4,1,273,27.489626556016596,62.34547024138272,47.3,42,935,303.5,64,1427,462.70000000000005,81,1807,585.7
pytest,2009-03-10,35,8,1,309,27.4896265560166,62.34547024138273,70.9,40,8,1,314,27.489626556016596,62.34547024138273,71.4,40,8,1,314,27.489626556016596,62.34547024138273,71.4,46,1233,353.3,65,1463,471.3,79,1794,574.4
pytest,2009-03-17,62,14,1,411,27.489626556016596,62.34547024138272,111.1,64,14,1,413,27.489626556016596,62.34547024138272,111.30000000000001,68,14,1,417,27.489626556016596,62.34547024138271,111.7,46,1258,355.8,63,1443,459.3,76,1754,555.4
pytest,2009-03-24,150,35,1,750,27.48962655601659,62.34547024138272,250.0,156,35,1,763,27.48962655601659,62.34547024138272,251.3,160,35,1,767,27.48962655601659,62.34547024138271,251.7,30,921,242.10000000000002,49,1308,375.8,59,1449,439.9
pytest,2009-03-31,164,37,1,696,27.489626556016592,62.34547024138272,254.60000000000002,174,39,1,847,27.489626556016596,62.34547024138272,279.7,179,39,1,852,27.489626556016592,62.34547024138272,280.2,29,848,229.8,46,1228,352.8,62,1432,453.20000000000005
pytest,2009-04-07,195,45,1,1058,27.489626556016592,62.34547024138273,330.8,227,52,1,1364,27.489626556016596,62.34547024138271,396.4,232,52,1,1369,27.489626556016596,62.34547024138272,396.9,21,406,145.6,35,714,246.4,52,934,353.4
pytest,2009-04-14,253,52,2,1348,27.489626556016592,62.345470241382735,394.8,290,60,2,1663,27.489626556016596,62.34547024138273,466.3,295,60,2,1668,27.489626556016596,62.34547024138273,466.8,17,192,104.2,30,483,198.3,48,677,307.7
pytest,2009-04-21,177,39,3,1020,27.489626556016592,62.34547024138272,297.0,296,65,3,1671,27.489626556016596,62.34547024138271,492.1,302,65,3,1684,27.489626556016592,62.34547024138271,493.4,19,320,127.0,29,528,197.8,44,754,295.4
pytest,2009-04-28,141,31,3,859,27.489626556016592,62.34547024138271,240.9,304,68,3,1683,27.4896265560166,62.34547024138271,508.3,309,68,3,1695,27.489626556016596,62.34547024138272,509.5,17,380,123.0,32,569,216.9,43,835,298.5
pytest,2009-05-05,97,17,3,407,27.489626556016596,62.34547024138272,125.7,282,62,3,1410,27.489626556016596,62.34547024138272,451.0,312,68,3,1710,27.489626556016596,62.34547024138272,511.0,19,367,131.7,35,583,233.3,46,945,324.5
pytest,2009-05-12,88,21,4,299,27.489626556016592,62.34547024138271,134.9,307,68,4,1529,27.489626556016596,62.34547024138272,492.9,344,76,4,1844,27.489626556016592,62.34547024138272,564.4,14,302,100.2,32,496,209.6,43,909,305.9
pytest,2009-05-19,58,14,2,247,27.489626556016596,62.34547024138272,94.7,275,58,4,1437,27.4896265560166,62.34547024138271,433.70000000000005,354,79,4,1918,27.489626556016596,62.34547024138271,586.8,14,269,96.9,30,439,193.9,43,853,300.3
pytest,2009-05-26,81,20,2,392,27.489626556016596,62.34547024138273,139.2,214,48,4,1239,27.489626556016592,62.34547024138271,363.9,377,85,4,2063,27.489626556016596,62.34547024138272,631.3,15,181,93.1,26,452,175.2,41,900,295.0
pytest,2009-06-02,73,17,2,380,27.4896265560166,62.34547024138272,123.0,184,39,4,872,27.489626556016596,62.34547024138272,282.2,359,81,4,1807,27.489626556016596,62.34547024138272,585.7,17,212,106.2,29,542,199.2,60,1299,429.9
pytest,2009-06-09,66,17,3,347,27.489626556016592,62.34547024138273,119.7,137,36,5,577,27.489626556016596,62.34547024138272,237.7,355,82,5,1810,27.489626556016596,62.34547024138272,591.0,18,219,111.9,28,603,200.3,71,1597,514.7
pytest,2009-06-16,49,13,3,311,27.489626556016592,62.345470241382706,96.1,104,30,4,496,27.4896265560166,62.34547024138272,199.6,334,76,5,1754,27.489626556016596,62.34547024138272,555.4,18,191,109.1,30,610,211.0,74,1585,528.5
pytest,2009-06-23,28,11,2,153,27.489626556016596,62.34547024138271,70.3,107,30,3,540,27.489626556016596,62.34547024138271,204.0,253,60,5,1461,27.489626556016596,62.34547024138271,446.1,15,288,103.8,31,752,230.2,69,1530,498.0
pytest,2009-06-30,50,16,2,209,27.489626556016596,62.345470241382735,100.9,123,33,3,589,27.489626556016596,62.34547024138274,223.9,258,62,5,1437,27.489626556016592,62.34547024138271,453.70000000000005,11,260,81.0,43,1068,321.8,66,1493,479.3
pytest,2009-07-07,53,17,2,220,27.489626556016596,62.34547024138272,107.0,116,31,3,528,27.489626556016592,62.34547024138271,207.8,211,52,5,934,27.489626556016596,62.34547024138272,353.4,14,424,112.4,54,1249,394.9,67,1750,510.0
pytest,2009-07-14,58,18,1,211,27.489626556016592,62.34547024138272,111.1,105,31,3,502,27.489626556016596,62.34547024138271,205.2,163,48,5,694,27.4896265560166,62.34547024138272,309.4,11,413,96.30000000000001,56,1394,419.4,64,1700,490.0
pytest,2009-07-21,57,15,1,226,27.4896265560166,62.34547024138272,97.6,88,25,2,434,27.489626556016596,62.34547024138273,168.4,160,44,3,754,27.489626556016596,62.34547024138272,295.4,16,517,131.7,55,1316,406.6,67,1693,504.3
pytest,2009-07-28,52,11,1,273,27.489626556016603,62.34547024138272,82.3,96,26,2,462,27.489626556016596,62.34547024138272,176.2,169,43,3,842,27.489626556016592,62.345470241382735,299.2,19,618,156.8,56,1236,403.6,66,1631,493.1
pytest,2009-08-04,63,13,1,400,27.489626556016592,62.34547024138272,105.0,116,29,2,616,27.489626556016596,62.345470241382735,206.6,188,48,3,983,27.489626556016603,62.34547024138273,338.3,35,756,250.60000000000002,55,1354,410.4,73,1641,529.1
pytest,2009-08-11,62,11,1,427,27.489626556016596,62.34547024138272,97.7,116,29,1,621,27.4896265560166,62.34547024138272,207.1,167,43,3,923,27.489626556016596,62.34547024138271,307.3,44,970,317.0,53,1286,393.6,72,1770,537.0
pytest,2009-08-18,63,14,2,467,27.4896265560166,62.345470241382706,116.7,117,30,2,637,27.4896265560166,62.34547024138271,213.7,160,44,4,906,27.489626556016592,62.34547024138271,310.6,41,917,296.7,53,1293,394.3,70,1720,522.0
pytest,2009-08-25,67,15,2,514,27.4896265560166,62.34547024138272,126.4,119,26,2,785,27.4896265560166,62.34547024138272,208.5,161,41,3,966,27.489626556016596,62.34547024138272,301.6,41,725,277.5,51,1127,367.7,72,1549,514.9
pytest,2009-09-01,114,32,3,801,27.489626556016596,62.34547024138272,240.10000000000002,166,44,3,1131,27.4896265560166,62.34547024138273,333.1,220,61,4,1343,27.4896265560166,62.34547024138273,439.3,24,370,157.0,42,903,300.3,55,1188,393.8
pytest,2009-09-08,125,43,3,999,27.721900323560067,62.190629228222804,314.9,182,53,3,1383,27.657407824111992,62.233621960727056,403.3,240,71,3,1602,27.634471433529665,62.24891208149086,515.2,10,328,82.80000000000001,30,816,231.60000000000002,45,894,314.4
pytest,2009-09-15,124,44,4,975,27.822500265985745,62.139797805265914,317.5,186,56,4,1394,27.722447120736764,62.20161756906286,419.4,242,74,4,1585,27.69439114101339,62.21895249676828,528.5,12,354,95.4,29,805,225.5,43,867,301.7
pytest,2009-09-22,104,40,5,785,27.903068425086555,62.09001721563255,278.5,168,56,5,1249,27.749475929291147,62.1849172988576,404.9,234,71,5,1537,27.70078587105883,62.215001389584486,508.70000000000005,11,401,95.1,31,819,236.9,43,863,301.3
pytest,2009-09-29,61,23,5,425,28.253278008298757,61.873633476173566,157.5,176,55,5,1233,27.752847859520177,62.18283388678915,398.3,224,66,5,1493,27.707008918521566,62.21115635979271,479.3,21,544,159.4,34,829,252.9,50,895,339.5
pytest,2009-10-06,44,13,5,501,28.547676431369627,61.68285811974295,115.1,161,53,5,1326,27.88938748177215,62.09511679270887,397.6,228,67,5,1750,27.79253112033195,62.15577385684471,510.0,20,489,148.9,30,558,205.8,62,889,398.9
pytest,2009-10-13,32,8,4,306,28.161296883898782,61.915934137697654,70.6,159,53,5,1287,27.90150144921929,62.087530324567254,393.70000000000005,218,64,5,1700,27.801440078105927,62.15019455141712,490.0,21,499,154.9,35,561,231.1,65,933,418.3
pytest,2009-10-20,41,13,3,379,28.276015721652307,61.87770638704299,102.9,147,52,5,1178,28.01814384039338,62.02474602575569,377.8,220,68,5,1695,27.856938273418276,62.12257164196759,509.5,18,440,134.0,31,489,203.9,68,1159,455.9
pytest,2009-10-27,49,14,3,436,28.630848148007153,61.59954921914269,113.6,147,51,5,1054,28.269630807750755,61.846654120974236,360.4,223,70,5,1672,27.981327800829874,62.03102515112522,517.2,19,394,134.4,36,458,225.8,67,1095,444.5
pytest,2009-11-03,51,18,3,287,28.507192736420546,61.670266346020284,118.7,104,38,5,885,28.418580772206205,61.75139996916741,278.5,216,73,5,1641,27.99061648979344,62.025084994027125,529.1,12,272,87.2,41,553,260.3,61,984,403.4
pytest,2009-11-10,51,19,3,484,28.51766914714859,61.67352485771195,143.4,86,28,5,800,28.48414419087137,61.71734015826846,220.0,209,72,5,1770,28.0702229411351,61.97417632124816,537.0,15,78,82.8,42,400,250.0,65,814,406.4
pytest,2009-11-17,45,17,3,428,28.436033660371503,61.69271997822961,127.80000000000001,84,29,3,804,28.364133688404447,61.77748564757141,225.4,205,70,5,1721,28.086753576155903,61.963604908065946,522.1,15,64,81.4,49,696,314.6,65,808,405.8
pytest,2009-11-24,49,22,2,434,28.422949691186872,61.70174417541606,153.4,92,32,3,836,28.330659731183854,61.7992266846551,243.60000000000002,196,73,5,1561,28.14795813939888,61.92446432297261,521.1,14,56,75.6,49,702,315.2,59,763,371.3
pytest,2009-12-01,27,13,1,285,28.210788381742734,61.884284109005044,93.5,81,31,3,818,28.349166573669205,61.78720665528945,236.8,139,55,5,1188,28.35465652374366,61.792279804818605,393.8,27,244,159.4,49,712,316.2,57,759,360.9
pytest,2009-12-08,28,15,2,78,27.489626556016592,62.345470241382735,82.8,81,35,3,566,28.368730114511088,61.770873835558234,231.6,118,45,5,894,28.379575222553303,61.78338515582186,314.4,27,322,167.2,47,723,307.3,53,751,340.1
pytest,2009-12-15,26,14,2,62,27.489626556016592,62.34547024138272,76.2,74,31,3,513,28.279221567057334,61.80087547992163,206.3,110,43,4,867,28.30058818743509,61.81875788449195,301.7,33,616,226.6,51,747,329.7,52,749,334.9
pytest,2009-12-22,20,12,2,44,27.489626556016596,62.34547024138272,64.4,66,32,3,462,28.366384652691707,61.740757876383725,206.2,110,43,3,863,28.304346989898214,61.816316575769406,301.3,39,681,263.1,49,742,319.2,50,744,324.4
pytest,2009-12-29,39,20,3,145,28.72425239662326,61.59933283925512,114.5,66,33,3,430,28.38393322396989,61.78819589013589,208.0,124,54,4,974,28.395298508098524,61.76554258559957,367.4,29,567,201.7,37,614,246.4,38,616,251.6
pytest,2010-01-05,77,32,3,331,28.03047473392586,62.01861246703679,193.1,98,42,3,400,27.93717842323651,62.07499543311147,250.0,152,62,4,889,28.250698953087294,61.85794325712496,398.9,19,393,134.3,26,429,172.9,26,430,173.0
pytest,2010-01-12,84,32,4,395,28.16185724040128,61.913735067838715,199.5,110,46,4,457,28.070657453898324,61.972307454621486,275.7,162,67,4,956,28.28785221965659,61.82689601622943,430.6,19,352,130.2,20,354,135.4,20,359,135.9
pytest,2010-01-19,108,38,4,673,28.984795891314658,60.87440595793638,257.3,130,51,4,722,28.883323180193326,60.97424273063566,327.2,177,69,4,1162,28.704180087272622,61.25304048631481,461.2,12,71,67.1,13,73,72.3,15,82,83.2
pytest,2010-01-26,95,31,3,637,29.069295257202782,60.79126888697239,218.7,121,48,4,701,28.925074434269952,60.93316458837363,310.1,160,67,4,1095,28.5962750336308,61.32130192130325,444.5,10,61,56.1,11,63,61.3,20,129,112.9
pytest,2010-02-02,58,21,2,432,29.404506685108345,60.30418241857976,148.2,126,50,4,713,28.900915423696265,60.95693410848036,321.3,151,62,4,985,28.71986014280599,61.206927794187784,408.5,8,47,44.7,8,48,44.8,29,239,168.9
pytest,2010-02-09,64,24,2,416,29.47815592084264,60.22567134847195,161.6,134,51,4,738,28.853107535224726,61.003971240353735,328.8,162,66,4,816,28.722774794565126,61.132202762510936,411.6,2,14,11.4,2,14,11.4,29,236,168.6
pytest,2010-02-16,40,16,1,112,30.061425607587434,60.442363988698226,91.2,134,50,4,744,28.84211172087628,61.01478978068463,324.4,160,65,4,808,28.734984183065613,61.120190213215174,405.8,1,2,5.2,3,10,16.0,35,253,200.3
pytest,2010-02-23,23,10,1,61,27.489626556016596,62.34547024138272,56.1,122,45,3,707,28.91289241550118,60.94515020919124,295.7,145,59,4,763,28.808432535905986,61.047925991370434,371.3,1,2,5.2,10,67,56.7,48,319,271.9
pytest,2010-03-02,18,8,1,47,27.489626556016596,62.34547024138272,44.7,84,30,2,515,29.095894936147932,60.63316666963345,201.5,143,57,4,759,28.815382765049012,61.04108781350475,360.9,1,2,5.2,21,172,122.2,53,350,300.0
pytest,2010-03-09,12,6,2,29,27.489626556016596,62.345470241382735,32.9,68,26,3,430,29.413413104313424,60.29468805661324,173.0,138,53,4,752,28.82772358082458,61.02894595579844,340.2,0,0,0.0,24,219,141.9,55,378,312.8
pytest,2010-03-16,2,1,1,2,27.489626556016596,62.34547024138272,5.2,47,19,2,133,29.741896234361835,60.63852739383111,108.3,137,52,4,749,28.833083114969337,61.02367282781879,334.9,2,8,10.8,33,246,189.6,61,420,347.0
pytest,2010-03-23,2,1,1,2,27.489626556016596,62.34547024138272,5.2,25,11,2,63,27.4896265560166,62.34547024138273,61.3,134,50,4,744,28.84211172087628,61.01478978068463,324.4,6,37,33.7,47,317,266.7,63,431,358.1
pytest,2010-03-30,2,1,1,2,27.489626556016596,62.34547024138272,5.2,20,9,2,49,27.489626556016596,62.34547024138273,49.9,106,38,4,616,28.832529503691333,60.91391774227415,251.6,18,168,106.8,51,345,289.5,65,443,369.3
pytest,2010-04-06,1,0,1,1,27.489626556016596,62.34547024138272,0.1,15,7,2,37,27.489626556016596,62.34547024138273,38.7,68,26,3,430,29.413413104313424,60.29468805661324,173.0,24,219,141.9,53,365,301.5,69,492,394.2
pytest,2010-04-13,1,0,1,5,27.489626556016596,62.34547024138273,0.5,3,1,2,7,27.489626556016592,62.34547024138272,5.7,54,20,2,359,29.552907453854065,60.062765870325634,135.9,30,237,173.7,61,414,346.4,73,526,417.6
pytest,2010-04-20,7,3,1,16,27.489626556016596,62.34547024138273,16.6,9,4,2,18,27.489626556016596,62.34547024138273,21.8,35,16,2,89,27.48962655601659,62.34547024138273,88.9,40,270,227.0,60,415,341.5,70,515,401.5
pytest,2010-04-27,32,14,3,101,32.26757323035208,59.055200056985655,80.1,34,15,3,103,32.174797566772746,59.11908879843026,85.3,57,25,3,164,30.432142495698816,60.319145310747935,141.4,36,243,204.3,49,334,278.4,62,656,375.6
pytest,2010-05-04,56,21,4,198,30.72268326417704,59.316813979873174,124.8,57,21,4,199,30.706436748055623,59.33203335807172,124.9,75,29,4,246,30.09184293087744,59.907771299192106,169.6,31,163,171.3,46,268,256.8,59,585,353.5
pytest,2010-05-11,70,27,4,238,31.141671606401896,59.05113341994954,158.8,70,27,4,238,31.141671606401896,59.05113341994954,158.8,74,29,4,252,30.93878021471382,59.23415213225138,170.2,34,181,188.1,46,293,259.3,53,545,319.5
pytest,2010-05-18,84,36,4,256,31.699461877593354,58.717809125640905,205.6,87,38,4,264,31.57189111027285,58.827738250360355,216.4,89,39,4,266,31.541197391819797,58.854187363074814,221.6,25,166,141.6,35,267,201.7,42,519,261.9
pytest,2010-05-25,88,40,3,270,31.321991701244816,58.74212493700284,227.0,112,49,4,335,31.18296897256456,58.960296117545,278.5,114,50,4,337,31.161050026472285,58.98038617169241,283.7,14,96,79.6,24,196,139.6,31,448,199.8
pytest,2010-06-01,68,32,1,178,30.785327987318748,59.14387064479787,177.8,116,52,4,348,31.044999284590066,59.08675377159642,294.8,118,53,4,350,31.024682868998216,59.105375008566625,300.0,13,104,75.4,27,428,177.8,28,435,183.5
pytest,2010-06-08,67,31,2,173,31.475955196315926,58.991690791822805,172.3,131,55,4,392,30.881922686086877,59.33557793385019,314.2,131,55,4,392,30.881922686086877,59.335577933850175,314.2,18,139,103.9,25,391,164.1,30,409,190.9
pytest,2010-06-15,67,28,3,174,28.938260123050505,60.90181197171116,157.4,142,59,4,412,30.717248116665996,59.48168921091487,336.2,145,61,4,420,30.655769610748862,59.53623742101903,347.0,12,111,71.1,19,363,131.3,27,390,174.0
pytest,2010-06-22,46,16,3,114,28.314369949770693,61.71427776205259,91.4,136,57,4,394,30.805031910188088,59.48522250392539,324.4,150,63,4,431,30.574963175477272,59.607934778383296,358.1,10,100,60.0,17,352,120.2,30,444,194.4
pytest,2010-06-29,42,14,3,98,28.433609958506217,61.877669699881515,79.8,111,47,3,275,29.9592455677103,60.10645503680374,262.5,157,65,4,443,30.491387465695045,59.68208923787763,369.3,14,326,102.6,15,340,109.0,29,491,194.1
pytest,2010-07-06,59,17,3,129,28.935604233008455,61.43228887928385,97.9,119,46,3,275,30.33928328932478,59.9739801053191,257.5,183,70,4,494,30.371814470744365,59.811393870539824,399.4,10,289,78.9,14,301,100.1,32,492,209.2
pytest,2010-07-13,53,12,2,112,28.32909751037344,61.70300646777884,71.2,122,43,3,289,29.088601415670002,60.885480239209095,243.9,196,73,4,526,30.196472240190584,59.965558212492255,417.6,7,252,60.2,15,279,102.9,41,881,293.1
pytest,2010-07-20,47,10,2,100,28.429834024896262,61.62591081494637,60.0,104,30,3,245,28.987839783216184,61.31648326752243,174.5,190,70,4,515,30.25428836160013,59.914725140030505,401.5,7,252,60.2,20,344,134.4,47,1036,338.6
pytest,2010-07-27,48,13,2,322,28.817556248550297,61.164363214460074,97.2,87,26,3,413,28.7489576321421,61.313603617324105,171.3,169,62,3,656,29.432920503997572,60.47370658498372,375.6,4,26,22.6,18,138,103.8,50,867,336.7
pytest,2010-08-03,39,13,1,317,29.20449755880466,60.834110330560065,96.7,90,28,3,422,28.9970305402057,61.10152345276211,182.2,156,59,3,585,29.59774444089796,60.534692572143996,353.5,0,0,0.0,20,186,118.6,51,996,354.6
pytest,2010-08-10,15,7,1,252,29.27372719488902,60.72981488786229,60.2,68,19,2,364,28.983071907345764,61.029258450913545,131.4,142,53,3,545,29.332209067722406,60.74010012618559,319.5,8,27,42.7,31,402,195.2,58,1235,413.5
pytest,2010-08-17,15,7,1,252,29.27372719488902,60.7298148878623,60.2,63,17,2,353,29.029609864469336,60.98824335262697,120.30000000000001,125,42,3,519,29.022721639923567,60.93834571218497,261.9,13,90,74.0,39,783,273.3,61,1364,441.4
pytest,2010-08-24,15,7,1,252,29.27372719488902,60.72981488786229,60.2,62,17,2,352,29.033984817050168,60.98438759442027,120.2,100,31,3,448,28.90954727326615,61.17371679317312,199.8,14,102,80.2,44,808,300.8,67,1532,488.20000000000005
pytest,2010-08-31,4,1,1,7,30.84825133372851,54.78258795644425,5.7,48,15,1,331,29.13196525052964,60.89803491893323,108.1,96,28,3,435,28.95198168550579,61.13869887403122,183.5,19,169,111.9,46,886,318.6,73,1692,534.2
pytest,2010-09-07,10,6,3,20,26.965145228215768,60.56920341711488,32.0,25,13,3,272,29.103978520868928,60.71800522089558,92.2,91,31,5,411,28.78676641326185,61.09333781263299,196.1,24,380,158.0,48,1155,355.5,72,1711,531.1
pytest,2010-09-14,22,11,4,57,30.34104971973502,59.53465836474899,60.7,37,18,4,309,29.47061193248197,60.50934912146276,120.9,89,30,5,420,29.170924718435092,60.82328603019486,192.0,25,710,196.0,50,1307,380.70000000000005,68,1705,510.5
pytest,2010-09-21,28,13,4,98,31.658734863239907,58.631604088097276,74.8,43,20,4,350,29.94152934202727,60.142315863928076,135.0,90,30,5,450,29.60559704933149,60.47200363082105,195.0,29,696,214.60000000000002,53,1408,405.8,66,1664,496.4
pytest,2010-09-28,42,18,4,167,31.864685566626076,58.45881587833901,106.7,49,19,4,181,31.65617477820315,58.46695391749947,113.1,97,33,4,507,30.002938119439875,60.12027818939243,215.7,28,713,211.3,55,1525,427.5,61,1596,464.6
pytest,2010-10-05,52,21,3,207,31.71511616252731,58.225555085130665,125.7,58,25,4,219,31.48358248545823,58.4513038608157,146.9,87,35,4,508,30.096456692913385,59.86521908699035,225.8,26,791,209.10000000000002,48,1473,387.3,54,1544,424.4
pytest,2010-10-12,81,26,4,672,29.784856006718037,59.922157412508035,197.2,95,34,5,699,29.928718560599318,59.786553935271264,239.9,110,41,5,951,29.755156179780187,60.03650320977488,300.1,24,536,173.6,45,1063,331.3,45,1064,331.4
pytest,2010-10-19,86,27,4,692,29.35438802676708,60.1488718605511,204.2,112,40,5,784,29.656702515030904,59.94240268710025,278.4,127,47,5,1036,29.563546356077474,60.13393538458292,338.6,25,669,191.9,39,978,292.8,46,1007,330.7
pytest,2010-10-26,101,32,4,733,29.29106779958449,60.12463890728118,233.3,133,46,5,845,29.53581477571263,59.9882770450296,314.5,144,50,5,871,29.6079386025506,59.94522583267998,337.1,27,820,217.0,33,918,256.8,41,955,300.5
pytest,2010-11-02,114,31,4,810,29.332923518262383,59.89250626832995,236.0,162,51,5,996,29.72226249395924,59.69891191126119,354.6,162,51,5,996,29.72226249395924,59.69891191126119,354.6,22,696,179.60000000000002,28,767,216.7,38,811,271.1
pytest,2010-11-09,126,27,3,833,30.19147908125906,59.32758893778352,218.3,183,50,5,1208,30.261482921601495,59.34803189158979,370.8,197,58,6,1235,30.33248777865506,59.2838331535139,413.5,21,521,157.1,21,528,157.8,33,616,226.6
pytest,2010-11-16,94,22,2,581,32.98228837103005,56.97147898864519,168.1,180,48,5,1274,31.007406345877005,58.701565219894505,367.4,205,61,6,1364,31.074834815833345,58.67516681000592,441.4,18,398,129.8,25,427,167.7,32,494,209.4
pytest,2010-11-23,107,25,2,752,34.693977884700274,55.73324667749932,200.2,198,55,5,1458,32.09050936598194,57.89249479585747,420.8,229,69,6,1560,32.05158793488668,57.95034390638415,501.0,10,203,70.3,18,240,114.0,28,324,172.4
pytest,2010-11-30,115,27,3,806,34.75348784530956,56.250453108812515,215.60000000000002,212,54,6,1523,32.133177856545416,58.07561368719716,422.3,255,73,7,1692,32.10118889967924,58.118482764637506,534.2,6,71,37.1,16,115,91.5,25,193,144.3
pytest,2010-12-07,83,25,3,575,37.07570629622947,54.91601244239998,182.5,196,49,4,1350,32.87746119563547,57.58208422111715,380.0,256,73,6,1730,32.428561149353605,57.91641101103993,538.0,0,13,1.3,11,79,62.9,26,226,152.6
pytest,2010-12-14,64,18,4,398,36.99760211847619,55.13658822867477,129.8,167,43,5,995,34.44684417940324,56.38296869345963,314.5,247,68,6,1705,32.48192404570399,57.820418836991166,510.5,6,26,32.6,13,95,74.5,29,250,170.0
pytest,2010-12-21,51,13,4,256,36.62182313278008,56.36560404340296,90.6,151,37,4,968,34.69562943657625,56.1559826805374,281.8,241,66,6,1664,32.4570699010533,57.831365650977816,496.4,8,38,43.8,18,122,102.2,32,265,186.5
pytest,2010-12-28,15,6,3,71,39.766173806323415,52.15721515965296,37.1,131,33,4,883,35.09417630390549,55.92364237868255,253.3,228,61,6,1596,32.46692197298225,57.81767723209235,464.6,10,44,54.4,18,121,102.1,32,264,186.4
pytest,2011-01-04,15,6,3,71,39.766173806323415,52.15721515965296,37.1,105,28,4,753,35.90553966705791,55.47015635769972,215.3,212,54,6,1544,32.54125997033087,57.797149979652445,424.4,10,64,56.4,24,191,139.1,32,264,186.4
pytest,2011-01-11,3,1,2,9,32.5463347164592,58.89349382909754,5.9,75,22,4,536,37.2078636898495,54.64887526815827,163.6,177,46,5,1072,34.03345435684646,56.6385539995969,337.2,12,86,68.6,28,241,164.1,31,258,180.8
pytest,2011-01-18,13,8,2,38,36.293623061803885,56.3258304074638,43.8,67,22,4,347,35.35966852810695,57.1471625702742,144.7,170,47,4,1016,34.6844716894828,56.223255406159105,336.6,9,83,53.3,24,227,142.7,25,251,150.1
pytest,2011-01-25,13,8,2,38,36.293623061803885,56.3258304074638,43.8,32,14,3,136,36.358646570661456,55.344643590708216,83.6,150,41,4,956,35.10460685081338,55.951801847840606,300.6,10,83,58.3,24,226,142.6,25,250,150.0
pytest,2011-02-01,15,10,2,44,36.95718596755941,54.52656206127201,54.4,30,16,3,115,38.69143063323111,53.06374788722895,91.5,123,38,4,811,35.95727829481558,55.46077383622915,271.1,13,129,77.9,22,220,132.0,23,260,141.0
pytest,2011-02-08,24,12,2,88,33.97944172010562,56.52435908052598,68.8,27,12,3,95,34.117143481109416,56.29701495299562,69.5,97,33,4,616,36.79899094681252,54.86728046850426,226.6,16,152,95.2,20,176,117.6,21,216,126.6
pytest,2011-02-15,18,9,2,71,33.32867745894454,56.596140537872316,52.1,29,16,3,100,33.78576763485477,56.599437717414965,90.0,93,34,4,498,36.35265543501808,55.430333105931844,219.8,15,158,90.8,16,170,97.0,18,220,112.0
pytest,2011-02-22,18,10,3,84,31.002272278205883,58.22812573295586,58.4,30,18,3,121,32.6930489352217,57.59668303149202,102.1,71,28,5,324,34.240715127298806,57.42684341652243,172.4,14,143,84.3,15,167,91.7,17,213,106.3
pytest,2011-03-01,16,9,3,78,30.220927758272154,59.38942803020447,52.8,31,19,3,122,32.650397932113464,57.635607516818986,107.2,46,25,4,193,35.26811859050158,55.62024038024495,144.3,13,142,79.2,14,166,86.6,29,308,175.8
pytest,2011-03-08,31,16,4,151,32.692368992333265,58.25256254589395,95.1,50,27,4,217,33.24634300246667,57.42408142141583,156.7,54,27,5,230,33.53196824824102,56.929937674382074,158.0,5,47,29.7,6,87,38.7,25,234,148.4
pytest,2011-03-15,31,16,4,155,31.864489358854243,58.76041481056066,95.5,47,23,4,224,32.10643894487256,58.320735730287744,137.4,57,29,5,250,32.48645643153527,58.07370474565147,170.0,3,17,16.7,5,70,32.0,25,210,146.0
pytest,2011-03-22,31,14,2,143,32.53231001363781,58.459570998183985,84.3,49,24,4,227,31.96612864898459,58.37392605422291,142.7,62,32,5,265,32.58667501761528,58.08023686714047,186.5,1,24,7.4,3,70,22.0,24,201,140.1
pytest,2011-03-29,31,14,2,143,32.53231001363781,58.459570998183985,84.3,46,22,4,220,31.735741229724628,58.77158440388579,132.0,61,32,4,264,32.60598201936376,58.064080680116824,186.4,1,24,7.4,15,164,91.4,24,201,140.1
pytest,2011-04-05,18,8,1,73,33.70266583300176,58.2040722008334,47.3,44,22,4,200,32.16035269709543,58.4141958201361,130.0,61,32,4,264,32.60598201936376,58.064080680116824,186.4,1,40,9.0,20,187,118.7,26,218,151.8
pytest,2011-04-12,6,3,2,17,38.6673175494264,55.953184928416235,16.7,37,19,4,172,32.53686191257358,58.48295604313941,112.2,60,31,4,258,32.89163369680594,57.90538327803901,180.8,2,50,15.0,20,185,118.5,34,304,200.4
pytest,2011-04-19,10,1,2,24,39.804287690179805,50.8081922184264,7.4,42,16,4,168,33.541147994467494,57.38964723942813,96.8,59,25,4,251,32.715594055314014,57.6505092731109,150.1,2,38,13.8,23,175,132.5,39,324,227.4
pytest,2011-04-26,10,1,2,24,39.804287690179805,50.8081922184264,7.4,41,15,3,167,33.57738464978757,57.35997165259007,91.7,58,25,4,250,32.736497925311205,57.63172942923781,150.0,5,100,35.0,23,177,132.7,41,330,238.0
pytest,2011-05-03,11,1,2,40,34.87842323651452,55.42310342760893,9.0,37,10,3,131,34.87615216496151,56.76711880697273,63.1,57,23,4,260,32.21923076923077,58.256433484458576,141.0,18,144,104.4,25,177,142.7,42,320,242.0
pytest,2011-05-10,11,1,2,40,34.87842323651452,55.42310342760893,9.0,19,5,2,64,33.69372406639004,57.04484301025249,31.4,48,21,4,216,32.46724681112648,58.20230480355979,126.6,19,147,109.7,32,261,186.1,42,320,242.0
pytest,2011-05-17,14,2,2,50,29.600248962655602,58.98095379677229,15.0,19,3,3,62,33.89385624414402,56.873855035054746,21.2,50,18,4,220,32.110788381742736,58.56102358534467,112.0,21,142,119.2,38,293,219.3,41,305,235.5
pytest,2011-05-24,27,3,3,58,35.094863356703385,51.596251234247774,20.8,37,4,4,82,36.473231454306244,51.36559981498298,28.200000000000003,68,18,4,225,33.96855693868142,55.8742126114174,112.5,20,119,111.9,38,272,217.2,43,312,246.2
pytest,2011-05-31,79,15,3,145,38.71569609386177,51.021032005340665,89.5,89,16,4,169,38.87028898327972,50.99080623678479,96.9,119,29,4,311,35.992635188323035,54.38848693413362,176.1,10,48,54.8,27,189,153.9,32,229,182.9
pytest,2011-06-07,85,19,3,147,40.03263047957772,49.729891547780404,109.7,96,20,4,187,38.93012625646259,50.94769088036404,118.7,107,25,4,234,37.066053126219096,52.970554810819145,148.4,11,88,63.8,23,173,132.3,31,221,177.1
pytest,2011-06-14,84,20,3,140,40.963426200355656,48.65378782566184,114.0,100,22,4,193,38.336121084428,51.21900997882922,129.3,106,25,4,210,38.36293222683264,51.6022527128434,146.0,18,153,105.3,21,165,121.5,29,235,168.5
pytest,2011-06-21,79,21,4,131,40.59108042190617,49.61681636935683,118.1,97,23,4,177,38.146869212555956,51.5158909295131,132.7,107,24,4,201,38.3447699263021,51.43138959087588,140.1,18,153,105.3,23,193,134.3,27,229,157.9
pytest,2011-06-28,23,10,3,39,35.22225768698797,52.63160207953726,53.9,98,24,4,179,38.265281995410184,51.28859309924693,137.9,108,25,4,203,38.44723340759969,51.23179693599721,145.3,18,155,105.5,22,191,129.1,30,260,176.0
pytest,2011-07-05,28,9,3,52,36.69334503670603,51.55490808422033,50.2,113,28,4,199,39.160053378927834,50.206780290970734,159.9,124,29,4,239,38.44346256011389,51.07980508371353,168.9,14,121,82.1,21,167,121.7,27,227,157.7
pytest,2011-07-12,61,17,4,137,34.61865099797074,54.99216397987518,98.7,141,35,5,272,37.8591042226019,51.823804705404505,202.2,156,37,5,322,36.891922888585334,52.7415437871654,217.2,6,36,33.6,14,106,80.6,19,142,109.2
pytest,2011-07-19,60,16,4,149,36.783174134618065,53.42082309851257,94.9,144,37,5,286,38.48102312625134,51.64766761283577,213.6,155,39,5,324,37.585523282618716,52.32507529543033,227.4,4,16,21.6,11,82,63.2,19,125,107.5
pytest,2011-07-26,64,19,3,157,37.66345111927479,51.89005765861479,110.7,113,37,5,234,38.27781324254353,51.93471447492717,208.4,161,42,5,334,37.9196337615226,51.69177169738425,243.4,4,36,23.6,11,98,64.8,17,144,99.4
pytest,2011-08-02,55,17,4,143,36.83744885819574,53.04636237923131,99.3,78,24,5,176,37.568158242172764,52.00949926426966,137.6,161,42,5,320,38.37594657676348,51.22567238608432,242.0,7,46,39.6,13,106,75.6,20,147,114.7
pytest,2011-08-09,23,10,4,59,44.484140938181305,45.257849239411065,55.9,76,23,5,173,36.96824406974792,52.49665379204198,132.3,161,42,5,320,38.37594657676349,51.22567238608432,242.0,8,70,47.0,13,106,75.6,22,179,127.9
pytest,2011-08-16,7,3,2,12,45.20228215767634,36.36819097413992,16.2,70,20,5,163,37.28895450958429,52.27491947147741,116.3,155,41,5,305,38.91133936466907,50.67879708172538,235.5,8,70,47.0,14,110,81.0,29,250,170.0
pytest,2011-08-23,13,5,3,40,28.927904564315348,59.43904238083644,29.0,75,23,4,193,35.84357061466687,53.56095511353281,134.3,145,43,5,312,37.28943238642408,52.76600788413231,246.2,5,49,29.9,13,108,75.8,36,290,209.0
pytest,2011-08-30,16,7,3,47,30.522645007504188,57.21891588171002,39.7,70,24,4,188,35.35819281363115,53.99057407546639,138.8,98,34,5,236,35.95739855123426,53.204623527933535,193.6,6,61,36.1,13,102,75.2,34,280,198.0
pytest,2011-09-06,19,8,4,70,30.197806757557796,57.39077871432907,47.0,54,20,6,155,35.181555347343064,53.60354736389831,115.5,95,31,7,243,35.01791233372607,53.90648401656913,179.3,5,36,28.6,12,77,67.7,35,298,204.8
pytest,2011-09-13,20,8,4,70,30.197806757557796,57.39077871432907,47.0,27,11,5,82,32.39358364538002,54.314302459667246,63.2,91,29,7,235,35.09329919660986,53.88449925249625,168.5,5,36,28.6,20,178,117.8,36,307,210.7
pytest,2011-09-20,11,4,4,39,33.055325034578146,53.23618221690402,23.9,24,9,5,79,30.965491885077995,56.376870907502706,52.9,86,27,6,232,35.374856918014025,53.50635966970297,158.2,8,66,46.6,32,251,185.1,42,352,245.2
pytest,2011-09-27,25,8,5,69,35.44085633531782,51.76352971110946,46.9,36,12,5,105,32.857775143252326,54.87817937691296,70.5,99,30,6,260,35.637456112352375,53.256163141296156,176.0,8,44,44.4,29,222,167.2,40,327,232.7
pytest,2011-10-04,20,6,5,60,34.91652835408022,52.445060256798754,36.0,36,13,5,106,33.03836217020277,54.46836973214069,75.6,84,27,6,227,35.19611749867475,53.63309725661109,157.7,7,41,39.1,30,242,174.2,45,346,259.6
pytest,2011-10-11,17,5,3,36,38.56166436145689,48.78590782232995,28.6,36,13,5,106,33.038362170202774,54.46836973214069,75.6,51,19,5,142,36.301531178773885,51.56085797455829,109.2,13,111,76.1,31,267,181.7,49,358,280.8
pytest,2011-10-18,23,8,4,69,34.73041072824584,53.463800856329605,46.9,39,15,6,135,32.42056247118487,55.629000474954196,88.5,50,19,6,151,33.46140529251738,53.92566265416858,110.1,16,128,92.8,31,275,182.5,46,325,262.5
pytest,2011-10-25,11,6,4,46,33.21901497384088,56.066108564321596,34.6,34,13,6,108,33.7319041032734,53.958878109142425,75.8,45,17,6,144,32.27564545873675,55.68113972428258,99.4,23,182,133.2,35,288,203.8,46,326,262.6
pytest,2011-11-01,11,7,4,41,31.100394696893023,56.721780181092385,39.1,31,13,6,101,33.36740479027156,54.18115448349221,75.1,47,20,6,147,32.497840630027945,55.09687196620204,114.7,22,187,128.7,38,305,220.5,43,321,247.1
pytest,2011-11-08,25,12,4,110,35.51452282157676,52.57787337954509,71.0,42,17,4,146,36.26587279031433,51.64286817365641,99.6,61,25,6,216,34.29936990932841,53.50561695998553,146.6,18,152,105.2,37,248,209.8,42,295,239.5
pytest,2011-11-15,35,18,4,146,35.54305689762974,53.49593930560982,104.6,53,24,5,186,36.18266184803462,52.43944210186591,138.6,73,32,7,256,34.54617803423237,53.793323206836305,185.6,14,129,82.9,30,208,170.8,35,255,200.5
pytest,2011-11-22,43,23,4,182,34.180839906980985,55.24671819061146,133.2,62,31,6,241,33.636318245209274,55.786036588332166,179.1,77,36,8,290,34.0136500214623,54.767108780960925,209.0,12,106,70.6,23,144,129.4,27,187,153.7
pytest,2011-11-29,41,21,4,178,34.06704275257588,55.68202911075782,122.8,52,28,6,219,33.511642888269954,55.876685703834156,161.9,73,34,8,280,33.79118257261411,55.164440195674956,198.0,17,127,97.7,22,143,124.3,26,186,148.6
pytest,2011-12-06,49,23,5,221,34.17429263438538,56.24130941198696,137.1,60,30,7,262,33.69326280447246,56.316497585778265,176.2,77,35,7,298,34.281391851624946,55.406761909656986,204.8,17,88,93.8,23,116,126.6,24,143,134.3
pytest,2011-12-13,29,16,5,129,30.478400720512077,60.483886860906836,92.9,62,31,7,271,33.487237984413035,56.51672176991274,182.1,78,36,7,307,34.082284725695054,55.61017681188999,210.7,18,87,98.7,23,134,128.4,24,137,133.7
pytest,2011-12-20,26,12,4,106,33.4149377593361,58.96303232210536,70.6,70,36,6,291,33.832869914873584,56.67361012906737,209.1,92,44,7,357,33.94057207945419,56.18020130577754,255.7,11,35,58.5,15,81,83.1,17,90,94.0
pytest,2011-12-27,26,12,4,107,34.29891030364137,58.41252401425835,70.7,67,33,6,285,34.15409478051976,56.707162285054515,193.5,79,41,7,329,33.78727187882304,56.60566424370559,237.9,10,36,53.6,14,79,77.9,17,96,94.6
pytest,2012-01-03,27,15,3,104,34.24062400255346,58.09866889639539,85.4,75,38,6,305,34.635249302768514,56.47436570638224,220.5,86,45,7,346,34.21637924831506,56.50368360656466,259.6,7,22,37.2,9,59,50.9,12,77,67.7
pytest,2012-01-10,31,18,3,91,36.57890657060781,56.7658096766311,99.1,66,36,7,247,33.84484351638752,58.244643146813395,204.7,92,49,8,358,34.34012146781335,56.51491172976048,280.8,5,47,29.7,6,50,35.0,8,65,46.5
pytest,2012-01-17,23,15,3,50,41.05170124481327,53.61720022757075,80.0,54,30,6,197,33.75442846009647,58.62484607744091,169.7,85,46,7,325,34.724877114586654,56.30655022083504,262.5,5,47,29.7,6,53,35.3,9,69,51.9
pytest,2012-01-24,17,11,3,38,43.4391788600131,52.49219285051065,58.8,43,23,5,144,36.06022360534808,57.255449683767864,129.4,86,46,7,326,35.01099712343762,56.13401062930632,262.6,4,43,24.3,7,60,41.0,8,66,46.6
pytest,2012-01-31,8,5,3,16,41.58532157676349,54.322432843093765,26.6,37,21,5,134,36.05422059825355,57.161378932788715,118.4,83,43,7,321,34.9816703506935,56.36710425525259,247.1,4,43,24.3,7,61,41.1,8,68,46.8
pytest,2012-02-07,15,5,2,47,34.33071422265383,58.36721987241095,29.7,47,24,4,143,35.52218321097989,57.48724032016544,134.3,82,42,7,295,33.900710317181236,58.27807342883935,239.5,0,0,0.0,3,18,16.8,5,31,28.1
pytest,2012-02-14,15,5,2,47,34.33071422265383,58.36721987241095,29.7,43,21,4,126,35.919350589475066,57.13569124305631,117.6,70,35,6,255,33.590399479293794,58.73785954476229,200.5,1,6,5.6,4,22,22.2,7,37,38.7
pytest,2012-02-21,13,4,2,43,32.6296439255042,59.44568092783004,24.3,30,15,3,81,37.700783771323195,56.18355071871724,83.1,56,27,5,187,35.271373732442804,57.75908574523672,153.7,3,17,16.7,4,23,22.3,10,53,55.3
pytest,2012-02-28,13,4,2,43,32.62964392550419,59.44568092783004,24.3,21,9,3,59,35.05830227160841,58.056325515020205,50.9,55,26,5,186,35.3132110828537,57.73442776407464,148.6,3,17,16.7,4,25,22.5,13,85,73.5
pytest,2012-03-06,6,1,1,27,27.4896265560166,62.34547024138273,7.7,18,7,3,55,33.335646925688415,58.94587447153411,40.5,47,24,4,143,35.5221832109799,57.48724032016544,134.3,3,18,16.8,4,29,22.9,15,94,84.4
pytest,2012-03-13,1,1,1,3,61.32641770401107,41.56364682758848,5.3,16,6,2,50,35.950456431535265,57.3590054897216,35.0,46,24,4,137,36.61492564436502,56.81939470141591,133.7,2,15,11.5,6,34,33.4,16,306,110.6
pytest,2012-03-20,7,2,3,16,39.240923236514526,56.055458042237476,11.6,21,6,3,62,35.70820505956364,57.70647084576985,36.2,37,17,4,97,37.95482739444753,56.162422029813364,94.7,2,7,10.7,8,37,43.7,19,308,125.8
pytest,2012-03-27,8,3,3,17,38.54967049060288,56.42545875983425,16.7,21,7,3,60,34.306984785615484,58.58995131356457,41.0,37,17,4,96,37.016856846473026,56.74683639072314,94.6,1,6,5.6,10,68,56.8,24,363,156.3
pytest,2012-04-03,10,3,3,18,37.935223605348085,56.75434828658694,16.8,20,5,3,55,34.92674462466993,58.24854050194474,30.5,31,12,4,77,35.730829336638465,57.75196720187996,67.7,1,10,6.0,10,68,56.8,26,378,167.8
pytest,2012-04-10,9,2,3,15,33.256984785615494,59.79248857838663,11.5,10,3,3,18,37.93522360534809,56.754348286586946,16.8,25,8,3,65,35.32888605170763,57.92057851018276,46.5,4,19,21.9,13,287,93.7,27,383,173.3
pytest,2012-04-17,8,3,3,16,32.89652489626556,59.95204993232389,16.6,11,4,3,22,36.03602414183327,57.77091591473163,22.2,26,9,3,69,34.87443622587047,58.17709397286102,51.9,5,29,27.9,14,294,99.4,27,412,176.2
pytest,2012-04-24,4,1,3,6,44.408022130013826,51.95455853448561,5.6,12,4,3,23,40.077936135666604,55.259136961917214,22.3,25,8,3,66,35.22526090783352,57.98673378819375,46.6,9,62,51.2,21,334,138.4,28,453,185.3
pytest,2012-05-01,3,1,2,7,41.99110847658566,53.43897449261376,5.7,13,4,3,25,39.07087136929461,55.826043624274455,22.5,26,8,3,68,34.99774225042714,58.1149319191699,46.8,9,60,51.0,24,364,156.4,28,473,187.3
pytest,2012-05-08,8,4,2,16,36.490923236514526,54.55228646120988,21.6,18,7,3,34,37.25555284354406,55.718083898174214,38.4,18,7,3,34,37.25555284354406,55.718083898174214,38.4,9,271,72.1,23,367,151.7,26,517,181.7
pytest,2012-05-15,9,3,3,15,37.09100968188105,54.032740875865024,16.5,17,6,3,31,34.926114308660146,57.087868130811536,33.1,20,7,3,37,36.463720982393184,56.255439547623546,38.7,11,273,82.3,24,367,156.7,30,531,203.1
pytest,2012-05-22,21,9,4,58,33.42173415367006,56.22025932837118,50.8,25,10,4,64,34.45169865145228,55.820349878944405,56.4,33,13,4,81,35.31176681522463,55.947348039131164,73.1,11,265,81.5,19,390,134.0,26,498,179.8
pytest,2012-05-29,21,9,4,60,33.22399723374828,56.424433025471565,51.0,26,10,4,68,34.04216499877959,56.2041804884996,56.8,34,13,4,85,34.94366609714425,56.248436142766536,73.5,15,304,105.4,19,398,134.8,29,500,195.0
pytest,2012-06-05,26,12,4,269,28.114856005799876,61.854979072714336,86.9,31,13,5,280,28.60465323058684,61.42892358118786,93.0,41,16,5,298,29.168244729733495,61.14656668419855,109.8,13,98,74.8,17,253,110.3,28,300,170.0
pytest,2012-06-12,28,11,5,273,27.825589348410926,61.96928555815009,82.3,38,15,6,292,28.296950491672824,61.5667395598578,104.2,47,17,6,307,28.53929744414559,61.48004977248951,115.7,13,92,74.2,17,251,110.1,26,288,158.8
pytest,2012-06-19,28,12,5,278,27.646884981641243,62.208861328454866,87.8,43,18,6,308,28.28105297192434,61.473559298961135,120.8,48,20,6,315,28.585720872027927,61.2950129699312,131.5,9,119,56.9,16,241,104.1,24,293,149.3
pytest,2012-06-26,32,15,3,300,28.60059474412171,61.44034159765191,105.0,54,24,6,362,29.360766603241558,60.613976246703395,156.2,58,25,6,368,29.606102291178058,60.472790088352035,161.8,4,98,29.8,14,199,89.9,20,279,127.9
pytest,2012-07-03,34,16,4,310,28.753500200776333,61.268424875703275,111.0,55,25,6,368,29.37373714594985,60.64220712705143,161.8,59,26,6,378,29.704900217348353,60.35739678488356,167.8,3,139,28.9,14,198,89.8,22,291,139.1
pytest,2012-07-10,28,14,4,96,34.37677213001383,55.688746844670156,79.6,53,23,6,364,29.62801513838858,60.28093242117207,151.4,63,27,6,383,29.89796647996273,60.05778693318574,173.3,3,157,30.700000000000003,14,197,89.7,34,404,210.4
pytest,2012-07-17,29,13,5,118,32.876714255573525,57.01244020634334,76.8,54,22,7,383,29.038904477644277,60.73526053793309,148.3,68,27,7,412,29.60471135640333,60.26613309783922,176.2,6,135,43.5,14,168,86.8,36,424,222.4
pytest,2012-07-24,31,7,6,126,30.35197260093526,58.60221888798699,47.6,57,19,7,398,28.716747638607973,60.93465232751831,134.8,79,28,8,460,29.29931445065849,60.352496844268146,186.0,10,101,60.1,16,171,97.1,60,640,364.0
pytest,2012-07-31,27,4,6,109,28.37580417983174,60.25719990782851,30.9,60,19,7,413,28.672179076286255,60.985892687586016,136.3,81,28,8,473,29.2495767283956,60.40727201163071,187.3,10,90,59.0,18,178,107.8,66,666,396.6
pytest,2012-08-07,30,3,3,150,28.123789764868597,61.022951837995215,30.0,58,17,6,246,30.56397800492528,58.94131086499032,109.6,85,26,8,517,29.179177668804225,60.50819842887826,181.7,11,47,59.7,28,207,160.7,71,638,418.8
pytest,2012-08-14,34,6,3,164,27.932522011942105,61.18202501223317,46.400000000000006,61,19,7,258,30.432612821255102,59.09121301031802,120.8,89,30,9,531,29.092278719397356,60.57090002643507,203.1,7,31,38.1,30,290,179.0,77,715,456.5
pytest,2012-08-21,27,7,4,108,28.994928538497,60.954544667796945,45.8,57,15,8,233,30.27610279058999,59.190439271739635,98.3,82,26,9,498,28.796788815011084,60.91630258743633,179.8,8,60,46.0,48,508,290.8,81,724,477.4
pytest,2012-08-28,30,10,5,105,30.004702627939146,60.321037553871804,60.5,54,14,8,199,29.302070518567938,60.13347577632716,89.9,87,29,9,503,28.98560504194748,60.8065617684072,195.3,8,88,48.8,52,568,316.8,82,777,487.7
pytest,2012-09-04,22,11,5,47,36.70371678290809,56.83849293005395,59.7,56,15,8,202,30.52530709502485,59.46479383235627,95.2,84,28,8,300,31.28420470262794,58.75628578696451,170.0,8,90,49.0,58,585,348.5,83,778,492.8
pytest,2012-09-11,18,9,5,37,39.19401143882472,55.35012068374889,48.7,51,13,6,196,30.184456770259974,60.012788128420596,84.6,77,26,8,288,31.70782906869525,58.50519578938708,158.8,22,242,134.2,69,680,413.0,85,781,503.1
pytest,2012-09-18,24,9,3,64,36.50654823651452,57.01289654297898,51.4,53,16,5,186,31.479877749520362,59.42289595460944,98.6,81,25,8,305,31.8448813005918,58.608670664163185,155.5,36,326,212.6,70,655,415.5,82,747,484.7
pytest,2012-09-25,32,8,3,87,35.80703009491104,57.4803846936374,48.7,59,18,5,188,32.20338571554693,59.295031919036404,108.8,84,22,8,286,31.130502277805185,59.326416600823634,138.6,44,485,268.5,74,694,439.4,80,714,471.4
pytest,2012-10-02,33,8,2,93,33.75955918440191,58.2506717182626,49.3,55,19,5,152,33.42492902380432,58.50617475287079,110.2,87,22,8,291,30.947669361623248,59.4106109735027,139.1,49,486,293.6,76,689,448.9,80,703,470.3
pytest,2012-10-09,50,21,3,238,31.03260225251926,59.85208673146731,128.8,70,32,6,278,32.08059942087823,59.27981121623049,187.8,102,35,8,435,30.642304573854148,59.93022663333572,218.5,47,429,277.9,63,541,369.1,66,554,385.4
pytest,2012-10-16,59,29,4,278,30.476133615928834,60.203686706979425,172.8,75,37,5,311,31.947218849648436,59.37407691024744,216.1,107,43,8,446,30.87510931656216,59.80196318429052,259.6,42,406,250.6,55,501,325.1,58,513,341.3
pytest,2012-10-23,82,44,4,469,29.655601659751035,60.656829476606816,266.9,106,50,5,539,30.600843732438275,60.15216026814174,303.9,133,60,7,640,30.363874481327798,60.26357330775123,364.0,32,242,184.2,38,262,216.2,40,273,227.3
pytest,2012-10-30,83,48,4,488,29.286477110400654,60.85020809573976,288.8,114,56,4,576,30.0919994813278,60.45205895755248,337.6,141,66,7,666,30.136848466723983,60.38875803166071,396.6,29,210,166.0,33,226,187.6,35,237,198.7
pytest,2012-11-06,88,49,3,484,29.145313946709646,60.76623626041857,293.4,131,66,4,644,29.830526275096,60.3631253176875,394.4,153,77,7,691,30.298022590388573,60.123389106082904,454.1,18,135,103.5,21,148,119.8,25,166,141.6
pytest,2012-11-13,88,47,3,425,29.20925555284354,60.603186361771805,277.5,140,70,5,684,29.918868748635067,60.30135723223408,418.4,157,77,8,715,30.450680439892054,60.01739475212717,456.5,15,97,84.7,18,110,101.0,24,130,133.0
pytest,2012-11-20,66,35,3,270,29.966512986015058,59.94807220993715,202.0,145,75,5,718,29.65270634195956,60.46626145692856,446.8,167,83,6,778,30.22763976149078,60.17251828259618,492.8,8,28,42.8,10,37,53.7,25,84,133.4
pytest,2012-11-27,57,31,5,211,29.98118031110499,59.598635370910095,176.1,134,75,7,691,29.556298827245374,60.43661642561825,444.1,165,83,7,779,30.121429218223163,60.18894269439209,492.9,6,23,32.3,7,30,38.0,22,74,117.4
pytest,2012-12-04,49,26,5,194,30.35393763100483,59.77065607107664,149.4,133,76,7,689,29.436027919469552,60.49246599471671,448.9,165,84,7,779,29.869169432030635,60.27716111619145,497.9,3,13,16.3,6,27,32.7,19,64,101.4
pytest,2012-12-11,27,16,5,102,30.485436498250756,59.645617491306965,90.2,116,63,7,540,29.31171046565237,60.52684620046389,369.0,167,85,8,782,29.860040750920607,60.28509580593002,503.2,3,13,16.3,9,33,48.3,19,68,101.8
pytest,2012-12-18,24,12,5,92,29.57725960671117,60.02982339066158,69.2,96,46,6,421,29.319442938666082,60.33532811537388,272.1,158,82,8,747,29.672521344020616,60.37226636167076,484.7,3,11,16.1,18,58,95.8,19,71,102.1
pytest,2012-12-25,10,6,4,20,31.366182572614104,56.10990069604524,32.0,66,36,6,229,30.029969740346807,59.49582070790974,202.9,145,80,8,714,29.56818578053628,60.395882605263914,471.4,2,11,11.1,17,56,90.6,31,94,164.4
pytest,2013-01-01,8,4,2,14,27.311796087729697,61.58531915179669,21.4,59,31,6,217,30.368510622024207,59.23979674689593,176.7,141,80,8,703,29.567266545864488,60.44068304907225,470.3,3,12,16.2,16,51,85.1,30,97,159.7
pytest,2013-01-08,7,3,2,13,27.489626556016596,62.34547024138272,16.3,36,19,6,125,30.8703734439834,59.43485917327417,107.5,122,66,7,554,29.3135176835388,60.50830862917309,385.4,7,23,37.3,17,54,90.4,32,100,170.0
pytest,2013-01-15,5,3,2,12,31.032157676348543,57.15001438793416,16.2,29,16,6,107,29.681893977585606,59.77177883476845,90.7,112,58,7,513,29.371527019485086,60.36524484305452,341.3,12,41,64.1,16,60,86.0,31,97,164.7
pytest,2013-01-22,5,2,3,11,29.036967182195397,57.563873123962566,11.1,15,8,6,31,30.539686788917145,56.62582639627397,43.1,76,40,8,273,29.49614700652045,59.83385299758268,227.3,15,45,79.5,25,73,132.3,32,115,171.5
pytest,2013-01-29,7,2,4,11,38.17427385892116,51.90143431860727,11.1,16,6,5,27,33.917473490087595,55.38724873597098,32.7,69,35,8,237,30.547682826478976,59.06613673815234,198.7,14,40,74.0,28,86,148.6,32,118,171.8
pytest,2013-02-05,12,5,5,19,38.965494649486786,53.02066908299124,26.9,19,8,6,32,34.303423236514526,56.80886955358779,43.2,53,26,9,167,30.86786592789524,59.28107563255801,146.7,11,32,58.2,27,81,143.1,31,140,169.0
pytest,2013-02-12,18,9,4,33,33.85514900037722,55.05795022814879,48.3,24,12,5,46,32.9803355583619,55.762130444032664,64.6,50,27,8,143,30.598961204770337,58.737965759253726,149.3,7,27,37.7,22,64,116.4,34,156,185.6
pytest,2013-02-19,27,15,4,47,33.108854948353496,52.592178213847276,79.7,31,17,5,56,32.964878482513335,53.04635960681935,90.6,44,25,8,84,32.06278403477573,54.66140373611727,133.4,10,28,52.8,17,63,91.3,32,153,175.3
pytest,2013-02-26,25,15,4,44,34.071293851376836,51.70563780402074,79.4,29,16,5,51,33.50166788707184,52.134682093626864,85.1,40,22,6,74,32.390097566446116,54.32198671393494,117.4,14,46,74.6,17,70,92.0,38,170,207.0
pytest,2013-03-05,20,13,3,37,32.59997757093193,51.37612428503086,68.7,29,16,5,51,33.50166788707184,52.13468209362687,85.1,36,19,6,64,32.28047199170124,54.20874843613977,101.4,16,49,84.9,19,99,104.9,40,184,218.4
pytest,2013-03-12,17,10,5,35,30.50657972732662,51.026140475161796,53.5,30,16,6,55,32.60098076197661,53.05451944891385,85.5,36,19,6,68,32.24896265560166,53.91388547921844,101.8,15,42,79.2,27,134,148.4,41,181,223.1
pytest,2013-03-19,5,1,3,13,28.79891477816789,58.29950344971951,6.3,32,16,7,60,32.175034578146615,53.82876534828627,86.0,37,19,7,71,32.04786394716849,54.27014962409863,102.1,16,50,85.0,29,135,158.5,41,175,222.5
pytest,2013-03-26,18,14,7,38,33.821030792749504,52.192694471561296,73.8,44,29,8,83,33.87741838724192,52.056818355874995,153.3,49,31,8,94,33.310982607927954,52.701260935119286,164.4,3,32,18.2,21,127,117.7,28,163,156.3
pytest,2013-04-02,20,14,8,46,34.557550063142706,50.63731019388716,74.6,41,27,8,85,33.53912618989505,51.23439774056137,143.5,49,30,8,97,34.002395516961116,51.42458820302865,159.7,5,53,30.3,25,135,138.5,29,162,161.2
pytest,2013-04-09,21,15,9,46,33.63341151001262,51.99264650348244,79.6,37,25,9,77,32.86231610712938,50.88892042695536,132.7,51,32,9,100,33.80701244813278,51.75221466417927,170.0,10,90,59.0,24,136,133.6,35,186,193.6
pytest,2013-04-16,26,15,8,46,36.39428107523002,50.42539928193583,79.6,34,19,10,65,34.761251196935845,51.5215971483416,101.5,58,31,10,106,34.006028341031865,52.351832904398336,165.6,13,85,73.5,26,130,143.0,38,184,208.4
pytest,2013-04-23,19,7,6,42,41.6471053151551,49.61818936402442,39.2,33,17,10,70,36.25643153526971,51.574656791043694,92.0,59,32,10,115,35.34414576943893,51.7184305129683,171.5,18,95,99.5,25,127,137.7,39,185,213.5
pytest,2013-04-30,20,5,6,53,36.24590934001409,54.75267797604151,30.3,40,19,10,99,35.461419170962735,52.84048688534353,104.9,62,33,10,139,34.52768739365354,52.65583604977914,178.9,20,82,108.2,24,109,130.9,38,188,208.8
pytest,2013-05-07,32,8,6,81,33.20695661082936,56.86920849664624,48.1,54,24,11,130,33.552920523459946,54.79045052208694,133.0,71,35,11,162,32.90197735771733,54.16194223499654,191.2,16,54,85.4,25,104,135.4,55,246,299.6
pytest,2013-05-14,43,12,7,92,34.827936135666604,56.168642613052086,69.2,61,27,10,129,35.111550709254075,54.17302112743237,147.9,75,34,12,156,34.24789871262901,53.853418517993866,185.6,14,47,74.7,26,101,140.1,55,252,300.2
pytest,2013-05-21,44,16,9,94,32.0443630263971,55.840034640255276,89.4,62,23,12,129,35.177522596416736,53.92350208472052,127.9,76,33,16,157,33.927848402357476,54.027985930018986,180.7,9,38,48.8,23,98,124.8,60,245,324.5
pytest,2013-05-28,54,22,11,109,32.84913776694964,54.34926280474706,120.9,67,25,14,133,34.0515708358032,54.17277708399759,138.3,87,39,17,179,34.18159901713067,53.26422134687425,212.9,3,22,17.2,18,107,100.7,55,224,297.4
pytest,2013-06-04,51,21,11,85,32.11510861606053,53.558462357729546,113.5,69,24,14,135,33.839618871984015,53.832035721578244,133.5,91,40,18,184,33.915569186361175,53.172160337260976,218.4,3,30,18.0,39,191,214.1,54,219,291.9
pytest,2013-06-11,29,14,9,47,32.30122715635208,48.10073666297671,74.7,72,26,14,139,33.97358130093435,53.4406456371273,143.9,92,41,17,181,34.17124779349396,52.82199834146738,223.1,12,54,65.4,41,202,225.2,61,248,329.8
pytest,2013-06-18,24,12,8,40,33.95497925311203,47.91879231547034,64.0,62,25,12,125,32.63953526970955,53.68937510699735,137.5,89,41,16,175,34.40033195020747,52.49547930489884,222.5,14,67,76.7,51,214,276.4,61,248,329.8
pytest,2013-06-25,18,7,9,36,35.46415398801291,51.33703907652578,38.6,66,25,14,131,33.487631053815214,53.95632145861593,138.1,81,28,17,163,34.59896138278645,53.34467298486145,156.3,15,70,82.0,52,202,280.2,61,235,328.5
pytest,2013-07-02,13,4,6,27,34.95451052712463,53.92354876178406,22.7,61,24,13,109,32.94575354981156,53.4070523509269,130.9,81,29,17,162,34.025434147840784,53.84728789494587,161.2,35,157,190.7,51,195,274.5,70,319,381.9
pytest,2013-07-09,33,11,8,50,33.77128630705394,56.35309266297671,60.0,63,25,15,96,33.10127074688796,52.52245078795702,134.6,103,35,19,186,34.015660554142684,54.22031965355859,193.6,32,154,175.4,49,195,264.5,76,404,420.4
pytest,2013-07-16,43,13,8,59,32.940361488149655,55.79021646518782,70.9,71,26,15,104,32.92451324609001,52.07743222052557,140.4,107,39,18,189,33.4227096094316,54.0799404924641,213.9,36,152,195.2,48,189,258.9,77,459,430.9
pytest,2013-07-23,41,14,6,58,30.05122335098011,56.99770260507898,75.8,58,21,13,90,32.33024435223605,54.49575863204419,114.0,106,39,17,185,32.539957384770666,54.728448547068844,213.5,37,147,199.7,47,181,253.1,81,465,451.5
pytest,2013-07-30,53,15,7,86,29.34584579754897,57.321225788145945,83.6,66,19,11,113,30.68596922850953,56.50939145441346,106.3,114,39,18,195,31.358101925736783,55.13330320016197,214.5,36,109,190.9,50,190,269.0,80,431,443.1
pytest,2013-08-06,72,32,8,145,31.19198740878523,54.401345509417574,174.5,104,41,13,195,32.07134801574635,54.58207313729744,224.5,141,57,21,249,32.6606342381976,53.431418457661515,309.9,15,28,77.8,46,260,256.0,57,348,319.8
pytest,2013-08-13,68,29,7,151,31.710505344728084,54.61651166894347,160.1,107,41,12,205,32.24297135917417,55.0699226950781,225.5,136,55,19,252,32.25383652769545,53.77011418909094,300.2,20,43,104.3,49,304,275.4,56,335,313.5
pytest,2013-08-20,74,37,9,147,31.825359189318878,54.40619987105396,199.7,117,51,12,207,32.12221620863151,54.8390319938763,275.7,137,60,18,245,32.283665001270215,54.082883863725485,324.5,10,34,53.4,39,305,225.5,56,337,313.7
pytest,2013-08-27,63,37,10,117,32.70596162712345,53.34690264711089,196.7,115,52,12,202,31.380345918409265,55.03238475948199,280.2,127,55,17,224,31.89800681683462,54.735491905252765,297.4,11,39,58.9,44,322,252.2,83,422,457.2
pytest,2013-09-03,23,15,6,28,30.045050385299344,58.90449808887541,77.8,108,51,11,189,31.729917231991916,54.85923851068132,273.9,123,54,15,219,32.06938365637848,54.84643062014195,291.9,31,219,176.9,44,324,252.4,84,425,462.5
pytest,2013-09-10,32,20,7,46,36.17688977088219,51.57587644790392,104.6,99,49,10,194,32.834816272404495,53.77601632932934,264.4,138,61,14,248,33.03014991299692,54.33382281600986,329.8,26,211,151.1,36,292,209.2,87,446,479.6
pytest,2013-09-17,19,10,6,34,39.698559921894066,49.60853364554032,53.4,93,47,10,181,33.30430297333852,53.504980801067966,253.1,138,61,14,248,33.030149912996926,54.33382281600986,329.8,29,271,172.1,45,302,255.2,106,556,585.6
pytest,2013-09-24,18,9,5,33,40.06852759964793,49.22256586990873,48.3,88,46,10,165,33.58317615993964,53.12496233784213,246.5,133,61,12,235,32.60038845237044,54.21653785158448,328.5,35,288,203.8,73,388,403.8,115,610,636.0
pytest,2013-10-01,54,23,7,148,40.99545811371537,51.12265426437043,129.8,78,39,10,186,39.02960335519564,52.638512479138775,213.6,167,74,13,343,35.65370238196049,53.377905921556525,404.3,21,174,122.4,61,277,332.7,101,496,554.6
pytest,2013-10-08,68,27,8,209,37.805058667037265,53.62791774850622,155.9,97,44,11,250,37.31765975103734,53.4533982232879,245.0,171,76,13,404,35.20960519288443,53.82814880036201,420.4,11,88,63.8,60,226,322.6,91,408,495.8
pytest,2013-10-15,83,29,8,271,39.17661649645542,51.38161123161229,172.1,106,41,13,308,39.07010831492159,51.090252364279436,235.8,178,77,15,460,36.6627367851344,52.407786805850634,431.0,14,29,72.9,69,267,371.7,88,343,474.3
pytest,2013-10-22,90,35,8,286,39.50786350578881,51.32158940933712,203.6,109,45,12,320,39.528124999999996,51.139577234433716,257.0,183,82,15,467,37.10348565488196,52.167828899494054,456.7,33,81,173.1,80,324,432.4,87,412,476.2
pytest,2013-10-29,76,30,8,241,38.37382276475956,51.820170220682286,174.1,110,44,11,322,39.453351717739224,51.20917905435266,252.2,170,80,15,431,37.91677176497771,51.74524161876582,443.1,39,100,205.0,80,322,432.2,97,488,533.8
pytest,2013-11-05,31,11,5,88,43.41385326291965,45.562094862376824,63.8,109,42,12,320,39.0030601659751,51.47512077011029,242.0,132,57,14,348,38.936066199265504,51.52352538681392,319.8,44,114,231.4,80,320,432.0,102,533,563.3
pytest,2013-11-12,22,10,6,35,38.57771191464138,53.75765637727313,53.5,100,39,11,296,39.50063081753953,51.29216187350563,224.6,131,59,15,339,39.15591378107443,51.23284312813302,328.9,56,231,303.1,78,318,421.8,98,528,542.8
pytest,2013-11-19,37,26,7,60,39.3423928077455,52.789378785688534,136.0,120,55,12,331,39.206666583094105,51.63679568250223,308.1,139,65,15,365,39.25248678451656,51.447861684538665,361.5,58,278,317.8,64,361,356.1,82,495,459.5
pytest,2013-11-26,57,39,7,100,39.46721991701244,53.3243510640775,205.0,147,72,12,383,39.32634908941205,51.92093665011854,398.3,167,83,14,422,39.45663802088453,51.710404649074185,457.2,41,221,227.1,57,383,323.3,63,445,359.5
pytest,2013-12-03,59,42,6,108,40.094167819271554,52.61735436260084,220.8,98,55,9,213,40.93875284904447,49.646587344503146,296.3,172,86,14,432,39.607960657753175,51.493048754014005,473.2,38,212,211.2,60,425,342.5,62,438,353.8
pytest,2013-12-10,86,55,7,159,38.35413241472899,52.45527536366398,290.9,113,65,8,240,40.06986514522821,50.370970386313125,349.0,182,91,13,451,38.98892272589265,51.75324250538831,500.1,25,161,141.1,46,373,267.3,48,387,278.7
pytest,2013-12-17,140,66,7,300,33.5582295988935,56.34192880741898,360.0,166,82,9,331,34.233355480061675,55.836176913807115,443.1,249,111,14,602,36.45864407714257,53.83088239574267,615.2,6,18,31.8,26,224,152.4,34,285,198.5
pytest,2013-12-24,107,42,11,222,31.196310418302115,57.32267407524456,232.2,164,80,13,322,33.764915852684204,56.08095885438523,432.2,255,115,18,610,36.43693626283926,53.87005616830365,636.0,16,148,94.8,22,224,132.4,30,277,177.7
pytest,2013-12-31,106,40,12,219,30.979916254570945,57.53855116082888,221.9,164,80,14,322,33.76491585268421,56.08095885438523,432.2,220,101,17,496,35.3003112033195,54.39772495057817,554.6,21,210,126.0,22,223,132.3,42,318,241.8
pytest,2014-01-07,89,31,12,182,29.45241895034426,59.75132445753585,173.2,161,80,13,320,33.73691649377594,56.203442550126375,432.0,192,91,15,408,35.82409893417948,53.90824991159216,495.8,22,213,131.3,24,227,142.7,61,390,344.0
pytest,2014-01-14,37,19,9,76,29.8524241100677,58.73880210231786,102.6,152,74,14,314,33.548867510637734,56.300173083145104,401.4,176,88,15,343,34.168007451943424,55.934983964617565,474.3,20,212,121.2,28,273,167.3,69,415,386.5
pytest,2014-01-21,19,7,5,88,32.8491135420596,57.2335686112294,43.8,135,54,14,331,31.40210101415301,57.491659104126136,303.1,184,87,16,412,33.53884502276115,56.357557595589796,476.2,15,136,88.6,23,189,133.9,67,337,368.7
pytest,2014-01-28,75,17,10,166,40.129930510423435,54.11145828383275,101.6,182,58,16,388,35.01842623091072,55.94880340159929,328.8,239,97,18,488,35.9300642813414,55.41100579145138,533.8,5,57,30.7,25,151,140.1,57,261,311.1
pytest,2014-02-04,88,22,10,213,40.36011922155338,53.293793939796274,131.3,186,58,16,419,35.5439150714505,55.617720603068,331.9,249,102,17,533,36.38371233058006,55.040674906598596,563.3,2,13,11.3,36,173,197.3,52,215,281.5
pytest,2014-02-11,85,20,9,210,40.54398340248962,53.164484278345036,121.0,129,42,15,297,37.66638724730011,54.721028150311255,239.7,244,98,17,528,36.28511253614988,55.09882183243476,542.8,2,28,12.8,44,191,239.1,53,219,286.9
pytest,2014-02-18,76,18,9,134,44.86492846968477,50.984422403417504,103.4,92,24,12,217,40.12287511711952,53.46064511586239,141.7,225,82,16,495,36.218785364013584,55.16680689223786,459.5,8,61,46.1,52,209,280.9,57,227,307.7
pytest,2014-02-25,20,6,4,62,39.48373711685183,52.28985904551944,36.2,92,22,10,224,39.72808609958507,53.7382959010349,132.4,198,63,16,445,35.4992866800317,55.50711563212299,359.5,14,69,76.9,52,204,280.4,57,219,306.9
pytest,2014-03-04,5,2,3,13,27.836578359399937,60.50760100464192,11.3,93,24,11,226,39.63973855249146,53.708747443526335,142.6,195,62,17,438,35.21512343924667,55.80046636327968,353.8,33,157,180.7,50,202,270.2,57,227,307.7
pytest,2014-03-11,10,2,5,28,32.06253704801423,56.18526813995316,12.8,97,23,11,240,39.44569502074689,53.593417278557965,139.0,172,48,17,401,35.322875384153726,56.12751366601442,280.1,42,161,226.1,51,191,274.1,60,214,321.4
pytest,2014-03-18,24,8,6,61,35.089517719883,55.94931473287189,46.1,106,28,12,267,39.49340295584876,53.663176090607166,166.7,120,34,17,285,38.940569265487376,54.056371154505555,198.5,44,148,234.8,49,163,261.3,56,184,298.4
pytest,2014-03-25,23,9,5,56,35.7680794309425,55.378229419612,50.6,54,15,9,132,40.25682132528606,52.777324323744736,88.2,115,31,13,280,38.93608476585655,54.06628260475032,183.0,43,148,229.8,48,163,256.3,55,181,293.1
pytest,2014-04-01,66,21,9,116,45.26395049363285,49.686751631925134,116.6,72,22,10,129,43.47273955418315,50.962436453033256,122.9,157,43,16,339,41.65846583189513,52.32653687579277,248.9,31,89,163.9,38,110,201.0,45,137,238.7
pytest,2014-04-08,104,38,10,166,45.86881967704844,49.79593807132403,206.6,111,40,12,180,44.46438450899032,50.63927779523063,218.0,199,62,16,393,42.239935383738235,52.07798501862118,349.3,12,35,63.5,22,62,116.2,29,90,154.0
pytest,2014-04-15,102,42,10,142,46.97861025071592,48.642346780227456,224.2,126,50,13,203,43.406025795638044,50.838036657623064,270.3,212,70,16,415,41.881057841323795,52.07073272393425,391.5,7,21,37.1,12,38,63.8,19,69,101.9
pytest,2014-04-22,104,44,11,148,46.083856678255025,48.77662563512982,234.8,126,52,13,201,43.48733510868892,50.4133583620564,280.1,199,67,16,337,43.76653902508096,50.842460756133434,368.7,5,18,26.8,12,36,63.6,19,106,105.6
pytest,2014-04-29,74,32,9,110,43.1516408902301,50.54095634145008,171.0,129,52,14,204,43.749674558620136,50.28321554537305,280.4,145,57,15,261,42.66270806505461,50.767458650307674,311.1,5,17,26.7,13,39,68.9,29,133,158.3
pytest,2014-05-06,27,16,7,42,33.82542975696502,53.35790791385342,84.2,127,50,14,202,43.88833655149748,50.282065994311715,270.2,133,52,15,215,42.91776512592879,50.90035415772703,281.5,10,27,52.7,17,55,90.5,33,191,184.1
pytest,2014-05-13,21,11,7,31,35.49163431936822,53.25165032377921,58.1,131,53,13,194,43.9278136630021,50.55055117362011,284.4,141,55,15,222,42.43129228813876,51.26123619640086,297.2,7,21,37.1,14,50,75.0,39,232,218.2
pytest,2014-05-20,19,5,6,18,39.435223605348085,55.418195770117975,26.8,123,49,13,166,45.362920561915715,49.49679589073094,261.6,147,57,16,227,42.60222640612719,51.230732672099215,307.7,7,18,36.8,13,83,73.3,40,232,223.2
pytest,2014-05-27,16,5,5,15,35.056984785615484,58.18910555862388,26.5,109,43,11,150,45.64586445366528,49.11682556373072,230.0,145,57,15,219,43.154284848140364,50.82471486134913,306.9,7,19,36.9,15,98,84.8,47,247,259.7
pytest,2014-06-03,23,10,7,27,31.972644844014145,58.44935407163297,52.7,53,27,13,72,32.86664361456892,55.641681986667805,142.2,151,60,18,229,42.483429668955765,51.24502135713998,322.9,7,28,37.8,22,162,126.2,44,241,244.1
pytest,2014-06-10,21,9,6,24,32.533022130013826,57.96233955041425,47.4,39,18,11,54,34.32488089749501,55.17688590751324,95.4,147,60,17,215,42.885206986393904,51.213333331014404,321.5,7,29,37.9,30,201,170.1,47,282,263.2
pytest,2014-06-17,14,7,6,21,41.73068563524995,51.398514190620396,37.1,30,12,9,36,41.76970954356847,52.496108642805666,63.6,134,56,16,184,45.23978441277286,49.50435057141421,298.4,6,62,36.2,31,210,176.0,52,290,289.0
pytest,2014-06-24,12,7,5,19,43.22974448569557,50.24620302738225,36.9,28,12,8,34,39.62411520624848,53.7504247323418,63.4,134,55,16,182,45.434841092517445,49.36323936624973,293.2,7,69,41.9,40,228,222.8,56,299,309.9
pytest,2014-07-01,14,7,6,27,47.6597510373444,47.29729161323692,37.7,32,14,10,48,42.419087136929456,51.28314183632643,74.8,96,45,15,137,41.88263621770603,51.226635476918524,238.7,17,131,98.1,39,216,216.6,58,523,342.3
pytest,2014-07-08,16,7,6,29,48.02661324939191,47.66282793588415,37.9,39,17,10,56,40.286307053941904,52.863474465620186,90.6,61,29,15,91,38.23915918106789,52.62484297631347,154.1,21,168,121.8,39,253,220.3,67,603,395.3
pytest,2014-07-15,21,7,8,31,46.71811002543168,47.264824404117434,38.1,33,12,11,48,40.0649204702628,51.71318508936013,64.8,51,19,14,69,39.12941247218714,52.23842534252427,101.9,26,183,148.3,42,253,235.3,80,686,468.6
pytest,2014-07-22,35,7,10,70,31.11209247184351,58.61735872236052,42.0,46,14,11,88,33.769568087514145,56.76758520277406,78.8,65,19,13,106,34.73166053393878,56.53844360100226,105.6,29,149,159.9,46,227,252.7,83,650,480.0
pytest,2014-07-29,55,16,11,99,30.81453539544826,57.67488094387549,89.9,68,24,14,121,33.61969754123658,56.10894224336117,132.1,85,29,15,138,33.687082807144144,56.425431415281345,158.8,24,126,132.6,43,238,238.8,83,656,480.6
pytest,2014-08-05,59,16,10,136,31.64181108127898,57.92673975355008,93.6,74,23,13,164,34.564441858111515,56.084836258427245,131.4,97,33,15,191,34.19806217549043,56.41908746762388,184.1,22,80,118.0,39,436,238.6,81,604,465.4
pytest,2014-08-12,71,25,10,182,31.02384752177283,58.961457137656105,143.2,88,32,14,211,33.360720536469294,57.40856497248366,181.1,104,39,16,232,33.35101588210044,57.40201270551658,218.2,17,73,92.3,52,496,309.6,72,556,415.6
pytest,2014-08-19,63,29,8,153,33.73948417541289,57.2431136268489,160.3,93,35,15,218,33.039171647188695,57.56735845993673,196.8,104,42,16,236,33.883114143048026,56.95769716756393,233.6,18,79,97.9,55,501,325.1,67,545,389.5
pytest,2014-08-26,61,33,8,151,34.02742436316671,56.838159760642014,180.1,101,41,16,230,33.08894100667508,57.1547038539271,228.0,113,48,17,249,33.86273725607825,56.627549172383524,264.9,17,98,94.8,57,524,337.4,63,534,368.4
pytest,2014-09-02,38,23,8,82,34.34480315757514,56.506433610473756,123.2,96,38,13,216,32.706393115106806,57.34663528730968,211.6,111,45,16,244,34.54861914155499,56.17520394245144,249.4,17,344,119.4,59,524,347.4,61,526,357.6
pytest,2014-09-09,41,18,8,82,34.052373241574735,56.11588820556139,98.2,107,41,12,254,32.14070310713235,57.90958003738433,230.4,124,48,16,283,33.7685878920282,56.85955950401504,268.3,36,422,222.2,56,484,328.4,58,486,338.6
pytest,2014-09-16,44,22,8,83,33.98535219717043,56.19023686403545,118.3,104,47,10,231,33.26171615383233,57.29415425930164,258.1,131,53,16,293,32.90575389800745,57.4723583021599,294.3,36,425,222.5,49,470,292.0,51,472,302.2
pytest,2014-09-23,40,16,7,74,35.09251990579791,56.81109750123962,87.4,106,49,12,233,34.34320517158478,56.58387347934913,268.3,140,56,18,302,33.6169657332857,57.036132983484116,310.2,39,422,237.2,46,460,276.0,48,462,286.2
pytest,2014-09-30,54,19,7,307,29.292997418465404,60.83993345166062,125.7,93,41,10,392,30.640824794648147,59.7859134341873,244.2,152,58,16,523,30.62145458295978,59.51640203051642,342.3,42,224,232.4,44,226,242.6,44,226,242.6
pytest,2014-10-07,95,34,8,360,31.229264638082068,59.58727549111817,206.0,136,52,12,445,31.72426686558814,58.96619869748926,304.5,202,73,17,613,31.613024848882784,58.88761343565544,426.3,24,126,132.6,26,128,142.8,26,128,142.8
pytest,2014-10-14,126,40,10,434,31.06304376924107,59.087409940581225,243.4,162,56,14,504,31.435058947507077,58.649960180616276,330.4,230,82,17,687,31.465938260643718,58.707899807223065,478.7,15,49,79.9,17,51,90.1,19,55,100.5
pytest,2014-10-21,122,38,10,424,31.161473420496357,59.010568895751014,232.4,160,55,12,502,31.342191400373608,58.75943119679128,325.2,219,84,17,651,31.929282113059383,58.38102759559381,485.1,11,42,59.2,13,44,69.4,16,52,85.2
pytest,2014-10-28,118,42,11,419,30.29593281771457,59.46739038227088,251.9,171,61,14,531,30.935930796821147,59.08670925782066,358.1,216,85,17,657,31.561397525530985,58.69319544580943,490.7,2,3,10.3,2,3,10.3,5,14,26.4
pytest,2014-11-04,93,42,10,168,32.440574985180795,56.5237233387943,226.8,166,59,13,524,30.709028855595317,59.28102408647592,347.4,204,81,17,604,31.213287626061383,58.89419410081036,465.4,2,2,10.2,2,2,10.2,6,14,31.4
pytest,2014-11-11,32,20,7,60,29.5573305670816,58.892981522567986,106.0,152,55,13,483,30.869367627982097,59.118136859529,323.3,189,72,17,556,31.393511746619296,58.62311817236708,415.6,2,2,10.2,4,6,20.6,6,21,32.1
pytest,2014-11-18,23,12,6,44,26.89966050546963,60.471416090334564,64.4,143,49,12,466,30.774829483731946,59.13419008431413,291.6,182,67,15,545,30.990597281967336,58.891066602793686,389.5,2,2,10.2,4,7,20.7,10,24,52.4
pytest,2014-11-25,9,6,4,10,31.740663900414937,56.110923217244455,31.0,130,46,12,436,30.454908827896,59.29362069677119,273.6,176,63,15,534,30.916569537041347,59.105016903795736,368.4,0,0,0.0,3,10,16.0,10,25,52.5
pytest,2014-12-02,3,2,2,2,27.489626556016596,62.34547024138272,10.2,102,44,11,182,33.03237426473941,56.462501890872005,238.2,170,61,14,526,30.69678778221289,59.29267597299647,357.6,0,0,0.0,4,12,21.2,32,88,168.8
pytest,2014-12-09,3,2,2,2,27.489626556016596,62.34547024138272,10.2,37,22,8,64,29.42809906639004,59.1087620674939,116.4,156,58,14,486,30.84850502877243,59.138058670528096,338.6,0,0,0.0,4,12,21.2,34,92,179.2
pytest,2014-12-16,3,2,2,2,27.489626556016596,62.34547024138272,10.2,27,15,8,47,26.937317912951354,60.59103656806104,79.7,147,51,14,472,30.733068429566075,59.17501144224296,302.2,2,5,10.5,8,22,42.2,37,93,194.3
pytest,2014-12-23,3,2,2,2,27.489626556016596,62.34547024138272,10.2,18,9,6,40,27.37790456431535,60.657270854660965,49.0,137,48,12,462,30.23285911875123,59.48646916021201,286.2,3,8,15.8,9,24,47.4,48,114,251.4
pytest,2014-12-30,0,0,0,0,39.031921792614305,52.27286909059944,0.0,3,2,2,2,27.489626556016596,62.34547024138272,10.2,120,44,12,226,32.69246869606727,57.0095611220559,242.6,4,12,21.2,21,71,112.1,49,152,260.2
pytest,2015-01-06,0,0,0,0,39.031921792614305,52.27286909059944,0.0,3,2,2,2,27.489626556016596,62.34547024138272,10.2,63,26,9,128,29.72513615145228,57.92475216841309,142.8,4,12,21.2,34,92,179.2,55,170,292.0
pytest,2015-01-13,2,2,2,4,27.489626556016596,62.34547024138272,10.4,5,4,4,6,27.4896265560166,62.34547024138272,20.6,31,19,10,55,28.972387778196907,59.71267291615541,100.5,5,17,26.7,35,89,183.9,56,176,297.6
pytest,2015-01-20,7,3,6,8,40.17842323651452,54.55228646120988,15.8,10,5,8,10,37.640663900414935,56.110923217244455,26.0,31,16,11,52,28.942547079476533,59.56078076277693,85.2,6,16,31.6,38,99,199.9,63,187,333.7
pytest,2015-01-27,9,3,7,11,47.0369671821954,51.00993019749496,16.1,9,3,7,11,47.03696718219539,51.00993019749496,16.1,13,5,9,14,42.848251333728506,53.43897449261376,26.4,9,30,48.0,46,141,244.1,84,344,454.4
pytest,2015-02-03,10,4,7,12,54.86721991701245,46.75910268103704,21.2,10,4,7,12,54.86721991701245,46.75910268103704,21.2,13,6,9,14,50.95613515115589,48.985726618229286,31.4,30,80,158.0,51,158,270.8,90,423,492.3
pytest,2015-02-10,13,2,8,15,49.39170124481327,49.876376193106175,11.5,15,4,10,19,44.78073815243503,52.5014486243223,21.9,18,6,11,21,43.13396561944279,53.43897449261377,32.1,33,74,172.4,51,158,270.8,93,455,510.5
pytest,2015-02-17,15,6,9,17,46.814986575543074,51.343328434079886,31.7,19,8,12,22,42.42285929837797,53.84381520846691,42.2,22,10,13,24,41.17842323651452,54.55228646120988,52.4,29,75,152.5,58,173,307.3,89,454,490.4
pytest,2015-02-24,19,7,9,15,35.09100968188104,55.40887928557285,36.5,27,10,13,25,40.65128630705394,53.19587804858618,52.5,27,10,13,25,40.65128630705394,53.19587804858618,52.5,39,124,207.4,75,312,406.2,91,479,502.9
pytest,2015-03-03,52,28,13,76,35.531011137803006,54.89967002766834,147.6,62,32,16,88,38.16776688042248,53.78959266221861,168.8,62,32,16,88,38.16776688042248,53.78959266221862,168.8,18,75,97.5,61,344,339.4,69,417,386.7
pytest,2015-03-10,54,30,14,80,35.66032157676348,54.49264166033678,158.0,64,34,17,92,38.165569186361175,53.483919184775935,179.2,64,34,17,92,38.165569186361175,53.483919184775935,179.2,21,78,112.8,63,382,353.2,76,444,424.4
pytest,2015-03-17,53,29,9,74,36.32281036222945,53.855925829441155,152.4,68,35,15,91,38.28288723724409,53.3865395028352,184.1,72,37,17,96,37.72073824343015,53.85315047880122,194.6,22,87,118.7,60,380,338.0,73,465,411.5
pytest,2015-03-24,70,39,12,93,36.341096684959616,53.35850802000108,204.3,85,45,16,109,37.129239788343675,53.15114160682287,235.9,92,48,19,117,37.33773096428698,53.246946383191215,251.7,30,131,163.1,53,387,303.7,71,498,404.8
pytest,2015-03-31,46,28,11,81,30.299677270631626,57.17192806671936,148.1,87,45,16,140,32.84839952578542,56.27102499954605,239.0,97,49,19,152,34.586727451408606,55.52008376387429,260.2,43,276,242.6,52,352,295.2,75,502,425.2
pytest,2015-04-07,49,21,8,78,28.40094690924567,59.62177606928404,112.8,103,51,16,158,32.07657965229266,57.02474598880441,270.8,113,55,19,170,33.685330729802295,56.300112343550246,292.0,41,303,235.3,55,366,311.6,71,527,407.7
pytest,2015-04-14,56,21,8,87,28.3066723899461,59.90353753536321,113.7,108,51,15,159,32.04773089068085,57.058209663348926,270.9,124,56,19,176,33.4741135420596,56.50620409006726,297.6,39,296,224.6,52,356,295.6,79,565,451.5
pytest,2015-04-21,63,29,8,94,27.740619758100113,60.21346297513902,154.4,120,61,14,177,32.36120683592377,56.84348888898714,322.7,135,67,18,193,33.13626298024208,56.437464884115634,354.3,31,302,185.2,49,410,286.0,89,602,505.2
pytest,2015-04-28,105,39,5,252,37.364947638806555,52.345019033264094,220.2,171,76,13,363,35.369065989963765,54.00574115713749,416.3,193,85,18,393,36.01970162490893,53.610402789615776,464.3,13,100,75.0,36,250,205.0,92,455,505.5
pytest,2015-05-05,109,39,8,273,37.999270439104464,51.99597962196606,222.3,158,60,13,351,35.86630965469139,53.690601054703386,335.1,212,90,20,431,35.828075208672296,53.839471700760626,493.1,16,70,87.0,32,253,185.3,93,443,509.3
pytest,2015-05-12,114,42,8,299,37.71428967929059,52.33094505238467,239.9,163,60,13,383,35.65740008450429,53.972647325105655,338.3,218,93,19,457,35.76514704413594,53.95374712668296,510.7,13,60,71.0,36,261,206.1,101,543,559.3
pytest,2015-05-19,107,35,9,307,37.490126643869864,52.903034945669646,205.7,169,64,14,405,35.368065160596274,54.34588490140502,360.5,223,93,18,480,35.49884163208852,54.28701534726887,513.0,11,97,64.7,57,297,314.7,102,528,562.8
pytest,2015-05-26,53,16,9,167,39.112182274455236,49.50887709466638,96.7,148,52,11,355,36.20566886797966,53.84508709964325,295.5,217,91,18,479,35.51449683382565,54.35725530384852,502.9,23,148,129.8,76,345,414.5,107,545,589.5
pytest,2015-06-02,32,8,6,73,32.40158017393281,58.57888717751813,47.3,146,51,11,342,36.611511489650816,53.49347048329128,289.2,184,69,17,417,35.243290844502816,54.42657927511808,386.7,24,168,136.8,83,367,451.7,120,590,659.0
pytest,2015-06-09,32,13,6,62,28.497858385758263,61.812552729175344,71.2,150,55,12,366,36.01335510056005,54.073929483821864,311.6,199,76,16,444,34.676040148031845,55.048551181267925,424.4,19,172,112.2,84,480,468.0,114,573,627.3
pytest,2015-06-16,56,14,9,109,29.581940690547793,60.01943882814975,80.9,162,52,13,402,35.6033731756157,54.39785760566569,300.2,217,74,17,489,34.35326561956402,55.26913363406879,418.9,37,191,204.1,92,441,504.1,124,540,674.0
pytest,2015-06-23,88,23,13,130,31.483051388445574,57.941703047598544,128.0,169,46,18,386,35.50440736998258,54.22244891429808,268.6,240,76,20,517,34.33657311171216,55.45367681066254,431.7,38,175,207.5,81,408,445.8,132,590,719.0
pytest,2015-06-30,95,24,14,164,33.90254022872179,56.48963364352705,136.4,128,33,19,240,33.788796680497924,56.93854009158344,189.0,242,76,21,516,35.52434140692849,54.63618106044116,431.6,56,202,300.2,91,420,497.0,163,707,885.7
pytest,2015-07-07,92,17,15,162,41.421136212284196,50.72952887182616,101.2,125,31,19,225,37.79813739050253,53.83514407416041,177.5,242,72,24,528,37.67256066892996,53.04780656877773,412.8,61,295,334.5,96,403,520.3,187,751,1010.1
pytest,2015-07-14,111,28,14,213,39.32505405879259,52.436914810922275,161.3,142,41,19,273,36.95283692794066,54.4935904155771,232.3,249,80,23,569,37.402861539134676,53.31575807274414,456.9,65,277,352.7,90,365,486.5,187,747,1009.7
pytest,2015-07-21,116,42,13,194,39.73655729991017,52.603041269205185,229.4,190,60,20,302,36.802602291775436,54.400391061954394,330.2,291,91,24,604,37.082609711192326,53.650241486594275,515.4,43,230,238.0,89,398,484.8,170,699,919.9
pytest,2015-07-28,140,57,20,216,42.20262793914247,50.944329305957474,306.6,234,80,27,366,37.5611409654672,53.84471534276724,436.6,276,93,32,466,36.69947286876925,54.601267229011704,511.6,33,215,186.5,100,479,547.9,152,638,823.8
pytest,2015-08-04,146,62,22,291,32.02860361323808,56.95185066025902,339.1,242,78,30,474,35.03761577113644,55.0641921823634,437.4,278,94,33,544,34.52694044422748,55.6298474874458,524.4,35,113,186.3,124,461,666.1,148,527,792.7
pytest,2015-08-11,166,66,22,282,31.19488831994349,56.13856458477916,358.2,269,89,32,483,34.871240431947626,54.43829362077295,493.3,300,102,35,543,34.170712882938645,55.25116601760488,564.3,26,91,139.1,124,476,667.6,142,508,760.8
pytest,2015-08-18,121,46,21,233,31.570494897868322,55.46221110427965,253.3,244,92,31,433,35.17500215614309,54.10807783624518,503.3,305,103,35,530,34.42708056055742,54.86449181461399,568.0,43,149,229.9,127,472,682.2,137,496,734.6
pytest,2015-08-25,94,31,16,212,29.894249588976745,55.858517107747744,176.2,222,84,28,409,36.44624577706987,53.229643954740745,460.9,314,107,35,557,34.98857245021863,54.55564484775032,590.7,64,260,346.0,125,447,669.7,133,504,715.4
pytest,2015-09-01,99,39,18,224,31.937537048014224,54.74788466864378,217.4,234,98,28,423,35.55054295047232,53.53202504361511,532.3,337,122,37,591,35.41264893176345,54.20141700756412,669.1,82,333,443.3,113,417,606.7,133,544,719.4
pytest,2015-09-08,66,30,13,93,39.64239503859367,50.7063878122192,159.3,231,95,27,401,32.9611758984282,55.25772122561908,515.1,327,114,37,573,35.643233183434354,53.8835840325308,627.3,93,369,501.9,117,418,626.8,158,589,848.9
pytest,2015-09-15,79,35,13,104,40.28969837216725,51.56115804278412,185.4,219,90,27,354,33.75957052769767,54.52945423414321,485.4,329,127,37,545,36.17218774981917,53.531442670162974,689.5,88,367,476.7,103,398,554.8,152,622,822.2
pytest,2015-09-22,149,63,20,268,33.188626370223574,56.12089779301653,341.8,267,106,34,501,32.66863782807828,55.642114930714094,580.1,370,144,39,676,34.86916570502591,54.58276016076246,787.6,63,196,334.6,73,247,389.7,124,472,667.2
pytest,2015-09-29,194,82,23,320,31.85635373443983,56.92334225838518,442.0,286,117,32,538,31.938854524981107,55.95710570076426,638.8,426,173,42,740,34.2844117976898,54.794309141791274,939.0,36,104,190.4,48,219,261.9,101,399,544.9
pytest,2015-10-06,231,91,25,370,32.008455758663224,56.12149553358563,492.0,315,126,34,478,33.28821680931961,54.68409873143047,677.8,463,187,43,773,32.776921301390814,55.5282012404915,1012.3,27,56,140.6,61,198,324.8,94,355,505.5
pytest,2015-10-13,244,98,28,382,34.015934913427905,55.00921082772612,528.2,300,123,33,470,35.19864041670345,54.2615427712694,662.0,463,188,45,747,33.739466857749115,54.86020022771307,1014.7,15,32,78.2,64,256,345.6,88,348,474.8
pytest,2015-10-20,186,81,26,302,33.74103487125937,55.101713213180155,435.2,299,127,35,470,34.793299196609865,54.416791994826006,682.0,414,170,46,700,33.77329579134558,54.696428955492564,920.0,10,50,55.0,61,277,332.7,87,347,469.7
pytest,2015-10-27,116,53,19,160,35.46976141078837,52.20838454505575,281.0,286,120,34,424,33.59125694825021,55.26303434193684,642.4,374,153,41,639,33.00592211637738,55.080264420698526,828.9,10,65,56.5,61,292,334.2,91,394,494.4
pytest,2015-11-03,48,24,16,66,40.62756192631711,53.22105550269505,126.6,275,113,36,414,33.622647182632754,55.32836392583124,606.4,360,148,43,527,34.38401033013928,54.18149109084134,792.7,34,152,185.2,70,306,380.6,93,402,505.2
pytest,2015-11-10,37,18,14,32,36.27217323651452,57.13897085869565,93.2,280,116,36,417,34.200901519448344,55.10334508677088,621.7,338,142,42,508,35.17722253079361,54.374090951243396,760.8,49,197,264.7,71,316,386.6,94,404,510.4
pytest,2015-11-17,28,10,12,24,38.30342323651451,57.55862962326506,52.4,221,94,34,347,34.04431583101152,55.42755619158768,504.7,326,137,42,496,35.13835162628831,54.47509036041929,734.6,51,254,280.4,76,324,412.4,106,441,574.1
pytest,2015-11-24,34,9,10,61,33.40833956873682,59.44006622374,51.1,171,70,27,248,34.96093227144961,54.58799323746625,374.8,327,134,40,508,34.17312216159702,55.27452592419095,720.8,51,226,277.6,80,310,431.0,113,421,607.1
pytest,2015-12-01,49,23,12,132,38.510844964164455,52.573335902337114,128.2,124,54,24,216,38.808917319809424,52.21411808557331,291.6,323,136,42,549,34.745331005449366,54.63958848568565,734.9,46,174,247.4,69,271,372.1,107,390,574.0
pytest,2015-12-08,96,41,11,172,34.74724983112997,54.75643593708148,222.2,142,65,23,221,38.13865680328946,53.428340637234015,347.1,377,158,42,590,34.348800900203955,55.014487038309916,849.0,28,134,153.4,53,232,288.2,98,376,527.6
pytest,2015-12-15,129,49,13,224,34.504779193835205,54.637015215922325,267.4,164,64,23,255,34.75408022130014,54.92075688471953,345.5,384,152,44,622,34.15275313204627,54.99630730207706,822.2,27,100,145.0,53,199,284.9,104,358,555.8
pytest,2015-12-22,134,51,13,231,36.11939789118213,53.20747176811866,278.1,167,61,21,282,35.47901768635413,54.45269782237982,333.2,312,124,36,478,35.76657580860778,53.643748725110655,667.8,28,79,147.9,63,201,335.1,114,371,607.1
pytest,2015-12-29,150,56,16,185,33.86416956375462,55.47159848206733,298.5,186,68,22,300,35.51809128630705,54.52430172445418,370.0,276,104,34,404,36.25142763238979,53.55369560860295,560.4,25,98,134.8,61,191,324.1,108,363,576.3
pytest,2016-01-05,125,34,16,164,34.24413014877037,55.451464922436415,186.4,187,68,21,306,34.87534239145173,54.71306748131446,370.6,239,95,33,362,36.845051695284376,53.91284374367804,511.2,20,86,108.6,69,238,368.8,106,358,565.8
pytest,2016-01-12,66,24,13,93,35.528934100745104,54.68019945412564,129.3,195,73,22,317,34.805241043496466,54.64968440883373,396.7,230,88,32,349,34.93974485489068,54.877928438620486,474.9,26,93,139.3,75,258,400.8,103,358,550.8
pytest,2016-01-19,60,26,14,70,32.14066390041493,57.64994936146789,137.0,194,77,22,297,35.29787501571734,54.131449672635135,414.7,227,87,30,347,34.92069546916665,54.9839478098183,469.7,34,132,183.2,79,290,424.0,100,359,535.9
pytest,2016-01-26,76,31,14,104,32.509854771784234,58.073257394855084,165.4,216,82,24,331,35.07896353311353,54.79073698348582,443.1,252,92,31,396,34.73109727985247,55.48709546546147,499.6,32,91,169.1,82,268,436.8,99,339,528.9
pytest,2016-02-02,66,23,13,96,32.26642461964039,58.9302362612735,124.6,190,59,24,250,33.31282987551866,56.76093478475753,320.0,256,93,30,402,34.62301562725789,55.58945926808717,505.2,45,140,239.0,85,274,452.4,98,334,523.4
pytest,2016-02-09,71,26,12,92,30.83812917192855,59.67300506290333,139.2,144,48,20,211,32.49302865233722,57.801693086714415,261.1,263,97,29,408,33.92862663737694,55.76353174790689,525.8,47,158,250.8,79,261,421.1,91,318,486.8
pytest,2016-02-16,96,32,12,125,32.97470539419087,57.24668342389143,172.5,153,57,23,195,32.675305883604636,57.391445555329135,304.5,294,108,31,449,34.18157454555536,55.492658524000895,584.9,46,154,245.4,69,227,367.7,81,276,432.6
pytest,2016-02-23,92,34,13,113,31.977270223625744,57.58241099433991,181.3,164,63,23,197,32.714029951344855,57.35797871369381,334.7,298,114,33,423,34.614176549640476,55.07144551063935,612.3,52,181,278.1,69,245,369.5,81,283,433.3
pytest,2016-03-01,99,38,17,127,35.03424053321136,55.33618007508045,202.7,167,61,25,224,33.81435240071132,56.90778134311988,327.4,307,107,35,398,33.44688171146187,56.52593624733453,574.8,44,132,233.2,61,207,325.7,75,236,398.6
pytest,2016-03-08,116,49,21,157,35.47223617094379,53.12748919970784,260.7,188,74,28,255,33.84395085835164,55.29786755785248,395.5,279,102,39,389,34.25587472933044,55.07724394693211,548.9,32,104,170.4,45,165,241.5,71,234,378.4
pytest,2016-03-15,116,51,23,160,34.48825207468879,53.023946959845986,271.0,195,77,27,259,33.65512103686377,55.15627540760376,410.9,264,104,38,359,34.02031923623712,55.17312582588507,555.9,24,93,129.3,36,142,194.2,73,244,389.4
pytest,2016-03-22,132,53,28,182,32.29342027267339,53.68695805924793,283.2,230,88,32,304,32.650565079711726,55.06521507909672,470.4,296,116,43,383,32.701136474437455,55.54591540803973,618.3,16,64,86.4,26,97,139.7,68,224,362.4
pytest,2016-03-29,118,47,21,172,31.659799285921064,54.15767744379056,252.2,207,83,31,265,32.662851327017925,54.37775778258237,441.5,276,108,39,363,32.53091457768938,55.510732892158636,576.3,17,75,92.5,28,100,150.0,121,454,650.4
pytest,2016-04-05,98,38,17,121,30.264154178526113,52.700417484837494,202.1,211,87,32,273,33.63049260559634,53.35624632154093,462.3,274,107,38,359,33.063523619089445,54.708622551598104,570.9,13,61,71.1,39,130,208.0,117,447,629.7
pytest,2016-04-12,77,28,14,100,35.776804979253114,50.88406487918666,150.0,197,77,33,265,34.84244891568151,52.323926731933874,411.5,265,103,37,358,34.1015554370755,54.066360474160845,550.8,12,50,65.0,48,150,255.0,133,468,711.8
pytest,2016-04-19,52,23,14,77,42.20051732499865,46.484990388553086,122.7,164,68,33,235,36.357746976251434,50.87614283969869,363.5,264,102,37,367,35.03633814600835,53.26470650410164,546.7,14,49,74.9,51,146,269.6,150,523,802.3
pytest,2016-04-26,42,17,13,74,45.223001009308064,43.00533411362419,92.4,168,67,30,251,36.01767205038766,50.774201827115114,360.1,252,99,37,342,35.36583679114799,51.97925683343387,529.2,13,28,67.8,97,361,521.1,170,587,908.7
pytest,2016-05-03,37,13,13,60,46.78492392807745,43.05255257903657,71.0,133,53,23,194,36.51281173803311,48.74001831835795,284.4,245,98,38,334,35.90485005093547,51.46616967693857,523.4,28,70,147.0,104,382,558.2,180,638,963.8
pytest,2016-05-10,30,12,12,57,48.06362378976487,42.03713585996572,65.7,115,44,22,160,37.73903008298755,48.81790670191636,236.0,229,91,38,318,36.58765886374905,50.9881331663589,486.8,32,92,169.2,114,411,611.1,190,671,1017.1
pytest,2016-05-17,33,12,12,49,44.513421966296896,44.10917045337765,64.9,93,35,18,122,40.64022855588055,45.988924959998016,187.2,201,81,37,276,36.6041253232305,50.678254175834645,432.6,41,112,216.2,140,486,748.6,192,686,1028.6
pytest,2016-05-24,32,13,10,38,42.05787289801267,49.64325496084016,68.8,69,30,19,102,46.08611992514848,44.804653441069156,160.2,200,82,36,283,37.28161517821796,50.45496659904875,438.3,62,256,335.6,147,537,788.7,210,754,1125.4
pytest,2016-05-31,41,19,7,54,36.14799446749654,57.35376955301216,100.4,85,36,19,129,42.27514554987294,48.45559098468301,192.9,189,80,30,261,36.378785710878994,50.801185281321565,426.1,85,328,457.8,157,557,840.7,214,812,1151.2
pytest,2016-06-07,54,26,9,81,33.08298755186722,58.50281306523734,138.1,86,39,18,142,39.548010052013325,51.562542345256475,209.2,171,71,28,246,35.997621698208675,52.28178976340551,379.6,85,319,456.9,162,585,868.5,222,837,1193.7
pytest,2016-06-14,71,40,12,104,34.26966964570699,57.00024426165599,210.4,104,52,20,153,37.55034849347761,52.87173042763221,275.3,173,76,27,246,36.87782950443612,51.97391728926682,404.6,98,377,527.7,149,577,802.7,211,833,1138.3
pytest,2016-06-21,99,48,17,208,35.226799393552504,55.25774321280323,260.8,128,58,23,241,35.54732184363216,54.74281272220269,314.1,165,74,30,305,38.26062172641317,52.05458632304254,400.5,94,282,498.2,162,538,863.8,209,741,1119.1
pytest,2016-06-28,203,93,31,354,35.082928944839075,55.40826304247033,500.4,225,104,34,379,35.815697566209394,55.15464389418748,557.9,269,121,41,454,37.61156707551136,52.98959849572358,650.4,70,225,372.5,129,485,693.5,169,625,907.5
pytest,2016-07-05,185,84,31,328,36.45014421617245,54.560940773887936,452.8,239,110,35,397,35.816079099470095,55.28694271905355,589.7,271,123,40,458,37.456504013480945,53.5634703366953,660.8,76,267,406.7,134,513,721.3,165,640,889.0
pytest,2016-07-12,194,90,31,352,37.58108968313843,53.16535453342197,485.2,262,126,36,452,36.92504498219072,53.98211532915579,675.2,292,138,40,502,37.646947479790384,53.035081576165936,740.2,64,225,342.5,126,485,678.5,159,594,854.4
pytest,2016-07-19,216,101,30,380,37.98240882288709,52.89753297159074,543.0,286,138,36,477,37.15606705115825,53.60321425492656,737.7,324,152,42,526,37.35180568922266,53.26290136936186,812.6,65,244,349.4,114,460,616.0,146,570,787.0
pytest,2016-07-26,171,76,27,232,37.70113750178852,50.86331562654034,403.2,349,160,43,565,36.03753534314985,53.58313470674071,856.5,376,173,47,593,36.619712692337295,53.39317206726706,924.3,57,269,311.9,97,390,524.0,131,509,705.9
pytest,2016-08-02,167,79,25,268,35.90239673004273,52.77503989797055,421.8,342,155,42,580,36.1700600944341,53.68204310445031,833.0,398,183,47,650,35.955339929779754,54.1361733634003,980.0,58,254,315.4,93,384,503.4,121,458,650.8
pytest,2016-08-09,172,76,24,260,36.668943504628146,52.481736838324665,406.0,356,158,42,579,36.26883523602719,53.66621871566311,847.9,419,190,47,671,35.98851655113133,54.1416435843187,1017.1,62,266,336.6,93,373,502.3,115,439,618.9
pytest,2016-08-16,140,52,20,215,34.4357425455949,55.15089722098166,281.5,348,151,39,589,36.79467273457369,53.62382446564898,813.9,426,192,47,701,36.40450216347718,54.07242497551442,1030.1,64,250,345.0,94,350,505.0,119,460,641.0
pytest,2016-08-23,165,67,21,279,34.041404542006866,55.9868688763898,362.9,358,152,41,560,36.46567871962062,53.67503251708037,816.0,489,214,50,816,35.55575726141078,54.47326152212838,1151.6,42,137,223.7,75,243,399.3,94,399,509.9
pytest,2016-08-30,152,58,21,256,35.430578967842315,55.384392233976094,315.6,302,130,36,485,35.87202806177011,53.74446324263021,698.5,492,215,54,813,35.91029586644414,54.137470000451515,1156.3,40,166,216.6,68,236,363.6,102,407,550.7
pytest,2016-09-06,153,61,20,259,33.62612345599897,56.024118683080474,330.9,326,138,34,525,34.88961865244023,54.19800958636525,742.5,514,223,53,844,35.47248824998525,54.32604247007812,1199.4,34,119,181.9,56,183,298.3,99,402,535.2
pytest,2016-09-13,149,62,19,256,32.57885438278008,56.147280645777805,335.6,284,113,30,456,33.24891715804033,55.65680824065477,610.6,496,211,50,833,35.397194562472286,54.332822412325704,1138.3,35,114,186.4,59,223,317.3,101,400,545.0
pytest,2016-09-20,113,48,20,203,29.8871491936308,57.6438441975126,260.3,287,116,32,459,33.258093094314724,55.579126784085545,625.9,489,210,51,741,35.19989248576276,54.43627603648687,1124.1,33,109,175.9,51,199,274.9,90,390,489.0
pytest,2016-09-27,107,41,15,146,29.64116409935769,58.23923420265733,219.6,259,100,29,406,33.48351491118696,56.32603205963054,540.6,411,170,45,631,34.57694760999796,54.711804141357376,913.1,28,93,149.3,55,252,300.2,84,361,456.1
pytest,2016-10-04,92,34,17,130,31.952441749122247,56.139275151527826,183.0,239,92,30,376,33.43108281098261,56.04391532562998,497.6,408,168,42,643,34.53415331401689,54.55453487807493,904.3,27,68,141.8,69,263,371.3,90,368,486.8
pytest,2016-10-11,83,33,15,109,33.00902204118923,56.439844629301035,175.9,236,95,29,369,33.119646009738105,56.09333154739452,511.9,393,159,42,594,33.598942397697584,55.45335590655712,854.4,26,100,140.0,67,286,363.6,86,384,468.4
pytest,2016-10-18,73,34,14,111,32.60345407648312,56.027526756076156,181.1,198,83,29,327,30.738348116284083,57.317259802969474,447.7,362,148,38,571,33.02791201284781,55.79292241542994,797.1,23,100,125.0,62,287,338.7,82,386,448.6
pytest,2016-10-25,73,34,13,119,30.999163150737477,56.890050684064626,181.9,164,74,23,240,30.538623789764866,57.14253112065456,394.0,315,131,35,509,32.888830918977085,56.50835824181671,705.9,24,149,134.9,54,270,297.0,88,411,481.1
pytest,2016-11-01,46,28,12,74,36.255242794661875,51.7329807165899,147.4,145,63,22,204,32.04247010007322,55.613135293061504,335.4,293,121,35,458,33.5990867745384,55.702774036012826,650.8,39,193,214.3,62,299,339.9,89,408,485.8
pytest,2016-11-08,44,24,12,73,34.731199909054745,53.75726624976492,127.3,125,55,24,180,33.44372982941447,55.632655725473704,293.0,278,117,36,446,33.456245464525615,55.76704407665234,629.6,44,212,241.2,64,297,349.7,88,417,481.7
pytest,2016-11-15,70,26,16,111,31.819483383798726,57.57909110028939,141.1,141,56,27,211,32.29165601463098,56.91437477871806,301.1,296,120,39,461,32.07647995967632,56.62021856028507,646.1,40,185,218.5,60,282,328.2,84,376,457.6
pytest,2016-11-22,67,22,14,156,35.975396318757305,54.12766886326455,125.6,133,55,24,262,34.13624845586139,54.974584965400716,301.2,233,97,34,399,33.303112553167146,55.377890579912226,524.9,34,129,182.9,62,261,336.1,84,401,460.1
pytest,2016-11-29,96,35,18,177,35.878449023606905,53.92696886476844,192.7,140,63,27,247,35.77900784517949,53.179637806304385,339.7,249,103,35,413,33.20779038107964,55.41212623867508,556.3,28,97,149.7,56,233,303.3,72,372,397.2
pytest,2016-12-06,117,44,19,221,34.393984341262836,54.66143190502513,242.1,157,66,26,285,34.47726577855426,54.39893185502687,358.5,242,100,36,404,34.01465634115279,54.9273562937734,540.4,22,85,118.5,46,201,250.1,66,369,366.9
pytest,2016-12-13,98,42,18,187,35.408902301018486,53.13104577901918,228.7,162,66,28,296,34.11637882695974,54.7368031497498,359.6,247,101,38,410,33.715585467057984,55.195704418637355,546.0,20,95,109.5,44,191,239.1,65,390,364.0
pytest,2016-12-20,95,40,17,203,35.49921304907713,52.867990287716616,220.3,155,58,29,293,34.472590032996756,54.72206329540504,319.3,223,91,38,402,33.763640304700566,55.01910548333871,495.2,25,98,134.8,50,264,276.4,69,500,395.0
pytest,2016-12-27,74,33,17,109,32.248315504967834,55.33038024632882,175.9,148,60,28,268,34.5828636898495,54.47618929105178,326.8,198,88,35,361,34.31412282617441,54.35972740899404,476.1,31,142,169.2,47,281,263.1,66,515,381.5
pytest,2017-01-03,54,21,14,107,28.533136851902118,58.078694915141966,115.7,162,63,29,302,32.91187381495424,55.21064430680395,345.2,208,90,37,370,33.17376920488953,54.99058267376331,487.0,26,113,141.3,44,282,248.2,72,479,407.9
pytest,2017-01-10,49,20,15,101,29.214042151103076,57.49808563084194,110.1,158,61,29,287,33.193488224153135,54.93289046999619,333.7,209,87,39,387,32.93441410145067,55.38938803069887,473.7,25,105,135.5,45,282,253.2,76,475,427.5
pytest,2017-01-17,52,21,17,100,30.915975103734436,56.59219683650504,115.0,142,60,28,287,33.99154220943513,54.11979015360874,328.7,210,83,40,387,33.462864678825305,55.096272306126025,453.7,30,175,167.5,49,408,285.8,79,466,441.6
pytest,2017-01-24,78,34,18,141,29.31697124863894,58.30437338660064,184.1,154,64,30,262,30.840248962655597,57.01423002677763,346.2,218,88,40,411,33.09464821152739,55.52441697691622,481.1,18,138,103.8,38,376,227.6,67,423,377.3
pytest,2017-01-31,70,28,17,110,30.299660505469628,58.714983164224435,151.0,116,51,25,216,29.384393729829416,58.09434057176903,276.6,222,90,40,409,32.49728616502145,55.94836393093876,490.9,18,164,106.4,48,375,277.5,68,424,382.4
pytest,2017-02-07,66,25,15,121,30.313226569733548,57.27550712773228,137.1,112,45,26,206,29.99361479273255,56.99085188013844,245.6,228,89,40,418,32.22327225078918,55.788350788895556,486.8,21,178,122.8,51,369,291.9,66,405,370.5
pytest,2017-02-14,61,24,12,95,29.706835553614326,57.03182091052722,129.5,112,44,27,192,30.673322959889347,56.719824267846036,239.2,204,84,37,377,33.03916043893151,54.90986970721556,457.7,23,228,137.8,56,377,317.7,70,481,398.1
pytest,2017-02-21,70,22,16,140,40.36111440426792,48.46115737348216,124.0,133,50,29,272,35.0619203075421,53.10429943980054,277.2,215,84,41,401,34.42701337941454,53.703875033863085,460.1,22,245,134.5,51,289,283.9,66,418,371.8
pytest,2017-02-28,54,16,14,166,39.83624956256561,49.648829798977744,96.6,123,44,28,302,35.164010332225,53.86999520754742,250.2,183,72,38,399,34.31509271103069,54.08399274516352,399.9,33,213,186.3,53,262,291.2,67,404,375.4
pytest,2017-03-07,61,20,16,175,43.21026674570243,48.062213581564095,117.5,126,44,27,291,38.043775220658475,51.825498946507125,249.1,174,66,39,376,36.12107133398075,52.901593931613,367.6,27,190,154.0,47,235,258.5,75,429,417.9
pytest,2017-03-14,74,22,16,209,40.62667513748536,49.964759633940886,130.9,136,46,25,305,37.18234133732399,52.20656793519709,260.5,184,66,39,400,35.881908713692944,53.176238881696754,370.0,34,169,186.9,47,266,261.6,78,420,432.0
pytest,2017-03-21,75,20,13,248,40.65170325257663,50.59548192697495,124.8,150,45,25,414,39.40074568524865,50.611651633945016,266.4,204,70,37,512,37.654369813278,51.86646615981612,401.2,31,49,159.9,46,174,247.4,77,323,417.3
pytest,2017-03-28,94,31,12,235,39.91798357905888,50.68269025928412,178.5,148,47,22,374,40.77894024452481,49.38184561776669,272.4,225,78,35,516,37.62113609315192,51.845101509296164,441.6,20,49,104.9,35,189,193.9,74,345,404.5
pytest,2017-04-04,80,28,8,197,41.675632411483456,48.884371317209194,159.7,143,46,20,366,41.2715461533229,49.18169166355407,266.6,205,72,30,479,38.556051247845176,51.2818523016521,407.9,22,50,115.0,49,238,268.8,74,365,406.5
pytest,2017-04-11,94,31,10,194,38.92024211832142,50.90859520154892,174.4,152,51,22,371,40.560143606491366,49.66108547961189,292.1,217,76,31,476,38.633172356079356,51.039340506907806,427.6,16,38,83.8,48,249,264.9,68,374,377.4
pytest,2017-04-18,72,30,10,58,31.30140220346258,54.895387013298745,155.8,142,49,19,291,39.241334074802865,51.44136611401092,274.1,218,79,30,466,38.38079888875038,51.297491780423776,441.6,17,123,97.3,48,285,268.5,109,844,629.4
pytest,2017-04-25,71,29,11,48,29.761324343015218,57.78852738600196,149.8,144,49,20,286,38.238632736558046,51.86073554102668,273.6,201,67,30,424,39.46897753072888,50.39469461333869,377.4,17,134,98.4,57,294,314.4,134,919,761.9
pytest,2017-05-02,50,20,12,49,30.47006520450504,58.03465078934119,104.9,142,50,19,260,39.36737950845834,50.79275003232746,276.0,199,68,30,424,39.60697369451186,50.290400506020475,382.4,23,178,132.8,52,292,289.2,149,1034,848.4
pytest,2017-05-09,42,17,10,37,29.65234944488057,59.752375459921026,88.7,132,47,15,228,37.54256751838101,52.02631093231879,257.8,193,68,27,406,39.91005253152914,50.36469013356883,380.6,30,212,171.2,52,336,293.6,156,1073,887.3
pytest,2017-05-16,49,15,9,104,30.211179380785186,60.22397555487456,85.4,129,48,15,253,36.92267069030556,53.100514996092265,265.3,207,71,28,481,38.15948792712279,52.10317877773652,403.1,33,175,182.5,51,290,284.0,158,1025,892.5
pytest,2017-05-23,67,17,12,133,29.4560259570087,61.07545789562569,98.3,136,46,18,177,29.583257144196732,60.155386065993106,247.7,211,68,26,422,35.87533185188098,54.5439614575669,382.2,35,152,190.2,111,780,633.0,157,1007,885.7
pytest,2017-05-30,76,17,11,168,29.430596720015803,60.20274902364969,101.8,126,37,19,217,29.665315410061762,59.71317845461228,206.7,223,70,26,430,35.42985621924153,54.52294833688618,393.0,35,124,187.4,129,815,726.5,154,993,869.3
pytest,2017-06-06,96,29,14,199,31.73412706686962,58.6647871392836,164.9,144,49,21,244,31.279283722195775,58.950386453547445,269.4,228,76,24,434,34.765541044419365,55.09015560766596,423.4,25,133,138.3,127,872,722.2,148,992,839.2
pytest,2017-06-13,106,32,16,171,31.65147654752371,57.595590772153336,177.1,150,45,21,268,31.20126029603022,58.49149697035634,251.8,236,79,27,437,34.57941263043953,55.134479242992064,438.7,20,111,111.1,124,853,705.3,154,988,868.8
pytest,2017-06-20,96,31,14,149,32.11175471330307,56.05741433721499,169.9,155,46,20,274,30.957612744949564,58.30958713296419,257.4,225,77,26,323,30.841886874863505,58.08074762602816,417.3,73,611,426.1,128,863,726.3,154,1017,871.7
pytest,2017-06-27,104,39,13,156,31.843387594424932,56.493763192417696,210.6,172,54,20,296,30.97019737579903,58.285414570366655,299.6,222,74,27,345,30.791917734079018,58.228050717675366,404.5,89,676,512.6,119,870,682.0,152,1002,860.2
pytest,2017-07-04,84,26,10,142,29.571562153000997,57.481015465650835,144.2,176,53,20,330,30.548019615239532,58.34027183598912,298.0,231,75,28,380,30.529919196331075,58.31140280209346,413.0,100,735,573.5,124,858,705.8,153,1011,866.1
pytest,2017-07-11,87,21,12,129,28.951751423333015,58.08841770843495,117.9,189,53,22,340,30.766951427874044,58.28067247040005,299.0,228,69,27,378,30.649180003951784,58.435481487286985,382.8,105,744,599.4,133,883,753.3,163,1031,918.1
pytest,2017-07-18,118,64,13,581,44.671534984038104,45.225909032280164,378.1,225,95,24,743,41.85219168672478,47.69757603921641,549.3,282,112,30,866,40.13908081224306,49.52327527647923,646.6,64,282,348.2,90,431,493.1,121,579,662.9
pytest,2017-07-25,162,81,18,636,44.68754403820559,45.30744515291443,468.6,272,121,25,796,42.11282032569486,47.60115614346365,684.6,338,138,32,930,40.33544817739704,49.45704375807583,783.0,36,227,202.7,71,370,392.0,104,546,574.6
pytest,2017-08-01,210,101,21,752,42.62518208704863,47.62488971269218,580.2,292,130,27,866,41.32575009822429,48.67758642798386,736.6,381,153,34,1044,39.322649878380304,50.633370303937205,869.4,25,139,138.9,54,292,299.2,97,467,531.7
pytest,2017-08-08,208,105,21,747,42.824187482988656,47.6626558757139,599.7,290,127,27,871,40.97358880668473,49.048573249381086,722.1,389,157,34,1083,39.10892211966912,50.94000091989068,893.3,26,139,143.9,54,282,298.2,94,492,519.2
pytest,2017-08-15,203,108,22,737,42.75612131721624,47.476197953715506,613.7,275,126,30,852,41.223194631133964,48.960770020227976,715.2,386,159,37,1027,39.55359646393839,50.32922397249778,897.7,28,154,155.4,55,311,306.1,101,504,555.4
pytest,2017-08-22,120,46,18,229,31.082099693779558,58.8807382462158,252.9,266,122,31,857,41.22536882011455,48.89674361498609,695.7,362,157,35,1009,39.89670147099342,49.95032678246714,885.9,33,160,181.0,63,315,346.5,106,510,581.0
pytest,2017-08-29,71,25,14,178,30.3104340528696,59.42836910615006,142.8,260,119,31,869,41.13810885789455,49.07023389655865,681.9,355,154,37,993,40.08397370807268,49.92476631772631,869.3,35,170,192.0,74,346,404.6,120,586,658.6
pytest,2017-09-05,66,26,13,132,34.85483465358983,55.62157478120296,143.2,273,128,33,871,41.62006755243888,48.805549389882174,727.1,356,153,38,1004,40.03119885602816,49.950175352577425,865.4,28,161,156.1,71,373,392.3,125,577,682.7
pytest,2017-09-12,78,30,14,136,34.80357578716133,56.44825478828955,163.6,274,134,32,878,41.57346950349246,48.87961551715403,757.8,353,154,39,989,40.30329474845708,49.87784958362004,868.9,30,180,168.0,69,352,380.2,126,590,689.0
pytest,2017-09-19,81,32,14,164,35.95468576055055,55.901338948427444,176.4,221,87,31,416,33.98969637727418,56.92208946685241,476.6,357,160,42,1027,40.35456370930922,50.10138903775948,902.7,31,153,170.3,74,351,405.1,129,583,703.3
pytest,2017-09-26,98,34,13,153,38.605836248745696,54.905758414724865,185.3,179,64,25,347,34.70407882621641,57.02991497080134,354.7,359,153,41,1023,40.746040244500946,49.95597239863513,867.3,38,180,208.0,82,422,452.2,126,575,687.5
pytest,2017-10-03,98,32,14,172,38.095966418990635,54.703448577205606,177.2,161,56,24,295,36.297953442576826,55.44342261891936,309.5,364,156,42,1030,41.13367844337911,49.72006598916786,883.0,39,150,210.0,98,421,532.1,120,551,655.1
pytest,2017-10-10,95,30,12,176,40.39805733685401,52.17908227466887,167.6,171,58,24,315,37.64385167621682,54.10303137184139,321.5,374,163,42,1059,41.32579079143793,49.475965286530325,920.9,36,176,197.6,98,410,531.0,118,520,642.0
pytest,2017-10-17,111,32,19,155,42.037264087806186,50.421592857777426,175.5,181,58,28,304,39.26302140205284,53.18486958235206,320.4,339,122,44,586,36.73953096455327,54.911696517947355,668.6,45,206,245.6,101,423,547.3,118,530,643.0
pytest,2017-10-24,116,37,23,189,40.788008518298966,52.14398512265897,203.9,214,72,33,332,39.223491476278554,53.51121523163868,393.2,308,108,43,559,35.94991055456172,55.86542117914462,595.9,44,251,245.1,90,395,489.5,117,557,640.7
pytest,2017-10-31,130,43,24,175,38.68021339656194,52.510530232147396,232.5,223,72,33,328,38.67594373039165,53.484677644603615,392.8,283,97,42,467,37.24077940771411,54.44319665600121,531.7,59,267,321.7,81,401,445.1,118,597,649.7
pytest,2017-11-07,120,40,23,210,41.39938747283145,49.74614409518994,221.0,205,68,31,353,40.440927203695644,51.45222533545133,375.3,280,94,42,492,38.51504571062308,52.85253491151254,519.2,59,226,317.6,82,348,444.8,123,609,675.9
pytest,2017-11-14,122,47,21,199,38.019245605621464,52.87530086941752,254.9,225,74,31,356,39.097090773462625,52.21043159251439,405.6,299,102,40,510,38.429834838499715,53.210637612880404,561.0,58,226,312.6,75,326,407.6,116,634,643.4
pytest,2017-11-21,124,46,14,201,37.902087074998455,52.97962942977121,250.1,236,76,29,356,39.52262343232783,52.203562737353046,415.6,318,109,40,516,38.47023866962591,53.40087518860987,596.6,53,227,287.7,77,373,422.3,120,643,664.3
pytest,2017-11-28,127,58,14,259,36.91215815697144,54.43823378082845,315.9,250,97,33,435,37.875346973816,53.6334453654164,528.5,351,132,42,605,38.25842049312437,53.700298691822226,720.5,28,146,154.6,63,338,348.8,115,622,637.2
pytest,2017-12-05,128,57,14,219,34.1506280907179,57.010299184592704,306.9,255,100,34,431,37.65159669205072,53.49567684895234,543.1,346,128,42,592,37.676397611304246,53.87635214470909,699.2,20,121,112.1,64,384,358.4,117,676,652.6
pytest,2017-12-12,140,62,17,245,34.96861715640613,55.97206179645171,334.5,248,101,33,417,36.62331213867081,54.13106569010322,546.7,355,131,42,597,38.038456459336786,53.37414203755991,714.7,20,111,111.1,61,411,346.1,122,691,679.1
pytest,2017-12-19,143,56,20,232,35.56029117184146,54.46751722396951,303.2,263,99,30,430,36.45425069960436,53.86204318805159,538.0,375,130,44,583,37.859490544685876,53.12444330959362,708.3,21,124,117.4,66,407,370.7,127,717,706.7
pytest,2017-12-26,120,44,19,154,38.1251010400388,51.20768295069588,235.4,228,88,25,396,36.910704555932774,53.54731537299831,479.6,350,126,43,576,37.880496484555096,52.85622980325644,687.6,33,197,184.7,84,478,467.8,134,739,743.9
pytest,2018-01-02,79,22,13,130,40.70820300031918,47.970391041497436,123.0,214,81,23,401,38.19387216605788,52.011191394213164,445.1,333,120,42,551,38.627964244564765,51.93538301230817,655.1,43,261,241.1,94,542,524.2,153,796,844.6
pytest,2018-01-09,80,20,16,112,40.67116182572613,48.34178956617699,111.2,218,82,25,346,36.58544599812918,53.67482027647265,444.6,329,118,42,522,37.89782356401329,52.669219422496724,642.2,44,297,249.7,105,573,582.3,155,808,855.8
pytest,2018-01-16,72,21,17,124,43.23440637130238,49.375481182401444,117.4,204,77,31,341,38.867122570910546,52.55069242191217,419.1,331,122,42,547,37.98799942348684,53.02579510593372,664.7,43,298,244.8,108,596,599.6,160,802,880.2
pytest,2018-01-23,110,30,20,170,47.59243348791799,50.22436785812441,167.0,232,76,35,314,43.2088299812353,50.51916075833079,411.4,348,120,41,565,40.23078617853339,52.2008806064123,656.5,49,306,275.6,103,576,572.6,158,753,865.3
pytest,2018-01-30,157,39,22,240,41.30190179806362,54.251043819439204,219.0,237,61,29,374,41.13235848847271,51.9298803992526,342.4,371,120,39,641,39.35756500799451,52.84982568758954,664.1,54,289,298.9,113,554,620.4,156,688,848.8
pytest,2018-02-06,169,42,19,268,42.15018269647612,53.833879867059956,236.8,254,65,29,390,41.94712203425895,51.83532654344378,364.0,386,124,39,616,39.049193026890116,53.708621735493494,681.6,61,288,333.8,114,543,624.3,154,664,836.4
pytest,2018-02-13,175,45,19,320,40.23366182572614,54.650909137311565,257.0,240,62,30,420,40.619106895870374,53.16159917704147,352.0,378,120,41,646,38.815872975090876,53.79347137447783,664.6,63,282,343.2,118,511,641.1,146,630,793.0
pytest,2018-02-20,161,45,20,286,37.48951048951049,55.52810192708442,253.6,250,69,31,432,40.80305824496696,53.389602203815365,388.2,387,122,45,659,38.947588134920885,53.72321995833708,675.9,62,309,340.9,117,484,633.4,146,775,807.5
pytest,2018-02-27,185,58,24,319,33.772993925519316,57.08906273028868,321.9,322,93,38,511,37.90512460312949,55.410241194836594,516.1,418,121,45,657,38.41016944870751,53.697560026295534,670.7,57,275,312.5,102,417,551.7,136,918,771.8
pytest,2018-03-06,209,64,23,299,32.90374554184765,57.76937967025438,349.9,375,108,37,562,36.93416370106761,56.04320628960708,596.2,456,128,45,683,37.79816892766231,54.42063519193884,708.3,50,249,274.9,93,378,502.8,124,897,709.7
pytest,2018-03-13,216,64,23,286,32.235397382700285,57.89438047748082,348.6,385,105,34,586,36.519217424553545,56.281760098876106,583.6,461,125,46,697,37.2703465355376,55.004686511884934,694.7,54,233,293.3,85,340,459.0,131,946,749.6
pytest,2018-03-20,209,63,23,311,32.42002108043922,57.287858681916845,346.1,383,108,35,594,35.18294284476857,56.29508189435216,599.4,449,129,44,718,37.209283509980466,54.99630550150289,716.8,53,192,284.2,84,489,468.9,141,941,799.1
pytest,2018-03-27,187,52,16,269,31.55200604667664,57.50784033641057,286.9,358,103,32,550,32.86445115050923,57.199454227497995,570.0,480,136,46,747,36.41091614035671,55.35941270747505,754.7,59,199,314.9,93,701,535.1,148,1001,840.1
pytest,2018-04-03,191,60,16,260,30.588621129907438,58.194021352940375,326.0,359,111,33,541,31.971253480184995,57.82120445254282,609.1,525,154,49,802,35.112529878622944,56.58331431632921,850.2,46,142,244.2,78,631,453.1,158,1094,899.4
pytest,2018-04-10,148,52,17,240,31.82417012448133,56.818224063134956,284.0,350,113,35,516,31.790150857216386,57.42799388266939,616.6,523,157,45,813,35.31574058479173,56.29840864279379,866.3,38,126,202.6,77,713,456.3,165,1169,941.9
pytest,2018-04-17,139,53,16,209,31.361531894617716,57.59074244781584,285.9,358,118,35,507,32.30238896118245,57.206952249170406,640.7,525,161,47,805,34.779191257957265,56.36549067096448,885.5,32,164,176.4,90,743,524.3,159,1159,910.9
pytest,2018-04-24,133,60,17,180,31.51560627017058,57.9803283689334,318.0,322,114,29,450,31.564066390041493,57.323230641958055,615.0,494,163,42,756,32.90088695690355,57.0464377282116,890.6,32,474,207.4,89,829,527.9,154,1159,885.9
pytest,2018-05-01,100,44,14,143,32.3507819980849,57.580564094204746,234.3,291,103,26,408,30.883949637946465,58.18766848179225,555.8,460,157,42,697,32.356566672818296,57.6143040729013,854.7,36,496,229.6,109,944,639.4,162,1175,927.5
pytest,2018-05-08,85,40,10,121,32.49891979013066,57.71082548068974,212.1,245,93,25,376,31.678202524940406,57.4273859513633,502.6,443,154,41,664,31.937978053292003,57.66178678712563,836.4,38,589,248.9,126,1039,733.9,176,1272,1007.2
pytest,2018-05-15,65,29,9,123,32.767061363559684,57.926408156308256,157.3,209,84,23,352,32.016314598264806,57.3940157388259,455.2,424,147,40,634,32.12162126785083,57.52408667430065,798.4,54,619,331.9,130,1040,754.0,182,1255,1035.5
pytest,2018-05-22,72,31,12,296,30.884223954244693,58.546531662402295,184.6,200,86,24,471,31.15834588718274,58.34525820986983,477.1,414,148,40,780,31.299638259389297,57.89465648113335,818.0,60,531,353.1,125,859,710.9,195,1146,1089.6
pytest,2018-05-29,90,34,12,501,34.45977754035497,55.847937097037764,220.1,193,79,24,643,34.00158747572,56.22315969027343,459.3,382,136,34,918,32.80218588126814,56.951519017820914,771.8,64,419,361.9,122,644,674.4,223,1061,1221.1
pytest,2018-06-05,102,36,13,583,34.919610257432225,55.77870176862793,238.3,194,79,22,712,34.39175486036645,56.1498645751936,466.2,348,129,35,961,33.6359169433638,56.437430998236685,741.1,83,440,459.0,139,683,763.3,230,1138,1263.8
pytest,2018-06-12,144,51,20,639,36.034818407911736,55.05244069322728,318.9,206,82,28,746,35.38166486823223,55.604886988021626,484.6,353,136,39,979,34.53688029533057,55.790238192240444,777.9,80,413,441.3,134,646,734.6,233,1183,1283.3
pytest,2018-06-19,146,59,20,461,38.561894132366035,53.23126950686414,341.1,219,90,28,758,35.54914658579577,55.31891040234408,525.8,355,143,39,950,34.73838829438742,55.69988677285381,810.0,70,404,390.4,132,663,726.3,226,1224,1252.4
pytest,2018-06-26,157,60,22,404,42.24136231050491,48.825278724072014,340.4,249,94,30,906,37.92201826458922,52.72359223000264,560.6,379,153,41,1105,36.699059349242404,53.74533719581599,875.5,59,226,317.6,149,600,805.0,229,1086,1253.6
pytest,2018-07-03,205,87,27,474,42.40930896230544,49.101080844434236,482.4,288,119,33,963,38.2772111701417,52.602668781130205,691.3,387,165,42,1105,37.58701113385028,53.1580125144366,935.5,54,281,298.1,147,691,804.1,212,1074,1167.4
pytest,2018-07-10,203,89,23,456,41.69104426002766,49.425379811399516,490.6,319,128,33,1043,38.10233805293539,52.86499113201062,744.3,400,166,40,1169,37.453418000986765,53.44284289589903,946.9,52,227,282.7,156,778,857.8,216,1101,1190.1
pytest,2018-07-17,179,71,18,418,41.41587087295757,49.55538546610293,396.8,325,129,34,997,38.174615131702154,53.01366250936736,744.7,396,161,40,1161,37.52898309870229,53.348276839620844,921.1,56,240,304.0,156,811,861.1,252,1260,1386.0
pytest,2018-07-24,148,65,20,331,44.46559526645021,47.2674556684855,358.1,297,122,37,686,41.663428619817815,50.066950198234125,678.6,384,154,43,1160,38.15155601659751,52.88561616248312,886.0,82,338,443.8,167,857,920.7,272,1325,1492.5
pytest,2018-07-31,146,54,16,246,37.10830550214215,52.783732465997375,294.6,327,127,36,694,41.00047831441998,50.171230413367454,704.4,417,163,42,1190,38.303556609365735,52.510019362425226,934.0,104,434,563.4,167,828,917.8,283,1446,1559.6
pytest,2018-08-07,134,50,16,233,42.85258134026677,47.790315989787146,273.3,338,138,35,683,41.5698924077933,49.339764155017384,758.3,445,176,43,1272,38.587521855998325,52.25426409587461,1007.2,107,556,590.6,166,852,915.2,292,1456,1605.6
pytest,2018-08-14,134,55,20,219,45.17491805452926,46.660445996973195,296.9,317,131,34,640,42.621297977178415,48.60345205866315,719.0,460,185,47,1259,39.38967236725452,51.68151111136817,1050.9,101,569,561.9,187,942,1029.2,304,1538,1673.8
pytest,2018-08-21,171,72,20,292,50.606221224350584,43.4242806346044,389.2,330,137,33,620,46.67028510239592,45.84590923893272,747.0,487,197,47,1151,42.64031998154229,49.41813031765772,1100.1,95,560,531.0,203,1025,1117.5,295,1521,1627.1
pytest,2018-08-28,254,107,26,452,52.693212279220056,41.696343795108184,580.2,383,165,35,677,48.229098353119994,45.28770700211249,892.7,551,229,53,1096,46.113600569403644,46.55624967381159,1254.6,68,415,381.5,181,1033,1008.3,271,1483,1503.3
pytest,2018-09-04,275,105,27,530,54.67421122680654,39.16273355268152,578.0,419,161,37,773,50.68157687084323,42.16029988096197,882.3,614,244,54,1213,47.26220782463834,44.90356712908893,1341.3,61,301,335.1,184,909,1010.9,252,1303,1390.3
pytest,2018-09-11,277,100,24,541,51.86152123392212,41.109666357801196,554.1,411,154,37,774,49.672177726312626,42.90292736728722,847.4,594,234,49,1187,46.83040686272796,45.1369825427241,1288.7,80,373,437.3,201,969,1101.9,261,1288,1433.8
pytest,2018-09-18,277,96,26,568,50.56592981123253,41.988575205926274,536.8,428,158,35,827,49.66453260547798,42.99631130226045,872.7,604,228,48,1231,46.92320449251865,45.16067024863759,1263.1,106,472,577.2,206,962,1126.2,266,1322,1462.2
pytest,2018-09-25,246,85,24,493,44.51405149268178,46.429977399670996,474.3,458,175,38,867,48.215887282420894,44.19461280158983,961.7,591,234,48,1093,46.66144799231625,45.7123812370579,1279.3,112,611,621.1,205,1076,1132.6,254,1306,1400.6
pytest,2018-10-02,187,67,22,412,44.64688998106594,46.16319618914114,376.2,418,160,40,822,50.16991751723859,43.01379627027427,882.2,570,214,49,1103,47.101657870086484,45.28588512680704,1180.3,125,611,686.1,198,1018,1091.8,245,1226,1347.6
pytest,2018-10-09,172,64,26,328,46.200827345410374,45.297995719140964,352.8,457,168,41,879,50.34862796746586,42.24494050153174,927.9,591,220,52,1106,48.694037802105456,43.5740901760372,1210.6,128,622,702.2,193,953,1060.3,234,1259,1295.9
pytest,2018-10-16,302,101,30,462,44.93497512169711,46.44709625115426,551.2,585,201,46,1033,48.821898109281655,43.34852111580528,1108.3,722,257,55,1273,48.09713389810067,44.07235199076547,1412.3,101,506,555.6,168,874,927.4,196,1115,1091.5
pytest,2018-10-23,314,108,28,472,46.56550214501722,45.94679444128943,587.2,571,193,43,991,46.24347341844233,45.77265905156311,1064.1,761,275,54,1329,47.74281039935808,44.61126526208117,1507.9,96,553,535.3,155,849,859.9,179,1075,1002.5
pytest,2018-10-30,350,120,27,628,49.43561196712213,44.47820640293723,662.8,535,183,40,1022,47.779108574027,44.79689694729146,1017.2,778,287,56,1456,49.48948121380695,43.763265493287996,1580.6,83,425,457.5,132,650,725.0,163,933,908.3
pytest,2018-11-06,365,126,33,608,49.07574661498143,45.48944320587354,690.8,518,185,44,904,47.968494106415,45.577142178065536,1015.4,807,292,60,1460,49.98191894503496,43.56157334158322,1606.0,73,381,403.1,114,683,638.3,149,907,835.7
pytest,2018-11-13,354,120,28,616,49.06641024950154,45.63905990490971,661.6,590,206,45,989,48.392936408375945,45.132162950587016,1128.9,872,307,59,1558,49.6351690378664,43.63206814647672,1690.8,63,341,349.1,96,602,540.2,139,859,780.9
pytest,2018-11-20,272,93,22,501,51.61152384028623,42.73394989944809,515.1,585,201,43,966,48.79226909959365,44.39739578969156,1101.6,860,296,58,1526,48.7196913254624,43.92656536906195,1632.6,62,373,347.3,89,586,503.6,143,894,804.4
pytest,2018-11-27,260,90,20,450,48.4080774550484,43.882276910913475,495.0,594,203,38,1068,48.67581627737113,44.21908566461854,1121.8,801,271,51,1483,47.360895123991675,44.800255425157175,1503.3,49,222,267.2,76,488,428.8,138,767,766.7
pytest,2018-12-04,228,69,16,398,48.927156529535644,42.414830141867064,384.8,589,192,40,1006,48.516473771479006,44.17870459894558,1060.6,742,253,51,1307,47.343030029810755,45.29493374002366,1395.7,44,188,238.8,82,534,463.4,150,831,833.1
pytest,2018-12-11,199,64,15,353,46.16479964265982,43.98221317031735,355.3,539,185,37,949,49.107831349006815,44.23134843956615,1019.9,756,265,52,1322,48.33702550517574,44.37214069001318,1457.2,40,290,229.0,80,547,454.7,139,802,775.2
pytest,2018-12-18,182,60,16,366,45.310330363013854,45.31580055293035,336.6,446,160,32,856,49.464303718928136,43.9349253274216,885.6,759,266,52,1328,47.91708743688447,44.72825583785669,1462.8,29,238,168.8,84,555,475.5,143,771,792.1
pytest,2018-12-25,137,49,15,230,48.78004690600757,43.86481777913779,268.0,409,142,31,695,48.07176930654645,44.44734636283044,779.5,735,254,48,1306,48.64790338876427,44.22228602986802,1400.6,28,263,166.3,86,531,483.1,151,839,838.9
pytest,2019-01-01,119,47,18,208,48.82448930737313,44.22955169026802,255.8,348,120,26,615,48.07862901865533,43.78379593389062,661.5,709,245,47,1226,48.70596616869622,44.12268865907361,1347.6,38,342,224.2,99,634,558.4,170,939,943.9
pytest,2019-01-08,115,41,19,323,40.71145767763318,50.832146302096,237.3,319,106,26,654,43.048174654535764,47.85587082180636,595.4,681,234,48,1276,46.46280518737236,46.25264058446934,1297.6,42,249,234.9,107,511,586.1,181,914,996.4
pytest,2019-01-15,110,29,20,241,36.78884661076772,53.98712862721346,169.1,292,96,28,609,42.399382703431925,48.1439928444709,540.9,568,197,46,1115,46.68518690806245,46.062436893453494,1096.5,49,291,274.1,108,520,592.0,185,977,1022.7
pytest,2019-01-22,99,24,19,239,37.555339502421916,52.60516033341645,143.9,254,83,28,535,41.43178345678055,49.7312542816053,468.5,535,179,44,1088,46.93874710153771,45.477812833970766,1003.8,56,287,308.7,123,580,673.0,184,954,1015.4
pytest,2019-01-29,131,34,22,291,38.57903067117252,50.89932791055744,199.1,261,83,31,516,42.786644793978574,48.16467501132753,466.6,507,166,43,941,44.881665571630776,46.25916089030899,924.1,59,306,325.6,134,630,733.0,180,977,997.7
pytest,2019-02-05,131,37,21,238,42.85585271452979,47.158729485527516,208.8,240,78,31,540,40.90477178423236,49.94983984743297,444.0,464,151,39,921,43.56745554399196,47.207261233107715,847.1,67,290,364.0,140,667,766.7,179,933,988.3
pytest,2019-02-12,174,45,25,284,44.1120770264742,47.21817206418776,253.4,275,78,37,545,40.387643229662324,50.68111106478029,444.5,449,141,45,886,43.134419227635036,47.787950270756426,793.6,62,229,332.9,135,653,740.3,177,940,979.0
pytest,2019-02-19,190,55,26,308,42.753206337231234,48.847357280132464,305.8,289,82,40,521,39.55227339699429,51.3386894485157,462.1,453,144,47,894,42.57360735934352,48.681255793744455,809.4,67,256,360.6,131,672,722.2,176,1134,993.4
pytest,2019-02-26,219,63,25,296,40.40293820791745,51.92250358901206,344.6,328,90,41,562,39.56920305370565,51.4263354780125,506.2,459,139,49,784,42.10055360318401,49.43345919871387,773.4,76,303,410.3,120,666,666.6,177,1185,1003.5
pytest,2019-03-05,243,69,21,297,44.683180351230135,48.69025157172628,374.7,388,107,39,643,40.813258648838755,50.75975831747961,599.3,496,151,47,831,42.33273414523321,49.44621937197706,838.1,71,351,390.1,112,641,624.1,186,1587,1088.7
pytest,2019-03-12,214,61,21,257,42.636582333661615,50.178708667609655,330.7,364,101,37,514,43.62091318597929,48.4756237783315,556.4,478,141,50,804,41.448968848702535,50.314114579433664,785.4,78,406,430.6,119,713,666.3,192,1642,1124.2
pytest,2019-03-19,197,60,17,223,46.97363377556146,45.9323576536846,322.3,384,115,38,540,44.48905025357306,47.65452097907359,629.0,486,144,50,778,42.285027040288426,49.34964395211618,797.8,73,445,409.5,118,911,681.1,180,1632,1063.2
pytest,2019-03-26,251,71,14,317,52.547338246266214,40.5830786547112,386.7,438,129,33,585,47.312898535305166,45.52390444937371,703.5,549,157,49,848,44.64643681985437,47.20774237509736,869.8,53,350,300.0,109,831,628.1,160,1559,955.9
pytest,2019-04-02,217,73,18,313,51.188485145758484,41.31561005047525,396.3,448,134,36,605,47.85441514351359,45.04727918653343,730.5,588,172,50,947,44.154153540115765,47.710392722517305,954.7,45,324,257.4,112,856,645.6,160,1662,966.2
pytest,2019-04-09,254,74,18,406,52.5976432352881,39.70634339976476,410.6,480,139,30,668,49.353659900116774,43.49140186039989,761.8,627,181,48,917,47.66178273913219,44.46608848304015,996.7,45,291,254.1,120,1250,725.0,154,1686,938.6
pytest,2019-04-16,271,78,16,458,53.5445740999112,39.10558287328312,435.8,471,137,26,687,50.29450917151365,42.416423686921156,753.7,642,186,46,978,48.52922808000068,43.906734193930426,1027.8,45,478,272.8,107,1198,654.8,155,1690,944.0
pytest,2019-04-23,237,62,15,377,52.20990127342967,40.57563939947052,347.7,455,129,26,670,52.2495076484796,40.6981092048285,712.0,643,185,45,957,49.03306928203193,43.54795510696293,1020.7,55,466,321.6,106,1191,649.1,169,1684,1013.4
pytest,2019-04-30,193,46,13,349,53.59702291074675,39.34497335298296,264.9,427,121,25,673,53.160216532156134,40.13997808386703,672.3,639,180,43,979,49.16288108366993,43.78436107618853,997.9,65,507,375.7,115,1270,702.0,181,1634,1068.4
pytest,2019-05-07,169,43,16,283,54.834567394396124,39.02618567701801,243.3,410,116,31,660,52.49522192883188,40.3179047804192,646.0,652,183,46,950,50.45559292421926,42.649363337537736,1010.0,79,974,492.4,114,1359,705.9,177,1615,1046.5
pytest,2019-05-14,171,46,21,509,45.117283095158506,47.68971857273033,280.9,421,119,34,933,48.79241104188069,43.88147575024324,688.3,623,181,43,1162,47.785457181422785,44.92250901364224,1021.2,67,723,407.3,113,1175,682.5,170,1491,999.1
pytest,2019-05-21,152,50,23,469,44.00719284431429,48.667236782644316,296.9,404,114,34,885,48.24060294910565,44.346334985211854,658.5,615,181,45,1141,48.54555769307698,44.25762700488485,1019.1,55,712,346.2,120,1221,722.1,169,1542,999.2
pytest,2019-05-28,197,59,27,530,44.14563532451264,47.86279211498439,348.0,378,103,35,893,47.40011058811503,44.9023513824155,604.3,618,179,46,1196,49.339083251224686,43.34383221263528,1014.6,58,728,362.8,126,1149,744.9,165,1493,974.3
pytest,2019-06-04,256,77,25,957,45.172786673430544,46.40088934352567,480.7,421,118,35,1247,47.50083353575551,44.512567818819505,714.7,648,189,49,1598,48.054928619280325,43.98765621866795,1104.8,40,392,239.2,104,678,587.8,148,1069,846.9
pytest,2019-06-11,239,73,23,934,46.63900859196601,45.15558933126455,458.4,402,114,35,1241,47.12046569324029,45.00407206787113,694.1,663,192,47,1647,48.63369334915489,43.561871703948675,1124.7,43,455,260.5,103,767,591.7,145,1003,825.3
pytest,2019-06-18,228,62,23,721,48.22113132406006,43.46021780921099,382.1,375,107,36,1187,46.59253601429035,45.5301307230782,653.7,644,180,46,1632,48.60926948580261,43.73382168029315,1063.2,60,498,349.8,112,816,641.6,144,977,817.7
pytest,2019-06-25,221,53,20,765,48.3005017221273,43.306583137996284,341.5,403,109,38,1246,46.47928974377759,45.42301499811568,669.6,597,162,48,1596,47.62429153797356,44.447135620991475,969.6,76,457,425.7,114,797,649.7,147,937,828.7
pytest,2019-07-02,226,49,23,815,47.446676679479665,44.87599027903605,326.5,440,116,40,1347,46.133799714749536,45.82573429699909,714.7,626,161,49,1671,47.617703514430936,44.55224838173396,972.1,66,296,359.6,112,690,629.0,136,778,757.8
pytest,2019-07-09,192,37,22,442,43.807476389853726,47.860409412236685,229.2,429,112,39,1401,45.403982336268406,46.31567319888955,700.1,602,157,51,1692,46.407737657318314,45.631211199796276,954.2,61,307,335.7,107,563,591.3,133,695,734.5
pytest,2019-07-16,228,60,25,495,44.804417620185255,46.54862067220481,349.5,455,122,40,1215,46.80874272151358,44.7472299458929,731.5,610,167,53,1693,46.23833799413254,45.699942833230025,1004.3,48,264,266.4,87,485,483.5,117,620,647.0
pytest,2019-07-23,259,73,27,509,45.42067678060471,46.7111840008075,415.9,466,124,39,1234,47.24397936743848,44.734429165561856,743.4,631,179,54,1700,46.13730778618502,45.9716944317671,1065.0,42,341,244.1,74,481,418.1,113,663,631.3
pytest,2019-07-30,189,68,23,365,46.758551696697545,46.566292842891045,376.5,406,118,38,1128,46.8150363438392,45.49315658841137,702.8,616,183,55,1635,46.159808138870915,45.92083091211686,1078.5,42,367,246.7,69,479,392.9,125,760,701.0
pytest,2019-08-06,182,65,25,388,42.521987423535954,49.728777823774024,363.8,363,100,36,773,44.46349030827782,47.897710851396766,577.3,617,179,55,1747,44.92161547834225,47.04368698000868,1069.7,44,255,245.5,69,367,381.7,126,668,696.8
pytest,2019-08-13,175,57,26,317,41.30362448787256,51.06720067919847,316.7,373,103,39,769,43.96057821495826,48.161109960952565,591.9,606,170,55,1492,45.992994448955976,45.88644406491546,999.2,44,225,242.5,73,361,401.1,140,661,766.1
pytest,2019-08-20,161,52,27,351,37.92213119599011,53.45520523801299,295.1,403,117,43,860,42.145701051818975,49.41082545282162,671.0,621,172,54,1572,44.91430690612693,46.747569513600695,1017.2,29,142,159.2,65,318,356.8,142,681,778.1
pytest,2019-08-27,139,41,27,361,36.376938196112675,54.173827570496286,241.1,345,109,41,782,40.747975719243136,50.98141932448529,623.2,578,167,54,1510,44.21712786128438,47.48196773864171,986.0,29,112,156.2,82,365,446.5,161,776,882.6
pytest,2019-09-03,138,44,25,391,36.149091063450456,54.560911737102735,259.1,311,108,39,677,41.24945910993705,50.58162619499681,607.7,500,148,52,1069,43.8309507081889,48.30764531769969,846.9,29,92,154.2,83,396,454.6,158,768,866.8
pytest,2019-09-10,106,43,22,237,38.85547210112575,52.00815882579777,238.7,281,103,38,549,40.653946443552584,51.24096046062285,569.9,478,146,51,1004,42.56319948422078,49.343566553000926,830.4,24,133,133.3,96,445,524.5,159,794,874.4
pytest,2019-09-17,70,32,17,161,43.71366717352645,49.776980016850054,176.1,228,84,34,479,40.64795259834198,51.791886414928804,467.9,459,144,50,977,42.85368028981937,49.15249823632169,817.7,31,174,172.4,112,540,614.0,159,806,875.6
pytest,2019-09-24,78,33,14,140,45.9146117368109,47.455432754921766,179.0,212,71,34,480,39.40059647302904,52.07472599871695,403.0,448,147,49,937,42.17180725986086,49.88015873688392,828.7,50,225,272.5,127,622,697.2,153,795,844.5
pytest,2019-10-01,61,27,15,94,45.55742915158471,46.77883106318993,144.4,208,73,33,488,37.94195122780763,53.04630035334046,413.8,386,139,46,784,41.634209077822,50.131778961137236,773.4,53,284,293.4,129,653,710.3,149,779,822.9
pytest,2019-10-08,76,26,14,132,51.63117691437193,41.568007942633116,143.2,196,72,30,388,43.265303503443555,48.231792250293665,398.8,366,133,45,695,43.113412340666876,49.08138191563507,734.5,69,308,375.8,132,664,726.4,151,770,832.0
pytest,2019-10-15,92,30,17,143,50.76728665525346,42.82428340411945,164.3,174,69,27,364,44.61695773106561,48.33529538113291,381.4,327,117,43,628,43.200749266590904,49.661802189582275,647.8,75,338,408.8,129,660,711.0,152,784,838.4
pytest,2019-10-22,136,41,18,200,53.667987551867206,39.2879914765153,225.0,208,73,28,340,50.44895045154991,42.81516506915216,399.0,348,115,46,681,43.60697899720328,48.43591837173022,643.1,85,412,466.2,116,598,639.8,179,814,976.4
pytest,2019-10-29,205,57,23,286,55.26859240344716,37.96827465377607,313.6,270,84,31,398,52.15210909318375,40.77915008685879,459.8,411,126,47,765,45.18183494698017,46.93804039019894,706.5,78,385,428.5,96,504,530.4,187,831,1018.1
pytest,2019-11-05,229,60,25,306,55.69868196241152,37.81690387691402,330.6,287,85,33,418,55.06750183644701,38.54848994324628,466.8,409,129,48,673,48.9224935724723,43.57454678338995,712.3,74,373,407.3,92,473,507.3,202,839,1093.9
pytest,2019-11-12,266,70,27,312,55.389004149377584,36.860314402140176,381.2,350,99,37,448,53.894292753408415,38.37554972698768,539.8,451,143,50,673,49.29114696688513,42.96357413339586,782.3,60,347,334.7,83,477,462.7,194,865,1056.5
pytest,2019-11-19,312,79,30,415,53.0281557766335,38.77990873457661,436.5,427,115,42,591,52.91432342678208,39.183165722751845,634.1,491,144,48,733,51.591255172569944,40.93814058613197,793.3,45,204,245.4,92,405,500.5,190,747,1024.7
pytest,2019-11-26,300,81,32,413,50.8899761888017,40.54713944481973,446.3,483,134,47,666,51.677040110650054,40.3520676834171,736.6,551,163,53,778,51.10237975871742,41.23526886665271,892.8,19,130,108.0,107,443,579.3,183,739,988.9
pytest,2019-12-03,280,79,31,389,48.563270008213415,42.37672365791729,433.9,487,133,45,693,52.211282954021534,39.93097956660582,734.3,550,162,52,785,51.35900309221132,40.80555467401148,888.5,18,101,100.1,127,453,680.3,184,726,992.6
pytest,2019-12-10,216,63,28,349,46.02025942526959,44.68190507689594,349.9,481,135,48,661,51.027865487347846,41.016289942692985,741.1,557,159,55,794,51.03367057913605,41.11321609401755,874.4,23,119,126.9,128,489,688.9,192,771,1037.1
pytest,2019-12-17,170,47,28,266,42.62733597479175,48.40270515792126,261.6,469,128,48,632,50.53560454855822,41.45844082441047,703.2,567,159,58,806,50.32827445610205,41.65030493822088,875.6,39,188,213.8,147,546,789.6,203,855,1100.5
pytest,2019-12-24,94,26,25,173,43.742378816587916,48.93026126089332,147.3,391,103,47,570,49.80475358520783,42.03649507716864,572.0,552,153,58,795,50.356768182885766,41.76879364932727,844.5,76,280,408.0,163,603,875.3,205,840,1109.0
pytest,2019-12-31,80,22,23,133,45.76467101363367,47.001375013363834,123.3,353,98,44,502,47.94299978509199,43.26121002022536,540.2,555,151,57,786,51.01303411358525,41.14968550860272,833.6,109,348,579.8,165,627,887.7,214,864,1156.4
pytest,2020-01-07,73,21,19,115,42.31968248241025,48.39205215299996,116.5,299,84,38,471,45.45187691060778,45.23345600944621,467.1,553,153,58,779,49.90589595129408,41.93978872221698,842.9,109,376,582.6,173,654,930.4,218,854,1175.4
pytest,2020-01-14,88,28,16,142,47.1673484892759,44.0183897769027,154.2,283,82,37,464,47.02260695378452,44.67371751539589,456.4,560,157,56,802,49.6803634068356,41.86059060006778,865.2,110,381,588.1,171,701,925.1,227,843,1219.3
pytest,2020-01-21,159,66,15,237,56.59504175639477,38.720735679648605,353.7,265,97,35,423,50.95365056943586,43.29864268021412,527.3,585,182,54,835,51.22460804532014,41.48909611556083,993.5,86,325,462.5,137,602,745.2,190,747,1024.7
pytest,2020-01-28,265,101,19,343,59.469617604006636,37.28519698184038,539.3,341,119,31,462,55.405480411704474,40.258550723284614,641.2,620,197,53,847,52.38242368721433,41.219683520395286,1069.7,63,282,343.2,111,520,607.0,157,677,852.7
pytest,2020-02-04,318,112,21,388,61.26161397955254,36.43748591192688,598.8,387,130,32,488,57.05496224746615,39.295595785699774,698.8,653,204,50,861,52.87676203970102,41.04625434076074,1106.1,65,267,351.7,107,477,582.7,149,872,832.2
pytest,2020-02-11,316,111,22,391,62.977289851535055,34.598652001832235,594.1,393,134,31,521,58.43547757663605,37.59169816451763,722.1,601,194,49,868,53.75457961259728,40.47837958261343,1056.8,66,321,362.1,118,463,636.3,159,873,882.3
pytest,2020-02-18,281,100,19,344,62.74253353276078,33.88515642017008,534.4,413,147,27,545,59.359686322281,36.22351504953441,789.5,550,192,46,749,55.0224919533098,39.52408021813671,1034.9,54,297,299.7,109,448,589.8,153,862,851.2
pytest,2020-02-25,208,76,19,307,61.63454390636192,32.23686342601485,410.7,442,164,28,620,59.69665372774729,35.43956206873247,882.0,517,183,40,750,56.87484923928077,37.82211710255321,990.0,43,220,237.0,95,401,515.1,145,838,808.8
pytest,2020-03-03,165,64,16,288,59.535673121254035,33.77199256237279,348.8,472,173,30,640,59.67389133817427,35.82955176072248,929.0,542,191,42,741,57.40636461885643,37.64295101815252,1029.1,43,228,237.8,89,622,507.2,141,849,789.9
pytest,2020-03-10,174,64,15,282,58.433227391777756,35.523693265315025,348.2,478,169,30,652,60.650001272815196,35.64988231220659,910.2,557,192,40,771,57.96571247127458,37.48317974895521,1037.1,56,220,302.0,101,612,566.2,154,892,859.2
pytest,2020-03-17,149,57,17,310,49.362387899879536,43.72773600444544,316.0,450,165,30,668,57.49437225134792,38.307482280673604,891.8,563,204,40,856,55.438394345988286,39.3938431395704,1105.6,52,135,273.5,97,538,538.8,173,890,954.0
pytest,2020-03-24,118,42,16,237,47.65192499606071,47.28380680877944,233.7,365,129,31,560,55.93145376407824,39.204017817891,701.0,560,205,39,840,56.21837087532109,38.99457809472815,1109.0,51,143,269.3,103,588,573.8,175,931,968.1
pytest,2020-03-31,119,50,18,240,45.15814315352697,49.89741597870365,274.0,271,106,28,519,53.27129254311275,40.63180154722875,581.9,570,215,41,867,55.7379909737876,39.558372646919686,1161.7,44,199,239.9,99,603,555.3,171,934,948.4
pytest,2020-04-07,88,49,16,207,44.38499007757532,50.452653180907134,265.7,261,113,25,485,52.497677204089484,41.902728218245684,613.5,573,222,41,861,56.56906231777196,39.34310336713523,1196.1,48,397,279.7,104,642,584.2,165,940,919.0
pytest,2020-04-14,105,56,17,143,54.42309143139018,43.46842887526694,294.3,271,117,28,463,51.51912029610245,43.18536761814034,631.3,580,227,42,844,56.74236494857524,39.33317271080515,1219.4,39,399,234.9,118,750,665.0,160,1215,921.5
pytest,2020-04-21,99,53,16,145,57.16940907139791,40.73598154440543,279.5,236,104,28,422,51.765275019173664,44.06814040816881,562.2,497,190,40,747,56.32192948835451,39.388223691020514,1024.7,49,424,287.4,121,785,683.5,169,1316,976.6
pytest,2020-04-28,94,49,14,161,55.62475193938299,40.290981403998074,261.1,216,97,26,399,51.16553832714567,44.68324323692325,524.9,394,160,37,681,54.671608142772705,40.046181721425185,868.1,53,454,310.4,128,782,718.2,164,1307,950.7
pytest,2020-05-05,138,50,13,400,55.842375518672185,37.06422944134207,290.0,226,92,25,610,52.84521461125093,41.12281362926599,521.0,390,157,35,877,54.022615763849785,39.449502127104736,872.7,51,249,279.9,121,548,659.8,174,1234,993.4
pytest,2020-05-12,146,42,14,413,53.455818673203844,38.240321355833174,251.3,248,94,26,555,53.759881873574805,39.74175970056411,525.5,418,160,36,876,52.370578260292916,41.022551728679055,887.6,66,292,359.2,118,814,671.4,169,1206,965.6
pytest,2020-05-19,180,46,14,422,53.276641560637934,38.443709147473314,272.2,284,101,26,573,54.537985270795765,39.15112213186754,562.3,429,155,38,870,52.717961558639765,40.96822556744709,862.0,74,325,402.5,118,884,678.4,166,1253,955.3
pytest,2020-05-26,211,51,20,446,52.453156690173586,38.94232708301476,299.6,314,103,27,627,53.69078202862871,39.25462528329006,577.7,428,146,39,847,51.80121199057449,41.78933550127553,814.7,76,332,413.2,116,863,666.3,165,1228,947.8
pytest,2020-06-02,209,59,22,251,50.226942851002626,43.221469839450165,320.1,333,105,25,645,54.00768117340537,39.32222062938925,589.5,431,148,38,873,51.72505263958401,42.11240826235363,827.3,68,302,370.2,122,956,705.6,152,1170,877.0
pytest,2020-06-09,229,65,26,300,54.141023513139686,40.76219151126388,355.0,370,110,30,692,54.0355815124841,39.05336083881563,619.2,471,166,41,912,52.04254931935648,41.70623495855709,921.2,48,472,287.2,105,926,617.6,134,1109,780.9
pytest,2020-06-16,246,76,28,357,56.931506212443466,39.38952454736076,415.7,391,121,34,760,55.12806835553613,38.94419919359661,681.0,492,173,43,895,55.39541482185492,39.46385913813077,954.5,45,516,276.6,92,884,548.4,124,1041,724.1
pytest,2020-06-23,212,74,27,349,60.1938437028142,38.26312985555506,404.9,412,126,36,794,56.041310868860855,38.44002918046652,709.4,508,177,43,937,56.27682592541748,38.74430048318723,978.7,44,550,275.0,88,916,531.6,120,1051,705.1
pytest,2020-06-30,203,72,26,331,61.4780810068822,37.00798463257431,393.1,399,127,37,735,57.59028989189035,38.046217446616744,708.5,513,171,41,934,56.92505353319058,37.99106909904977,948.4,54,627,332.7,89,891,534.1,116,1085,688.5
pytest,2020-07-07,160,61,22,422,54.67527678905037,41.943199308249554,347.2,373,117,37,667,53.49241354426521,42.16574594216917,651.7,517,165,41,1064,54.28088244470096,40.21196828239213,931.4,56,572,337.2,86,747,504.7,120,1151,715.1
pytest,2020-07-14,143,45,17,526,46.38541880314911,47.31866533518529,277.6,383,124,35,877,51.00208651712504,43.782606973045155,707.7,520,163,41,1276,51.839455508006075,42.078264792718734,942.6,46,337,263.7,79,531,448.1,109,996,644.6
pytest,2020-07-21,135,48,20,532,45.396070570617404,46.993537639788606,293.2,348,120,38,893,50.90236184617099,43.60756602248315,689.3,533,169,46,1317,51.62758627208196,41.98139154046617,976.7,44,363,256.3,76,502,430.2,105,973,622.3
pytest,2020-07-28,115,37,17,561,43.33480521593775,48.61639465576483,241.1,318,112,38,889,49.860573444916895,44.577499872962186,648.9,539,165,47,1343,50.86459990792892,42.73156730415382,959.3,51,341,289.1,78,509,440.9,122,937,703.7
pytest,2020-08-04,149,55,21,691,44.10212512985569,48.395979286176065,344.1,345,125,37,990,49.83954063456138,44.43310677882571,724.0,538,176,51,1239,49.95892484569607,44.15329759147407,1003.9,28,173,157.3,62,593,369.3,104,825,602.5
pytest,2020-08-11,121,51,20,392,50.97057329155729,43.27815117380359,294.2,281,103,33,914,49.7478776432988,44.528829343282425,606.4,499,169,50,1206,51.222924106989254,43.44070424872708,965.6,28,184,158.4,63,661,381.1,104,859,605.9
pytest,2020-08-18,123,48,22,369,50.61858336425688,44.749464631818405,276.9,255,92,34,928,48.63954517813706,45.3914603542007,552.8,466,166,49,1253,50.87998264745523,43.952259877100225,955.3,31,118,166.8,61,599,364.9,104,784,598.4
pytest,2020-08-25,148,51,16,371,54.24889554976456,43.21265770273763,292.1,264,91,30,902,48.67626114397696,45.80222813007726,545.2,470,167,48,1234,51.981549728642804,43.63992689835521,958.4,26,139,143.9,67,589,393.9,101,770,582.0
pytest,2020-09-01,97,30,10,214,66.07205180905106,37.05185952635893,171.4,239,84,26,868,48.03859207985162,46.47053056375068,506.8,432,152,42,1170,51.942380395077485,43.48997921672369,877.0,29,199,164.9,76,653,445.3,102,773,587.3
pytest,2020-09-08,90,29,8,184,58.64579198989716,41.54359988006305,163.4,238,86,25,638,53.69922215429441,42.09756820171847,493.8,376,134,38,1110,51.26061455646518,44.112465807957506,781.0,35,474,222.4,75,652,440.2,97,748,559.8
pytest,2020-09-15,95,32,9,158,56.11255843269078,44.336625442103795,175.8,217,79,25,526,53.52600066263824,42.771060012085606,447.6,350,124,37,1042,50.17223500927836,44.84235211327598,724.2,27,466,181.6,73,671,432.1,91,821,537.1
pytest,2020-09-22,94,32,9,135,52.17664054095589,45.16736393206675,173.5,216,76,21,501,53.256880430011336,44.060776108276755,430.1,343,120,35,1051,48.96558898658065,45.76785946614094,705.1,30,447,194.7,75,643,439.3,94,885,558.5
pytest,2020-09-29,76,28,12,199,46.23044684000917,48.65429517760022,159.9,189,63,18,463,56.09104433471049,42.02155149373403,361.3,332,117,34,1090,47.97005215272754,46.63590221847754,694.0,42,428,252.8,73,570,422.0,90,825,532.5
pytest,2020-10-06,111,34,16,477,56.11470375879676,38.80584434271086,217.7,201,64,19,652,57.22948221877148,39.26678310840725,385.2,354,120,36,1224,52.558277737097605,42.33691118120243,722.4,39,160,211.0,64,278,347.8,88,617,501.7
pytest,2020-10-13,113,31,22,467,56.155970394590696,38.29934476812403,201.7,210,64,24,661,56.99180168360525,39.2434485994835,386.1,327,110,39,998,54.98949350984125,40.53185180646954,649.8,41,195,224.5,61,333,338.3,82,598,469.8
pytest,2020-10-20,106,29,20,471,56.23428566394446,37.20441931580762,192.1,201,61,27,610,56.40600639412284,38.70967045116454,366.0,326,105,37,973,54.49382710784543,40.9749544241711,622.3,46,182,248.2,66,427,372.7,80,603,460.3
pytest,2020-10-27,132,44,25,439,60.210143763173555,34.22922239827573,263.9,204,71,31,607,55.969019803536874,38.81275582512784,415.7,346,122,40,948,56.37749706742301,39.65309186472635,704.8,31,160,171.0,49,416,286.6,67,578,392.8
pytest,2020-11-03,125,43,30,232,54.632780082987544,38.96946297427051,238.2,238,77,38,652,55.41405951683933,39.605048970291435,450.2,321,105,42,825,57.226591223437694,39.33503984615535,607.5,24,120,132.0,48,456,285.6,64,567,376.7
pytest,2020-11-10,124,42,28,198,52.30678150802631,40.43241309271363,229.8,243,77,43,675,55.15478100507145,39.08292099296765,452.5,332,105,45,859,55.79078248856385,39.7212697056854,610.9,21,80,113.0,43,408,255.8,72,529,412.9
pytest,2020-11-17,134,43,26,185,51.67473365481663,42.112868113298056,233.5,242,73,43,666,54.626325495620094,39.2861519108053,431.6,339,104,46,784,55.65441612329578,39.56175350369538,598.4,21,217,126.7,37,405,225.5,65,510,376.0
pytest,2020-11-24,123,35,27,182,47.765240983083295,44.374029546619944,193.2,243,76,45,632,54.452807395346376,38.94791767915578,443.2,312,102,50,771,53.62643223490536,40.420429651400454,587.1,19,246,119.6,34,408,210.8,63,512,366.2
pytest,2020-12-01,82,26,23,122,39.27828038908917,47.31444527468475,142.2,238,73,48,576,55.407200899031814,37.92190127385603,422.6,315,102,54,775,53.050847276134384,40.677703063333574,587.5,19,309,125.9,40,440,244.0,66,513,381.3
pytest,2020-12-08,75,23,21,100,41.4001244813278,45.98262709330399,125.0,192,63,41,278,47.72405146422282,43.57399150354141,342.8,308,98,55,752,53.557942305994516,40.12925021898066,565.2,23,334,148.4,51,452,300.2,70,541,404.1
pytest,2020-12-15,80,19,22,174,45.649329899365675,45.48162270586117,112.4,214,65,43,379,48.685293248229115,43.530157882878505,362.9,321,92,58,845,52.83914164354636,40.61701582731775,544.5,19,233,118.3,46,337,263.7,77,611,446.1
pytest,2020-12-22,96,21,19,245,48.89845033449063,44.73293283799962,129.5,233,66,40,441,49.53141201155427,44.07190432097078,374.1,341,96,56,888,52.87693917984374,40.64765832357969,568.8,15,165,91.5,42,243,234.3,78,551,445.1
pytest,2020-12-29,98,17,15,255,48.37669839720121,45.142142913751364,110.5,195,48,35,397,46.26434775337855,45.79317377102419,279.7,330,90,56,825,53.47714824594492,40.03593120677148,532.5,20,163,116.3,49,260,271.0,86,547,484.7
pytest,2021-01-05,106,24,20,340,54.13666097144252,41.613791572703335,154.0,184,49,37,458,50.445251771186285,42.99234095856988,290.8,301,88,58,618,51.161409445541096,42.528190488042526,501.8,24,115,131.5,44,202,240.2,87,489,483.9
pytest,2021-01-12,91,21,20,265,56.41125812260236,40.321327775319695,131.5,164,41,34,403,50.786827013168875,43.372863861375286,245.3,289,82,54,598,51.29239928392012,42.569850585865595,469.8,29,120,157.0,59,338,328.8,92,501,510.1
pytest,2021-01-19,63,15,19,177,58.19757601331551,39.695890304677974,92.7,150,35,33,422,52.64002674480344,42.24152075603545,217.2,284,81,53,604,52.23908383941084,42.501700008719304,465.4,28,77,147.7,64,381,358.1,92,495,509.5
pytest,2021-01-26,78,18,19,164,59.15886549944338,38.5330229189403,106.4,174,36,30,420,52.532335506816835,42.65802146189327,222.0,281,67,49,580,50.28683645729002,43.742398897139225,393.0,31,98,164.8,66,381,368.1,97,512,536.2
pytest,2021-02-02,78,18,17,112,47.74955542382928,46.255118101429,101.2,184,42,29,448,52.54338322465916,42.81733549360684,254.8,261,66,45,568,49.81229910583835,43.70167038089435,386.8,26,82,138.2,68,364,376.4,91,488,503.8
pytest,2021-02-09,104,29,18,121,46.03196049518192,47.94791764369013,157.1,206,51,30,449,51.817020765370714,43.906049007198796,299.9,271,72,42,529,49.60672685486591,44.49220671930206,412.9,22,147,124.7,60,374,337.4,90,507,500.7
pytest,2021-02-16,97,28,18,105,45.37055917802805,48.1768066794475,150.5,168,44,26,293,54.9038845538357,41.87747475779475,249.3,251,65,41,510,50.210804653811735,44.080238740040514,376.0,35,293,204.3,65,410,366.0,96,561,536.1
pytest,2021-02-23,110,32,19,109,45.97632190033879,46.65937921238388,170.9,160,47,29,271,54.23068089602057,41.34988625319577,262.1,254,66,39,517,51.73134184611186,42.94504729530986,381.7,32,278,187.8,65,388,363.8,90,554,505.4
pytest,2021-03-02,75,26,16,73,54.09833456488375,40.948770827760534,137.3,159,47,27,204,55.47121877796762,41.86959962858544,255.4,254,66,36,513,52.3336164292705,42.71039250695699,381.3,41,291,234.1,66,418,371.8,93,556,520.6
pytest,2021-03-09,63,21,15,100,49.260746887966796,43.264694225880824,115.0,158,49,25,218,47.76822490387909,45.601518563075416,266.8,260,72,37,552,51.34050454026098,43.37306402571704,415.2,39,272,222.2,70,409,390.9,88,514,491.4
pytest,2021-03-16,95,34,18,283,44.322757063472274,47.290180239514555,198.3,191,61,26,387,44.65054092015396,47.4918352425923,343.7,270,80,36,620,48.7933342256726,45.09132813658331,462.0,31,123,167.3,62,253,335.3,82,347,444.7
pytest,2021-03-23,112,36,17,309,44.11389974351742,47.95108918007768,210.9,210,63,26,387,43.52371149495534,48.673785269666354,353.7,260,78,36,552,48.208769318660174,45.55025027273776,445.2,33,108,175.8,57,245,309.5,77,317,416.7
pytest,2021-03-30,115,37,17,287,41.4343689909928,50.266947336274605,213.7,192,66,26,384,43.6255402835408,48.49115525589323,368.4,270,86,35,547,48.30850281050164,45.52291635972361,484.7,30,131,163.1,54,269,296.9,78,328,422.8
pytest,2021-04-06,120,43,18,287,42.07704541182934,50.099321404652045,243.7,183,63,26,374,44.60369006146404,48.016232937631614,352.4,269,87,34,489,44.98918107069215,47.82350988162052,483.9,29,129,157.9,49,242,269.2,71,320,387.0
pytest,2021-04-13,95,33,18,163,46.42998243515006,46.49347736502858,181.3,171,63,24,381,44.31293494952135,48.050418647664266,353.1,273,92,33,501,44.76168824177371,47.99712987905231,510.1,30,138,163.8,52,242,284.2,74,356,405.6
pytest,2021-04-20,74,33,20,116,49.00729718128486,45.76547915154518,176.6,184,69,27,420,45.65738984390436,46.945678973674255,387.0,281,97,35,497,44.54443674495103,47.898368976268046,534.7,25,139,138.9,44,207,240.7,66,366,366.6
pytest,2021-04-27,71,31,20,131,47.28405815463558,46.71733865516566,168.1,183,66,27,414,43.481658548319196,48.94813176462142,371.4,264,97,36,512,44.705937175829874,47.89230811239619,536.2,25,142,139.2,44,190,239.0,64,339,353.9
pytest,2021-05-04,76,30,22,141,49.664547835555155,43.94020171728923,164.1,193,72,29,423,43.433438293948576,48.78554754430611,402.3,265,98,37,505,44.53463703216795,47.69215784731227,540.5,19,118,106.8,42,186,228.6,62,345,344.5
pytest,2021-05-11,90,31,26,145,44.18414651595363,45.878204211004494,169.5,196,69,36,372,44.36247936465443,47.132864897079465,382.2,257,91,42,519,44.20032939182437,47.53902928614886,506.9,21,95,114.5,45,210,246.0,59,326,327.6
pytest,2021-05-18,105,31,25,151,38.38495781924103,49.801620611419004,170.1,177,61,33,268,43.08024710472533,48.16497247248651,331.8,282,96,42,561,43.70284243459737,47.76503328931339,536.1,19,68,101.8,40,191,219.1,55,283,303.3
pytest,2021-05-25,101,25,21,166,39.169199620056986,50.74324892530405,141.6,171,58,32,276,43.04338805700885,48.48838051526877,317.6,273,90,39,554,42.80186347499138,48.97775376791556,505.4,22,55,115.5,39,197,214.7,54,262,296.2
pytest,2021-06-01,102,27,22,139,40.573838025015675,50.237529588912295,148.9,167,52,33,266,44.38168034193367,47.76380258143989,286.6,279,93,41,557,42.69242459232551,49.1294151502094,520.7,22,56,115.6,43,216,236.6,56,306,310.6
pytest,2021-06-08,73,18,19,106,40.47584749080091,51.13019717541026,100.6,157,49,31,243,42.539675221556266,48.57397365491928,269.3,269,88,40,515,42.503605527132095,49.267440434932325,491.5,25,117,136.7,40,225,222.5,57,319,316.9
pytest,2021-06-15,75,20,15,94,35.89807539507372,55.37215884246579,109.4,160,51,31,224,39.42264374629519,51.05060462406703,277.4,243,82,39,347,42.4654716778074,49.44570764646441,444.7,21,123,117.3,34,214,191.4,51,305,285.5
pytest,2021-06-22,61,20,14,73,40.28841016313306,53.32325231157612,107.3,154,44,27,210,38.503694921952174,51.35504530658352,241.0,224,77,37,318,42.165674991518564,49.11723985696064,416.8,21,154,120.4,36,218,201.8,50,304,280.4
pytest,2021-06-29,61,24,13,59,31.7556790210282,55.80672464936239,125.9,155,48,27,197,38.169492596415104,51.33014733309405,259.7,224,78,38,328,41.87229278413116,49.29488304032567,422.8,17,144,99.4,34,218,191.8,46,419,271.9
pytest,2021-07-06,62,24,14,116,33.337673486907995,54.98609997976666,131.6,143,44,27,229,36.33881751798365,53.16800015369792,242.9,218,73,39,358,39.60006027028906,50.61317800434898,400.8,17,112,96.2,31,203,175.3,58,532,343.2
pytest,2021-07-13,64,22,15,121,35.683309900209174,53.01781218031691,122.1,138,44,26,225,37.480442600276625,52.5350672195782,242.5,226,74,39,363,40.155241589794585,49.99350439176673,406.3,13,100,75.0,28,186,158.6,58,559,345.9
pytest,2021-07-20,70,22,18,159,39.93765494924189,50.18190629361253,125.9,123,41,24,227,40.01833403403586,51.37081725217606,227.7,218,66,36,366,39.26331542071967,50.8619756342154,366.6,14,63,76.3,29,148,159.8,58,569,346.9
pytest,2021-07-27,72,22,19,155,39.20398875652523,51.42694098237105,125.5,121,41,24,203,37.71328414038387,52.12335148818529,225.3,216,66,37,345,38.85965481989296,51.07029730427131,364.5,15,70,82.0,27,145,149.5,58,631,353.1
pytest,2021-08-03,74,20,17,161,42.00752557923764,49.76807260392708,116.1,127,43,23,229,38.48560401529289,52.042188120373574,237.9,212,62,35,347,38.90375118083872,51.66129873277393,344.7,14,89,78.9,35,269,201.9,59,643,359.3
pytest,2021-08-10,63,14,13,116,43.810452139075686,49.0358504030242,81.6,121,38,21,231,38.446767616892096,52.024980966831286,213.1,192,59,31,326,39.10639462362854,51.98809296331765,327.6,15,86,83.6,44,454,265.4,65,684,393.4
pytest,2021-08-17,50,15,11,92,42.180948944614826,51.28441584631166,84.2,114,36,22,215,39.11533339766477,51.53531602068391,201.5,168,55,29,283,39.377637347330754,52.163764522991556,303.3,15,92,84.2,43,504,265.4,69,733,418.3
pytest,2021-08-24,55,20,16,67,36.905183625441246,54.598019542215816,106.7,115,37,26,209,39.274295697750595,51.69324535084705,205.9,172,59,33,264,38.53013013956997,51.99045503548504,321.4,11,88,63.8,42,561,266.1,65,724,397.4
pytest,2021-08-31,54,13,17,92,31.579289193577484,56.65363984219327,74.2,121,34,27,252,37.35485411315286,52.99440730075691,195.2,175,56,32,308,36.34756426146467,53.406171808396294,310.8,13,170,82.0,45,547,279.7,65,673,392.3
pytest,2021-09-07,58,17,21,94,28.257570406992137,59.12990496948848,94.4,119,32,26,202,37.058296701039396,53.494748726653505,180.2,180,57,34,319,35.609581290079205,54.001536883172214,316.9,29,354,180.4,44,583,278.3,69,706,415.6
pytest,2021-09-14,60,17,18,93,27.916030874938652,59.72256868519227,94.3,106,30,22,184,35.05080732455349,55.48923736599005,168.4,170,51,32,307,35.76057956127427,53.98028130921347,285.7,28,367,176.7,52,629,322.9,82,876,497.6
pytest,2021-09-21,55,14,16,89,27.170683947969597,60.352519591071534,78.9,106,29,22,153,31.149404713475985,58.20098439510495,160.3,168,50,33,307,35.53409382729398,54.31051697052107,280.7,31,422,197.2,56,637,343.7,84,878,507.8
pytest,2021-09-28,54,14,13,202,28.99328293825233,60.09287164212282,90.2,108,31,22,276,30.842955078477353,58.797571755600536,182.6,168,48,32,420,34.03539814265955,55.99184143413091,282.0,31,359,190.9,50,505,300.5,87,801,515.1
pytest,2021-10-05,93,30,13,342,33.830506418189316,56.952584860674264,184.2,144,44,25,433,32.664609546443316,57.38789533200547,263.3,207,61,30,545,34.9767330313297,55.6438287897791,359.5,15,218,96.8,36,348,214.8,71,641,419.1
pytest,2021-10-12,100,30,17,374,36.71388155413051,54.12455045447,187.4,154,45,28,460,35.075554753743454,55.13122275218474,271.0,204,58,31,560,36.314893301719025,54.4000712541875,346.0,24,243,144.3,47,494,284.4,75,629,437.9
pytest,2021-10-19,103,30,17,421,39.362188427080355,51.85672943335401,192.1,154,45,26,506,37.3116871402096,53.26813330846219,275.6,203,59,30,569,37.25815837641928,53.47048568134654,351.9,24,220,142.0,54,460,316.0,76,586,438.6
pytest,2021-10-26,107,31,17,486,38.01252497310588,52.41922606730552,203.6,158,43,24,561,36.904534729772706,53.272985327935764,271.1,205,58,32,631,36.84548007180856,53.44870462891185,353.1,23,149,129.9,57,414,326.4,81,521,457.1
pytest,2021-11-02,100,24,19,379,40.021655590711525,50.79425743290995,157.9,169,45,23,559,37.9180368025297,52.675372069001895,280.9,218,59,34,648,36.67581066543722,53.50697669536656,359.8,21,112,116.2,56,423,322.3,82,496,459.6
pytest,2021-11-09,84,21,16,230,39.212700703590116,50.54218100214605,128.0,178,50,24,598,37.810141689448926,52.64793106532996,309.8,231,65,34,684,36.57050908737958,53.510589726755136,393.4,26,268,156.8,52,393,299.3,85,493,474.3
pytest,2021-11-16,85,26,17,229,35.78923336172063,53.26191247131533,152.9,181,54,25,641,38.19155753782018,52.33429645250806,334.1,237,69,34,733,36.902441509626215,53.258031983000215,418.3,30,240,174.0,51,364,291.4,88,486,488.6
pytest,2021-11-23,68,23,17,163,36.684774584425824,53.232739160382145,131.3,173,54,24,636,38.35036143949476,52.182790239595505,333.6,227,65,28,724,36.92547167648609,53.23699647543471,397.4,30,247,174.7,57,370,322.0,91,497,504.7
pytest,2021-11-30,60,22,20,135,37.52008606116489,53.00505654719108,123.5,174,54,27,512,40.120080718360995,50.474019270367116,321.2,220,67,30,682,37.49402538299607,52.86056501454196,403.2,34,310,201.0,59,377,332.7,89,502,495.2
pytest,2021-12-07,71,30,17,270,35.332165360381126,56.351212963848866,177.0,145,45,25,499,37.94015416725567,52.81898202734133,274.9,236,74,30,853,37.13504205318792,53.80110788242779,455.3,25,128,137.8,51,228,277.8,82,323,442.3
pytest,2021-12-14,77,30,15,247,36.12283501604313,56.697262750115556,174.7,162,54,25,509,38.12592423513683,53.1532234751807,320.9,255,82,32,876,37.60805907652665,53.49446840998753,497.6,23,128,127.8,58,245,314.5,76,323,412.3
pytest,2021-12-21,76,28,15,241,35.98269657891564,56.3306661372946,164.1,155,53,25,456,35.76242993375555,54.892898444711264,310.6,253,84,31,878,37.68242610988762,53.314632362117024,507.8,23,129,127.9,62,257,335.7,87,353,470.3
pytest,2021-12-28,99,37,15,303,38.26594360680882,52.83924851829479,215.3,152,56,27,449,38.27579961001395,52.57490819180293,324.9,264,87,33,808,39.64126884680169,51.17016928402966,515.8,26,85,138.5,56,210,301.0,80,291,429.1
pytest,2022-01-04,104,36,15,294,39.41722415107121,51.68707440789828,209.4,154,57,24,424,39.39141157128317,51.471370949185975,327.4,229,72,32,642,41.303906361086334,49.5006282719524,424.2,26,73,137.3,57,192,304.2,80,274,427.4
pytest,2022-01-11,88,28,14,135,55.88157368987244,37.00352647801289,153.5,147,51,19,386,43.490551028744655,49.313176058257895,293.6,230,75,29,629,41.86828199935351,49.81818737629028,437.9,37,102,195.2,53,177,282.7,77,258,410.8
pytest,2022-01-18,77,22,15,128,56.089697873443974,38.008019575522496,122.8,153,52,22,368,43.11503247338985,49.77181006595685,296.8,231,76,32,588,40.434760211138396,51.0724949640948,438.8,40,131,213.1,60,213,321.3,78,252,415.2
pytest,2022-01-25,97,26,18,113,63.7259574780597,35.86755748309538,141.3,176,60,25,378,44.65420755669717,49.11483593978213,337.8,242,83,35,527,42.790365885344904,49.98152595664382,467.7,33,131,178.1,54,213,291.3,79,261,421.1
pytest,2022-02-01,81,26,16,73,61.70749730006251,39.39025722961668,137.3,178,61,22,384,44.77031466113416,48.625322262526474,343.4,228,82,31,496,42.92267601392049,49.56037908780395,459.6,29,119,156.9,54,203,290.3,76,269,406.9
pytest,2022-02-08,99,37,17,108,49.12405870600892,44.8318195738877,195.8,180,63,24,233,51.24858867736363,40.897434472769675,338.3,242,89,31,501,43.50819522780165,48.90956920106163,495.1,17,77,92.7,42,160,226.0,67,224,357.4
pytest,2022-02-15,110,41,17,135,48.34246196403873,43.97919988482858,218.5,183,62,23,259,52.32913055319693,40.98525899380151,335.9,259,92,30,499,44.569329530430146,48.22882099799564,509.9,17,72,92.2,36,116,191.6,63,204,335.4
pytest,2022-02-22,92,34,16,127,46.836802038749305,44.785906326664,182.7,180,61,24,250,52.523020746887966,41.36239957238944,330.0,255,91,31,497,44.55252677893083,48.297457158467694,504.7,24,96,129.6,48,143,254.3,66,208,350.8
pytest,2022-03-01,76,30,16,126,44.545906606072585,45.314545957044515,162.6,152,55,23,193,51.194053275428374,43.49024499449395,294.3,249,89,28,503,44.811364180064835,47.96800553627057,495.3,26,84,138.4,46,146,244.6,65,208,345.8
pytest,2022-03-08,67,31,14,96,47.00501383125863,44.82822108175778,164.6,151,57,22,196,51.66296892200863,43.37737067021293,304.6,230,82,27,324,50.785256902822596,42.22151416626769,442.4,23,78,122.8,46,145,244.5,62,239,333.9
pytest,2022-03-15,38,18,15,78,41.28795616554952,50.19687752685669,97.8,139,53,23,195,44.8116182572614,46.87935842437943,284.5,212,76,28,323,49.062715979599965,43.20617425761777,412.3,23,56,120.6,50,137,263.7,62,214,331.4
pytest,2022-03-22,52,25,18,97,40.02408350087693,49.47172554435016,134.7,156,64,26,225,44.55609036422314,46.329875604652926,342.5,233,87,33,354,49.09774480155661,43.189967561338385,470.4,20,35,103.5,41,110,216.0,51,194,274.4
pytest,2022-03-29,55,26,17,85,43.58740541859897,47.279898125988495,138.5,130,56,25,210,44.236731871171706,46.22753359595722,301.0,214,82,32,295,50.58261481116815,43.33261938737208,439.5,20,57,105.7,38,122,202.2,57,204,305.4
pytest,2022-04-05,53,23,17,82,42.182066592450155,48.196919114394916,123.2,125,54,25,201,44.76241200635825,46.405864063384435,290.1,200,80,31,274,49.178514098797585,44.54281072181236,427.4,22,66,116.6,39,160,211.0,59,211,316.1
pytest,2022-04-12,55,25,14,82,42.48719765205951,48.39708777480931,133.2,98,41,22,157,44.24843407246874,47.39771053565586,220.7,193,78,31,259,44.97066598311411,46.69316236385561,415.9,27,77,142.7,38,157,205.7,63,218,336.8
pytest,2022-04-19,42,18,13,39,48.77646558144483,43.67655126541927,93.9,83,38,22,121,41.44364047872157,49.42641350859295,202.1,189,78,30,252,45.192238029374955,46.55060162010896,415.2,28,86,148.6,38,170,207.0,65,222,347.2
pytest,2022-04-26,50,25,13,49,40.35015666017444,52.29130234791673,129.9,97,46,23,131,40.63425295366,50.00231581082771,243.1,180,79,30,262,42.13870324031548,48.13901910170432,421.2,17,81,93.1,34,155,185.5,58,201,310.1
pytest,2022-05-03,50,23,18,68,32.66853795460092,57.06266532991478,121.8,103,48,25,152,38.80519764140641,51.8316480723527,255.2,173,77,32,271,41.500757912143435,49.20366621007949,412.1,17,88,93.8,36,143,194.3,57,180,303.0
pytest,2022-05-10,53,27,20,71,33.5980363508854,55.450945591524416,142.1,106,52,27,154,38.39877135312819,51.37637249890137,275.4,151,69,31,231,41.595085412512795,49.50032277650159,368.1,13,87,73.7,33,144,179.4,50,172,267.2
pytest,2022-05-17,68,30,23,91,36.03666043500068,53.172663437861466,159.1,110,49,28,135,39.874873213462415,50.01938333112972,258.5,145,66,33,207,39.164531841962834,50.84021560017676,350.7,9,82,53.2,37,136,198.6,50,176,267.6
pytest,2022-05-24,49,18,21,75,40.36641770401106,49.868448010761604,97.5,96,42,25,122,40.435650636011154,51.095728814061026,222.2,148,66,33,218,40.31190757166242,50.32151753612856,351.8,13,78,72.8,40,126,212.6,54,179,287.9
pytest,2022-05-31,54,19,22,92,46.16385531300739,45.82697444329908,104.2,98,39,27,154,40.59465430834726,50.38378889992699,210.4,152,65,33,238,41.7164127061613,49.400221660303195,348.8,20,57,105.7,39,88,203.8,53,144,279.4
pytest,2022-06-07,53,19,22,96,46.745677731673574,45.66308135417612,104.6,100,42,30,163,40.99114120611969,50.31639007480816,226.3,149,65,36,241,41.62044386288115,49.39558949630117,349.1,19,52,100.2,37,83,193.3,53,155,280.5
pytest,2022-06-14,40,13,20,88,45.56926631459826,47.113797885773714,73.8,98,40,32,169,41.4645829752756,49.610318701287085,216.9,147,63,35,225,43.27428307976026,48.0121232816231,337.5,25,54,130.4,39,90,204.0,53,145,279.5
pytest,2022-06-21,33,10,21,85,48.97232121064194,44.74075281284943,58.5,84,31,32,160,43.500544605809125,48.25241311671066,171.0,126,51,34,195,43.01215022874775,48.86221148988115,274.5,29,53,150.3,43,104,225.4,54,141,284.1
pytest,2022-06-28,49,19,20,82,47.00217589312823,44.93582730136945,103.2,97,37,34,147,45.2673102435995,46.3768883695921,199.7,139,57,37,204,41.5187128793426,49.6911794780239,305.4,21,38,108.8,35,93,184.3,44,129,232.9
pytest,2022-07-05,51,20,18,52,39.82093839770188,48.847794065420324,105.2,101,37,32,146,44.717700221679074,46.502070266919446,199.6,147,59,38,212,41.01540358568856,49.739964910007906,316.2,20,34,103.4,34,103,180.3,42,124,222.4
pytest,2022-07-12,65,25,18,61,40.837970206108416,48.022145915076976,131.1,100,36,28,141,44.30328713104382,47.396876349415976,194.1,156,63,39,218,41.12937302523887,49.52476271263449,336.8,12,22,62.2,29,94,154.4,61,173,322.3
pytest,2022-07-19,63,29,19,54,37.40087597971416,50.17797174460123,150.4,95,39,31,138,44.50213482470383,47.153032358485426,208.8,157,67,43,224,41.22175088915234,49.33235294717782,357.4,13,50,70.0,25,87,133.7,60,179,317.9
pytest,2022-07-26,56,24,14,46,37.35125383366409,51.30436995458083,124.6,96,41,27,120,43.36573305670816,47.20425472383822,217.0,143,58,41,201,42.00914514564109,48.72986488726595,310.1,13,51,70.1,23,91,124.1,69,226,367.6
pytest,2022-08-02,41,21,14,37,41.88460244476842,49.67214917129916,108.7,88,40,27,92,42.51032834205304,48.223936727683075,209.2,137,57,39,180,44.42247579529737,46.88964093102311,303.0,14,54,75.4,21,88,113.8,72,272,387.2
pytest,2022-08-09,30,17,12,28,42.77904564315354,50.951264730262714,87.8,84,37,25,85,41.48777154015133,48.89975950097943,193.5,127,50,37,172,44.43939978770626,47.37706547302922,267.2,17,72,92.2,36,116,191.6,72,275,387.5
pytest,2022-08-16,31,13,14,40,45.35705394190872,48.99048290692869,69.0,94,41,29,94,42.36638121303081,49.00940766217266,214.4,124,50,39,176,44.889758581667294,47.39799341628052,267.6,13,48,69.8,49,139,258.9,74,254,395.4
pytest,2022-08-23,35,14,16,53,43.72034760823611,49.75018967140518,75.3,94,41,29,101,41.29045643153526,50.11684320159845,215.1,128,54,39,179,43.296344375159364,48.24227292834993,287.9,10,38,53.8,53,160,281.0,72,255,385.5
pytest,2022-08-30,34,14,17,57,46.160660988571,48.44650865030246,75.7,72,33,26,88,42.98759901923801,49.95110504604672,173.8,120,53,39,145,42.75246816425811,49.097385132025174,279.5,9,35,48.5,57,215,306.5,73,261,391.1
pytest,2022-09-06,43,17,17,72,38.68015214384509,53.844868079622785,92.2,75,35,25,103,40.483140635700764,51.850749510899156,185.3,126,54,37,155,40.4254316691206,50.78041670370781,285.5,8,27,42.7,55,204,295.4,69,257,370.7
pytest,2022-09-13,40,14,14,55,35.06405130139571,56.05289112230007,75.5,65,28,23,91,38.94313984770415,53.62097686983605,149.1,126,53,36,145,39.92064673057662,51.576269238445384,279.5,35,86,183.6,59,204,315.4,69,254,370.4
pytest,2022-09-20,36,12,12,40,39.47894190871369,56.167496761289364,64.0,70,26,23,91,42.21271259860471,52.29416464344266,139.1,132,55,34,144,40.41669548178884,51.825857353694936,289.4,38,117,201.7,62,217,331.7,70,256,375.6
pytest,2022-09-27,33,9,11,36,35.14384508990318,58.94469249913358,48.6,65,23,23,91,42.21271259860472,52.29416464344268,124.1,110,44,30,129,40.24082472900382,52.236757447299034,232.9,48,181,258.1,64,225,342.5,71,261,381.1
pytest,2022-10-04,31,8,10,21,43.611144042679314,53.77574570946712,42.1,67,22,23,90,40.20373443983402,53.545386121194454,119.0,103,42,30,124,41.01288314817293,52.176756931624375,222.4,50,183,268.3,64,237,343.7,70,256,375.6
pytest,2022-10-11,72,33,19,81,38.43804108396086,56.210095176901575,173.1,118,50,31,153,38.61399940335747,54.850939093485295,265.3,136,62,37,175,39.361754593953755,54.255036557623086,327.5,27,125,147.5,37,175,202.5,45,196,244.6
pytest,2022-10-18,84,35,19,92,39.12434602200974,53.58408016605959,184.2,115,47,27,129,38.17517449901895,54.85608717619424,247.9,147,60,35,179,39.996128792971554,53.21876473513621,317.9,27,125,147.5,36,168,196.8,42,201,230.1
pytest,2022-10-25,121,48,23,181,35.67561495609912,52.3044686364002,258.1,155,58,29,221,36.36399992489814,53.003659247239874,312.1,186,71,38,272,37.862658652672685,52.301021344638684,382.2,16,41,84.1,23,80,123.0,34,155,185.5
pytest,2022-11-01,125,51,25,185,35.782460468767525,52.33123635897765,273.5,155,58,29,219,36.04088747418481,53.06420319382489,311.9,189,72,40,273,37.300776678370035,52.658141160569954,387.3,13,48,69.8,20,73,107.3,32,157,175.7
pytest,2022-11-08,103,38,24,161,35.28813690368805,51.65671906397901,206.1,150,57,30,205,36.60058698512295,52.35210013802394,305.5,195,74,42,277,37.17538235690639,52.6041750912243,397.7,13,51,70.1,21,72,112.2,30,151,165.1
pytest,2022-11-15,75,26,19,126,35.88585918461437,50.76237727644419,142.6,156,62,31,217,37.89437252614872,51.697280884430796,331.7,189,75,39,265,37.232615673686674,52.68905323828001,401.5,9,40,49.0,16,76,87.6,24,171,137.1
pytest,2022-11-22,49,19,19,97,37.27505667964238,55.738397424751504,104.7,153,62,32,219,37.214782394512966,51.88093246403319,331.9,187,72,36,257,37.64286290908504,52.46666591280964,385.7,9,39,48.9,16,119,91.9,23,173,132.3
pytest,2022-11-29,39,16,15,49,45.43305953086629,49.138861976461456,84.9,159,64,33,229,37.79919911576582,51.58326458425182,342.9,191,73,36,264,37.47615679617754,52.54632973303444,391.4,7,31,38.1,19,114,106.4,25,166,141.6
pytest,2022-12-06,42,15,14,54,49.29130167511909,46.33988885508699,80.4,162,62,34,231,39.381114045014456,50.33090744079511,333.1,190,70,38,258,39.31139631380874,51.117180015510094,375.8,7,19,36.9,17,100,95.0,30,182,168.2
pytest,2022-12-13,35,10,13,54,48.299984631934834,47.79153437387897,55.4,110,34,26,172,39.30150535559201,49.39609864665426,187.2,183,69,37,258,39.31139631380874,51.11718001551011,370.8,8,17,41.7,18,119,101.9,32,192,179.2
pytest,2022-12-20,26,8,14,39,44.72518353016278,48.80624021582336,43.9,82,32,26,139,39.15418370697632,53.93600236936801,173.9,178,70,38,256,38.43492284751037,51.33076811545943,375.6,7,39,38.9,15,136,88.6,29,205,165.5
pytest,2022-12-27,26,7,13,36,40.215882895343476,50.782851557865,38.6,60,23,21,80,44.25041493775934,49.161265389651625,123.0,181,71,38,261,38.303906138217194,51.34103469103666,381.1,11,78,62.8,16,133,93.3,29,202,165.2
pytest,2023-01-03,16,6,7,19,31.360777462328016,56.69101229212393,31.9,54,20,18,73,44.624452907406344,49.03401687294592,107.3,176,70,37,256,38.36859764004149,51.31277741270763,375.6,12,84,68.4,21,163,121.3,30,203,170.3
pytest,2023-01-10,13,8,7,21,36.51788184153329,51.275829208347574,42.1,47,18,17,71,45.987551867219906,48.002160402806105,97.1,127,45,31,196,39.4936489118469,48.914878610026086,244.6,10,98,59.8,23,173,132.3,29,230,168.0
pytest,2023-01-17,15,6,9,35,32.250029638411384,56.11678852808203,33.5,42,15,19,78,40.46169805298435,51.328977748894864,82.8,116,42,30,203,37.685424033685585,50.923026261105335,230.3,9,97,54.7,23,170,132.0,36,269,206.9
pytest,2023-01-24,28,11,13,78,54.73332269390361,38.15195873550061,62.8,53,18,23,117,51.10231584920381,41.978447825886406,101.7,87,34,31,158,49.425521298387515,43.72629121861505,185.8,3,52,20.2,18,123,102.3,31,225,177.5
pytest,2023-01-31,30,12,16,84,53.69818217743529,39.13785872114239,68.4,48,19,22,109,50.09147664547566,42.11191694508456,105.9,84,32,30,157,49.47918703914158,43.73925709745868,175.7,8,59,45.9,18,119,101.9,34,229,192.9
pytest,2023-02-07,31,10,15,98,53.98035396731307,38.67967637524437,59.8,44,18,20,119,50.898741239234276,40.90252687520376,101.9,81,31,28,170,50.83053453746644,42.34565690219518,172.0,12,67,66.7,17,128,97.8,35,215,196.5
pytest,2023-02-14,32,9,16,98,58.21047506139385,35.68128814744686,54.8,46,16,22,134,51.596178856753575,40.80715328762752,93.4,75,25,30,174,50.60723994849048,42.3892848412691,142.4,13,64,71.4,24,161,136.1,44,225,242.5
pytest,2023-02-21,28,7,15,55,49.56688042248208,43.75823892245388,40.5,49,14,23,135,52.20264330720762,41.1729278464575,83.5,75,23,32,174,50.512352744789425,42.83774099886311,132.4,14,68,76.8,27,169,151.9,52,248,284.8
pytest,2023-02-28,29,8,15,60,46.977455048409404,47.034448500627136,46.0,58,20,25,143,51.06157328149029,42.28882218442102,114.3,79,27,32,174,49.51504745552534,43.51953199251566,152.4,9,59,50.9,26,169,146.9,52,265,286.5
pytest,2023-03-07,38,13,19,86,44.0397568271736,49.21368760557426,73.6,66,23,28,167,48.50937958108678,44.47293514459876,131.7,78,30,32,186,47.37339936643911,45.21532306172879,168.6,5,39,28.9,22,147,124.7,54,307,300.7
pytest,2023-03-14,39,14,19,74,41.04648424357968,53.018477442952104,77.4,71,24,29,176,47.99144190871368,44.85294333211119,137.6,83,32,34,193,47.16793154601939,45.18926714435925,179.3,10,92,59.2,29,157,160.7,58,348,324.8
pytest,2023-03-21,33,14,16,69,35.919417884418785,54.480665053424346,76.9,66,22,28,166,49.837749337599355,43.5969738296457,126.6,83,29,34,205,46.589252099989885,45.71626792347674,165.5,13,100,75.0,38,179,207.9,58,342,324.2
pytest,2023-03-28,33,13,14,69,35.42636358169463,55.08598181299192,71.9,56,18,24,124,41.76288314817293,50.49467473083464,102.4,83,29,32,202,46.771270695534284,45.728675485111594,165.2,16,107,90.7,40,200,220.0,68,436,383.6
pytest,2023-04-04,25,9,14,42,37.9201738786801,52.761879601625175,49.2,57,18,23,121,41.484448407119096,50.71610517471678,102.1,87,30,33,205,46.48910029349256,45.971848091300934,170.5,17,108,95.8,48,267,266.7,73,531,418.1
pytest,2023-04-11,30,9,11,64,35.475298236514526,56.425339466379306,51.4,67,22,24,139,38.44869996119288,54.156079545336326,123.9,98,32,32,237,44.871071659926116,47.7565541838637,183.7,17,90,94.0,49,252,270.2,84,533,473.3
pytest,2023-04-18,43,13,10,100,50.438672199170114,43.164205839511894,75.0,78,27,22,173,45.021826205837904,47.91761353510197,152.3,111,36,32,270,49.873751344705695,43.42284411030018,207.0,20,70,107.0,44,239,243.9,93,515,516.5
pytest,2023-04-25,46,15,13,107,49.90033737929964,43.225086410099934,85.7,80,30,22,178,44.228961723157255,47.80303974747044,167.8,101,33,30,230,45.61062601479343,47.06121061853393,188.0,24,75,127.5,48,318,271.8,95,519,526.9
pytest,2023-05-02,53,17,13,110,49.32568841946435,43.22592193237062,96.0,79,27,20,170,44.70180619965828,47.10051622601463,152.0,107,35,29,229,45.373208429215964,47.01663405335691,197.9,29,108,155.8,54,412,311.2,96,521,532.1
pytest,2023-05-09,51,19,13,90,54.67270631627477,39.39551708324146,104.0,74,24,19,151,46.46022368167952,46.001055730769934,135.1,108,36,30,218,44.81649472762572,48.11380186549802,201.8,35,160,191.0,64,440,364.0,99,529,547.9
pytest,2023-05-16,48,20,17,66,55.34282660631209,43.79714057264371,106.6,86,31,20,163,49.9046152279612,45.35450262374794,171.3,120,44,30,227,46.83680333412543,47.59912446308336,242.7,27,187,153.7,67,456,380.6,95,516,526.6
pytest,2023-05-23,52,25,20,83,50.64510323451482,47.7149335468581,133.3,96,38,24,184,50.40706747248782,45.321225753161926,208.4,128,52,32,252,46.5311532635184,47.761610940582116,285.2,25,211,146.1,70,441,394.1,93,514,516.4
pytest,2023-05-30,58,30,21,109,53.8527541969622,44.655911134725834,160.9,110,47,29,219,51.57888554159797,43.93765171801773,256.9,135,56,33,278,48.35168213976536,46.08718202110152,307.8,21,218,126.8,67,413,376.3,92,495,509.5
pytest,2023-06-06,71,34,21,164,52.922528084202,45.11220366794966,186.4,121,51,27,272,51.72845984866975,44.22265394713877,282.2,141,56,31,311,50.03318167869674,45.201043106642615,311.1,30,271,177.1,65,361,361.1,90,471,497.1
pytest,2023-06-13,67,29,18,192,51.00365231673582,45.27800336132528,164.2,112,48,27,257,51.180183089268134,45.34796812356307,265.7,148,58,31,349,50.18680521703979,45.088412503804356,324.9,34,246,194.6,68,336,373.6,109,487,593.7
pytest,2023-06-20,62,22,15,212,55.66166914585454,38.69840575618432,131.2,114,47,28,291,54.61807189402688,40.945084617645236,264.1,157,60,32,391,53.549171716314156,41.512634802265865,339.1,48,233,263.3,68,293,369.3,111,448,599.8
pytest,2023-06-27,82,28,15,237,51.25964248822591,41.77611650285414,163.7,132,52,29,330,51.895662014334206,42.920322969553276,293.0,178,68,35,437,51.40710426616785,42.99494468154067,383.7,43,191,234.1,68,272,367.2,106,404,570.4
pytest,2023-07-04,101,31,20,277,49.43646359183307,41.2688431709058,182.7,162,62,34,436,51.0280654002817,42.45774793344116,353.6,212,79,39,544,50.77037313888211,42.53996060856314,449.4,36,92,189.2,61,192,324.2,95,299,504.9
pytest,2023-07-11,105,35,22,282,51.56188752538182,40.15728052732828,203.2,177,67,33,444,51.45314193861911,42.2884355178738,379.4,224,84,40,534,52.18777099165462,41.586747120863215,473.4,31,80,163.0,70,226,372.6,85,280,453.0
pytest,2023-07-18,122,50,23,281,54.211573957856494,39.32134227187335,278.1,181,74,29,450,53.376173351775,41.11907739681106,415.0,225,94,40,520,52.8853734439834,41.92381108279519,522.0,20,60,106.0,60,207,320.7,71,252,380.2
pytest,2023-07-25,108,47,23,201,54.57604095704052,40.26820087861472,255.1,178,71,28,444,53.49621509476282,40.76184713871848,399.4,228,95,39,519,53.20889198026847,41.80964158959133,526.9,24,76,127.6,61,215,326.5,69,253,370.3
pytest,2023-08-01,88,43,20,112,58.97788233550682,39.71513103562667,226.2,174,68,27,416,53.69577880625598,40.73453401560146,381.6,230,97,40,524,53.7784438250293,41.508998080026615,537.4,25,83,133.3,59,207,315.7,72,268,386.8
pytest,2023-08-08,65,35,14,89,74.71010303510653,32.805628137511036,183.9,163,64,28,369,55.057124222694505,39.40203252876517,356.9,236,99,40,529,54.55747554690993,40.92762758777683,547.9,34,137,183.7,56,201,300.1,69,268,371.8
pytest,2023-08-15,59,29,14,68,66.59207957041737,30.76098740904482,151.8,167,69,28,337,56.39102650922837,37.76353958590979,378.7,231,96,37,524,54.355951664502236,40.24205010313774,532.4,41,145,219.5,52,194,279.4,65,252,350.2
pytest,2023-08-22,64,26,16,76,59.32567154400524,34.395196794733835,137.6,175,71,31,306,52.82933311637242,41.12065240555307,385.6,241,96,37,517,54.024334454280606,39.99595104834877,531.7,38,143,204.3,44,173,237.3,61,260,331.0
pytest,2023-08-29,60,25,19,85,53.76704906028801,36.55132142172696,133.5,163,71,32,280,55.703660343805566,38.45375237991027,383.0,232,92,37,498,53.7472962388975,40.027099931651136,509.8,35,125,187.5,45,183,243.3,58,263,316.3
pytest,2023-09-05,76,32,21,116,55.32733581342109,39.019039873647515,171.6,140,67,29,206,62.02985134754058,37.39320412648218,355.6,237,97,39,477,54.82511721774228,39.57761471222916,532.7,26,91,139.1,38,154,205.4,55,240,299.0
pytest,2023-09-12,84,42,26,153,54.51091584628319,43.38742431174602,225.3,149,76,32,243,60.285641104451614,39.34354954804512,404.3,252,110,44,489,55.60416295428896,39.787596838471025,598.9,11,49,59.9,23,103,125.3,49,235,268.5
pytest,2023-09-19,88,43,29,156,54.28287583785508,44.20021216380471,230.6,134,63,33,216,57.353849700322726,40.47772006063709,336.6,249,111,47,449,53.719256254100856,41.987481357123855,599.9,7,32,38.2,21,107,115.7,47,231,258.1
pytest,2023-09-26,73,38,25,133,55.336099585062236,45.09382608664872,203.3,133,63,35,214,55.42486524217629,41.42042683688477,336.4,232,106,45,405,55.91300650581425,40.49251542750286,570.5,6,52,35.2,22,126,122.6,45,241,249.1
pytest,2023-10-03,65,34,23,108,55.77674043337943,44.26813412074189,180.8,127,59,33,208,53.828997765719755,42.31550900409596,315.8,197,95,40,300,58.70529737206086,40.343694126823145,505.0,12,56,65.6,26,138,143.8,49,335,278.5
pytest,2023-10-10,40,17,19,66,42.76612599019238,47.649869287612226,91.6,122,56,34,212,50.64305566429187,44.37308341452939,301.2,179,87,39,292,56.95064798499402,40.673807205071796,464.2,11,50,60.0,33,177,182.7,64,418,361.8
pytest,2023-10-17,32,11,16,45,34.30373443983403,51.71130866365827,59.5,113,51,34,192,50.257131742738586,45.581232801232034,274.2,159,71,38,252,53.8042547586116,42.09982390872134,380.2,14,58,75.8,40,192,219.2,70,446,394.6
pytest,2023-10-24,30,8,14,52,34.14626556016598,52.12731847801136,45.2,99,45,30,191,49.323542829832064,46.501926200263966,244.1,161,69,39,267,52.07130091534958,43.11702784160505,371.7,16,72,87.2,40,188,218.8,75,466,421.6
pytest,2023-10-31,35,13,15,61,33.9433371879464,51.60442941284293,71.1,102,47,29,185,49.139441516205,47.12401516597741,253.5,161,72,39,268,50.54849197993435,43.91126078887783,386.8,13,81,73.1,34,182,188.2,71,634,418.4
pytest,2023-11-07,39,13,14,67,32.93986499040069,53.088381403287414,71.7,83,35,26,131,42.21845997909473,48.85111623424472,188.1,159,69,38,268,47.94187774818852,45.64871823279646,371.8,22,127,122.7,46,365,266.5,92,954,555.4
pytest,2023-11-14,42,14,14,60,35.709059474412165,53.6116460447139,76.0,72,25,23,109,37.82313753854353,50.761173636594805,135.9,154,66,39,254,46.75556245303361,47.339164508435665,355.4,26,130,143.0,55,376,312.6,103,989,613.9
pytest,2023-11-21,52,17,18,92,33.73881472127007,48.61208612146336,94.2,71,23,22,122,34.57584518059996,48.83780634603482,127.2,142,61,39,265,45.95254051514914,46.24207795506733,331.5,24,113,131.3,59,392,334.2,113,997,664.7
pytest,2023-11-28,55,16,17,83,35.38079288106783,46.75968127900264,88.3,85,26,25,141,34.926812042023485,48.52402361430134,144.1,153,61,38,266,45.00910991170873,46.895885005189015,331.6,19,100,105.0,55,392,314.2,123,1027,717.7
pytest,2023-12-05,55,17,16,89,37.49568744463611,44.11847358774458,93.9,91,29,25,152,35.75084625464075,47.59265672607889,160.2,141,55,37,243,41.913990061984535,47.107636212475136,299.3,29,269,171.9,65,832,408.2,137,1095,794.5
pytest,2023-12-12,70,26,17,132,37.65437570728027,46.76323837930511,143.2,105,38,23,186,37.22022933119172,48.602496493470845,208.6,135,49,31,235,37.88570671846032,48.324823453155645,268.5,29,245,169.5,77,861,471.1,140,1106,810.6
pytest,2023-12-19,73,26,15,126,40.058223012579845,46.85394681839547,142.6,114,40,25,201,37.360046241819944,48.59436754957434,220.1,135,47,30,233,36.71515324203514,48.96826829370107,258.3,36,282,208.2,87,883,523.3,145,1173,842.3
pytest,2023-12-26,66,23,11,115,40.364062781887064,47.74263274171763,126.5,107,39,23,189,38.510549079013806,47.25910315643577,213.9,133,45,29,241,37.512904392142,48.312956012697505,249.1,36,280,208.0,102,920,602.0,148,1169,856.9
pytest,2024-01-02,66,24,10,269,34.81903160622561,55.260696126668314,146.9,119,38,21,351,35.29614261564469,53.05267767449639,225.1,151,50,28,407,35.02707800218173,52.88878725325343,290.7,38,513,241.3,109,801,625.1,143,1011,816.1
pytest,2024-01-09,84,33,15,245,37.2509611313405,54.61441995057814,189.5,144,55,24,372,38.07781198411636,51.33838021431852,312.2,178,66,29,422,37.44559595681501,51.79973460546155,372.2,44,593,279.3,107,864,621.4,131,983,753.3
pytest,2024-01-16,98,30,19,264,42.543662768766495,51.240161504353885,176.4,163,56,28,398,41.042473779686816,49.49975056259143,319.8,203,70,35,456,40.40015105190362,49.98444856603389,395.6,49,603,305.3,112,907,650.7,131,963,751.3
pytest,2024-01-23,108,35,21,279,42.44047353470456,51.74616937161396,202.9,173,59,28,395,41.77154262303692,50.614238260364736,334.5,215,75,37,467,40.659306778501424,50.04279034878759,421.7,58,611,351.1,109,886,633.6,128,949,734.9
pytest,2024-01-30,121,41,24,523,40.052458288044555,52.15356197796004,257.3,171,62,30,624,39.96372619427598,51.66225231427139,372.4,223,75,38,705,39.62057031870751,50.966329900054504,445.5,65,419,366.9,105,649,589.9,141,779,782.9
pytest,2024-02-06,138,48,22,594,43.66343238749877,47.196853396928425,299.4,205,72,29,832,41.47126855250558,49.48158377633707,443.2,266,94,38,959,41.23311367736966,48.89053415406392,565.9,59,247,319.7,91,392,494.2,124,578,677.8
pytest,2024-02-13,129,49,20,614,43.4193912444078,46.71644128778486,306.4,212,78,28,860,42.39311010325195,48.432469954400496,476.0,277,104,37,990,41.76561884404207,48.20894075687086,619.0,61,309,335.9,81,366,441.6,118,558,645.8
pytest,2024-02-20,124,56,18,606,42.51154430795776,47.267887475898505,340.6,229,91,30,885,42.38573739362824,48.67790896131928,543.5,293,115,37,998,42.164594749665305,48.5968277263655,674.8,53,284,293.4,72,345,394.5,112,605,620.5
pytest,2024-02-27,136,71,20,650,45.742093839770185,45.82937991177896,420.0,250,107,33,942,44.69919214877852,47.736514038558575,629.2,298,126,39,1042,44.35947069551851,47.76327379440095,734.2,41,227,227.7,66,343,364.3,103,582,573.2
pytest,2024-03-05,148,72,21,263,55.77953078901282,42.476922540265065,386.3,252,108,33,826,48.314001386474835,45.14048305862221,622.6,328,137,40,1095,45.26869019875329,47.61226890494369,794.5,31,173,172.3,64,356,355.6,96,530,533.0
pytest,2024-03-12,125,63,20,245,59.67412990092302,43.076267822409505,339.5,256,111,32,861,48.29291425101565,45.48700452123368,641.1,334,140,40,1106,46.20726628799532,47.260519864345035,810.6,21,124,117.4,53,304,295.4,88,505,490.5
pytest,2024-03-19,112,58,19,291,61.334317206370926,40.86015874688887,319.1,230,109,30,892,48.74981392925589,45.104992826442796,634.2,335,145,40,1174,47.17905942728692,46.65499353310695,842.4,17,56,90.6,56,300,310.0,84,698,489.8
pytest,2024-03-26,100,46,17,249,60.59832691762902,41.636747553334246,254.9,233,112,30,889,48.49415399838505,45.24160028388825,648.9,343,148,40,1169,47.16526520166543,46.77851853316337,856.9,16,65,86.5,56,334,313.4,104,783,598.3
pytest,2024-04-02,81,37,17,210,53.290792333530916,44.588852925431546,206.0,225,108,27,498,57.19946174740455,40.65769632960211,589.8,333,146,40,1011,49.87709469692305,44.55047233205936,831.1,34,185,188.5,63,346,349.6,104,794,599.4
pytest,2024-04-09,57,25,17,126,53.91717710597378,42.42552366984195,137.6,183,88,28,397,58.841801059815836,41.1860364065918,479.7,310,132,39,990,49.37300389790016,44.85252436815358,759.0,33,184,183.4,68,380,378.0,110,829,632.9
pytest,2024-04-16,50,19,16,56,50.44813278008298,46.22902884387487,100.6,170,82,28,360,58.16052328261871,42.50261509788681,446.0,289,131,37,963,48.41048245670729,45.46449214233882,751.3,39,239,218.9,67,389,373.9,108,826,622.6
pytest,2024-04-23,50,20,16,69,51.884539058271685,46.761409709266765,106.9,154,71,27,344,59.02733281868184,42.301273403468784,389.4,278,129,35,955,49.063757033303645,45.195515004523735,740.5,40,266,226.6,87,719,506.9,110,860,636.0
pytest,2024-04-30,78,37,17,186,54.38767679471736,41.426558738290574,203.6,169,77,25,416,55.99796520906479,42.10442368237779,426.6,296,142,34,835,53.286630059383306,42.122415619176486,793.5,30,168,166.8,69,613,406.3,94,751,545.1
pytest,2024-05-07,70,34,17,190,54.84525005459706,41.535124098724246,189.0,135,66,26,335,55.97635474081872,41.286441742940134,363.5,251,125,37,582,57.30727495686643,41.26287579171169,683.2,33,195,184.5,77,632,448.2,94,760,546.0
pytest,2024-05-14,74,38,17,195,55.34152569422278,40.962888631986196,209.5,122,58,26,252,56.463231904103274,40.98098022828878,315.2,244,119,38,561,57.505144192720465,41.76896834173245,651.1,31,199,174.9,71,633,418.3,90,759,525.9
pytest,2024-05-21,82,42,23,275,52.10804979253112,41.66820318290472,237.5,126,61,29,336,52.957765263781866,42.375503168476676,338.6,234,114,41,620,57.030076295007355,41.60662231064564,632.0,32,405,200.5,68,588,398.8,81,682,473.2
pytest,2024-05-28,69,38,22,240,53.83973029045642,40.11853185900677,214.0,126,63,30,356,52.82656534104153,42.33277347379566,350.6,219,104,39,583,54.60688383877924,42.5158821571476,578.3,43,443,259.3,66,578,387.8,74,657,435.7
pytest,2024-06-04,63,35,20,199,51.35413582434996,43.2231345664003,194.9,130,68,28,382,53.089298516217326,42.35384891051019,378.2,198,99,38,555,54.07839706926844,42.34343583929097,550.5,42,433,253.3,59,563,351.3,67,637,398.7
pytest,2024-06-11,74,36,21,209,50.605034842859695,43.485146283672385,200.9,137,68,29,389,52.396174892532194,42.57673724630727,378.9,187,89,39,513,53.24211982237752,42.183878244682155,496.3,41,437,248.7,59,559,350.9,71,662,421.2
pytest,2024-06-18,68,30,22,406,35.06223044375856,55.97744160873737,190.6,143,69,33,650,43.42273858921161,49.46686236573418,410.0,187,86,39,706,43.76752906327507,49.36464916291932,500.6,41,170,222.0,56,312,311.2,71,416,396.6
pytest,2024-06-25,139,49,22,454,34.58369130093041,56.03662326368425,290.4,215,89,37,723,41.36203462979861,50.62431147304031,517.3,256,105,42,788,42.369715862417586,50.18755102689406,603.8,24,146,134.6,32,225,182.5,52,339,293.9
pytest,2024-07-02,153,47,24,463,34.13363146715897,56.260103450038,281.3,205,76,37,624,38.25088440259602,53.07868140683239,442.4,275,110,46,809,42.00762685349978,50.46174863219704,630.9,18,138,103.8,26,209,150.9,45,315,256.5
pytest,2024-07-09,148,42,24,450,32.39195942830797,57.37734980120336,255.0,215,77,38,646,38.00445126729442,53.26743893683503,449.6,279,110,47,830,41.728330750387435,50.613749047233966,633.0,17,119,96.9,26,212,151.2,42,288,238.8
pytest,2024-07-16,151,43,22,439,31.938298093554756,57.97096186852297,258.9,212,71,36,589,35.17321009658398,55.1626512643574,413.9,285,110,46,828,41.549546976166134,50.738651025477196,632.8,16,146,94.6,28,243,164.3,46,317,261.7
pytest,2024-07-23,88,24,25,150,36.01524204702628,54.63919270162143,135.0,216,71,35,603,35.09668806727083,55.58971600742429,415.3,291,111,48,869,40.507570584780524,51.24537462272222,641.9,10,82,58.2,28,191,159.1,41,262,231.2
pytest,2024-07-30,79,25,23,139,35.459267440819126,55.47766998884042,138.9,207,64,34,584,34.6299238333428,55.980794395717744,378.4,262,94,46,752,38.287267149289306,53.226660163681416,545.2,8,83,48.3,28,193,159.3,42,264,236.4
pytest,2024-08-06,61,18,20,136,35.00256285086648,55.62035066783838,103.6,209,62,34,573,33.22751334245761,56.80115374724213,367.3,270,95,46,768,37.848774636929456,53.36367120834144,551.8,7,90,44.0,24,169,136.9,42,259,235.9
pytest,2024-08-13,59,19,21,127,36.720096709902954,53.639781411860156,107.7,202,59,34,561,33.07559115687014,56.9475682860784,351.1,267,90,47,760,37.21495959816554,53.72881666483306,526.0,12,121,72.1,26,185,148.5,47,379,272.9
pytest,2024-08-20,47,13,16,95,44.02611924000873,44.80470508127975,74.5,173,49,34,278,37.6801844831189,51.882020682897895,272.8,252,81,42,683,36.02908816971744,54.36461428977901,473.3,16,103,90.3,30,170,167.0,66,416,371.6
pytest,2024-08-27,35,9,15,81,41.15485886993494,46.98702889823231,53.1,110,32,30,216,38.47418165053019,51.77106848066754,181.6,244,75,40,659,35.449864310945166,54.85485794672299,440.9,21,121,117.1,35,190,194.0,73,437,408.7
pytest,2024-09-03,35,9,18,92,48.853508930182215,43.54757875115025,54.2,91,26,29,222,40.513121004822246,50.82990430221141,152.2,239,68,43,655,35.201450698425774,55.16767794028764,405.5,18,90,99.0,36,173,197.3,79,487,443.7
pytest,2024-09-10,36,12,17,121,47.54401426562875,44.84241286167468,72.1,93,30,30,243,42.12468623533629,49.581650273066565,174.3,236,71,45,680,35.60400292897242,54.95692793568097,423.0,15,71,82.1,31,145,169.5,75,478,422.8
pytest,2024-09-17,41,15,18,104,46.343879668049794,48.554335093027575,85.4,92,30,29,246,41.94620989778362,49.53425943305324,174.6,234,71,44,416,39.16844877114586,51.694864651297316,396.6,15,68,81.8,44,286,248.6,78,480,438.0
pytest,2024-09-24,50,20,20,119,45.50134244569196,48.51530759086108,111.9,84,28,30,198,43.905172052474946,47.75040405851779,159.8,163,52,44,344,41.10483209495319,50.350753480229315,294.4,12,62,66.2,48,308,270.8,74,475,417.5
pytest,2024-10-01,48,19,19,111,43.952076557885675,49.792097340701154,106.1,78,27,28,182,46.790547626647204,46.329061035606436,153.2,138,45,39,320,41.96633817427386,50.12702342222872,257.0,16,80,88.0,57,360,321.0,72,470,407.0
pytest,2024-10-08,40,16,14,77,41.7451635501428,52.71636363330664,87.7,68,25,25,170,46.455601659751025,46.628727067972804,142.0,125,42,35,289,42.34237390343005,49.912116682232345,238.9,19,99,104.9,63,428,357.8,77,477,432.7
pytest,2024-10-15,42,18,18,75,41.57294605809129,49.43181538454731,97.5,75,30,26,172,44.731376049406535,48.73816384923033,167.2,127,46,38,318,42.51817636159607,49.1931826836686,261.8,21,195,124.5,61,400,345.0,80,489,448.9
pytest,2024-10-22,32,13,14,71,44.48623692361638,46.225649287906855,72.1,74,31,26,180,45.22369755647764,47.455509651326174,173.0,111,41,35,262,44.52030344303315,47.002938988253085,231.2,36,245,204.5,63,413,356.3,82,488,458.8
pytest,2024-10-29,32,14,15,79,40.25305950942801,48.399444728030254,77.9,78,34,27,189,43.59895936244484,48.61613718092413,188.9,113,42,37,272,43.907233951671955,47.40269501509198,237.2,38,240,214.0,58,396,329.6,85,484,473.4
pytest,2024-11-05,37,18,15,90,43.10488704472107,47.21446713258509,99.0,77,35,25,169,42.419038031869185,49.440567969625576,191.9,106,42,32,259,45.36448837693651,46.771583680489,235.9,43,321,247.1,59,389,333.9,85,479,472.9
pytest,2024-11-12,53,22,12,198,50.75401316065217,41.449057337599896,129.8,88,36,22,262,48.27232270121313,43.54992269818736,206.2,122,48,30,383,48.343769974973725,43.989013415880564,278.3,39,213,216.3,62,297,339.7,82,384,448.4
pytest,2024-11-19,92,37,15,250,56.23047302904564,39.34833810025671,210.0,125,51,24,317,53.333285338429505,41.37562801609539,286.7,165,67,34,420,51.658180201541185,43.08418515868818,377.0,26,172,147.2,43,242,239.2,66,342,364.2
pytest,2024-11-26,98,38,17,247,57.58764930199741,38.281249153268575,214.7,128,52,22,316,54.196911602500116,40.24527489506316,291.6,179,73,36,437,52.251450383129026,42.375177868108594,408.7,20,159,115.9,42,236,233.6,67,360,371.0
pytest,2024-12-03,111,43,22,315,54.780636237897646,39.562537045614974,246.5,145,61,27,398,52.22334702558435,41.1688106947497,344.8,186,79,37,488,50.832477382490985,42.64487401615765,443.8,16,81,88.1,39,163,211.3,67,336,368.6
pytest,2024-12-10,110,44,25,334,55.00862176062812,39.68622617203451,253.4,146,60,26,408,53.30245708241802,41.03961948351172,340.8,183,75,34,479,51.55721203406127,42.324938827023146,422.9,19,73,102.3,43,172,232.2,70,315,381.5
pytest,2024-12-17,93,34,26,195,52.410596872007666,42.29440335336306,189.5,156,63,28,413,53.44639466307656,41.19906753176672,356.3,190,78,35,481,51.86568438850596,42.30463248027528,438.1,17,79,92.9,40,178,217.8,67,312,366.2
pytest,2024-12-24,66,26,22,167,47.44731284319328,45.8761472422654,146.7,155,62,29,413,53.03116554308621,41.80187948503793,351.3,181,74,33,475,52.05153090194366,42.17441339209876,417.5,21,77,112.7,45,199,244.9,66,308,360.8
pytest,2024-12-31,43,15,17,110,45.42587702753678,50.55699166438718,86.0,146,56,29,390,54.08853069475476,41.0857715812623,319.0,177,72,32,470,51.89902004061093,42.17393077308765,407.0,27,89,143.9,52,233,283.3,67,318,366.8
pytest,2025-01-07,38,14,15,55,46.23070539419087,49.00576587840931,75.5,147,58,31,384,54.10968836445366,40.72601383740918,328.4,186,77,34,483,51.96790460726957,41.98959578765985,433.3,28,116,151.6,54,259,295.9,66,327,362.7
pytest,2025-01-14,52,19,16,90,48.440064545873675,44.80804900839812,104.0,147,59,32,295,52.587200225050985,42.267643039332754,324.5,198,80,32,490,52.87261410788382,41.555385976980155,449.0,21,93,114.3,50,232,273.2,56,286,308.6
pytest,2025-01-21,49,21,13,78,49.94472816257048,43.78229413542783,112.8,115,48,28,246,48.75975778429984,44.77231732431021,264.6,205,84,33,491,52.6824247238678,41.989510589903574,469.1,24,116,131.6,45,229,247.9,53,282,293.2
pytest,2025-01-28,56,27,16,90,50.45661595205164,42.88468189438649,144.0,105,47,28,246,48.656057079242984,44.8528685945518,259.6,203,85,36,486,53.44156720113382,41.402843178767895,473.6,20,111,111.1,40,227,222.7,48,273,267.3
pytest,2025-02-04,59,27,19,100,49.860539419087125,43.98677277956595,145.0,96,43,28,168,51.11131693341237,44.948533070543526,231.8,206,86,38,489,53.063623789764854,41.61588018591929,478.9,27,160,151.0,39,226,217.6,44,266,246.6
pytest,2025-02-11,47,20,14,88,41.33525084873632,50.95913049016634,108.8,97,43,25,172,45.54441281482195,47.57034980509544,232.2,191,82,38,385,51.56425068707226,43.65927608144629,448.5,30,149,164.9,36,203,200.3,40,241,224.1
pytest,2025-02-18,57,28,15,115,44.35110950748692,49.66538668376719,151.5,100,45,23,185,46.9628574632724,46.702553544752675,243.5,165,71,36,357,47.662017504097065,45.75162139478902,390.7,22,118,121.8,30,177,167.7,33,210,186.0
pytest,2025-02-25,57,25,13,124,44.148373711685174,47.862983328966294,137.4,106,47,22,201,46.4755062859974,45.95477245537015,255.1,157,67,34,360,46.74125172890732,46.12533040163957,371.0,19,103,105.3,27,154,150.4,34,202,190.2
pytest,2025-03-04,71,28,21,173,41.011704602691104,49.982791002098715,157.3,121,51,30,255,43.97902530306728,47.80371361788173,280.5,160,67,38,336,45.45017042086543,47.635566937321606,368.6,14,69,76.9,20,110,111.0,41,272,232.2
pytest,2025-03-11,68,28,21,150,42.68766251728906,48.23129518998677,155.0,124,52,27,249,41.76345214884433,49.334733626574504,284.9,163,71,36,322,44.952823380840705,47.575241499076675,387.2,9,56,50.6,13,90,74.0,37,295,214.5
pytest,2025-03-18,65,27,21,134,39.44918560723354,50.151636859115136,148.4,111,50,29,233,42.487863515751606,49.18700322016168,273.3,154,67,35,312,44.227218321097986,47.77003446810463,366.2,6,52,35.2,11,91,64.1,37,312,216.2
pytest,2025-03-25,54,21,22,109,39.88305607369903,50.71901466941109,115.9,107,45,29,231,42.49208744229491,48.9587501644777,248.1,155,66,35,308,44.42815379641105,47.60436610492317,360.8,8,51,45.1,11,87,63.7,44,337,253.7
pytest,2025-04-01,46,15,16,87,37.441598702723326,52.91050494987731,83.7,105,40,26,231,41.27360744373192,49.739383586848376,223.1,160,67,35,320,43.89940352697095,47.77210471504806,367.0,8,49,44.9,19,103,105.3,47,336,268.6
pytest,2025-04-08,35,12,18,69,41.52372361537073,48.14367012007048,66.9,100,38,29,212,41.27975025444296,48.67843058748695,211.2,160,66,38,328,43.29651604088655,47.95811424471396,362.8,4,31,23.1,28,238,163.8,44,316,251.6
pytest,2025-04-15,28,6,13,55,38.16688042248208,49.928326189498705,35.5,96,35,28,194,40.092056294648586,49.577760281782965,194.4,136,56,35,287,41.746974713374875,49.18588169214741,308.7,5,39,28.9,28,237,163.7,45,323,257.3
pytest,2025-04-22,25,8,13,53,40.47584749080091,47.85980465256844,45.3,78,29,30,166,40.192671099335094,49.405707881062156,161.6,130,53,36,282,42.21954915982461,48.657269482615995,293.2,3,36,18.6,33,272,192.2,43,322,247.2
pytest,2025-04-29,25,8,13,53,46.17435214906443,41.20475687192341,45.3,75,28,31,169,41.84026123892066,47.61526596907558,156.9,125,48,34,280,42.398162418494366,47.943813720744245,268.0,8,40,44.0,39,285,223.5,42,315,241.5
pytest,2025-05-06,18,5,11,40,50.4198132780083,40.34747768564226,29.0,50,17,22,106,44.83934862600798,44.50053063890346,95.6,118,44,33,266,42.173072723302035,47.83677690350254,246.6,24,205,140.5,40,285,228.5,41,313,236.3
pytest,2025-05-13,15,4,10,38,48.78401397685084,41.110414537855604,23.8,42,10,19,92,42.641214143965364,46.063984007965935,59.2,110,40,34,241,42.7641569532205,47.3214817505455,224.1,24,201,140.1,41,286,233.6,41,312,236.2
pytest,2025-05-20,15,3,10,34,43.935684647302914,43.38791808042131,18.4,41,11,20,93,42.451523669299064,45.996147951185435,64.3,94,33,34,211,41.456333208786454,47.51987697215491,186.1,30,239,173.9,40,288,228.8,40,315,231.5
pytest,2025-05-27,27,7,12,50,59.38564315352697,35.00778751839056,40.0,50,15,21,101,50.094285362146174,41.21057506953356,85.1,99,34,35,204,44.93537954600927,45.99420683069677,190.4,32,246,184.6,36,275,207.5,37,305,215.5
pytest,2025-06-03,60,24,14,175,41.37842323651452,49.503282903895816,137.5,78,30,22,216,43.16211387736284,47.71386073559246,171.6,115,44,29,285,42.818155346873404,47.487866665504605,248.5,15,110,86.0,17,138,98.8,25,178,142.8
pytest,2025-06-10,61,24,15,205,43.888695476166376,46.24537561759277,140.5,74,28,21,239,44.94149203979236,45.1594806405,163.9,104,37,30,295,43.63628947183346,46.060133405927424,214.5,16,80,88.0,17,107,95.7,29,190,164.0
pytest,2025-06-17,65,27,16,227,43.863783428080495,45.99443659238711,157.7,79,32,22,266,44.48639752909244,45.24310675094389,186.6,103,38,29,318,43.553746183355514,45.892100394494825,221.8,13,62,71.2,13,84,73.4,29,237,168.7
pytest,2025-06-24,85,35,19,254,42.94831247753781,46.94877696907223,200.4,101,38,25,290,43.28511947345829,46.2505134822011,219.0,124,46,33,341,42.941129944877765,46.40623934293748,264.1,5,32,28.2,5,61,31.1,25,251,150.1
pytest,2025-07-01,72,29,18,236,41.28352908080736,48.25343463471636,168.6,104,40,26,290,42.62283588496208,47.11577300545234,229.0,124,48,35,339,43.35665063219868,46.0119303977215,273.9,2,28,12.8,9,63,51.3,24,248,144.8
pytest,2025-07-08,42,16,16,80,39.03713692946058,49.56073420562701,88.0,103,40,26,287,42.42206543582922,47.281713165642664,228.7,115,44,31,318,43.51099976512957,46.21267024933421,251.8,1,27,7.7,10,96,59.6,33,297,194.7
pytest,2025-07-15,45,17,16,91,43.51009985864757,48.069752417478874,94.1,103,40,25,289,44.183922238653814,46.53578931940525,228.9,117,45,31,328,44.650781803461186,45.86211098349791,257.8,0,21,2.1,16,163,96.3,45,315,256.5
pytest,2025-07-22,24,10,13,50,49.91377593360996,45.18258044604999,55.0,101,40,24,286,44.02679685459768,46.762333210164606,228.6,117,43,29,322,44.209556454730546,46.15430701180452,247.2,0,26,2.6,16,217,101.7,47,348,269.8
pytest,2025-07-29,20,3,9,30,54.87607192254495,46.90054191341804,18.0,92,34,23,275,41.67877781969068,48.22296491675272,197.5,121,42,28,315,43.496621221102544,47.24937783574468,241.5,5,37,28.7,20,218,121.8,50,453,295.3
pytest,2025-08-05,18,1,7,29,55.26870796966662,47.64412107713958,7.9,59,17,17,109,43.35562830713008,49.05080961180924,95.9,119,41,27,314,43.70364986653276,47.219236462718875,236.4,9,62,51.2,28,246,164.6,57,570,342.0
pytest,2025-08-12,20,0,7,27,51.43676041186415,49.51034140507828,2.7,63,17,18,112,43.19413159454653,48.94981085186105,96.2,122,41,26,313,43.84973420121166,47.00734484360838,236.3,15,88,83.8,43,282,243.2,71,690,424.0
pytest,2025-08-19,20,0,8,27,38.639311510680805,54.892746920968726,2.7,43,10,16,76,46.20342869622188,48.406417354306214,57.6,122,40,27,315,43.76166765461371,47.20191050772345,231.5,16,181,98.1,45,292,254.2,88,776,517.6
pytest,2025-08-26,22,1,8,30,38.34135546334717,54.60860075696204,8.0,39,5,13,59,45.26345031296152,50.775088087283066,30.9,115,37,26,305,40.98001496496837,48.972432509227986,215.5,19,188,113.8,47,412,276.2,95,789,553.9
pytest,2025-09-02,33,9,13,47,28.980753950737178,57.70276988409801,49.7,50,11,17,75,39.16531120331949,53.75152300731028,62.5,91,26,26,185,42.25042054502636,47.6402727320172,148.5,17,201,105.1,45,497,274.7,90,811,531.1
pytest,2025-09-09,43,12,13,88,34.4859486986043,55.31906070898074,68.8,59,13,15,115,40.105105538517044,52.816261479492766,76.5,101,29,25,195,39.66696457069901,51.480660546624755,164.5,29,186,163.6,51,582,313.2,88,795,519.5
pytest,2025-09-16,50,16,12,187,47.18512437038188,41.43015732846028,98.7,69,16,14,209,46.552303996505785,42.668977206130705,100.9,107,29,23,271,46.27862075301251,44.007093147297255,172.1,29,107,155.7,72,582,418.2,85,702,495.2
pytest,2025-09-23,56,20,15,191,48.60020421020616,40.46572978944546,119.1,77,20,18,220,47.29722746133534,42.29484973750708,122.0,93,25,23,252,47.96897846275439,42.67422575481862,150.2,28,149,154.9,75,598,434.8,82,692,479.2
pytest,2025-09-30,57,15,14,201,50.06541978902169,40.01670444787842,95.1,85,22,20,236,47.1137210774316,42.68092181937181,133.6,102,24,23,264,48.083867722871865,43.15163481199777,146.4,30,260,176.0,76,616,441.6,84,681,488.1
pytest,2025-10-07,84,28,20,203,52.34376469145392,38.997560120245915,160.3,116,37,27,272,47.57795338052234,43.24478886890768,212.2,132,38,28,299,48.45824949000125,43.5437161976494,219.9,22,330,143.0,63,610,376.0,69,644,409.4
pytest,2025-10-14,85,29,20,153,57.356087109809344,38.3694339284086,160.3,129,45,27,295,50.30390322807511,42.32906139745407,254.5,147,45,28,316,49.74042754346342,43.02248246097092,256.6,38,470,237.0,55,591,334.1,63,632,378.2
pytest,2025-10-21,84,31,20,132,55.192568841946425,43.55004996663365,168.2,132,47,27,323,51.370181005356926,41.63058337615566,267.3,151,47,29,349,50.45369698843167,42.59724105192851,269.9,45,462,271.2,55,563,331.3,67,637,398.7
pytest,2025-10-28,105,31,21,249,53.46529687213584,43.62093098527863,179.9,156,46,28,430,52.244398340248964,41.65835736613421,273.0,181,51,33,467,50.8089509271682,42.78253179199527,301.7,46,380,268.0,53,446,309.6,66,520,382.0
pytest,2025-11-04,130,30,21,336,53.399291147994475,40.55179662390168,183.6,192,49,30,520,53.580864985636765,39.48129567797135,297.0,224,58,37,582,50.92180348205501,41.54207214900077,348.2,42,286,238.6,48,333,273.3,63,415,356.5
pytest,2025-11-11,144,32,17,422,45.927031916776464,46.46358788580503,202.2,219,60,31,616,49.48803012340356,43.26446799603022,361.6,261,75,38,704,47.84294252168993,44.57628918757981,445.4,25,179,142.9,31,210,176.0,47,291,264.1
pytest,2025-11-18,176,44,17,489,46.918565282692256,46.70224886821601,268.9,254,73,31,600,48.49701936376209,46.084230367850836,425.0,301,89,37,781,48.34429208217999,44.84494855273275,523.1,12,102,70.2,20,155,115.5,40,340,234.0
pytest,2025-11-25,173,48,18,377,44.90776715057727,47.697435458811405,277.7,260,76,30,601,48.42627432840148,46.21330074435308,440.1,313,95,38,789,48.547986053042614,44.76059787885442,553.9,6,90,39.0,18,164,106.4,34,339,203.9
pytest,2025-12-02,141,46,16,324,40.57401004046924,53.384011166472945,262.4,256,74,30,620,47.29490028108686,46.96711434337476,432.0,316,91,38,821,48.36790474120721,45.1697368744336,537.1,6,49,34.9,19,120,107.0,32,291,189.1
pytest,2025-12-09,118,37,17,215,42.940924442728935,52.70357639621804,206.5,239,59,28,611,46.30158029487066,47.61648867466973,356.1,315,88,39,797,48.41744716962468,45.14056484684734,519.7,6,34,33.4,21,112,116.2,38,289,218.9
pytest,2025-12-16,59,13,17,120,44.32980636237897,50.471725692820726,77.0,230,56,28,595,45.45512047142508,47.937844748127844,339.5,308,85,40,702,47.05746474211204,47.29388297253784,495.2,8,45,44.5,26,232,153.2,46,299,259.9
pytest,2025-12-23,40,7,14,94,36.166813807716075,55.591280513461676,44.4,222,54,27,543,44.21923691188495,48.78620674189708,324.3,298,82,38,692,46.82643369390544,47.44713665044994,479.2,12,74,67.4,28,244,164.4,52,314,291.4
pytest,2025-12-30,41,8,11,65,40.69154165336738,52.72478594106656,46.5,182,54,23,421,41.29795685041543,51.73337586880582,312.1,294,84,38,681,46.63785865306694,47.58098686103315,488.1,13,71,72.1,26,238,153.8,50,311,281.1
pytest,2026-01-06,26,6,9,38,37.254968333697306,55.08329659519799,33.8,148,47,20,318,40.12385500665466,54.44797526282178,266.8,263,69,30,648,46.36573433738026,47.74299069425186,409.8,15,78,82.8,31,250,180.0,52,326,292.6
pytest,2026-01-13,32,9,11,49,33.4721822338894,58.96194069337825,49.9,92,26,23,170,45.00444227483524,51.155060565579355,147.0,258,64,32,640,44.64996109958506,48.69182943460324,384.0,16,174,97.4,32,242,184.2,66,371,367.1
pytest,2026-01-20,38,12,15,74,42.43232028709206,52.53696640421415,67.4,84,22,26,175,40.38086544161232,53.3312892628582,127.5,262,67,35,637,44.491261554094976,48.916144256125136,398.7,16,164,96.4,38,237,213.7,64,353,355.3
pytest,2026-01-27,34,13,15,74,42.783952001794326,51.24682265823777,72.4,75,20,22,140,41.29259039715471,52.149104495120554,114.0,229,66,32,520,42.60671879987232,50.145767259025945,382.0,14,167,86.7,37,239,208.9,66,361,366.1
pytest,2026-02-03,46,15,14,83,39.09553566964955,52.523796153863415,83.3,73,21,19,130,37.56549632939674,53.66226964463087,118.0,199,63,29,416,39.50163581232045,54.165018632944175,356.6,11,161,71.1,37,245,209.5,70,354,385.4
pytest,2026-02-10,52,17,15,151,33.90552609161606,56.42133735255034,100.1,71,23,19,182,34.98068943504628,56.035286361701715,133.2,164,48,28,361,39.41843197204629,54.05838757881338,276.1,18,104,100.4,50,228,272.8,72,301,390.1
pytest,2026-02-17,49,21,17,186,32.65499933074554,57.044147080310324,123.6,79,29,24,239,33.74053368982099,56.54683367003543,168.9,133,41,34,341,35.190956547133766,55.90750989193411,239.1,18,64,96.4,45,186,243.6,72,263,386.3
pytest,2026-02-24,48,17,16,176,29.729559600150882,58.179027637569,102.6,86,29,25,250,33.48957676348547,56.50897751249597,170.0,123,35,33,340,34.24884061508421,56.24742271364051,209.0,23,69,121.9,49,185,263.5,95,338,508.8
pytest,2026-03-03,41,13,15,171,29.487855184295448,59.28046404806927,82.1,78,26,24,242,32.882137100922456,56.81111070286741,154.2,108,32,31,291,33.55516105573855,56.45104547548677,189.1,26,86,138.6,56,193,299.3,100,362,536.2
pytest,2026-03-10,49,19,19,177,31.8836298848958,57.97542538250061,112.7,93,34,25,255,34.221072329346676,55.967621539246046,195.5,113,40,30,289,34.71316171086447,55.76306879640047,228.9,29,110,156.0,54,190,289.0,107,384,573.4
requests,2011-05-14,43,9,3,45,16.80900900900901,70.75956239024799,49.5,51,11,4,53,17.041815400305968,70.32931763383479,60.3,255,36,7,275,17.404914004914005,69.65573791011542,207.5,12,145,74.5,21,208,125.8,32,242,184.2
requests,2011-05-21,101,13,3,141,17.366877515813684,69.7292614782279,79.1,120,17,4,158,17.253164556962027,69.9390329945381,100.8,157,20,6,196,17.46607832322118,69.54549217622152,119.6,6,57,35.7,15,103,85.3,45,262,251.2
requests,2011-05-28,121,18,6,165,17.404914004914005,69.6584287282976,106.5,148,22,7,188,17.336112708453133,69.78530441569175,128.8,159,24,8,199,17.392231427407307,69.68159964733249,139.9,8,68,46.8,16,93,89.3,43,318,246.8
requests,2011-06-04,121,18,6,165,17.404914004914005,69.6584287282976,106.5,141,21,6,181,17.29684933552337,69.85786129280096,123.1,157,24,8,196,17.377551020408163,69.70872835297007,139.6,9,69,51.9,17,95,94.5,45,341,259.1
requests,2011-06-11,127,18,7,171,17.438122332859173,69.59705196165594,107.1,147,21,7,187,17.33068362480127,69.79533710840127,123.7,155,23,8,195,17.37255717255717,69.71795675027244,134.5,9,64,51.4,20,100,110.0,46,346,264.6
requests,2011-06-18,72,8,7,81,18.137137137137135,68.30418212151324,48.1,154,19,8,195,17.55051975051975,69.38931521302267,114.5,173,23,9,212,17.45104538500765,69.57291420399199,136.2,9,49,49.9,36,201,200.1,49,348,279.8
requests,2011-06-25,62,10,9,76,17.894736842105264,68.75114589592414,57.6,177,26,11,231,17.525096525096526,69.43565333103564,153.1,204,30,12,254,17.46329006171526,69.54973389547315,175.4,8,27,42.7,34,244,194.4,44,361,256.1
requests,2011-07-02,58,9,7,69,17.848413631022325,68.8365616222777,51.9,179,27,12,234,17.53568953568954,69.4160832995994,158.4,199,30,12,250,17.44908108108108,69.57598258373655,175.0,7,24,37.4,35,265,201.5,46,439,273.9
requests,2011-07-09,55,9,7,66,17.825552825552823,68.87871483788075,51.6,180,27,12,235,17.53916043703278,69.4096709914267,158.5,200,30,12,251,17.452675783353076,69.56934197933523,175.1,10,28,52.8,37,282,213.2,47,466,281.6
requests,2011-07-16,49,9,8,63,17.800514800514797,68.92488264544599,51.3,109,17,12,131,17.821539096348253,68.88611578413166,98.1,190,28,13,244,17.569118298626496,69.3543254135097,164.4,21,80,113.0,38,294,219.4,57,555,340.5
requests,2011-07-23,21,4,5,27,18.35135135135135,67.90919087901057,22.7,73,12,12,88,17.957002457002456,68.6363338481632,68.8,185,28,14,241,17.559380957721203,69.37231464008023,164.1,30,198,169.8,41,326,237.6,59,611,356.1
requests,2011-07-30,24,7,3,24,18.35135135135135,67.90919087901057,37.4,82,16,9,93,17.978204010462076,68.59724014014424,89.3,203,34,14,258,17.611565053425515,69.27590726047487,195.8,27,238,158.8,39,408,235.8,62,699,379.9
requests,2011-08-06,30,10,5,28,18.35135135135135,67.90919087901057,52.8,87,19,11,96,17.989864864864863,68.57573860073381,104.6,209,37,16,262,17.6228595007221,69.25504136152121,211.2,27,250,160.0,37,438,228.8,64,704,390.4
requests,2011-08-13,55,12,6,50,18.35135135135135,67.90919087901057,65.0,104,21,11,113,18.04424778761062,68.4754615098551,116.3,213,33,15,258,17.746071653048396,69.02714129829666,190.8,25,239,148.9,42,452,255.2,68,761,416.1
requests,2011-08-20,185,31,20,185,18.257560262965665,68.082654712097,173.5,220,40,23,231,18.126009126009123,68.32511897600806,223.1,274,46,28,288,18.11036036036036,68.35389116043117,258.8,11,145,69.5,27,421,177.1,69,727,417.7
requests,2011-08-27,209,27,21,225,18.27423423423423,68.05181669732607,157.5,234,35,23,250,18.281945945945946,68.03755411549453,200.0,291,43,26,318,18.18765935747068,68.2113273268295,246.8,12,183,78.3,35,471,222.1,68,691,409.1
requests,2011-09-03,223,28,23,250,18.28194594594595,68.03755411549453,165.0,250,36,25,276,18.288484136310224,68.02546192655038,207.6,308,45,28,345,18.200470035252646,68.18768186569584,259.5,11,184,73.4,33,450,210.0,69,682,413.2
requests,2011-09-10,225,26,21,254,18.146414130666102,68.28745619557128,155.4,265,37,25,290,18.171854613233926,68.24049912179133,214.0,318,46,28,354,18.106275767292715,68.36136029056948,265.4,14,192,89.2,40,489,248.9,70,673,417.3
requests,2011-09-17,133,14,12,155,18.127462946817786,68.32202043569077,85.5,282,41,25,307,18.181794172022187,68.22215306274484,235.7,318,50,28,356,18.107652596416642,68.35882001297645,285.6,16,264,106.4,57,588,343.8,69,684,413.4
requests,2011-09-24,82,10,9,117,18.05474705474705,68.45610183016811,61.7,283,36,25,334,18.19550089011167,68.19685372453878,213.4,309,44,28,361,18.207157295799956,68.17533877487323,256.1,24,355,155.5,59,579,352.9,74,665,436.5
requests,2011-10-01,113,12,8,189,18.07593307593308,68.41703676222828,78.9,334,40,25,430,18.189943431803894,68.20703664889228,243.0,358,47,27,454,18.198476009048697,68.19129149806153,280.4,22,269,136.9,58,504,340.4,70,605,410.5
requests,2011-10-08,107,10,5,184,18.25705052878966,68.08307289337316,68.4,335,37,25,438,18.192891521658645,68.20159654350631,228.8,366,47,28,466,18.20241271314233,68.1840271044379,281.6,30,292,179.2,58,493,339.3,74,615,431.5
requests,2011-10-15,183,19,8,277,18.288711093765244,68.0246937333164,122.7,369,36,21,491,18.20999614685969,68.17003340660554,229.1,450,57,30,571,18.229800728925074,68.1334880437201,342.1,36,315,211.5,53,420,307.0,72,526,412.6
requests,2011-10-22,209,18,11,304,18.294274537695593,68.01443525612477,120.4,308,29,18,432,18.230855855855857,68.13137345291831,188.2,503,59,32,630,18.241184041184038,68.11248243623143,358.0,42,300,240.0,53,372,302.2,73,486,413.6
requests,2011-10-29,240,23,10,291,18.291724714405124,68.01913689496492,144.1,341,35,17,461,18.238435832795915,68.11739667495014,221.1,559,62,32,699,18.252058925878668,68.09241502929545,379.9,35,233,198.3,48,334,273.4,71,524,407.4
requests,2011-11-05,242,28,11,280,18.351351351351347,67.90919087901057,168.0,353,38,15,468,18.24012474012474,68.11428248569464,236.8,578,65,34,718,18.254686441315965,68.08756647935755,396.8,30,212,171.2,43,323,247.3,68,526,392.6
requests,2011-11-12,312,34,14,359,18.303018896333658,67.99831146575909,205.9,441,51,20,572,18.290682290682295,68.02105902811097,312.2,651,76,39,811,18.244376312193822,68.10656199083776,461.1,22,120,122.0,40,233,223.3,57,412,326.2
requests,2011-11-19,293,44,20,327,18.2452268782544,68.1048746138284,252.7,470,60,27,603,18.265026220250096,68.06836645434747,360.3,583,71,35,748,18.2353663824252,68.1230564581731,429.8,10,71,57.1,29,176,162.6,57,391,324.1
requests,2011-11-26,198,34,19,221,18.194325547266722,68.19873197079986,192.1,436,57,28,509,18.249084054585033,68.09776233662973,335.9,546,69,35,692,18.22598031557569,68.14036349926141,414.2,14,85,78.5,35,302,205.2,61,430,348.0
requests,2011-12-03,208,36,19,232,18.2017707362535,68.1850037293788,203.2,433,58,28,498,18.281667209378053,68.03768200608977,339.8,545,69,32,682,18.22414203059364,68.14375312712431,413.2,13,109,75.9,38,307,220.7,62,440,354.0
requests,2011-12-10,166,30,16,184,18.162749706227963,68.25695490773573,168.4,420,56,28,481,18.279204360285444,68.04222327253538,328.1,537,70,33,673,18.274005060037744,68.05181030238079,417.3,14,128,82.8,38,312,221.2,66,475,377.5
requests,2011-12-17,87,13,12,99,18.000819000819,68.55554018492401,74.9,374,54,28,423,18.228292121909142,68.13610074172487,312.3,542,70,34,687,18.250324560368224,68.09547495844414,418.7,18,104,100.4,47,323,267.3,68,465,386.5
requests,2011-12-24,82,15,9,89,18.156392347403575,68.26867729072647,83.9,282,50,26,313,18.185044469389517,68.215845421912,281.3,546,74,35,668,18.247451043858227,68.10077345770947,436.8,19,209,115.9,45,334,258.4,65,449,369.9
requests,2011-12-31,82,12,8,103,17.34059302020467,69.77293596499402,70.3,294,48,27,338,17.940668479130014,68.66645219599792,273.8,519,70,36,607,18.122667972750346,68.33086192537256,410.7,26,201,150.1,48,336,273.6,65,427,367.7
requests,2012-01-07,103,16,11,131,17.424179905095937,69.6195462452494,93.1,282,44,25,332,17.880983393031585,68.7767967051031,253.2,534,74,38,624,18.101091476091472,68.37080167109826,432.4,24,185,138.5,47,309,265.9,68,426,382.6
requests,2012-01-14,92,19,14,106,17.369199388067308,69.72109901424236,105.6,188,36,24,211,17.693480210067886,69.12270198621435,201.1,464,72,39,526,18.054465111499333,68.45680520270395,412.6,17,178,102.8,44,351,255.1,69,440,389.0
requests,2012-01-21,120,20,16,129,17.54431175361408,69.39804562579017,112.9,188,31,22,201,17.747075433642596,69.02390009780304,175.1,450,73,39,501,18.039650428871987,68.48413126676051,415.1,28,219,161.9,49,335,278.5,66,408,370.8
requests,2012-01-28,151,23,17,190,17.803413940256043,68.92004489129778,134.0,235,36,24,291,17.635831707996655,69.22887474908228,209.1,443,71,41,524,17.887765628223644,68.76418436656076,407.4,25,145,139.5,42,241,234.1,59,334,328.4
requests,2012-02-04,164,25,21,203,17.8385035281587,68.85483493741597,145.3,251,38,27,314,17.632983301773113,69.23410265236592,221.4,438,68,42,526,17.856540951597985,68.82175908836231,392.6,25,128,137.8,45,244,249.4,68,375,377.5
requests,2012-02-11,139,17,17,179,17.769741808847954,68.98162520223009,102.9,236,35,27,292,17.63828211773417,69.2243552837738,204.2,342,57,41,412,17.76174232484912,68.99660978065205,326.2,28,164,156.4,49,251,270.1,71,405,395.5
requests,2012-02-18,167,28,16,215,18.556631049654303,67.22277129510937,161.5,257,47,27,320,18.16393581081081,68.04819729087248,267.0,325,57,34,391,18.153590931084537,68.1047825476513,324.1,23,146,129.6,40,217,221.7,68,371,377.1
requests,2012-02-25,118,26,16,128,20.76372466216216,62.323200183491814,142.8,286,47,29,345,18.693145319232276,66.8570949558852,269.5,360,61,36,430,18.585229415461974,67.13947273288142,348.0,18,115,101.5,35,207,195.7,67,341,369.1
requests,2012-03-03,123,24,16,133,21.026417394838447,61.78204583729533,133.3,287,49,33,331,19.111700824691763,66.02718318507755,278.1,372,62,39,440,18.647297297297296,67.00262725693206,354.0,20,113,111.3,39,234,218.4,69,326,377.6
requests,2012-03-10,145,28,15,163,21.261648151218697,61.243258031991125,156.3,293,52,30,347,19.418412648960196,65.33114675737404,294.7,392,66,38,475,18.87516358463727,66.49755981115669,377.5,19,83,103.3,43,231,238.1,68,304,370.4
requests,2012-03-17,131,21,17,142,21.483250856490287,60.73568480024184,119.2,304,50,31,361,19.37703077038257,65.43112630779763,286.1,395,68,40,465,18.923743097936647,66.39839722767013,386.5,20,82,108.2,45,232,248.2,66,296,359.6
requests,2012-03-24,109,20,16,115,19.89823736780258,64.3661026592361,111.5,224,46,32,240,20.255630630630627,63.515221031421184,254.0,383,65,42,449,18.944140131222536,66.34456048285622,369.9,17,89,93.9,48,236,263.6,68,289,368.9
requests,2012-03-31,100,19,18,111,19.374239103968833,65.42669202216713,106.1,224,41,31,246,20.259173807954298,63.476395498288014,229.6,388,67,46,447,19.12957252554568,65.9709109893451,379.7,15,74,82.4,51,214,276.4,68,362,376.2
requests,2012-04-07,105,21,21,117,19.42688842688843,65.24703469656684,116.7,223,44,32,241,20.472804754962432,62.95362343181948,244.1,372,68,46,426,19.307131074736706,65.55631291911207,382.6,24,133,133.3,48,212,261.2,63,357,350.7
requests,2012-04-14,87,26,24,89,20.236562405101726,63.24293959292943,138.9,242,53,34,262,20.8023519702909,62.17696409074572,291.2,378,70,46,440,19.574201474201477,64.93219616385353,394.0,20,145,114.5,45,204,245.4,57,356,320.6
requests,2012-04-21,64,17,19,78,21.262647262647267,60.8436172095331,92.8,175,38,33,194,20.43884090275843,62.96810896409662,209.4,338,66,44,413,19.79772266212944,64.40871616611197,371.3,29,150,160.0,50,212,271.2,61,355,340.5
requests,2012-04-28,62,17,15,93,21.74949142691078,59.79260680528719,94.3,147,34,28,189,20.65093665093665,62.478084623072384,188.9,279,59,41,334,20.665884447321574,62.49184033326886,328.4,33,134,178.4,53,187,283.7,64,347,354.7
requests,2012-05-05,118,23,13,131,20.819063338147306,61.84294791194074,128.1,221,43,29,247,20.23985118721961,63.301318843890016,239.7,343,68,42,375,20.62306306306306,62.51995388140547,377.5,26,79,137.9,41,226,227.6,58,300,320.0
requests,2012-05-12,139,24,14,155,20.628247602441146,62.34411333342891,135.5,230,45,33,242,20.207169979897255,63.33832268879544,249.2,376,73,44,406,20.62594860870723,62.508458967443495,405.6,26,62,136.2,36,208,200.8,64,295,349.5
requests,2012-05-19,150,28,19,155,20.166346992153443,63.45206999145676,155.5,213,45,34,226,20.338555369528823,63.01472140099259,247.6,351,68,47,372,20.435338564370824,62.92760162712567,377.2,19,61,101.1,33,205,185.5,61,310,336.0
requests,2012-05-26,149,32,20,134,19.344493747478822,65.28749100456437,173.4,213,49,33,226,20.33855536952882,63.0147214009926,267.6,315,67,45,341,20.10311484505033,63.66961300092519,369.1,19,55,100.5,30,197,169.7,73,329,397.9
requests,2012-06-02,105,30,21,92,19.90775558166862,64.17585866174284,159.2,202,49,31,213,20.483568075117372,62.73440452953412,266.3,304,69,47,326,20.092770684795227,63.68285080064214,377.6,16,149,94.9,27,219,156.9,72,334,393.4
requests,2012-06-09,81,26,22,73,18.856719733432058,66.43323607477927,137.3,217,50,33,221,20.193714076067014,63.373779064907595,272.1,300,69,49,304,20.007112375533428,63.810871492880096,375.4,11,143,69.3,38,227,212.7,69,327,377.7
requests,2012-06-16,75,21,19,65,19.64199584199584,64.7146034600781,111.5,219,46,34,215,20.05003142677561,63.730112182259624,251.5,293,66,50,297,20.145964145964147,63.4856276323349,359.7,14,139,83.9,39,220,217.0,73,318,396.8
requests,2012-06-23,70,20,19,53,20.16624171341152,63.31366102114443,105.3,218,51,36,200,19.645945945945943,64.59529059640205,275.0,287,68,49,289,20.238193210511547,63.238903043374,368.9,10,143,64.3,54,275,297.5,69,317,376.7
requests,2012-06-30,75,17,17,151,18.413817791301234,67.35560393031305,100.1,239,53,38,291,18.8410885111916,66.41469117994144,294.1,279,68,47,365,19.621473528322845,64.6603658880741,376.5,11,61,61.1,56,183,298.3,69,215,366.5
requests,2012-07-07,72,15,15,147,18.65159036587608,66.90524386854283,89.7,153,39,33,226,18.447500597943076,67.38040092551668,217.6,277,63,44,359,19.5258601219604,64.89527157378355,350.9,27,90,144.0,57,190,304.0,73,250,390.0
requests,2012-07-14,79,15,17,154,18.060372060372057,68.27378413938897,90.4,146,40,34,213,18.534830605253138,67.19791942299021,221.3,282,60,45,358,19.246338517288237,65.55624518710225,335.8,25,80,133.0,59,177,312.7,68,245,364.5
requests,2012-07-21,59,11,14,144,18.160660660660657,68.0769205418964,69.4,133,32,32,206,18.68499081605877,66.84409373817878,180.6,284,61,47,356,19.168083814151228,65.73378254523482,340.6,42,129,222.9,58,170,307.0,72,245,384.5
requests,2012-07-28,75,11,14,164,18.620468029004613,67.00931154645718,71.4,145,31,29,217,18.998007223813676,66.10668722460659,176.7,297,64,49,351,19.130284130284128,65.79394564772439,355.1,44,118,231.8,58,156,305.6,71,231,378.1
requests,2012-08-04,79,21,17,82,22.840145023071848,57.533273918224936,113.2,150,36,29,229,20.151422164522607,63.54934196493555,202.9,236,62,47,308,19.809494559494564,64.31779444384154,340.8,36,111,191.1,52,171,277.1,63,214,336.4
requests,2012-08-11,89,30,18,88,24.21867321867322,54.38224604742563,158.8,155,40,28,234,20.36636636636636,63.062080694902875,223.4,226,66,46,296,20.22772096420745,63.375839644849044,359.6,29,93,154.3,43,163,231.3,54,194,289.4
requests,2012-08-18,98,32,17,115,24.13019976498237,54.605563926188594,171.5,160,46,28,259,20.8587081289784,61.95676258420259,255.9,230,65,45,320,20.642905405405408,62.44254365842971,357.0,26,58,135.8,39,129,207.9,50,155,265.5
requests,2012-08-25,129,46,19,137,23.635036496350363,55.750537730597806,243.7,189,57,31,279,20.847428073234525,62.02538295830452,312.9,259,76,46,334,20.724389059718405,62.265042698340224,413.4,14,38,73.8,26,109,140.9,43,144,229.4
requests,2012-09-01,129,45,22,115,22.99200940070505,57.27992621968718,236.5,186,56,33,185,22.58466033601169,58.17106188933182,298.5,261,72,46,334,20.7243890597184,62.265042698340224,393.4,16,46,84.6,28,111,151.1,54,311,301.1
requests,2012-09-08,98,31,19,100,21.439189189189186,60.759122788746566,165.0,182,58,31,184,22.513366627497067,58.292019289620065,308.4,246,69,42,327,20.646912968013886,62.461724820207536,377.7,16,69,86.9,26,101,140.1,54,362,306.2
requests,2012-09-15,101,34,21,98,20.72007722007722,62.325577239973185,179.8,181,59,31,179,22.532689113694698,58.20212226557405,312.9,243,73,42,318,20.564082950875402,62.62171314408332,396.8,11,70,62.0,21,96,114.6,50,363,286.3
requests,2012-09-22,60,15,14,42,19.642857142857146,64.5820720373058,79.2,180,59,29,174,22.652842497670083,57.92318351231437,312.4,238,69,40,317,20.625799300878164,62.50410504194566,376.7,14,74,77.4,27,103,145.3,73,598,424.8
requests,2012-09-29,40,13,11,34,19.074721780604136,65.7965496886403,68.4,166,58,29,156,22.500173250173244,58.307121590986135,305.6,224,69,40,217,22.07373271889401,59.276086438627345,366.7,14,77,77.7,40,211,221.1,76,638,443.8
requests,2012-10-06,48,16,12,60,19.17117117117117,65.51486419659093,86.0,148,46,28,160,20.88243243243243,61.91812905717741,246.0,235,73,42,250,21.680756756756757,60.128337022867576,390.0,12,45,64.5,40,306,230.6,73,607,425.7
requests,2012-10-13,53,9,9,68,20.457074721780604,62.85821199682481,51.8,151,43,27,165,20.626044226044225,62.51124723892393,231.5,230,68,37,245,21.990733590733587,59.415183345158454,364.5,11,29,57.9,41,292,234.2,76,609,440.9
requests,2012-10-20,60,14,11,75,20.4245045045045,62.8520582690552,77.5,119,30,25,116,20.159366262814537,63.4348465936808,161.6,236,72,38,245,21.919911748483177,59.54616623952984,384.5,14,29,72.9,58,524,342.4,73,609,425.9
requests,2012-10-27,66,14,15,79,24.605542251111874,60.834845272983166,77.9,113,28,24,117,22.784476784476787,62.518566064063954,151.7,231,72,40,235,23.33410005750431,58.86789171864041,383.5,21,30,108.0,62,558,365.8,84,631,483.1
requests,2012-11-03,51,12,17,45,29.057657657657657,56.28789304256902,64.5,99,28,23,105,23.408236808236804,61.56044798772439,150.5,211,64,39,216,22.731231231231234,60.42147478692169,341.6,27,253,160.3,61,560,361.0,88,657,505.7
requests,2012-11-10,36,11,12,31,31.02353966870096,57.6114221692416,58.1,96,25,21,101,23.486754080813487,61.66460569733974,135.1,187,54,37,194,22.31095012538312,61.672636597478956,289.4,27,260,161.0,63,562,371.2,88,665,506.5
requests,2012-11-17,35,14,12,29,32.49580615097857,55.79465159887859,72.9,90,27,20,100,23.71162162162162,61.28221693909587,145.0,171,53,34,158,22.08723913787205,62.83047957937089,280.8,39,485,243.5,58,579,347.9,94,685,538.5
requests,2012-11-24,40,18,13,38,33.8022759601707,54.27156326831986,93.8,97,30,25,109,24.892387800644677,60.298130291176726,160.9,149,44,36,147,23.36881779738923,61.776977242639965,234.7,46,532,283.2,65,592,384.2,89,676,512.6
requests,2012-12-01,63,27,15,209,19.066597698176643,67.22615193821218,155.9,121,39,29,274,20.547050700335376,65.7274231768656,222.4,166,55,35,320,20.385135135135133,65.59211603109526,307.0,34,352,205.2,60,446,344.6,79,504,445.4
requests,2012-12-08,75,28,18,261,18.744019881950912,67.74500828473802,166.1,110,38,29,293,20.143067982658422,66.4416424899765,219.3,170,54,37,362,20.067268926384948,66.04854236946944,306.2,36,302,210.2,61,402,345.2,86,468,476.8
requests,2012-12-15,103,32,18,303,18.88529123182588,67.31952078375264,190.3,135,42,29,329,20.089871026041237,66.29827392464283,242.9,186,53,35,399,20.100250626566414,65.80050057110424,304.9,32,279,187.9,65,377,362.7,84,434,463.4
requests,2012-12-22,202,49,25,501,18.55181528834223,67.57967904368572,295.1,234,62,34,530,19.536766955634878,66.87617786590495,363.0,295,76,45,604,19.599874709146228,66.48721628991517,440.4,14,85,78.5,45,182,243.2,62,248,334.8
requests,2012-12-29,207,36,24,427,18.6102284954744,67.54093745907946,222.7,263,62,34,561,18.81485763838705,67.37443268126111,366.1,328,76,47,638,19.533338981614847,66.56299549999235,443.8,24,91,129.1,44,147,234.7,62,224,332.4
requests,2013-01-05,192,33,19,301,18.833887043189367,67.17419821590087,195.1,266,61,33,562,18.79215158218717,67.43928972473806,361.2,317,73,48,607,19.553185805245114,66.61257992128235,425.7,27,95,144.5,53,166,281.6,72,242,384.2
requests,2013-01-12,206,35,23,320,18.69679054054054,67.41810434203458,207.0,283,65,37,583,18.716749339390844,67.56613882251408,383.3,316,76,48,612,19.341326620738382,67.06077555394474,441.2,29,94,154.4,52,154,275.4,73,240,389.0
requests,2013-01-19,90,16,17,90,17.965765765765763,68.62124754305174,89.0,285,60,37,585,18.46370986370986,67.73654074271309,358.5,317,74,45,614,19.318073774099833,67.12187524842057,431.4,33,99,174.9,50,144,264.4,77,240,409.0
requests,2013-01-26,92,23,22,80,17.917567567567566,68.71025462605688,123.0,310,64,41,608,18.361931009957328,67.96645741194475,380.8,348,85,50,638,18.704524273489792,67.5394193285815,488.8,21,65,111.5,37,134,198.4,67,208,355.8
requests,2013-02-02,103,27,27,97,17.993591529673996,68.56986201059516,144.7,296,61,41,404,18.58201766122558,67.59940523250167,345.4,367,88,53,657,18.675593401620795,67.60477786692923,505.7,24,70,127.0,43,143,229.3,69,221,367.1
requests,2013-02-09,101,25,25,103,18.01443190763579,68.53137631360964,135.3,297,61,40,405,18.624290957624293,67.52117188683202,345.5,369,88,52,665,18.67169274537695,67.60843997835276,506.5,26,69,136.9,48,154,255.4,72,214,381.4
requests,2013-02-16,114,36,25,109,18.35135135135135,67.90919087901057,190.9,208,55,38,203,18.180402076953797,68.22488102562981,295.3,390,94,56,688,18.660983658076677,67.61849415090381,538.8,16,45,84.5,43,137,228.7,64,198,339.8
requests,2013-02-23,85,24,18,84,18.351351351351347,67.90919087901057,128.4,156,43,32,144,18.11036036036036,68.35422629403631,229.4,383,89,51,676,18.360866783943706,67.96069687312888,512.6,17,66,91.6,43,139,228.9,73,213,386.3
requests,2013-03-02,66,25,14,63,18.351351351351347,67.90919087901057,131.3,165,51,35,157,18.130315028404198,68.31737622782398,270.7,366,85,51,509,18.534434237774118,67.6633099336479,475.9,14,77,77.7,45,155,240.5,65,199,344.9
requests,2013-03-09,67,25,15,68,18.351351351351347,67.90919087901057,131.8,168,50,35,168,18.14478764478764,68.29064980617548,266.8,364,86,50,470,18.586543990799314,67.57483408787799,477.0,22,77,117.7,46,148,244.8,62,189,328.9
requests,2013-03-16,57,19,18,57,18.04694167852062,68.472187530256,100.7,163,52,36,155,18.23940714908457,68.1162283572105,275.5,342,84,53,434,18.429443268152944,67.93398695976333,463.4,25,90,134.0,46,148,244.8,62,193,329.3
requests,2013-03-23,55,17,16,66,18.08845208845209,68.39541525963162,91.6,159,48,33,163,18.244901343060853,68.10606700858719,256.3,242,62,44,248,18.14145597210113,68.29699696322305,334.8,26,75,137.5,53,141,279.1,60,173,317.3
requests,2013-03-30,64,18,17,78,18.12889812889813,68.32061150876685,97.8,123,38,26,134,18.221863654699476,68.14867452916721,203.4,218,62,45,225,18.12,68.33663936294255,332.5,30,71,157.1,54,133,283.3,62,158,325.8
requests,2013-04-06,71,20,17,77,18.126009126009123,68.32595463382862,107.7,141,46,27,148,18.234112490869247,68.1260206703686,244.8,242,73,48,243,18.137137137137138,68.30497651228092,389.3,25,73,132.3,42,113,221.3,50,141,264.1
requests,2013-04-13,83,24,20,88,17.957002457002453,68.63743064905267,128.8,143,47,32,148,18.116873630387143,68.34219830984642,249.8,244,76,49,242,18.207951753406302,68.17400534084406,404.2,20,58,105.8,38,106,200.6,42,121,222.1
requests,2013-04-20,95,27,21,98,18.17429674572531,68.23566323250766,144.8,143,44,32,143,18.108675108675108,68.35733842980571,234.3,247,77,48,242,18.2079517534063,68.17400534084406,409.2,21,58,110.8,34,98,179.8,43,127,227.7
requests,2013-04-27,85,32,20,84,18.144787644787645,68.29007529142385,168.4,142,48,34,153,18.124536301006888,68.32804774021126,255.3,209,69,42,218,18.192164641705926,68.2031592265505,366.8,24,62,126.2,30,85,158.5,44,147,234.7
requests,2013-05-04,67,28,19,78,17.68399168399168,69.13974051911502,147.8,132,47,34,151,17.891712904957934,68.75736095218367,250.1,200,71,42,221,18.037299743182096,68.48870979778495,377.1,17,40,89.0,25,67,131.7,42,149,224.9
requests,2013-05-11,52,24,17,61,17.78245458573327,68.95818401483731,126.1,132,46,33,146,17.87597186227323,68.7864078724978,244.6,201,72,44,215,18.028535512256443,68.50488241877399,381.5,18,49,94.9,23,66,121.6,42,150,225.0
requests,2013-05-18,42,21,15,61,17.782454585733273,68.95818401483731,111.1,134,48,31,153,18.011128775834656,68.53652991122068,255.3,182,64,42,198,18.000819000819003,68.556027651986,339.8,14,40,74.0,19,58,100.8,37,141,199.1
requests,2013-05-25,62,30,19,76,17.666429587482213,69.17212340438093,157.6,141,56,32,149,17.885543261382185,68.76809801035864,294.9,198,73,46,215,17.947831552482715,68.65369307292616,386.5,4,23,22.3,20,83,108.3,28,128,152.8
requests,2013-06-01,52,20,18,47,17.6129959746981,69.27065005529634,104.7,127,51,32,125,17.796108108108108,68.93300817957747,267.5,188,65,46,202,17.92186245651592,68.70160658045538,345.2,8,27,42.7,23,106,125.6,28,124,152.4
requests,2013-06-08,62,18,17,50,18.004324324324323,68.54907669186488,95.0,119,42,31,121,17.77775295957114,68.96685337959622,222.1,193,64,44,198,17.91318591318591,68.71761497846437,339.8,6,18,31.8,24,101,130.1,26,119,141.9
requests,2013-06-15,59,16,17,45,17.965765765765767,68.62017511551537,84.5,100,37,28,103,17.845972185778013,68.84106342200229,195.3,188,62,42,193,17.991737851841478,68.57228498559535,329.3,5,17,26.7,23,101,125.1,32,129,172.9
requests,2013-06-22,39,7,12,33,18.35135135135135,67.90919087901057,38.3,96,34,26,99,17.825552825552823,68.87871483788075,179.9,179,60,41,174,17.9524697110904,68.64469181332588,317.4,14,48,74.8,24,104,130.4,32,126,172.6
requests,2013-06-29,34,8,11,25,18.35135135135135,67.90919087901057,42.5,93,32,27,87,17.75302889095992,69.01244228048353,168.7,170,62,41,158,17.91207663359562,68.71917292059831,325.8,15,73,82.3,20,102,110.2,32,147,174.7
requests,2013-07-06,37,8,11,29,18.35135135135135,67.90919087901057,42.9,86,25,24,69,18.099882491186836,68.37287625064413,131.9,145,50,38,142,17.862580890749904,68.81043850274904,264.2,18,81,98.1,20,101,110.1,34,154,185.4
requests,2013-07-13,19,4,7,17,18.35135135135135,67.90919087901057,21.7,79,22,23,65,18.084407484407485,68.40141073505235,116.5,125,42,33,123,17.92814765985497,68.68953943127192,222.3,19,83,103.3,26,104,140.4,41,172,222.2
requests,2013-07-20,41,12,12,44,18.35135135135135,67.90919087901057,64.4,91,25,25,84,18.14478764478764,68.29007529142385,133.4,135,46,34,142,17.984773505900264,68.58512659681442,244.2,12,61,66.1,20,83,108.3,42,154,225.4
requests,2013-07-27,60,14,11,62,18.35135135135135,67.90919087901057,76.2,91,20,19,85,18.351351351351347,67.90919087901057,108.5,150,44,33,147,17.99724214009928,68.56213558600476,234.7,8,42,44.2,18,86,98.6,38,172,207.2
requests,2013-08-03,93,18,15,83,18.351351351351344,67.90919087901057,98.3,128,26,24,110,18.351351351351347,67.90919087901057,141.0,177,43,36,150,18.235675675675672,68.12248614996201,230.0,2,17,11.7,16,70,87.0,38,162,206.2
requests,2013-08-10,94,19,15,84,18.35135135135135,67.90919087901057,103.4,114,24,20,101,18.35135135135135,67.90919087901057,130.1,174,42,35,150,18.235675675675676,68.12248614996201,225.0,3,20,17.0,21,85,113.5,41,188,223.8
requests,2013-08-17,93,18,15,87,18.351351351351347,67.90919087901057,98.7,117,23,20,105,18.351351351351347,67.90919087901057,125.5,171,37,33,145,18.231686859273065,68.12984115930516,199.5,9,25,47.5,30,91,159.1,41,188,223.8
requests,2013-08-24,62,8,13,45,18.35135135135135,67.90919087901057,44.5,122,24,22,105,18.35135135135135,67.90919087901057,130.5,157,28,30,128,18.351351351351347,67.90919087901057,152.8,8,21,42.1,30,99,159.9,43,192,234.2
requests,2013-08-31,40,5,10,18,18.351351351351347,67.90919087901057,26.8,115,20,19,97,18.351351351351347,67.90919087901057,109.7,150,28,28,124,18.35135135135135,67.90919087901057,152.4,14,55,75.5,36,146,194.6,46,201,250.1
requests,2013-09-07,30,3,10,20,18.35135135135135,67.90919087901057,17.0,123,21,21,103,18.351351351351347,67.90919087901057,115.3,144,27,27,121,18.35135135135135,67.90919087901057,147.1,18,62,96.2,39,163,211.3,55,234,298.4
requests,2013-09-14,41,9,12,29,18.35135135135135,67.90919087901057,47.9,132,27,24,113,18.35135135135135,67.90919087901057,146.3,154,32,29,130,18.35135135135135,67.90919087901057,173.0,16,63,86.3,32,159,175.9,50,226,272.6
requests,2013-09-21,29,8,10,22,18.35135135135135,67.90919087901057,42.2,104,18,21,78,18.35135135135135,67.90919087901057,97.8,150,32,29,126,18.351351351351347,67.90919087901057,172.6,22,75,117.5,35,171,192.1,56,285,308.5
requests,2013-09-28,57,14,11,55,18.35135135135135,67.90919087901057,75.5,105,19,20,84,18.351351351351347,67.90919087901057,103.4,175,34,28,157,18.351351351351347,67.90919087901057,185.7,22,80,118.0,32,141,174.1,50,251,275.1
requests,2013-10-05,65,18,14,62,18.35135135135135,67.90919087901057,96.2,94,20,20,82,18.351351351351347,67.90919087901057,108.2,185,38,30,163,18.35135135135135,67.90919087901057,206.3,22,93,119.3,32,159,175.9,48,248,264.8
requests,2013-10-12,77,17,14,70,18.35135135135135,67.90919087901057,92.0,111,24,22,91,18.351351351351347,67.90919087901057,129.1,204,43,33,174,18.35135135135135,67.90919087901057,232.4,17,96,94.6,33,161,181.1,48,248,264.8
requests,2013-10-19,81,22,14,71,18.35135135135135,67.90919087901057,117.1,113,30,21,93,18.35135135135135,67.90919087901057,159.3,192,42,31,154,18.35135135135135,67.90919087901057,225.4,11,96,64.6,33,210,186.0,44,250,245.0
requests,2013-10-26,92,21,16,89,18.156392347403585,68.26867729072647,113.9,142,31,24,133,18.220890062995323,68.14974945527159,168.3,202,39,34,175,18.252200772200773,68.09201539696895,212.5,14,62,76.2,33,174,182.4,43,222,237.2
requests,2013-11-02,97,22,17,92,18.162749706227963,68.25695490773573,119.2,151,36,25,145,18.23168685927306,68.12984115930516,194.5,177,38,30,162,18.244244244244243,68.1066865002619,206.2,10,60,56.0,30,165,166.5,42,222,232.2
requests,2013-11-09,81,20,16,103,18.18289162949357,68.2198150600078,110.3,153,38,25,168,18.248069498069498,68.09963308521722,206.8,184,41,32,188,18.259056929269693,68.0793732760463,223.8,16,65,86.5,29,146,159.6,40,203,220.3
requests,2013-11-16,72,11,14,97,18.172471440512677,68.23902892687362,64.7,147,32,23,163,18.24490134306085,68.10547487068368,176.3,184,41,32,188,18.259056929269693,68.0793732760463,223.8,19,65,101.5,34,156,185.6,42,205,230.5
requests,2013-11-23,67,13,15,93,18.16477768090671,68.2532155095774,74.3,156,35,24,171,18.249881460407774,68.09629199388026,192.1,183,43,31,192,18.26097972972973,68.07582780944138,234.2,21,114,116.4,31,160,171.0,39,202,215.2
requests,2013-11-30,50,10,14,55,18.35135135135135,67.90919087901057,55.5,145,32,26,146,18.232506479081817,68.12832985601547,174.6,202,46,33,201,18.2650262202501,68.06836645434747,250.1,20,112,111.2,32,163,176.3,37,195,204.5
requests,2013-12-07,85,16,17,71,18.35135135135135,67.90919087901057,87.1,170,37,26,172,18.250471401634194,68.09520419670078,202.2,239,55,34,234,18.27720027720028,68.04591861679995,298.4,10,74,57.4,24,138,133.8,29,161,161.1
requests,2013-12-14,89,19,17,68,18.351351351351347,67.90919087901057,101.8,160,35,24,164,18.24555042847725,68.10427801707591,191.4,230,51,32,227,18.274913680200022,68.05013489065249,277.7,14,92,79.2,22,134,123.4,27,169,151.9
requests,2013-12-21,90,21,14,114,18.199146514935986,68.1898425513151,116.4,160,34,24,210,18.186100386100385,68.2138984089412,191.0,246,56,33,285,18.22958748221906,68.13371221685419,308.5,10,37,53.7,18,88,98.8,24,117,131.7
requests,2013-12-28,77,20,14,117,18.05474705474705,68.45692677442685,111.7,125,30,22,178,18.15639234740358,68.26921952936847,167.8,217,52,33,258,18.149591451917036,68.28159161701994,285.8,8,42,44.2,16,80,88.0,27,123,147.3
requests,2014-01-04,49,16,12,89,17.766474339508047,68.98981906872623,88.9,113,26,20,155,18.015518744551,68.52968061375054,145.5,204,48,29,248,18.07149084568439,68.42600619968562,264.8,13,62,71.2,19,87,103.7,29,121,157.1
requests,2014-01-11,50,15,11,90,17.77297297297297,68.97781208884051,84.0,134,31,21,155,18.015518744551,68.52968061375054,170.5,206,48,28,251,18.074835791967267,68.4198291241397,265.1,9,48,49.8,15,81,83.1,27,110,146.0
requests,2014-01-18,44,11,10,40,17.483783783783785,69.51373133506004,59.0,135,33,19,154,18.013338013338007,68.53370976787222,180.4,204,44,28,250,18.073729729729727,68.42187167712022,245.0,8,49,44.9,14,81,78.1,26,111,141.1
requests,2014-01-25,50,10,9,49,17.643132928847216,69.21901982272442,54.9,136,29,18,161,18.028034245425545,68.50655677270433,161.1,182,43,26,223,18.11792509998788,68.34047298163252,237.3,8,38,43.8,19,73,102.3,26,109,140.9
requests,2014-02-01,66,12,11,57,17.742532005689903,69.03349087486505,65.7,133,32,19,162,17.922922922922922,68.70036495016744,176.2,185,42,27,222,18.03871439006574,68.48653412012503,232.2,7,30,38.0,15,66,81.6,23,102,125.2
requests,2014-02-08,62,11,12,57,18.046941678520625,68.47049422361961,60.7,102,24,17,138,17.848413631022325,68.8379604408034,133.8,186,40,26,203,18.009452802556247,68.54057117224905,220.3,5,26,27.6,16,61,86.1,21,94,114.4
requests,2014-02-15,51,8,11,49,17.99724214009928,68.56213558600477,44.9,101,23,17,140,17.85559845559845,68.82469230420635,129.0,186,42,25,205,18.012788398154246,68.53441136451013,230.5,6,34,33.4,16,61,86.1,23,96,124.6
requests,2014-02-22,46,8,11,42,17.93822393822394,68.67095970383714,44.2,91,18,16,88,17.75982800982801,69.00209893451846,98.8,181,39,25,202,18.007760235483005,68.54369681726507,215.2,10,34,53.4,18,59,95.9,25,97,134.7
requests,2014-03-01,34,6,9,34,18.35135135135135,67.90919087901057,33.4,92,18,16,85,17.943084260731318,68.6631332291718,98.5,164,38,24,197,17.99903964878584,68.5598010288959,209.7,9,38,48.8,16,73,87.3,27,103,145.3
requests,2014-03-08,23,5,7,23,18.35135135135135,67.90919087901057,27.3,97,19,17,87,18.151910531220874,68.27694134616821,103.7,124,29,21,161,17.920261876783613,68.70527907483299,161.1,10,38,53.8,16,71,87.1,26,98,139.8
requests,2014-03-15,30,7,7,41,18.35135135135135,67.90919087901057,39.1,79,15,14,83,18.142298925431454,68.29466426024811,83.3,130,29,20,175,17.95474903474903,68.64159201916719,162.5,10,21,52.1,15,58,80.8,24,95,129.5
requests,2014-03-22,26,8,7,32,18.35135135135135,67.90919087901057,43.2,77,16,15,83,18.142298925431454,68.29466426024811,88.3,117,26,19,120,17.91756756756757,68.71065678638303,142.0,10,27,52.7,17,64,91.4,23,93,124.3
requests,2014-03-29,36,11,10,43,18.35135135135135,67.90919087901057,59.3,76,19,15,81,18.137137137137135,68.30418212151324,103.1,124,27,20,123,18.069215557020435,68.43020795026021,147.3,7,34,38.4,17,62,91.2,21,82,113.2
requests,2014-04-05,33,10,10,38,18.35135135135135,67.90919087901057,53.8,60,16,15,63,18.351351351351347,67.90919087901057,86.3,130,29,22,125,18.21254054054054,68.1651452041523,157.5,6,33,33.3,16,60,86.0,23,82,123.2
requests,2014-04-12,28,12,11,30,18.35135135135135,67.90919087901057,63.0,59,18,15,63,18.351351351351347,67.90919087901057,96.3,111,27,22,111,18.195032870708545,68.19742773164765,146.1,3,36,18.6,13,72,72.2,20,82,108.2
requests,2014-04-19,38,12,11,30,18.35135135135135,67.90919087901057,63.0,63,18,14,62,18.351351351351347,67.90919087901057,96.2,113,26,21,111,18.195032870708545,68.19742773164765,141.1,7,37,38.7,13,66,71.6,26,98,139.8
requests,2014-04-26,33,7,11,41,18.351351351351347,67.90919087901057,39.1,67,18,15,76,18.351351351351347,67.90919087901057,97.6,107,26,20,114,18.19914651493599,68.1898425513151,141.4,8,26,42.6,14,49,74.9,28,107,150.7
requests,2014-05-03,36,8,10,38,17.894736842105264,68.75114589592414,43.8,66,16,15,74,18.11687363038714,68.34154615796619,87.4,96,23,19,104,18.184511434511432,68.21682828903668,125.4,10,27,52.7,16,48,84.8,27,105,145.5
requests,2014-05-10,29,5,8,33,17.825552825552826,68.87871483788075,28.3,63,16,14,68,18.09618441971383,68.37969515316816,86.8,85,21,17,94,18.166762507188036,68.24955567308201,114.4,10,33,53.3,17,49,89.9,27,105,145.5
requests,2014-05-17,42,9,11,38,17.894736842105264,68.75114589592414,48.8,76,19,18,65,18.084407484407482,68.40141073505235,101.5,103,25,20,99,18.176085176085174,68.23236553196729,134.9,6,31,33.1,18,48,94.8,21,92,114.2
requests,2014-05-24,40,7,12,38,17.894736842105264,68.75114589592414,38.8,70,15,18,63,18.075933075933076,68.41703676222828,81.3,102,25,21,97,18.172471440512677,68.23902892687362,134.7,7,28,37.8,21,83,113.3,23,100,125.0
requests,2014-05-31,49,11,13,30,18.35135135135135,67.90919087901057,58.0,81,18,18,65,18.084407484407482,68.40141073505235,96.5,115,27,22,103,18.18289162949357,68.2198150600078,145.3,4,18,21.8,17,78,92.8,23,135,128.5
requests,2014-06-07,46,10,13,29,18.35135135135135,67.90919087901057,52.9,76,16,16,62,18.07149084568439,68.42522782486083,86.2,109,26,21,100,18.17783783783784,68.22913378543772,140.0,7,20,37.0,17,76,92.6,26,139,143.9
requests,2014-06-14,48,9,12,37,18.35135135135135,67.90919087901057,48.7,88,14,17,74,18.116873630387143,68.34154615796619,77.4,113,24,23,95,18.168705547652916,68.245972885776,129.5,8,9,40.9,16,62,86.2,28,135,153.5
requests,2014-06-21,37,6,11,29,18.351351351351347,67.90919087901057,32.9,76,13,17,66,18.08845208845209,68.39395285844566,71.6,112,23,24,93,18.164777680906713,68.2532155095774,124.3,14,53,75.3,16,66,86.6,27,138,148.8
requests,2014-06-28,24,4,9,20,18.351351351351347,67.90919087901057,22.0,70,14,16,48,17.989864864864863,68.57573860073381,74.8,103,21,21,82,18.139749505603163,68.29936515514125,113.2,14,58,75.8,18,95,99.5,30,152,165.2
requests,2014-07-05,28,7,10,22,18.35135135135135,67.90919087901057,37.2,73,17,19,49,18.35135135135135,67.90919087901057,89.9,103,23,22,82,18.139749505603163,68.29936515514125,123.2,10,56,55.6,17,115,96.5,28,153,155.3
requests,2014-07-12,18,7,8,10,16.616216216216216,71.10861994328216,36.0,64,17,17,46,17.974148061104582,68.60471893646091,89.6,102,20,21,82,17.928147659854975,68.68953943127192,108.2,10,54,55.4,21,124,117.4,35,166,191.6
requests,2014-07-19,39,13,10,32,17.80912162162162,68.90901246159544,68.2,76,19,18,61,18.066902968542312,68.43368744692394,101.1,116,26,24,98,17.99724214009928,68.56213558600477,139.8,3,31,18.1,14,106,80.6,29,142,159.2
requests,2014-07-26,47,14,12,58,18.052190121155636,68.46081657974705,75.8,79,20,18,81,18.137137137137135,68.30418212151324,108.1,119,28,25,107,18.027027027027025,68.50721500317349,150.7,3,36,18.6,14,90,79.0,31,124,167.4
requests,2014-08-02,44,11,11,57,18.046941678520625,68.47049422361961,60.7,70,17,17,78,18.12889812889813,68.31937409237872,92.8,115,27,25,105,18.186100386100385,68.21389840894119,145.5,6,57,35.7,18,97,99.7,38,142,204.2
requests,2014-08-09,42,10,11,56,18.04150579150579,68.48051749763049,55.6,64,17,16,72,18.11036036036036,68.35355602682607,92.2,115,27,25,105,18.186100386100385,68.21389840894119,145.5,10,64,56.4,22,108,120.8,42,146,224.6
requests,2014-08-16,23,3,9,44,18.35135135135135,67.90919087901057,19.4,51,15,13,61,18.066902968542312,68.43368744692394,81.1,90,21,20,92,18.162749706227967,68.25695490773573,114.2,12,73,67.3,27,113,146.3,46,149,244.9
requests,2014-08-23,20,2,8,26,18.35135135135135,67.90919087901057,12.6,65,16,17,81,18.137137137137135,68.30418212151324,88.1,102,23,23,109,18.192164641705922,68.20271648123732,125.9,11,65,61.5,29,98,154.8,46,135,243.5
requests,2014-08-30,47,6,9,57,17.742532005689903,69.03179756822867,35.7,94,19,17,117,17.906444906444904,68.72955730574687,106.7,116,23,22,135,17.965765765765767,68.62017511551535,128.5,11,38,58.8,32,85,168.5,42,99,219.9
requests,2014-09-06,57,9,10,63,16.974259974259972,70.44842029509913,51.3,99,19,18,119,17.47649330002271,69.52234839040801,106.9,126,26,23,139,17.602372156328986,69.29023939596233,143.9,12,44,64.4,32,81,168.1,42,113,221.3
requests,2014-09-13,68,12,12,73,17.162902628656045,70.10058064905961,67.3,105,20,19,126,17.66280566280566,69.17880558705485,112.6,121,28,22,135,17.58018018018018,69.33115935202017,153.5,13,39,68.9,34,76,177.6,41,109,215.9
requests,2014-09-20,71,12,14,75,17.19459459459459,70.04214358852497,67.5,84,14,17,88,17.365479115479115,69.72704830189215,78.8,125,28,23,141,17.6129959746981,69.27065005529636,154.1,18,37,93.7,35,75,182.5,43,107,225.7
requests,2014-09-27,60,13,16,58,16.855545200372788,70.66731938269298,70.8,90,17,19,95,17.43812233285917,69.59310091283773,94.5,138,31,27,153,17.67090620031796,69.1638689434308,170.3,21,50,110.0,31,64,161.4,41,101,215.1
requests,2014-10-04,43,11,12,38,17.438122332859177,69.59310091283771,58.8,91,18,18,97,17.456951797157984,69.55838111832581,99.7,133,28,26,153,17.67090620031796,69.1638689434308,155.3,23,47,119.7,33,79,172.9,40,101,210.1
requests,2014-10-11,47,14,14,42,18.351351351351347,67.90919087901057,74.2,111,25,20,112,17.57673745173745,69.33750742556039,136.2,150,35,28,166,17.82872028655161,68.87287433210443,191.6,17,34,88.4,28,67,146.7,34,96,179.6
requests,2014-10-18,44,15,13,36,18.351351351351347,67.90919087901057,78.6,113,26,21,111,17.569758948137324,69.35037514219597,141.1,126,29,24,142,17.740388275599543,69.03575040868367,159.2,20,41,104.1,29,74,152.4,32,99,169.9
requests,2014-10-25,42,18,15,47,18.35135135135135,67.90919087901057,94.7,104,29,22,101,17.492373561680488,69.49306665340245,155.1,127,32,25,137,17.718090353126847,69.0768657199856,173.7,16,22,82.2,26,59,135.9,32,84,168.4
requests,2014-11-01,46,23,15,47,18.35135135135135,67.90919087901057,119.7,90,35,22,87,17.753028890959925,69.01244228048354,183.7,136,41,25,144,17.748873873873872,69.02010374854932,219.4,9,32,48.2,17,51,90.1,28,79,147.9
requests,2014-11-08,34,20,13,38,18.35135135135135,67.90919087901057,103.8,82,32,21,82,18.351351351351347,67.90919087901057,168.2,140,42,25,146,17.7571269900037,69.0048857640351,224.6,11,32,58.2,16,53,85.3,29,81,153.1
requests,2014-11-15,38,19,13,36,18.35135135135135,67.90919087901057,98.6,84,34,22,76,18.351351351351347,67.90919087901057,177.6,152,46,27,149,17.769091238889896,68.98282479319568,244.9,9,36,48.6,13,63,71.3,25,84,133.4
requests,2014-11-22,37,17,14,37,18.35135135135135,67.90919087901057,88.7,77,35,22,70,18.351351351351347,67.90919087901057,182.0,141,46,27,135,17.708708708708706,69.09416460651858,243.5,8,32,43.2,14,62,76.2,23,80,123.0
requests,2014-11-29,24,10,10,14,18.35135135135135,67.90919087901057,51.4,69,31,20,61,18.351351351351347,67.90919087901057,161.1,111,42,26,99,17.825552825552823,68.87871483788075,219.9,10,39,53.9,20,66,106.6,23,90,124.0
requests,2014-12-06,31,10,11,32,18.35135135135135,67.90919087901057,53.2,62,30,18,69,18.351351351351354,67.90919087901057,156.9,110,42,25,113,18.35135135135135,67.90919087901057,221.3,7,22,37.2,19,49,99.9,23,79,122.9
requests,2014-12-13,23,7,12,34,18.35135135135135,67.90919087901057,38.4,63,28,21,71,18.351351351351347,67.90919087901057,147.1,107,41,28,110,18.35135135135135,67.90919087901057,216.0,6,29,32.9,18,50,95.0,25,82,133.2
requests,2014-12-20,27,8,14,32,18.35135135135135,67.90919087901057,43.2,65,25,21,70,18.351351351351347,67.90919087901057,132.0,109,43,29,107,18.35135135135135,67.90919087901057,225.7,4,29,22.9,15,46,79.6,26,95,139.5
requests,2014-12-27,33,10,13,39,18.35135135135135,67.90919087901057,53.9,57,20,17,53,18.35135135135135,67.90919087901057,105.3,102,41,26,103,18.351351351351347,67.90919087901057,215.3,7,24,37.4,13,51,70.1,29,94,154.4
requests,2015-01-03,25,7,13,22,17.562653562653562,69.36786402087372,37.2,56,17,18,54,18.030030030030026,68.50346512199185,90.4,101,40,26,101,18.17955579341718,68.2269216623867,210.1,11,25,57.5,16,57,85.7,34,98,179.8
requests,2015-01-10,29,6,10,33,17.825552825552826,68.88163964025267,33.3,61,17,18,66,18.08845208845209,68.39541525963162,91.6,90,34,24,100,18.17783783783784,68.23009897022047,180.0,12,15,61.5,17,50,90.0,42,95,219.5
requests,2015-01-17,18,3,6,25,17.657297297297294,69.19282324385014,17.5,47,12,15,58,18.05219012115564,68.46248069144141,65.8,87,32,23,99,18.176085176085177,68.23334046609126,169.9,12,21,62.1,23,70,122.0,45,103,235.3
requests,2015-01-24,17,6,5,25,17.657297297297298,69.19282324385014,32.5,50,16,15,62,18.071490845684387,68.42678457451039,86.2,83,32,21,84,18.144787644787645,68.29122432092711,168.4,7,25,37.5,22,70,117.0,41,120,217.0
requests,2015-01-31,26,11,7,28,17.731660231660232,69.0552912047602,57.8,50,19,15,47,17.982173663024724,68.59197405179758,99.7,80,28,20,79,18.131713992473482,68.31540365269397,147.9,4,26,22.6,18,67,96.7,36,126,192.6
requests,2015-02-07,31,13,9,28,18.35135135135135,67.90919087901057,67.8,53,18,15,49,17.99724214009928,68.5641053508675,94.9,84,29,23,81,18.137137137137135,68.30537370766476,153.1,5,31,28.1,28,76,147.6,36,131,193.1
requests,2015-02-14,26,12,10,21,18.35135135135135,67.90919087901057,62.1,48,16,13,48,17.989864864864867,68.57774940236452,84.8,75,25,22,84,18.144787644787645,68.29122432092711,133.4,10,41,54.1,32,78,167.8,37,134,198.4
requests,2015-02-21,26,9,11,18,18.35135135135135,67.90919087901057,46.8,48,15,14,48,17.989864864864863,68.57774940236452,79.8,75,23,23,80,18.134459459459457,68.31032599302293,123.0,15,52,80.2,34,97,179.7,40,134,213.4
requests,2015-02-28,23,3,10,24,18.35135135135135,67.90919087901057,17.4,48,13,14,51,18.01112877583466,68.53842243040252,70.1,81,23,22,90,18.158558558558557,68.26575542479934,124.0,16,43,84.3,34,102,180.2,44,130,233.0
requests,2015-03-07,32,6,11,33,18.35135135135135,67.90919087901057,33.3,61,18,15,60,18.351351351351347,67.90919087901057,96.0,86,25,23,82,18.139749505603163,68.30054220975434,133.2,23,45,119.5,31,100,165.0,39,118,206.8
requests,2015-03-14,41,10,10,38,17.894736842105264,68.75114589592414,53.8,67,22,17,59,18.057260650480988,68.45146699159898,115.9,93,28,21,88,17.957002457002456,68.63743064905267,148.8,22,40,114.0,26,90,139.0,34,105,180.5
requests,2015-03-21,53,11,10,50,18.004324324324326,68.54907669186488,60.0,77,22,17,67,18.092375958047597,68.38671760502125,116.7,97,26,18,96,17.98986486486486,68.57674400154916,139.6,22,32,113.2,26,84,138.4,34,94,179.4
requests,2015-03-28,52,16,10,43,17.140791954745442,70.14135069129307,84.3,82,22,18,70,17.607722007722007,69.28037476369839,117.0,100,29,21,94,17.6129959746981,69.27167684761841,154.4,18,59,95.9,28,87,148.7,29,89,153.9
requests,2015-04-04,49,19,13,42,17.111969111969113,70.19449735349028,99.2,83,24,21,74,17.647918188458725,69.20625671587743,127.4,107,35,23,99,17.825552825552823,68.87871483788075,184.9,13,58,70.8,22,79,117.9,24,84,128.4
requests,2015-04-11,62,27,14,47,17.24381828637148,69.95137964343924,139.7,93,32,20,82,17.71654581410679,69.07971370740262,168.2,116,44,25,97,17.81471161883533,68.89870502259971,229.7,4,49,24.9,12,67,66.7,14,72,77.2
requests,2015-04-18,44,22,12,33,17.299754299754298,69.84823879675092,113.3,96,33,19,82,17.716545814106787,69.07971370740262,173.2,122,45,25,103,17.84597218577801,68.84106342200229,235.3,4,52,25.2,12,62,66.2,15,72,82.2
requests,2015-04-25,62,19,13,60,18.062162162162164,68.44242905638916,101.0,114,34,18,105,17.855598455598454,68.82331346880245,180.5,141,41,25,130,17.95093555093555,68.64752066307324,218.0,9,27,47.7,11,30,58.0,19,56,100.6
requests,2015-05-02,59,18,12,59,18.351351351351347,67.90919087901057,95.9,109,32,19,100,17.830810810810807,68.86901959829204,170.0,134,36,25,126,17.93822393822394,68.67095970383713,192.6,10,27,52.7,12,31,63.1,19,55,100.5
requests,2015-05-09,48,8,9,55,18.35135135135135,67.90919087901057,45.5,105,31,18,100,17.83081081081081,68.86901959829204,165.0,134,36,23,131,17.95399216009903,68.64188455785138,193.1,8,18,41.8,10,23,52.3,20,54,105.4
requests,2015-05-16,52,5,11,56,18.35135135135135,67.90919087901057,30.6,96,27,19,93,17.978204010462072,68.59724014014424,144.3,144,37,25,134,17.962888261395722,68.6254809680266,198.4,8,10,41.0,10,18,51.8,19,48,99.8
requests,2015-05-23,41,6,12,37,18.35135135135135,67.90919087901057,33.7,89,25,19,82,17.92814765985498,68.68953943127192,133.2,143,40,24,134,17.962888261395722,68.6254809680266,213.4,5,9,25.9,13,35,68.5,24,53,125.3
requests,2015-05-30,34,10,12,28,18.35135135135135,67.90919087901057,52.8,92,28,19,87,18.35135135135135,67.90919087901057,148.7,144,44,26,130,17.95093555093555,68.64752066307324,233.0,2,4,10.4,9,28,47.8,26,63,136.3
requests,2015-06-06,24,8,9,18,18.35135135135135,67.90919087901057,41.8,72,16,15,73,18.351351351351354,67.90919087901057,87.3,129,39,24,118,17.91021530004581,68.72260504789317,206.8,2,5,10.5,11,31,58.1,26,66,136.6
requests,2015-06-13,24,9,8,16,18.35135135135135,67.90919087901057,46.6,66,13,14,66,18.35135135135135,67.90919087901057,71.6,116,35,23,106,18.023967363590003,68.51285674019388,185.6,1,6,5.6,11,35,58.5,30,76,157.6
requests,2015-06-20,13,8,5,10,18.351351351351347,67.90919087901057,41.0,61,12,14,62,18.35135135135135,67.90919087901057,66.2,104,34,22,94,17.982173663024724,68.58992046715346,179.4,8,27,42.7,17,43,89.3,30,78,157.8
requests,2015-06-27,4,1,3,2,18.35135135135135,67.90919087901057,5.2,38,11,13,30,18.35135135135135,67.90919087901057,58.0,96,29,20,89,18.35135135135135,67.90919087901057,153.9,8,26,42.6,22,51,115.1,30,79,157.9
requests,2015-07-04,9,2,4,5,18.35135135135135,67.90919087901057,10.5,37,11,12,26,18.35135135135135,67.90919087901057,57.6,92,24,19,84,18.351351351351347,67.90919087901057,128.4,7,23,37.3,24,60,126.0,32,81,168.1
requests,2015-07-11,9,2,4,5,18.35135135135135,67.90919087901057,10.5,33,10,11,23,18.35135135135135,67.90919087901057,52.3,74,14,16,72,18.35135135135135,67.90919087901057,77.2,10,31,53.1,27,68,141.8,36,103,190.3
requests,2015-07-18,24,7,9,27,18.35135135135135,67.90919087901057,37.7,37,15,12,37,18.35135135135135,67.90919087901057,78.7,85,19,20,89,18.35135135135135,67.90919087901057,103.9,10,16,51.6,23,51,120.1,37,92,194.2
requests,2015-07-25,23,8,8,26,18.35135135135135,67.90919087901057,42.6,31,10,11,29,18.35135135135135,67.90919087901057,52.9,61,19,18,56,18.35135135135135,67.90919087901057,100.6,12,20,62.0,22,51,115.1,38,104,200.4
requests,2015-08-01,20,7,7,24,18.35135135135135,67.90919087901057,37.4,27,9,9,28,18.35135135135135,67.90919087901057,47.8,59,19,17,55,18.35135135135135,67.90919087901057,100.5,17,37,88.7,22,54,115.4,38,108,200.8
requests,2015-08-08,27,10,11,31,18.35135135135135,67.90919087901057,53.1,36,12,13,36,18.35135135135135,67.90919087901057,63.6,60,20,19,54,18.35135135135135,67.90919087901057,105.4,16,32,83.2,24,69,126.9,40,108,210.8
requests,2015-08-15,33,15,11,35,18.35135135135135,67.90919087901057,78.5,45,17,15,43,18.35135135135135,67.90919087901057,89.3,58,25,18,53,18.35135135135135,67.90919087901057,130.3,13,35,68.5,22,71,117.1,37,109,195.9
requests,2015-08-22,22,11,9,18,18.35135135135135,67.90919087901057,56.8,45,19,15,44,18.35135135135135,67.90919087901057,99.4,57,24,18,53,18.35135135135135,67.90919087901057,125.3,11,33,58.3,25,74,132.4,35,110,186.0
requests,2015-08-29,43,17,15,36,18.35135135135135,67.90919087901057,88.6,63,24,19,60,18.351351351351347,67.90919087901057,126.0,70,26,21,64,18.351351351351347,67.90919087901057,136.4,5,18,26.8,21,72,112.2,31,113,166.3
requests,2015-09-05,45,17,14,37,19.152666179693206,66.07380734174001,88.7,66,26,20,63,18.821964821964823,66.83126721426437,136.3,75,28,22,68,18.787360890302065,66.91052630726041,146.8,8,37,43.7,19,68,101.8,31,128,167.8
requests,2015-09-12,49,19,17,41,19.07448912326961,66.25286915025421,99.1,74,29,24,70,18.77490347490347,66.93905958073898,152.0,83,30,26,76,18.741465149359883,67.01564889376043,157.6,9,34,48.4,24,75,127.5,29,131,158.1
requests,2015-09-19,42,13,15,35,19.1984555984556,65.9689282824674,68.5,62,22,20,51,18.932697403285637,66.57763811667702,115.1,87,30,26,78,18.73146223146223,67.03856022671556,157.8,14,41,74.1,24,74,127.4,33,160,181.0
requests,2015-09-26,29,8,10,28,20.469111969111967,63.05853438765267,42.8,63,22,20,53,19.470168281489034,65.34657990244413,115.3,86,30,25,79,19.101950051317143,66.18997085675713,157.9,16,55,85.5,26,92,139.2,34,165,186.5
requests,2015-10-03,31,8,14,24,20.822072072072075,62.25009163909302,42.4,76,25,24,61,19.323438192290645,65.68266003051842,131.1,94,32,28,84,19.05727155727155,66.29230538189127,168.4,13,47,69.7,25,96,134.6,33,176,182.6
requests,2015-10-10,41,9,12,35,19.1984555984556,65.9689282824674,48.5,84,26,23,72,19.174924924924923,66.02282446570472,137.2,111,36,29,103,18.92705326685909,66.59056581339871,190.3,15,37,78.7,22,96,119.6,29,158,160.8
requests,2015-10-17,42,14,12,41,18.651285431773236,67.03321770251557,74.1,84,27,23,76,18.903271692745378,66.54308441696708,142.6,105,37,28,92,18.807285546415983,66.78066814949638,194.2,10,33,53.3,17,117,96.7,22,152,125.2
requests,2015-10-24,46,16,13,56,18.570945945945944,67.26785337479102,85.6,82,26,21,87,18.833488661074867,66.71581052136338,138.7,108,38,29,107,18.74336953776206,66.93887227045632,200.7,8,22,42.2,18,111,101.1,23,147,129.7
requests,2015-10-31,45,16,12,54,18.03003003003003,68.50167774276457,85.4,66,21,20,71,18.942139322421014,66.44687973654148,112.1,110,38,30,108,18.739739739739743,66.947856702017,200.8,10,41,54.1,20,128,112.8,23,148,129.8
requests,2015-11-07,44,17,8,40,17.917567567567566,68.70904814507847,89.0,82,25,19,77,18.511056511056506,67.44276360321453,132.7,122,41,29,109,18.736176543515988,66.95667628162245,215.9,7,52,40.2,14,121,82.1,25,192,144.2
requests,2015-11-14,44,15,11,38,17.894736842105264,68.75114589592414,78.8,80,24,17,74,18.517531044558066,67.42385438933091,127.4,122,37,28,109,18.73617654351599,66.95667628162245,195.9,5,55,30.5,12,113,71.3,23,190,134.0
requests,2015-11-21,43,10,9,36,17.86936936936937,68.79792117464156,53.6,85,24,18,77,18.28571428571428,67.85827387130175,127.7,125,35,28,110,18.574938574938574,67.25619269289612,186.0,10,90,59.0,13,124,77.4,23,237,138.7
requests,2015-11-28,53,10,10,41,17.928147659854975,68.68953943127192,54.1,99,26,20,95,17.98605974395448,68.58275489254143,139.5,120,31,27,113,18.56900263094953,67.27352892792571,166.3,9,70,52.0,13,106,75.6,21,229,127.9
requests,2015-12-05,62,13,13,61,17.782454585733273,68.95976628497294,71.1,85,24,18,92,17.785546415981194,68.95353207908036,129.2,124,32,27,129,18.177666038131154,68.12756451875794,172.9,7,69,41.9,17,128,97.8,22,229,132.9
requests,2015-12-12,43,5,11,56,17.731660231660232,69.05356766050531,30.6,87,20,19,97,17.81471161883533,68.89970005845821,109.7,125,29,26,131,18.18031772230245,68.12423057005951,158.1,7,58,40.8,18,134,103.4,29,240,169.0
requests,2015-12-19,56,9,10,90,17.965765765765763,68.62124754305174,54.0,94,19,16,123,18.06921555702043,68.43020795026021,107.3,136,33,25,164,18.214733025708632,68.08096038832404,181.4,3,29,17.9,14,100,80.0,26,212,151.2
requests,2015-12-26,44,8,9,73,18.11366160681229,68.34879100395563,47.3,92,18,15,110,18.035872235872233,68.49178269504425,101.0,139,34,25,165,18.035872235872237,68.49149021480706,186.5,5,36,28.6,13,160,81.0,25,209,145.9
requests,2016-01-02,43,8,8,80,17.917567567567566,68.71025462605688,48.0,102,20,16,129,17.947831552482718,68.65399235502935,112.9,136,33,22,176,17.957002457002456,68.63688224860795,182.6,7,22,37.2,11,141,69.1,24,192,139.2
requests,2016-01-09,33,7,6,62,18.07149084568439,68.42522782486083,41.2,82,14,16,121,17.921152557516194,68.70323542782397,82.1,120,29,22,158,17.91207663359562,68.71978379704308,160.8,11,76,62.6,21,181,123.1,26,196,149.6
requests,2016-01-16,30,5,6,35,16.36833976833977,71.57395425060155,28.5,78,12,14,119,17.476493300022714,69.52559270900544,71.9,116,22,20,152,17.66642958748222,69.1746633643355,125.2,11,71,62.1,22,178,127.8,27,199,154.9
requests,2016-01-23,29,5,7,36,15.941441441441441,72.36088556368834,28.6,83,15,16,125,17.518486486486488,69.44800542116569,87.5,123,23,21,147,17.525096525096526,69.43535488181399,129.7,8,124,52.4,20,173,117.3,27,193,154.3
requests,2016-01-30,30,7,10,23,14.579318448883667,74.87706082024535,37.3,78,17,17,110,17.404914004914,69.6578437678232,96.0,131,27,23,151,17.54698407016288,69.39492669630927,150.1,4,119,31.9,17,170,102.0,26,218,151.8
requests,2016-02-06,62,11,10,71,18.887704606014466,68.73154877540823,62.1,102,18,15,140,18.499420849420847,68.55477445963164,104.0,144,25,23,192,18.27857545045045,68.71370546781607,144.2,6,108,40.8,14,121,82.1,25,179,142.9
requests,2016-02-13,68,11,10,77,18.84591084591084,68.6674689393253,62.7,98,18,13,135,18.504904904904905,68.57868496261761,103.5,139,23,21,190,18.277809388335704,68.72217404243507,134.0,11,107,65.7,16,124,92.4,26,185,148.5
requests,2016-02-20,90,10,8,113,19.800765367137046,67.13673063261973,61.3,115,13,12,147,18.87534473248759,68.40560585048156,79.7,170,23,20,237,18.603147451248716,68.35249809389337,138.7,12,62,66.2,18,80,98.0,27,141,149.1
requests,2016-02-27,94,8,6,123,19.682926829268293,67.19953227866776,52.3,123,12,11,159,18.835798062213154,68.36814056961582,75.9,164,21,18,229,18.611943821550806,68.36798480882378,127.9,12,49,64.9,19,71,102.1,28,129,152.9
requests,2016-03-05,82,5,4,111,24.814950085220357,58.72639415619592,36.1,138,15,12,170,21.857233704292526,63.2324800184306,92.0,179,22,16,239,20.77247540427457,64.71652746622446,133.9,9,21,47.1,18,71,97.1,26,101,140.1
requests,2016-03-12,83,11,7,106,25.61983681795002,57.09536564763114,65.6,150,22,13,182,22.793881793881795,61.931838879659004,128.2,180,29,16,240,21.647972972972973,63.509675157180276,169.0,5,16,26.6,14,72,77.2,19,94,104.4
requests,2016-03-19,89,12,10,112,25.530405405405407,56.21750896596359,71.2,150,23,16,183,23.237631073696644,60.54660404305431,133.3,172,26,19,212,22.241840897501277,62.158782044226086,151.2,6,18,31.8,15,79,82.9,18,92,99.2
requests,2016-03-26,44,12,10,49,33.61169332597905,41.54062610797901,64.9,140,20,13,173,23.620371816903607,59.93608289275211,117.3,169,25,18,209,22.297685245053668,62.07624029061673,145.9,7,20,37.0,16,80,88.0,18,93,99.3
requests,2016-04-02,46,13,11,51,33.01324854266031,42.57468747154888,70.1,132,17,11,170,23.71335453100159,59.79538098711227,102.0,161,24,18,192,22.737471846846848,61.393144193505215,139.2,9,49,49.9,17,80,93.0,17,103,95.3
requests,2016-04-09,21,5,9,15,24.544144144144145,47.974438779472926,26.5,102,15,12,120,25.545945945945952,55.865134578849876,87.0,169,26,18,196,22.95049641478213,60.833173810770525,149.6,10,54,55.4,15,77,82.7,16,106,90.6
requests,2016-04-16,29,6,13,23,28.30082256169213,43.61191722252511,32.3,114,17,16,130,25.840540540540534,54.5823655974536,98.0,175,28,22,201,23.643539061449513,59.10136847442779,160.1,10,58,55.8,13,69,71.9,15,98,84.8
requests,2016-04-23,27,7,11,20,28.310810810810814,43.36278571800282,37.0,71,19,16,69,32.07520564042303,42.06878831378301,101.9,167,27,19,193,24.106427671194517,58.21864277101644,154.3,8,59,45.9,11,73,62.3,15,137,88.7
requests,2016-04-30,40,9,13,48,23.673986486486488,57.31884080190911,49.8,86,22,19,99,28.485121485121482,49.72336787414777,119.9,172,26,19,218,23.70468633771386,59.25008773532441,151.8,6,31,33.1,8,52,45.2,14,109,80.9
requests,2016-05-07,45,11,16,58,24.801025163094124,54.46137075458104,60.8,66,19,21,71,24.093262276360868,54.62501528813795,102.1,148,25,22,179,24.933111882832552,56.23633087075262,142.9,5,22,27.2,6,52,35.2,14,100,80.0
requests,2016-05-14,39,10,14,61,25.925564909171467,53.9429940515532,56.1,62,15,21,78,26.06826056826057,52.43422000802296,82.8,146,26,23,185,25.630679327976626,55.040554552306396,148.5,4,14,21.4,5,40,29.0,15,122,87.2
requests,2016-05-21,38,9,13,61,26.97961896322552,54.70871104846571,51.1,63,15,20,79,27.159767362299007,52.36174553718297,82.9,117,27,25,141,28.589802568525972,50.03466707911747,149.1,3,13,16.3,7,78,42.8,17,134,98.4
requests,2016-05-28,36,9,12,58,25.644920782851816,56.05021554827744,50.8,65,16,21,80,27.04966216216216,52.556088603955814,88.0,109,28,26,129,29.542216635239892,48.37192067912741,152.9,2,15,11.5,8,79,47.9,22,145,124.5
requests,2016-06-04,23,8,10,30,34.01891891891892,41.6485052395932,43.0,66,17,22,80,27.420270270270272,51.707223717968176,93.0,88,26,28,101,27.971635001337976,50.56070087701231,140.1,1,25,7.5,9,79,52.9,20,145,114.5
requests,2016-06-11,22,5,10,22,31.63022113022113,50.61985342862613,27.2,58,14,20,78,26.999653499653505,53.23258544236584,77.8,83,19,27,94,26.426969522714206,52.38408159583573,104.4,1,26,7.6,11,105,65.5,22,147,124.7
requests,2016-06-18,13,3,7,13,21.57796257796258,59.93014683000813,16.3,51,12,18,74,26.030679327976625,55.62599030738533,67.4,77,18,25,92,26.371034077555816,53.431193545951736,99.2,2,24,12.4,14,120,82.0,22,142,124.2
requests,2016-06-25,14,2,7,13,21.57796257796258,59.93014683000813,11.3,52,11,18,73,25.72972972972973,56.38799017460979,62.3,79,18,26,93,26.284800929962223,53.58687093662979,99.3,4,64,26.4,18,129,102.9,25,146,139.6
requests,2016-07-02,20,1,8,25,26.532972972972974,53.63100468397985,7.5,45,9,17,56,30.397200772200772,47.466776163683974,50.6,86,18,28,105,27.209009009009012,52.16526680511382,100.5,7,53,40.3,19,120,107.0,31,149,169.9
requests,2016-07-09,23,1,10,29,27.449207828518176,50.91701720198336,7.9,41,6,16,52,30.183471933471935,48.5061746809285,35.2,82,16,28,106,27.1254462009179,52.313794390716616,90.6,8,64,46.4,21,121,117.1,31,144,169.4
requests,2016-07-16,24,2,11,29,28.471575023299163,48.575320964776104,12.9,39,5,17,40,26.578378378378382,50.74391000366633,29.0,75,15,25,98,27.019305019305015,53.2783675315101,84.8,11,88,63.8,20,118,111.8,31,163,171.3
requests,2016-07-23,25,4,9,64,25.87035472972973,53.94736008638831,26.4,40,7,15,78,25.05855855855856,55.12348904099958,42.8,77,15,24,137,25.795423160386665,55.24784181222895,88.7,12,62,66.2,20,82,108.2,31,128,167.8
requests,2016-07-30,26,8,11,58,24.849953401677535,55.6931568276441,45.8,42,10,14,79,24.404036948340742,55.908229747690214,57.9,66,16,22,110,26.971253071253074,52.128313619403045,91.0,12,67,66.7,23,94,124.4,27,136,148.6
requests,2016-08-06,20,8,9,48,22.81644144144144,58.42371394691644,44.8,41,9,15,78,24.481635481635482,55.754371271647656,52.8,58,14,20,100,26.6472972972973,53.266593528602705,80.0,11,68,61.8,23,95,124.5,31,143,169.3
requests,2016-08-13,42,12,11,83,22.36242266362748,59.15088176748575,68.3,60,13,16,109,23.826183982147285,56.71916617359451,75.9,79,17,22,123,24.689958250933863,56.164144378240415,97.3,9,38,48.8,19,62,101.2,28,110,151.0
requests,2016-08-20,44,10,12,56,20.72442084942085,61.51193496323352,55.6,72,14,18,121,23.42662497207952,57.56370739131355,82.1,85,17,22,134,23.247277127874142,57.79328733685854,98.4,9,24,47.4,20,71,107.1,42,153,225.3
requests,2016-08-27,55,14,15,68,24.65262321144674,58.73473698256663,76.8,82,20,20,132,24.902129402129404,56.786378593438876,113.2,96,22,24,147,24.72072072072072,56.753762408184,124.7,7,17,36.7,15,58,80.8,38,157,205.7
requests,2016-09-03,52,11,13,66,24.843570843570838,58.456723228128936,61.6,74,19,18,120,24.202252252252254,57.78432305020451,107.0,94,20,23,145,24.604100652376516,57.0682336767175,114.5,12,29,62.9,18,76,97.6,39,164,211.4
requests,2016-09-10,39,11,13,42,29.89382239382239,52.6385222143159,59.2,75,21,18,121,24.61916461916462,57.723328412764985,117.1,93,22,23,147,25.305387019672736,56.17271200112279,124.7,10,23,52.3,18,70,97.0,37,162,201.2
requests,2016-09-17,27,9,10,23,36.850763807285546,45.92876904600384,47.3,73,21,17,119,24.475357710651828,58.12280291651725,116.9,96,23,23,143,25.413910413910415,56.094897079769424,129.3,10,46,54.6,28,116,151.6,36,164,196.4
requests,2016-09-24,21,7,7,17,34.7154213036566,43.99444482279023,36.7,73,21,17,82,25.522412656559,56.546932045819354,113.2,98,25,22,146,25.674935209181783,55.407393652644096,139.6,10,46,54.6,33,136,178.6,35,171,192.1
requests,2016-10-01,33,12,10,29,26.42684063373719,53.25538521580188,62.9,86,24,21,96,25.25422297297298,56.983948908268495,129.6,106,31,24,149,24.635225829856704,56.90285192807246,169.9,6,44,34.4,26,133,143.3,32,158,175.8
requests,2016-10-08,27,10,9,23,23.507638072855467,56.098896813095685,52.3,79,23,21,80,26.634797297297297,54.79890051412008,123.0,102,31,24,144,24.44162912912913,57.46387058781781,169.4,8,47,44.7,27,135,148.5,33,159,180.9
requests,2016-10-15,41,11,9,45,22.192192192192188,58.767507437507405,59.5,72,20,18,75,26.329009009009006,55.683518118653275,107.5,112,31,22,163,23.882606532913282,58.24074963726611,171.3,10,30,53.0,26,120,142.0,34,149,184.9
requests,2016-10-22,43,11,9,46,22.23913043478261,60.50439414469737,59.6,68,19,16,66,25.725225225225223,55.55948597578083,101.6,114,31,24,128,24.34248310810811,57.96914498760364,167.8,22,89,118.9,25,124,137.4,34,164,186.4
requests,2016-10-29,33,4,9,42,25.06885456885457,57.0037301585553,24.2,62,15,14,69,25.404622013317667,56.0964296672256,81.9,115,27,25,136,25.08048489666137,57.32872478657417,148.6,23,88,123.8,25,114,136.4,42,208,230.8
requests,2016-11-05,43,8,11,48,25.464527027027028,55.53736312865343,44.8,71,20,17,75,26.25765765765766,53.898492387105094,107.5,127,31,28,143,25.373086373086373,56.42198136007084,169.3,19,88,103.8,24,112,131.2,37,214,206.4
requests,2016-11-12,44,9,13,48,25.46452702702702,55.53736312865343,49.8,73,19,19,72,24.740615615615614,55.88857288549411,102.2,106,28,27,110,26.4014742014742,55.44524362726203,151.0,18,91,99.1,25,121,137.1,39,228,217.8
requests,2016-11-19,69,22,18,82,25.980883322346738,52.82352331107211,118.2,111,33,24,129,24.882044835533204,55.2736031723339,177.9,135,42,30,153,26.638579756226815,53.951409726589354,225.3,3,33,18.3,13,83,73.3,28,182,158.2
requests,2016-11-26,84,23,20,99,25.653562653562652,53.5133469785974,124.9,120,31,26,140,24.58069498069498,55.781333700151286,169.0,141,38,30,157,25.208986056119816,54.820329870129406,205.7,2,26,12.6,19,117,106.7,26,168,146.8
requests,2016-12-03,75,21,15,88,24.718673218673214,54.59144697103138,113.8,113,27,23,135,25.03103103103103,54.82912276108976,148.5,145,39,30,164,25.27785102175346,54.55083990247178,211.4,5,23,27.3,18,114,101.4,29,169,161.9
requests,2016-12-10,78,19,16,92,25.408636897767327,52.95604917749752,104.2,120,27,24,139,25.478708924752087,53.73986160882105,148.9,147,37,30,162,25.198865532198862,54.07478636004524,201.2,6,27,32.7,20,126,112.6,31,168,171.8
requests,2016-12-17,50,8,11,48,28.234234234234236,46.19265888210274,44.8,107,26,24,118,25.914567109482366,52.620598164862635,141.8,146,36,29,164,25.29614370468029,54.098646947676414,196.4,8,29,42.9,24,146,134.6,32,168,176.8
requests,2016-12-24,34,2,8,35,24.281081081081084,55.58888179499684,13.5,111,25,24,125,25.557837837837837,53.60126949339157,137.5,152,35,31,171,24.665086138770352,55.45825039374285,192.1,10,58,55.8,24,142,134.2,34,164,186.4
requests,2016-12-31,29,6,9,25,28.292972972972976,56.1296719244449,32.5,107,26,22,114,25.706733048838313,54.44990466282354,141.4,140,32,29,158,25.631713992473482,54.869335374052014,175.8,13,90,74.0,24,145,134.5,30,164,166.4
requests,2017-01-07,26,6,8,24,27.471846846846848,58.468408254630106,32.4,99,25,20,112,25.573359073359068,54.81589232752565,136.2,141,33,28,159,25.585925548189696,54.95134704389452,180.9,13,104,75.4,24,147,134.7,31,170,172.0
requests,2017-01-14,28,8,11,29,25.79589934762349,62.65335852043498,42.9,100,24,22,119,25.87076992959345,54.868318210066796,131.9,135,34,32,149,26.28423725739162,54.446287602031695,184.9,15,114,86.4,24,137,133.7,33,162,181.2
requests,2017-01-21,35,9,10,40,23.74864864864865,64.09871241904327,49.0,70,12,16,75,23.997117117117117,60.127458127821605,67.5,145,34,31,164,25.160514172709295,56.07437800339431,186.4,15,99,84.9,24,124,132.4,33,155,180.5
requests,2017-01-28,84,17,12,94,21.278895917193786,65.3125525604561,94.4,111,19,15,120,22.12702702702703,62.84764397063065,107.0,190,42,30,208,23.366034303534303,59.028151053112644,230.8,8,50,45.0,17,73,92.3,25,111,136.1
requests,2017-02-04,92,13,11,102,19.60519342872284,66.48773534702589,75.2,117,18,15,126,21.103603603603602,64.96024447228383,102.6,190,37,27,214,22.72871937357919,60.37910722467062,206.4,11,43,59.3,19,68,101.8,27,106,145.6
requests,2017-02-11,105,16,13,113,18.984931834489352,66.78102056659067,91.3,134,23,20,143,20.36174636174636,65.95183155242216,129.3,208,41,31,234,22.48128898128898,60.73249390077228,228.4,8,24,42.4,16,50,85.0,22,164,126.4
requests,2017-02-18,96,15,12,99,19.37401037401037,65.93552990747057,84.9,140,25,21,149,20.479775077090515,65.5748850093384,139.9,175,28,26,182,21.559994059994057,62.88259321813335,158.2,7,21,37.1,18,47,94.7,26,170,147.0
requests,2017-02-25,49,7,13,51,19.5129835718071,64.88477440368767,40.1,130,24,20,142,20.49771602588504,65.27134884014316,134.2,157,26,23,168,21.224420849420852,63.517076613649614,146.8,10,22,52.2,18,63,96.3,33,200,185.0
requests,2017-03-04,53,11,15,56,19.409266409266404,64.36635590661662,60.6,135,24,22,147,19.742415885273026,65.35491855358549,134.7,162,29,27,170,21.016216216216215,63.96821437488333,162.0,6,22,32.2,16,59,85.9,65,542,379.2
requests,2017-03-11,41,11,16,42,20.175032175032175,62.421344031985555,59.2,135,25,22,141,19.924669350201263,65.01931625149139,139.1,159,31,27,168,20.518500643500644,65.1339621107689,171.8,8,23,42.3,14,140,84.0,70,562,406.2
requests,2017-03-18,23,8,13,22,20.485257985257988,60.5191737564633,42.2,130,24,20,139,19.417460626093717,65.33384690146741,133.9,158,32,28,168,20.51850064350064,64.87114354997966,176.8,10,25,52.5,15,148,89.8,71,575,412.5
requests,2017-03-25,25,10,12,22,21.60565110565111,60.107519810099554,52.2,96,24,20,106,19.585670576236613,64.83483235299633,130.6,154,34,27,164,20.646341463414632,64.57864006782025,186.4,8,36,43.6,19,158,110.8,68,568,396.8
requests,2017-04-01,21,6,8,19,20.559032716927454,62.44984495074574,31.9,73,17,20,74,19.718772826880933,63.82640262102283,92.4,153,30,26,164,19.853988134475937,64.98720548587326,166.4,8,37,43.7,59,525,347.5,68,565,396.5
requests,2017-04-08,26,9,10,24,23.805180180180177,55.09855982592459,47.4,69,20,22,67,21.44816458249294,59.88016531409842,106.7,162,33,29,171,20.31262841789157,63.91542960935238,182.1,6,38,33.8,58,534,343.4,66,560,386.0
requests,2017-04-15,24,9,9,25,24.772972972972976,54.66075816139134,47.5,50,18,20,48,22.673986486486488,57.62187432408306,94.8,154,33,26,162,20.074074074074073,64.07416347197372,181.2,4,114,31.4,62,550,365.0,64,560,376.0
requests,2017-04-22,27,9,8,31,27.884917175239757,56.61119290567912,48.1,51,18,18,56,24.68677606177606,58.11210702852243,95.6,146,33,26,155,21.29346120313862,63.1090029318506,180.5,9,120,57.0,60,538,353.8,66,550,385.0
requests,2017-04-29,28,8,9,38,25.672119487908965,59.5343580755748,43.8,53,17,17,61,23.599468320779796,60.99162990905006,91.1,101,25,26,111,21.76917457998539,62.3202721616984,136.1,45,456,270.6,60,528,352.8,69,545,399.5
requests,2017-05-06,31,8,7,38,23.006401137980088,64.19134696239094,43.8,58,16,15,63,23.236808236808237,60.786441448762794,86.3,100,27,26,106,21.977562468128507,61.50142878768359,145.6,49,486,293.6,60,521,352.1,69,543,399.3
requests,2017-05-13,48,6,8,114,19.29421526789948,67.40520469942042,41.4,72,14,15,140,20.265830115830116,65.13301057605517,84.0,97,22,24,164,20.271918259723137,64.54793710395084,126.4,58,430,333.0,60,446,344.6,72,481,408.1
requests,2017-05-20,62,8,11,125,19.21124324324324,67.09632733752362,52.5,86,19,18,151,20.24127438696975,65.12272696156192,110.1,106,26,26,172,20.182589566310494,64.70427448883734,147.2,52,422,302.2,55,431,318.1,68,472,387.2
requests,2017-05-27,152,38,12,362,17.740182171121397,68.64460313515825,226.2,183,46,18,403,18.4926564281403,67.78009805071007,270.3,207,56,26,425,18.653799682034975,67.38292929472553,322.5,22,166,126.6,29,182,163.2,38,217,211.7
requests,2017-06-03,252,49,15,483,17.919142745229703,68.54392149092001,293.3,277,59,20,520,18.29007276507276,68.22706937270425,347.0,302,65,26,542,18.534058043283135,67.64690613998225,379.2,10,42,54.2,20,64,106.4,29,113,156.3
requests,2017-06-10,244,56,19,426,18.57879710696612,67.7214553141128,322.6,292,62,24,543,18.78234035140113,67.61234843373224,364.3,316,70,30,566,18.996084423646263,67.08120396547666,406.6,4,20,22.0,16,49,84.9,22,116,121.6
requests,2017-06-17,248,56,18,427,18.578264447116908,67.7218949758573,322.7,300,61,23,550,18.722948402948408,67.57903943658819,360.0,325,71,29,575,18.98599294947121,67.094163760645,412.5,3,9,15.9,14,47,74.7,20,104,110.4
requests,2017-06-24,228,49,14,410,18.557679630850362,67.80172636581507,286.0,290,60,23,532,18.491261938630362,67.69381763695864,353.2,318,68,28,568,18.972164065473926,67.1471799436194,396.8,6,12,31.2,16,52,85.2,20,115,111.5
requests,2017-07-01,31,9,10,40,25.739864864864863,58.04940449436386,49.0,288,60,23,528,18.49232186732187,67.69218602148855,352.8,315,68,29,565,18.97546041616838,67.14313386785626,396.5,9,20,47.0,20,71,107.1,22,117,121.7
requests,2017-07-08,29,8,9,29,20.704566635601118,63.685588347933674,42.9,278,60,20,525,18.47722007722008,67.81256804318124,352.5,309,66,25,563,18.78291968700495,67.56815170025047,386.3,9,17,46.7,18,96,99.6,20,112,111.2
requests,2017-07-15,10,3,5,11,16.46928746928747,71.2809709720295,16.1,263,61,21,447,18.588125037789467,67.66132743269681,349.7,309,65,26,561,18.731608613961555,67.6092811018706,381.1,11,35,58.5,17,95,94.5,19,114,106.4
requests,2017-07-22,14,6,8,12,15.18018018018018,73.66618018450426,31.2,247,57,20,430,18.488183532369582,67.88386185812564,328.0,306,66,27,550,18.385945945945945,67.88464469271423,385.0,10,40,54.0,14,103,80.3,19,120,107.0
requests,2017-07-29,30,9,13,20,17.931081081081082,67.96792491835625,47.0,92,24,19,92,21.095182138660398,64.3316726742796,129.2,318,69,30,548,18.471838626948117,67.70224948487788,399.8,11,50,60.0,13,97,74.7,18,120,102.0
requests,2017-08-05,31,9,13,22,18.43980343980344,67.11964043697918,47.2,65,20,19,57,21.576576576576578,63.07045273658532,105.7,309,69,29,543,18.49569458961724,67.7496293890535,399.3,9,78,52.8,11,95,64.5,16,117,91.7
requests,2017-08-12,49,12,18,36,18.552552552552555,66.80264893929186,63.6,61,14,19,52,18.092515592515593,67.85638455580546,75.2,310,72,33,482,18.58595940338679,67.5966795297738,408.2,6,60,36.0,8,79,47.9,13,105,75.5
requests,2017-08-19,53,13,18,41,20.324324324324323,65.73028796604525,69.1,61,16,20,50,19.555135135135135,66.86428211084318,85.0,298,68,31,472,18.684150251946864,67.6290620886402,387.2,4,63,26.3,8,79,47.9,13,101,75.1
requests,2017-08-26,45,9,14,40,20.37364864864865,65.67822835517796,49.0,64,16,20,56,19.116312741312743,67.54928678459306,85.6,200,38,29,222,19.87618699780862,66.10309884844993,212.2,6,61,36.1,11,79,62.9,15,99,84.9
requests,2017-09-02,47,9,9,49,18.68891340319912,68.78175801552918,49.9,80,19,21,71,18.611724400456797,68.26673566724607,102.1,112,29,26,113,21.03874671131308,64.80776623379337,156.3,2,46,14.600000000000001,7,67,41.7,11,84,63.4
requests,2017-09-09,68,6,7,67,19.11617587736991,67.59228354175653,36.7,106,18,20,96,18.651745495495494,67.9804501441472,99.6,123,22,22,116,18.677073625349486,67.70247777209087,121.6,2,16,11.6,7,43,39.3,11,54,60.4
requests,2017-09-16,55,6,4,57,18.730203888098625,68.72807507695777,35.7,104,17,19,95,18.654907539118067,67.98120024167496,94.5,112,20,21,104,18.429573804573803,68.33159924897524,110.4,3,24,17.4,9,45,49.5,11,58,60.8
requests,2017-09-23,59,6,4,64,18.00126689189189,68.35085834784938,36.4,108,16,18,104,19.080561330561327,67.01435826296625,90.4,122,22,22,116,18.677073625349486,67.70247777209087,121.6,5,19,26.9,9,40,49.0,9,46,49.6
requests,2017-09-30,44,2,2,48,18.96903153153153,66.49441606903117,14.8,93,13,11,99,18.81790881790882,67.65511611951966,74.9,123,22,22,119,18.668862139450376,67.70768902688717,121.9,5,21,27.1,9,38,48.8,9,42,49.2
requests,2017-10-07,12,2,2,16,20.20439189189189,63.664866449072406,11.6,89,11,10,95,18.837553342816502,67.64441823490952,64.5,118,20,21,112,18.873552123552123,67.36393818770794,111.2,5,27,27.7,9,38,48.8,9,66,51.6
requests,2017-10-14,14,2,4,19,19.91180654338549,64.33502293801001,11.9,71,8,6,79,18.999999999999996,67.64042136513689,47.9,118,19,21,114,18.864390706495968,67.37350402439746,106.4,5,26,27.6,9,39,48.9,10,77,57.7
requests,2017-10-21,21,7,9,17,22.562798092209857,57.807233114639054,36.7,78,11,10,80,18.966216216216218,66.11585882915267,63.0,127,21,23,120,19.579954954954953,65.70255859515285,117.0,3,22,17.2,4,30,23.0,7,69,41.9
requests,2017-10-28,22,5,8,23,22.75323149236193,57.48995292799638,27.3,67,7,10,70,20.221235521235517,63.51559568254861,42.0,115,18,18,120,19.579954954954953,65.70255859515285,102.0,4,16,21.6,4,21,22.1,9,64,51.4
requests,2017-11-04,22,5,8,22,22.953316953316957,57.016351202950275,27.2,35,7,10,39,21.707553707553707,60.0232507827968,38.9,111,16,17,117,19.61145761145761,65.64597828018215,91.7,4,16,21.6,4,36,23.6,9,65,51.5
requests,2017-11-11,25,5,10,26,25.07796257796258,56.78834539920169,27.6,37,7,12,45,22.8966966966967,59.974720360031874,39.5,94,13,14,105,20.505019305019303,64.95324064976246,75.5,4,9,20.9,5,49,29.9,10,75,57.5
requests,2017-11-18,23,5,12,22,27.089680589680587,53.31208755547663,27.2,36,9,15,38,22.953769559032718,60.300191340193976,48.8,94,13,16,101,19.86111854428686,65.32626746842297,75.1,2,11,11.1,4,49,24.9,8,79,47.9
requests,2017-11-25,20,4,14,21,26.77734877734878,59.96118087508584,22.1,42,9,20,39,24.724185724185727,59.22607569755583,48.9,101,15,22,100,20.786216216216218,64.48453504709016,85.0,0,5,0.5,5,47,29.7,6,79,37.9
requests,2017-12-02,23,4,14,17,28.759936406995234,58.09106087416236,21.7,45,9,20,38,25.67211948790896,57.21048869596463,48.8,87,11,21,84,22.016087516087516,62.26085904764442,63.4,0,20,2.0,5,47,29.7,6,83,38.3
requests,2017-12-09,21,4,13,11,27.742014742014746,57.23567265349102,21.1,45,9,20,38,25.672119487908965,57.21048869596463,48.8,57,11,21,54,24.05205205205205,59.12289691910768,60.4,1,40,9.0,5,64,31.4,11,153,70.3
requests,2017-12-16,18,2,12,13,31.962577962577964,55.07009779574753,11.3,38,8,18,34,29.20985691573927,53.55494137312333,43.4,57,11,21,58,24.928704566635602,58.875408405968145,60.8,1,38,8.8,6,68,36.8,11,163,71.3
requests,2017-12-23,6,0,4,6,35.56756756756757,48.341074132224726,0.6000000000000001,25,4,15,27,28.730730730730734,57.378934932227814,22.7,47,9,21,46,26.0,57.995056258196435,49.6,5,42,29.2,6,73,37.3,11,163,71.3
requests,2017-12-30,0,0,0,4,36.763513513513516,55.53431347858445,0.4,23,4,14,21,30.284427284427288,57.60406137024275,22.1,45,9,20,42,26.72844272844273,57.05085296097603,49.2,5,43,29.3,6,79,37.9,11,163,71.3
requests,2018-01-06,13,1,4,37,27.83491599707816,62.08738712529346,8.7,34,5,16,48,27.813626126126128,60.975535892172076,29.8,58,10,22,75,26.7390990990991,59.616425254433516,57.5,4,27,22.7,10,75,57.5,10,130,63.0
requests,2018-01-13,17,1,4,38,26.751066856330016,61.97293292668057,8.8,37,5,16,51,28.07949125596184,60.21338671683488,30.1,60,10,21,77,27.06598806598807,59.05687925893277,57.7,5,26,27.6,10,124,62.4,10,126,62.6
requests,2018-01-20,22,3,7,41,26.13645352669743,62.407293264655934,19.1,32,4,14,49,26.973524544953115,60.90946633474005,24.9,50,7,21,71,26.794061667301104,60.727575206451775,42.1,3,32,18.2,8,122,52.2,8,128,52.8
requests,2018-01-27,28,5,8,43,25.774355751099932,62.66319547927708,29.3,30,5,9,48,27.153153153153152,60.763638740067755,29.8,51,9,21,64,27.254222972972975,61.00316709975019,51.4,1,31,8.1,6,120,42.0,6,127,42.7
requests,2018-02-03,27,5,9,29,26.818266542404476,61.83752561739554,27.9,32,5,9,49,26.368450082735794,62.29536818941374,29.9,55,9,22,65,27.11725571725572,61.10941361943112,51.5,1,34,8.4,6,118,41.8,9,128,57.8
requests,2018-02-10,22,5,9,26,18.824324324324323,66.52784856223,27.6,35,6,10,66,24.75266175266175,62.71242568705215,36.6,55,10,22,75,25.361801801801803,61.7705881703443,57.5,5,99,34.9,5,102,35.2,9,114,56.4
requests,2018-02-17,21,4,8,35,20.89266409266409,62.08840308938109,23.5,40,6,10,73,23.942243613476492,62.02829533345479,37.3,54,8,19,84,25.316602316602317,60.81141010629639,48.4,5,90,34.0,5,91,34.1,15,111,86.1
requests,2018-02-24,14,1,7,32,21.130912162162165,61.542704234103326,8.2,41,6,10,74,23.866691015339665,62.10776689488122,37.4,44,6,12,79,24.825179609989735,60.988759546019594,37.9,5,89,33.9,5,95,34.5,15,110,86.0
requests,2018-03-03,17,1,6,36,20.340090090090094,63.14150300356495,8.6,40,6,10,63,23.38524238524239,62.389904274202976,36.3,45,6,10,83,23.946922826440897,62.52709358616374,38.3,5,84,33.4,8,92,49.2,16,106,90.6
requests,2018-03-10,60,6,5,89,18.822654114788946,66.74371253477426,38.9,81,10,10,113,18.83138005261899,66.67341678278643,61.3,94,11,11,153,21.386857445680977,64.98949104040739,70.3,0,14,1.4000000000000001,4,27,22.7,12,40,64.0
requests,2018-03-17,69,5,5,95,18.168705547652912,68.24698886975783,34.5,90,10,11,125,18.924108108108108,66.53609677088222,62.5,107,11,12,163,20.74879787763223,65.47229170290883,71.3,0,1,0.1,8,20,42.0,13,41,69.1
requests,2018-03-24,67,5,4,90,18.158558558558557,68.26575542479934,34.0,80,6,9,121,18.94304221576949,66.49070523011765,42.1,107,11,12,163,20.748797877632235,65.47229170290883,71.3,0,6,0.6000000000000001,10,21,52.1,14,44,74.4
requests,2018-03-31,62,5,4,84,18.351351351351347,67.90919087901057,33.4,79,6,8,120,18.947972972972973,66.47888451637688,42.0,107,11,12,163,20.748797877632235,65.47229170290883,71.3,3,8,15.8,11,22,57.2,15,53,80.3
requests,2018-04-07,42,0,3,55,18.35135135135135,67.90919087901057,5.5,73,6,6,103,18.75859354500131,66.90212706700055,40.3,94,10,11,130,19.224740124740126,66.12990367578938,63.0,3,13,16.3,12,26,62.6,15,55,80.5
requests,2018-04-14,2,0,2,2,18.35135135135135,67.90919087901057,0.2,70,5,5,100,18.770810810810808,66.87191515264026,35.0,90,10,11,126,18.919562419562418,66.54699434316896,62.6,6,15,31.5,13,38,68.8,17,61,91.1
requests,2018-04-21,2,0,2,6,18.35135135135135,67.90919087901057,0.6000000000000001,69,5,6,96,18.17060810810811,68.24347014068753,34.6,87,8,9,128,18.91068412162162,66.56827866404149,52.8,10,15,51.5,13,38,68.8,17,56,90.6
requests,2018-04-28,2,0,2,7,18.35135135135135,67.90919087901057,0.7000000000000001,68,5,6,96,18.170608108108105,68.24347014068753,34.6,81,6,8,127,18.91508831666312,66.5577203001441,42.7,11,15,56.5,15,43,79.3,18,63,96.3
requests,2018-05-05,8,3,7,11,16.773955773955773,70.81776275562112,16.1,69,8,9,95,18.168705547652916,68.245972885776,49.5,83,9,11,129,18.77184160905091,66.82669108929487,57.9,8,11,41.1,12,42,64.2,16,60,86.0
requests,2018-05-12,12,4,9,12,15.45945945945946,73.24157265279656,21.2,15,4,10,15,16.037837837837838,72.17509629803936,21.5,84,9,11,114,18.414888572783312,67.56060323557548,56.4,9,19,46.9,13,43,69.3,15,59,80.9
requests,2018-05-19,28,10,12,20,16.616216216216216,71.10861994328216,52.0,28,10,12,21,16.698841698841697,70.95626617831685,52.1,95,15,14,111,17.882395909422936,68.77477097276211,86.1,3,20,17.0,7,41,39.1,11,54,60.4
requests,2018-05-26,27,10,12,16,16.18243243243243,71.90847720935007,51.6,29,10,13,22,16.773955773955773,70.81776275562112,52.2,95,15,15,111,17.882395909422936,68.77477097276211,86.1,4,25,22.5,8,48,44.8,11,53,60.3
requests,2018-06-02,24,8,11,14,15.87258687258687,72.47980382797,41.4,30,11,13,22,16.773955773955773,70.8177627556211,57.2,92,16,15,106,18.023967363590003,68.51285674019388,90.6,4,31,23.1,7,49,39.9,10,55,55.5
requests,2018-06-09,21,8,9,13,17.016632016632016,70.3702901592195,41.3,32,12,14,26,16.349272349272347,71.60083979932395,62.6,45,12,15,40,17.05,70.30876267721426,64.0,5,30,28.0,7,46,39.6,9,51,50.1
requests,2018-06-16,21,5,10,21,15.046332046332045,74.00793759563616,27.1,45,13,17,40,15.748648648648649,72.7107474373748,69.0,45,13,17,41,15.812129202373105,72.59363630180493,69.1,4,21,22.1,8,34,43.4,16,59,85.9
requests,2018-06-23,19,4,10,23,16.62279670975323,70.52503827771174,22.3,45,14,18,38,16.39189189189189,71.17637696994632,73.8,47,14,18,44,16.65909090909091,70.73085159390963,74.4,3,18,16.8,7,31,38.1,19,72,102.2
requests,2018-06-30,25,4,10,31,19.938099389712296,63.278123702658796,23.1,49,12,17,45,18.673273273273274,66.14086863053339,64.5,55,15,18,53,18.624681285058642,66.40778519634127,80.3,3,17,16.7,6,24,32.4,18,64,96.4
requests,2018-07-07,23,3,9,29,23.18546132339236,60.14860871655107,17.9,45,12,14,42,21.276061776061777,63.31246249642462,64.2,55,15,18,55,19.953808353808355,65.5623906829528,80.5,4,16,21.6,6,22,32.2,18,85,98.5
requests,2018-07-14,14,4,6,23,26.709753231492364,53.94674422171723,22.3,41,11,13,46,21.021739130434785,63.712178007953845,59.6,58,17,19,61,19.796189632255206,65.79322348912241,91.1,4,11,21.1,8,36,43.6,16,78,87.8
requests,2018-07-21,22,4,7,18,27.384384384384386,53.84101964352523,21.8,39,7,14,41,21.34739617666447,63.200347170020095,39.1,65,17,21,56,19.92519305019305,65.60429782931097,90.6,4,13,21.3,14,53,75.3,18,100,100.0
requests,2018-07-28,15,3,9,20,26.331081081081084,61.163494907025395,17.0,40,7,15,48,22.083333333333332,63.522361482602285,39.8,68,18,23,63,20.643929643929642,65.58253643865872,96.3,3,5,15.5,15,47,79.7,18,93,99.3
requests,2018-08-04,18,4,11,18,25.570570570570574,64.18670595897207,21.8,43,8,16,49,22.007170435741862,63.611888613141225,44.9,65,16,22,60,21.04774774774775,64.93296553926254,86.0,2,6,10.6,14,69,76.9,17,96,94.6
requests,2018-08-11,18,2,10,17,20.6422893481717,68.76148921334747,11.7,38,6,15,41,23.566908371786422,61.21033939629586,34.1,63,15,20,60,21.047747747747746,64.93296553926254,81.0,6,25,32.5,14,67,76.7,19,104,105.4
requests,2018-08-18,17,4,8,13,23.62785862785863,63.79995094091187,21.3,34,8,13,34,26.023052464228936,56.89282639921557,43.4,51,11,18,54,21.896396396396398,63.344696225975525,60.4,10,40,54.0,13,82,73.2,21,111,116.1
requests,2018-08-25,9,3,5,5,20.810810810810814,60.72621083175166,15.5,28,7,13,28,26.60810810810811,56.957505113509875,37.8,50,11,17,53,21.963284038755738,63.258573685352225,60.3,12,42,64.2,15,88,83.8,21,111,116.1
requests,2018-09-01,10,3,5,6,20.400900900900904,61.92337417296147,15.6,26,6,13,24,24.278153153153152,63.62087301246942,32.4,51,10,17,55,21.831941031941035,63.42768703784889,55.5,12,63,66.3,15,90,84.0,21,109,115.9
requests,2018-09-08,7,2,5,5,24.281081081081084,54.327352703208454,10.5,24,4,11,21,21.61776061776062,65.36537567923519,22.1,49,9,16,51,22.445151033386328,62.44885750829276,50.1,12,63,66.3,15,94,84.4,21,110,116.0
requests,2018-09-15,28,10,8,26,18.824324324324326,68.2260608011759,52.6,49,14,17,39,20.425502425502426,66.75069084775457,73.9,62,18,19,60,22.903603603603603,61.803894640065046,96.0,2,39,13.9,11,85,63.5,13,100,75.0
requests,2018-09-22,45,12,9,41,18.228081740276863,68.89048133313288,64.1,57,16,15,54,19.528028028028025,67.66498327574634,85.4,77,19,20,72,21.492117117117115,64.20899236769105,102.2,3,47,19.7,9,70,52.0,11,85,63.5
requests,2018-09-29,43,12,9,40,18.225,68.91501359448594,64.0,54,15,13,47,18.50546290971823,68.00106339779184,79.7,69,18,20,64,20.49493243243243,66.92971087622973,96.4,3,50,20.0,9,69,51.9,11,85,63.5
requests,2018-10-06,48,12,11,63,18.74174174174174,67.46988481139158,66.3,56,14,12,69,18.88601645123384,66.98757953848462,76.9,74,18,20,85,19.447694753577107,66.95511556777198,98.5,3,27,17.7,9,47,49.7,11,67,61.7
requests,2018-10-13,31,8,9,42,18.936936936936934,67.2502317775821,44.2,50,12,11,67,19.16095199677289,66.48254202618958,66.7,71,16,18,78,19.546084546084547,66.86949342445571,87.8,5,39,28.9,9,60,51.0,11,67,61.7
requests,2018-10-20,19,5,7,48,18.945945945945947,65.91458547243006,29.8,62,15,14,88,18.618243243243242,67.27841643700093,83.8,74,19,18,101,19.263045223441264,66.83069315532609,105.1,6,23,32.3,8,38,43.8,11,46,59.6
requests,2018-10-27,17,3,6,46,18.97179788484136,65.82786349823091,19.6,62,15,14,88,18.618243243243242,67.27841643700093,83.8,71,18,16,93,18.73612321999419,66.92614731843912,99.3,6,23,32.3,8,39,43.9,14,51,75.1
requests,2018-11-03,18,3,7,27,19.408408408408405,64.36322571175636,17.7,66,15,16,90,18.94174174174174,66.53788708150101,84.0,74,17,17,96,19.03293918918919,66.2494800247173,94.6,6,19,31.9,8,40,44.0,14,47,74.7
requests,2018-11-10,23,5,9,37,19.122717311906502,65.32159467587913,28.7,54,13,16,79,19.023947998631538,66.34694604640475,72.9,77,19,19,104,19.147349272349274,66.06951268040605,105.4,4,23,22.3,6,30,33.0,12,38,63.8
requests,2018-11-17,33,8,9,29,19.373718546132338,65.56749464180331,42.9,45,11,12,71,19.170917396269505,65.60425777485742,62.1,88,21,18,111,18.830046262478692,66.79732293508391,116.1,2,15,11.5,5,22,27.2,10,40,54.0
requests,2018-11-24,26,6,8,23,19.640423031727376,64.95661736253184,32.3,43,9,11,69,19.19467293380337,65.53744811966456,51.9,88,21,18,111,18.830046262478692,66.79732293508391,116.1,2,16,11.6,8,28,42.8,11,50,60.0
requests,2018-12-01,20,6,6,19,18.351351351351347,67.90919087901057,31.9,38,9,11,46,18.97179788484136,65.82786349823093,49.6,86,21,18,109,18.838829655343417,66.77692168840635,115.9,2,21,12.1,8,28,42.8,11,54,60.4
requests,2018-12-08,19,6,6,16,17.26689189189189,69.90883404418031,31.6,38,9,11,47,18.589419206440482,66.552876647667,49.7,86,21,18,110,18.676658476658478,67.07807223234563,116.0,2,20,12.0,8,28,42.8,11,53,60.3
requests,2018-12-15,8,2,4,15,17.194594594594594,70.04214358852497,11.5,46,11,13,61,18.534780682321664,66.86416188109011,61.1,68,13,14,100,18.586216216216215,66.91257418791614,75.0,2,7,10.7,8,24,42.4,9,40,49.0
requests,2018-12-22,8,2,4,15,17.194594594594594,70.04214358852497,11.5,34,8,10,38,18.67496443812233,66.96406192542386,43.8,51,11,13,85,18.831796502384737,66.36029723486753,63.5,6,13,31.3,9,34,48.4,9,40,49.0
requests,2018-12-29,10,2,6,21,20.34877734877735,62.96518654018651,12.1,31,8,9,40,19.4,65.31358860112793,44.0,53,11,14,90,19.463963963963963,64.93725375111967,64.0,6,7,30.7,9,30,48.0,9,37,48.7
requests,2019-01-05,10,2,6,20,21.316216216216212,61.11827179110951,12.0,30,8,9,40,19.4,65.31358860112793,44.0,48,11,14,67,19.403388463089954,64.93060654123192,61.7,6,8,30.8,9,33,48.3,9,37,48.7
requests,2019-01-12,6,4,5,8,25.763513513513512,50.931893159257925,20.8,24,8,9,29,19.7977632805219,64.32904980606901,42.9,50,13,15,68,19.3879173290938,64.97440925208161,71.8,5,13,26.3,7,33,38.3,7,40,39.0
requests,2019-01-19,9,3,5,13,22.912681912681915,57.46162305147048,16.3,17,5,8,28,19.84942084942085,64.20118762489253,27.8,43,11,13,51,19.755166931637522,64.54187162422006,60.1,6,21,32.1,6,27,32.7,6,34,33.4
requests,2019-01-26,11,6,6,12,20.82207207207207,62.25009163909302,31.2,20,8,9,28,19.84942084942085,64.20118762489253,42.8,46,14,13,51,19.755166931637522,64.54187162422006,75.1,3,23,17.3,3,28,17.8,5,43,29.3
requests,2019-02-02,10,6,5,7,18.35135135135135,67.90919087901057,30.7,20,8,9,28,19.84942084942085,64.20118762489253,42.8,40,14,12,47,19.243818286371475,65.7001676637913,74.7,3,26,17.6,3,30,18.0,9,44,49.4
requests,2019-02-09,15,7,7,14,27.776061776061777,59.502091158162685,36.4,19,9,9,21,27.45817245817246,55.83691574330145,47.1,40,13,13,44,22.303439803439804,62.87456616975658,69.4,2,20,12.0,2,26,12.6,9,40,49.0
requests,2019-02-16,14,5,7,18,25.681681681681685,61.37033554057333,26.8,19,8,10,25,26.00108108108108,57.76847976501491,42.5,27,10,13,40,22.69864864864865,62.37110369883118,54.0,1,15,6.5,1,22,7.2,11,48,59.8
requests,2019-02-23,11,3,8,23,23.333725029377206,64.18288194643864,17.3,22,9,13,35,22.472586872586874,63.52021098392014,48.5,31,11,16,51,21.42077371489136,64.1929321228447,60.1,0,4,0.4,2,18,11.8,11,41,59.1
requests,2019-03-02,14,3,9,26,22.091476091476093,65.84710255869653,17.6,24,9,13,33,21.2981162981163,66.28451523270253,48.3,34,11,17,54,20.928928928928933,64.99366518561297,60.4,0,4,0.4,6,18,31.8,11,39,58.9
requests,2019-03-09,12,3,7,25,22.241081081081084,65.76461902588397,17.5,24,9,13,33,21.2981162981163,66.28451523270253,48.3,34,11,17,53,21.304946455889855,64.3349894056863,60.3,0,7,0.7000000000000001,6,20,32.0,11,41,59.1
requests,2019-03-16,9,1,6,16,16.18243243243243,71.91450961424215,6.6,23,7,12,33,21.2981162981163,66.28451523270253,38.3,27,9,15,40,22.264864864864865,63.173373926855916,49.0,0,7,0.7000000000000001,10,32,53.2,11,40,59.0
requests,2019-03-23,6,0,4,6,12.567567567567567,78.59004083962814,0.6000000000000001,15,3,10,27,21.952952952952955,65.92347620018964,17.7,27,9,15,40,22.264864864864865,63.173373926855916,49.0,2,12,11.2,10,37,53.7,11,40,59.0
requests,2019-03-30,8,0,4,7,15.87258687258687,72.49359218200905,0.7000000000000001,19,3,11,30,21.592792792792796,66.12204766807173,18.0,29,9,15,37,20.97954711468225,66.46015584311422,48.7,4,13,21.3,11,35,58.5,11,38,58.8
requests,2019-04-06,5,0,4,4,18.35135135135135,67.90919087901057,0.4,17,3,9,29,21.70456663560112,66.06042204010832,17.9,29,9,15,37,20.97954711468225,66.46015584311422,48.7,6,16,31.6,11,37,58.7,11,40,59.0
requests,2019-04-13,7,0,4,7,26.393822393822397,65.4084453134408,0.7000000000000001,17,2,9,27,19.15115115115115,69.63437164955565,12.7,30,7,14,40,22.189864864864866,66.13120299683173,39.0,8,15,41.5,11,33,58.3,11,36,58.6
requests,2019-04-20,11,2,4,12,23.042792792792795,66.45042263242819,11.2,17,2,7,18,19.551051051051054,70.49696203482819,11.8,29,8,12,39,22.288288288288292,66.08561356395535,43.9,8,25,42.5,9,28,47.8,10,33,53.3
requests,2019-04-27,16,4,5,15,22.104504504504508,66.74217628174466,21.5,22,4,7,20,20.29864864864865,68.63847038711062,22.0,33,7,14,43,21.9220615964802,66.25524866303026,39.3,7,21,37.1,7,25,37.5,12,34,63.4
requests,2019-05-04,16,6,7,14,22.372586872586876,66.65881809622567,31.4,21,6,9,18,21.47897897897898,66.93667871462232,31.8,35,9,16,44,21.840909090909093,66.292838258848,49.4,5,22,27.2,5,26,27.6,10,34,53.4
requests,2019-05-11,19,7,8,14,18.35135135135135,67.90919087901057,36.4,25,7,9,20,21.16621621621622,67.03392993106114,37.0,35,9,14,40,18.891216216216215,69.07368789912849,49.0,4,20,22.0,4,23,22.3,9,31,48.1
requests,2019-05-18,30,10,11,26,18.156964656964657,69.45661044128036,52.6,37,10,13,33,19.904176904176907,68.5979087474962,53.3,45,11,15,48,18.695945945945944,69.71779065867165,59.8,1,7,5.7,1,10,6.0,7,36,38.6
requests,2019-05-25,33,9,13,23,18.13160987074031,69.65844777548946,47.3,48,11,16,37,19.736303871439006,68.52345276171397,58.7,52,11,16,41,19.17798286090969,69.2462274346451,59.1,0,4,0.4,4,13,21.3,19,55,100.5
requests,2019-06-01,29,5,12,21,18.110682110682113,69.82504367039222,27.1,45,11,16,35,19.815444015444015,68.55855344072559,58.5,50,11,17,39,19.66528066528066,68.49195215234457,58.9,0,4,0.4,5,13,26.3,19,55,100.5
requests,2019-06-08,29,5,14,21,18.110682110682113,69.82504367039222,27.1,45,11,18,34,18.202702702702698,69.0925117207463,58.4,52,11,19,41,19.601186552406066,68.46352477315756,59.1,0,3,0.30000000000000004,5,11,26.1,19,53,100.3
requests,2019-06-15,21,1,10,8,18.35135135135135,67.90919087901057,5.8,46,11,17,33,18.198198198198195,69.12836992807162,58.3,53,11,19,40,19.63243243243243,68.47738312051122,59.0,0,3,0.30000000000000004,5,28,27.8,19,53,100.3
requests,2019-06-22,7,1,6,3,18.35135135135135,67.90919087901057,5.3,42,9,17,28,18.17084942084942,69.3460804725468,47.8,53,11,19,40,19.63243243243243,68.47738312051123,59.0,2,10,11.0,19,52,100.2,24,219,141.9
requests,2019-06-29,5,0,5,3,18.35135135135135,67.90919087901057,0.30000000000000004,36,7,15,25,18.14918918918919,69.51850722377115,37.5,50,11,18,38,19.699857752489333,68.50728797532705,58.8,5,10,26.0,19,52,100.2,24,231,143.1
requests,2019-07-06,5,0,5,3,18.35135135135135,67.90919087901057,0.30000000000000004,34,5,16,24,18.140765765765767,69.58556207146951,27.4,52,11,20,40,19.63243243243243,68.47738312051122,59.0,5,8,25.8,19,50,100.0,26,230,153.0
requests,2019-07-13,6,0,6,3,18.35135135135135,67.90919087901057,0.30000000000000004,31,3,16,21,18.11068211068211,69.82504367039222,17.1,50,11,20,36,18.21096096096096,69.0267716739832,58.6,5,8,25.8,19,50,100.0,26,230,153.0
requests,2019-07-20,10,2,6,10,18.351351351351347,67.90919087901057,11.0,17,3,11,13,18.35135135135135,67.90919087901057,16.3,52,11,22,38,18.218349928876247,68.96795163214253,58.8,6,20,32.0,19,204,115.4,24,223,142.3
requests,2019-07-27,16,5,10,9,18.35135135135135,67.90919087901057,25.9,22,5,13,13,18.35135135135135,67.90919087901057,26.3,52,12,22,34,18.202702702702705,69.0925117207463,63.4,14,43,74.3,19,222,117.2,22,237,133.7
requests,2019-08-03,15,5,8,8,18.35135135135135,67.90919087901057,25.8,20,5,11,12,18.35135135135135,67.90919087901057,26.2,51,10,21,34,18.2027027027027,69.0925117207463,53.4,14,42,74.2,21,222,127.2,23,237,138.7
requests,2019-08-10,15,5,8,8,18.35135135135135,67.90919087901057,25.8,20,5,11,11,18.35135135135135,67.90919087901057,26.1,46,9,21,31,18.188317349607672,69.20702664091426,48.1,14,42,74.2,21,222,127.2,23,237,138.7
requests,2019-08-17,16,6,8,26,23.464656964656964,62.47979191181317,32.6,20,6,12,29,22.93569431500466,63.041453873937044,32.9,36,7,17,36,22.044294294294293,63.987958291590225,38.6,13,24,67.4,20,204,120.4,22,219,131.9
requests,2019-08-24,51,15,10,42,21.103603603603602,65.30990320033399,79.2,65,19,15,51,20.617912029676734,65.76860102598279,100.1,71,19,17,55,20.45307125307125,65.92428028802118,100.5,5,180,43.0,7,182,53.2,9,196,64.6
requests,2019-08-31,49,14,7,42,21.103603603603602,65.30990320033399,74.2,65,19,14,51,20.617912029676734,65.76860102598279,100.1,71,19,17,55,20.45307125307125,65.92428028802118,100.5,7,180,53.0,9,195,64.5,10,195,69.5
requests,2019-09-07,49,14,7,42,21.103603603603602,65.30990320033399,74.2,64,19,13,50,20.66324324324324,65.72578922892224,100.0,69,19,16,53,20.532381438041813,65.84937800156875,100.3,7,180,53.0,9,195,64.5,10,195,69.5
requests,2019-09-14,48,14,6,25,17.657297297297298,69.1889625047192,72.5,63,19,12,50,20.66324324324324,65.72578922892224,100.0,67,19,16,53,20.532381438041813,65.84937800156875,100.3,7,180,53.0,9,195,64.5,10,195,69.5
requests,2019-09-21,163,5,5,167,18.247451043858227,68.10077345770947,41.7,218,22,14,209,18.82141471615156,67.53992871699286,130.9,229,24,19,219,18.79995063556707,67.55679000292974,141.9,2,14,11.4,4,29,22.9,5,29,27.9
requests,2019-09-28,172,5,6,179,18.254416427600784,68.0879299328805,42.900000000000006,221,19,11,221,18.79589091353797,67.55997915112957,117.1,238,24,19,231,18.776646776646775,67.57509654194693,143.1,3,15,16.5,5,16,26.6,5,16,26.6
requests,2019-10-05,174,7,8,180,18.254954954954954,68.08693693813677,53.0,223,21,13,222,18.793888483077673,67.56155217693083,127.2,238,26,19,230,18.778495887191536,67.57364395787273,153.0,2,15,11.5,3,15,16.5,3,15,16.5
requests,2019-10-12,174,7,8,180,18.254954954954954,68.08693693813677,53.0,223,21,13,222,18.793888483077673,67.56155217693085,127.2,237,26,18,230,18.778495887191536,67.57364395787273,153.0,2,15,11.5,3,15,16.5,4,19,21.9
requests,2019-10-19,18,5,6,19,17.438122332859177,69.59310091283771,26.9,216,18,9,203,18.1804020769538,68.2244055651457,110.3,231,24,17,223,18.79190401163495,67.56311109487739,142.3,2,15,11.5,3,15,16.5,4,19,21.9
requests,2019-10-26,8,3,6,15,16.037837837837838,72.18153086325759,16.5,178,8,10,194,18.08303148509334,68.4044454687344,59.400000000000006,228,22,16,237,18.61945489793591,67.85395589125532,133.7,2,1,10.1,2,1,10.1,3,10,16.0
requests,2019-11-02,5,2,5,15,16.037837837837838,72.18153086325759,11.5,179,9,11,195,18.084407484407482,68.4019057016076,64.5,228,23,16,237,18.61945489793591,67.85395589125531,138.7,1,0,5.0,1,0,5.0,3,11,16.1
requests,2019-11-09,5,2,5,15,16.037837837837838,72.18153086325759,11.5,179,9,11,195,18.084407484407485,68.4019057016076,64.5,228,23,16,237,18.619454897935906,67.85395589125531,138.7,1,0,5.0,1,2,5.2,4,11,21.1
requests,2019-11-16,5,2,5,15,16.037837837837838,72.18153086325759,11.5,179,9,11,195,18.084407484407482,68.4019057016076,64.5,226,22,14,219,18.03443169196594,68.49400220800206,131.9,1,0,5.0,2,4,10.4,4,11,21.1
requests,2019-11-23,5,3,4,14,15.872586872586874,72.48669800498952,16.4,10,5,7,16,16.18243243243243,71.91450961424215,26.6,181,10,11,196,18.0857694429123,68.39939185047191,69.6,0,0,0.0,1,9,5.9,6,24,32.4
requests,2019-11-30,1,1,1,0,19.824827451139296,65.8420132540996,5.0,6,3,5,15,16.037837837837838,72.18153086325759,16.5,180,10,11,195,18.084407484407482,68.4019057016076,69.5,0,0,0.0,2,11,11.1,7,29,37.9
requests,2019-12-07,1,1,1,0,19.824827451139296,65.8420132540996,5.0,6,3,5,15,16.037837837837838,72.18153086325759,16.5,180,10,11,195,18.084407484407482,68.4019057016076,69.5,0,2,0.2,3,11,16.1,7,29,37.9
requests,2019-12-14,1,1,1,0,19.824827451139296,65.8420132540996,5.0,6,3,5,15,16.037837837837838,72.18153086325759,16.5,180,10,11,195,18.084407484407485,68.4019057016076,69.5,1,4,5.4,3,11,16.1,7,29,37.9
requests,2019-12-21,1,1,1,0,19.824827451139296,65.8420132540996,5.0,6,3,5,15,16.037837837837838,72.18153086325759,16.5,18,5,8,29,17.1547064305685,70.11902190534524,27.9,1,7,5.7,6,24,32.4,7,32,38.2
requests,2019-12-28,0,0,0,0,19.824827451139296,65.8420132540996,0.0,2,2,2,1,18.35135135135135,67.90919087901057,10.1,8,5,7,16,16.18243243243243,71.91450961424215,26.6,2,11,11.1,6,25,32.5,8,36,43.6
requests,2020-01-04,0,0,0,0,19.824827451139296,65.8420132540996,0.0,1,1,1,0,19.824827451139296,65.8420132540996,5.0,6,3,5,15,16.037837837837838,72.18153086325759,16.5,3,11,16.1,7,29,37.9,10,39,53.9
requests,2020-01-11,4,1,4,4,18.35135135135135,67.90919087901057,5.4,5,2,4,4,18.35135135135135,67.90919087901057,10.4,10,4,7,19,16.524893314367,71.28209086657401,21.9,2,7,10.7,6,25,32.5,9,37,48.7
requests,2020-01-18,4,1,4,4,18.35135135135135,67.90919087901057,5.4,5,2,4,4,18.35135135135135,67.90919087901057,10.4,10,4,7,19,16.524893314367,71.28209086657401,21.9,2,9,10.9,6,28,32.8,9,37,48.7
requests,2020-01-25,9,2,6,11,16.014742014742016,69.4116492475477,11.1,9,2,6,11,16.014742014742016,69.4116492475477,11.1,11,4,7,12,16.209459459459456,69.28644438350294,21.2,4,14,21.4,6,25,32.5,8,30,43.0
requests,2020-02-01,10,3,6,11,16.014742014742012,69.4116492475477,16.1,10,3,6,11,16.014742014742012,69.4116492475477,16.1,11,4,6,11,16.014742014742012,69.4116492475477,21.1,4,18,21.8,5,26,27.6,7,32,38.2
requests,2020-02-08,9,3,6,9,15.495495495495495,69.7455288850004,15.9,10,3,6,11,16.014742014742012,69.4116492475477,16.1,11,4,6,11,16.014742014742012,69.4116492475477,21.1,4,18,21.8,7,30,38.0,7,32,38.2
requests,2020-02-15,6,2,4,7,14.67953667953668,70.27019688671176,10.7,10,3,6,11,16.014742014742012,69.4116492475477,16.1,11,4,6,11,16.014742014742012,69.4116492475477,21.1,4,18,21.8,7,30,38.0,9,34,48.4
requests,2020-02-22,14,5,7,15,21.9009009009009,66.05116025281873,26.5,20,6,11,24,20.221846846846844,66.09943144317896,32.4,20,6,11,24,20.221846846846844,66.09943144317896,32.4,1,8,5.8,4,17,21.7,6,21,32.1
requests,2020-02-29,16,5,8,18,22.273273273273272,64.57800929490685,26.8,25,7,13,29,19.899347623485554,66.41145893211544,37.9,25,7,13,29,19.899347623485554,66.41145893211544,37.9,1,8,5.8,3,12,16.2,5,16,26.6
requests,2020-03-07,15,4,8,18,22.27327327327327,64.57800929490685,21.8,24,7,13,27,20.014014014014013,66.30051582493803,37.7,25,7,13,29,19.899347623485554,66.41145893211544,37.9,3,12,16.2,3,14,16.4,5,16,26.6
requests,2020-03-14,15,4,8,18,22.27327327327327,64.57800929490685,21.8,21,6,11,25,20.147027027027026,66.17182182061222,32.5,25,7,13,29,19.899347623485554,66.41145893211544,37.9,3,12,16.2,5,16,26.6,5,16,26.6
requests,2020-03-21,5,1,4,8,22.05743243243243,64.93973179570843,5.8,20,6,10,25,21.33297297297297,65.22159491395553,32.5,25,7,13,32,20.680743243243242,65.80950653131131,38.2,3,9,15.9,5,13,26.3,6,23,32.3
requests,2020-03-28,5,2,4,12,20.822072072072075,65.92955149014247,11.2,17,6,9,26,22.206860706860706,64.68930852592271,32.6,26,8,14,37,20.365960555149744,66.09324765937878,43.7,2,4,10.4,4,8,20.8,5,19,26.9
requests,2020-04-04,4,3,3,10,21.31621621621622,65.53362361236886,16.0,19,7,10,28,21.93146718146718,64.91930012257184,37.8,29,10,15,39,20.262647262647263,66.18637295269323,53.9,0,4,0.4,2,6,10.6,3,17,16.7
requests,2020-04-11,4,3,3,12,23.292792792792795,60.27045225022493,16.2,19,7,10,30,22.681081081081082,62.854986477034075,38.0,25,9,13,37,21.1672753834916,64.25786412210823,48.7,2,4,10.4,2,4,10.4,3,15,16.5
requests,2020-04-18,4,3,3,9,21.645645645645644,60.36372522578717,15.9,17,7,9,28,22.99034749034749,62.49397187689289,37.8,25,9,13,37,21.1672753834916,64.25786412210823,48.7,2,4,10.4,3,13,16.3,3,15,16.5
requests,2020-04-25,3,2,2,5,24.281081081081084,54.327352703208454,10.5,8,4,5,16,22.057432432432435,62.180136907421335,21.6,20,8,10,30,22.681081081081082,62.854986477034075,43.0,2,4,10.4,3,14,16.4,3,16,16.6
requests,2020-05-02,5,2,4,6,23.292792792792795,56.59099239917547,10.6,6,3,5,14,22.58687258687259,61.36170062576573,16.4,21,7,11,32,22.410472972972972,63.1708742521576,38.2,2,2,10.2,3,13,16.3,3,14,16.4
requests,2020-05-09,4,2,4,4,25.763513513513516,50.931893159257925,10.4,8,5,7,16,23.910472972972975,57.935812477483175,26.6,23,9,13,34,23.043720190779013,61.45226961611923,48.4,0,0,0.0,1,11,6.1,1,48,9.8
requests,2020-05-16,4,2,4,4,25.763513513513516,50.931893159257925,10.4,8,5,7,16,23.910472972972975,57.935812477483175,26.6,23,9,13,34,23.043720190779013,61.45226961611923,48.4,1,3,5.3,1,11,6.1,1,48,9.8
requests,2020-05-23,4,2,4,4,25.763513513513516,50.931893159257925,10.4,8,5,7,13,22.912681912681915,57.46162305147048,26.3,13,6,9,21,22.58687258687259,60.31042638260875,32.1,1,10,6.0,1,11,6.1,1,53,10.3
requests,2020-05-30,4,2,4,4,25.763513513513516,50.931893159257925,10.4,7,4,6,8,25.763513513513516,50.931893159257925,20.8,8,5,7,16,23.910472972972975,57.935812477483175,26.6,1,11,6.1,1,12,6.2,1,56,10.600000000000001
requests,2020-06-06,2,2,2,2,33.17567567567568,33.95459543950528,10.2,4,2,4,4,25.763513513513516,50.931893159257925,10.4,8,5,7,16,23.910472972972975,57.935812477483175,26.6,1,11,6.1,1,48,9.8,1,56,10.600000000000001
requests,2020-06-13,0,0,0,0,19.824827451139296,65.8420132540996,0.0,4,2,4,4,25.763513513513516,50.931893159257925,10.4,8,5,7,16,23.910472972972975,57.935812477483175,26.6,1,11,6.1,1,48,9.8,1,57,10.7
requests,2020-06-20,11,1,7,10,18.35135135135135,67.90919087901057,6.0,15,3,11,14,20.46911196911197,63.05853438765267,16.4,19,6,13,23,20.92949471210341,62.00404384605313,32.3,0,1,0.1,0,43,4.3,0,47,4.7
requests,2020-06-27,12,1,7,11,18.35135135135135,67.90919087901057,6.1,16,3,11,15,20.32792792792793,63.38191148707653,16.5,19,5,12,19,21.472261735419632,60.76085499700945,26.9,0,1,0.1,0,43,4.3,0,47,4.7
requests,2020-07-04,12,1,7,11,18.35135135135135,67.90919087901057,6.1,14,3,9,13,20.63201663201663,62.685406965240524,16.3,16,3,11,17,21.83942766295708,59.91987430500932,16.7,0,37,3.7,0,45,4.5,0,51,5.1000000000000005
requests,2020-07-11,12,1,7,11,18.35135135135135,67.90919087901057,6.1,12,1,7,11,18.35135135135135,67.90919087901057,6.1,16,3,11,15,20.32792792792793,63.38191148707653,16.5,0,37,3.7,0,45,4.5,0,52,5.2
requests,2020-07-18,3,0,3,2,18.35135135135135,67.90919087901057,0.2,12,1,7,11,18.35135135135135,67.90919087901057,6.1,16,3,11,15,20.327927927927927,63.38191148707653,16.5,0,39,3.9000000000000004,0,46,4.6000000000000005,0,52,5.2
requests,2020-07-25,2,0,2,2,18.35135135135135,67.90919087901057,0.2,13,1,8,12,18.35135135135135,67.90919087901057,6.2,17,3,12,16,20.204391891891895,63.664866449072406,16.6,0,41,4.1000000000000005,0,46,4.6000000000000005,0,53,5.300000000000001
requests,2020-08-01,1,0,1,1,18.35135135135135,67.90919087901057,0.1,13,1,8,12,18.35135135135135,67.90919087901057,6.2,15,3,10,14,20.469111969111967,63.05853438765267,16.4,0,44,4.4,0,48,4.800000000000001,0,53,5.300000000000001
requests,2020-08-08,1,0,1,37,18.35135135135135,67.90919087901057,3.7,13,1,8,48,18.35135135135135,67.90919087901057,9.8,13,1,8,48,18.35135135135135,67.90919087901057,9.8,0,8,0.8,0,15,1.5,0,17,1.7000000000000002
requests,2020-08-15,1,0,1,37,18.35135135135135,67.90919087901057,3.7,9,0,6,45,18.35135135135135,67.90919087901057,4.5,13,1,8,48,18.35135135135135,67.90919087901057,9.8,0,9,0.9,0,15,1.5,0,31,3.1
requests,2020-08-22,8,0,4,42,18.35135135135135,67.90919087901057,4.2,9,0,4,43,18.35135135135135,67.90919087901057,4.3,20,1,10,53,18.35135135135135,67.90919087901057,10.3,0,4,0.4,0,12,1.2000000000000002,2,28,12.8
requests,2020-08-29,10,0,6,44,18.35135135135135,67.90919087901057,4.4,11,0,7,45,18.35135135135135,67.90919087901057,4.5,23,1,12,56,18.35135135135135,67.90919087901057,10.600000000000001,0,2,0.2,0,9,0.9,2,32,13.2
requests,2020-09-05,10,0,6,8,18.35135135135135,67.90919087901057,0.8,11,0,7,45,18.35135135135135,67.90919087901057,4.5,23,1,12,56,18.35135135135135,67.90919087901057,10.600000000000001,0,7,0.7000000000000001,0,9,0.9,4,34,23.4
requests,2020-09-12,11,0,7,9,18.35135135135135,67.90919087901057,0.9,12,0,8,46,18.35135135135135,67.90919087901057,4.6000000000000005,24,1,13,57,18.351351351351347,67.90919087901057,10.7,0,6,0.6000000000000001,0,22,2.2,4,38,23.8
requests,2020-09-19,4,0,4,4,18.35135135135135,67.90919087901057,0.4,12,0,8,46,18.35135135135135,67.90919087901057,4.6000000000000005,13,0,8,47,18.35135135135135,67.90919087901057,4.7,0,8,0.8,2,24,12.4,5,41,29.1
requests,2020-09-26,4,0,4,4,18.35135135135135,67.90919087901057,0.4,12,0,8,46,18.35135135135135,67.90919087901057,4.6000000000000005,13,0,9,47,18.35135135135135,67.90919087901057,4.7,0,7,0.7000000000000001,2,23,12.3,5,40,29.0
requests,2020-10-03,8,0,5,6,15.45945945945946,73.24157265279656,0.6000000000000001,18,0,11,14,17.111969111969113,70.19449735349028,1.4000000000000001,19,0,12,51,18.01112877583466,68.53652991122068,5.1000000000000005,0,3,0.30000000000000004,4,28,22.8,5,36,28.6
requests,2020-10-10,10,0,6,7,15.872586872586874,72.47980382797,0.7000000000000001,20,0,12,15,17.194594594594594,70.04214358852497,1.5,21,0,13,52,18.01767151767152,68.5244656990628,5.2,0,2,0.2,4,30,23.0,5,35,28.5
requests,2020-10-17,9,0,5,6,15.45945945945946,73.24157265279656,0.6000000000000001,19,0,11,13,17.016632016632016,70.3702901592195,1.3,21,0,13,52,18.01767151767152,68.5244656990628,5.2,0,17,1.7000000000000002,5,35,28.5,5,35,28.5
requests,2020-10-24,8,0,4,7,15.87258687258687,72.47980382797,0.7000000000000001,13,0,9,12,16.905405405405403,70.57538176590357,1.2000000000000002,20,0,12,53,18.023967363590007,68.51285674019388,5.300000000000001,2,16,11.6,5,33,28.3,7,35,38.5
requests,2020-10-31,5,0,2,5,18.35135135135135,67.90919087901057,0.5,10,0,6,9,16.423423423423422,71.46411206153456,0.9,20,0,12,53,18.023967363590007,68.51285674019388,5.300000000000001,4,25,22.5,5,33,28.3,7,35,38.5
requests,2020-11-07,2,0,2,2,18.35135135135135,67.90919087901057,0.2,12,0,8,9,16.42342342342342,71.46411206153456,0.9,22,0,13,17,17.33068362480127,69.79120797564092,1.7000000000000002,4,25,22.5,5,33,28.3,7,35,38.5
requests,2020-11-14,5,0,3,16,19.11993243243243,65.66450961424215,1.6,14,0,8,22,18.121621621621617,67.73098135202973,2.2,25,0,13,31,18.188317349607672,67.78271960179835,3.1,5,17,26.7,5,19,26.9,7,21,37.1
requests,2020-11-21,10,2,5,16,19.11993243243243,65.66450961424215,11.6,19,2,9,24,18.140765765765767,67.74583214594479,12.4,23,2,12,28,18.170849420849418,67.76916910781134,12.8,3,17,16.7,4,18,21.8,5,20,27.0
requests,2020-11-28,15,3,7,24,20.611486486486484,62.09075450928864,17.4,23,3,10,31,19.541412380122058,64.43666887157151,18.1,25,3,12,33,19.46928746928747,64.64712475081025,18.3,2,9,10.9,4,11,21.1,5,13,26.3
requests,2020-12-05,16,4,7,25,20.52108108108108,62.32349196407751,22.5,18,4,8,27,20.36036036036036,62.737247439257736,22.7,28,4,13,34,19.436406995230524,64.74306787222791,23.4,1,8,5.8,3,10,16.0,4,12,21.2
requests,2020-12-12,16,4,10,16,21.741554054054053,59.181536324427675,21.6,21,4,11,32,20.430743243243242,62.42302296933491,23.2,30,4,15,38,19.645803698435277,64.13121502461833,23.8,1,3,5.3,3,5,15.5,4,7,20.7
requests,2020-12-19,14,3,10,17,21.542130365659776,59.69492776881491,16.7,24,5,12,33,20.367731367731366,62.589270481749324,28.3,33,5,16,41,19.551087673038893,64.40765228225679,29.1,0,0,0.0,2,3,10.3,4,9,20.9
requests,2020-12-26,14,3,10,17,21.542130365659776,59.69492776881491,16.7,24,5,12,33,20.367731367731366,62.589270481749324,28.3,32,5,15,40,19.58108108108108,64.32011381733794,29.0,2,2,10.2,3,4,15.4,4,9,20.9
requests,2021-01-02,7,1,7,8,19.888513513513516,63.41982834947375,5.8,22,5,11,33,20.367731367731366,62.589270481749324,28.3,26,5,13,36,20.1996996996997,63.03259718152109,28.6,2,2,10.2,3,4,15.4,4,9,20.9
requests,2021-01-09,4,1,4,5,14.881081081081081,74.30804900755376,5.5,22,5,11,33,20.367731367731366,62.589270481749324,28.3,24,5,12,35,20.25250965250965,62.8932659330214,28.5,2,2,10.2,3,4,15.4,4,9,20.9
requests,2021-01-16,0,0,0,0,19.824827451139296,65.8420132540996,0.0,17,5,11,18,21.364864864864863,60.151275719381324,26.8,24,5,12,35,20.25250965250965,62.8932659330214,28.5,2,2,10.2,3,4,15.4,5,10,26.0
requests,2021-01-23,3,2,3,2,18.35135135135135,67.90919087901057,10.2,17,5,12,19,21.206258890469417,60.559587043572336,26.9,27,7,14,35,20.25250965250965,62.8932659330214,38.5,0,1,0.1,2,7,10.7,3,8,15.8
requests,2021-01-30,4,2,3,2,18.35135135135135,67.90919087901057,10.2,11,3,9,10,19.581081081081084,64.3177008553811,16.0,28,7,14,35,20.25250965250965,62.8932659330214,38.5,1,2,5.2,2,7,10.7,3,8,15.8
requests,2021-02-06,4,2,3,2,18.35135135135135,67.90919087901057,10.2,10,3,9,10,19.581081081081084,64.3177008553811,16.0,26,7,13,35,20.25250965250965,62.8932659330214,38.5,1,2,5.2,2,7,10.7,3,13,16.3
requests,2021-02-13,4,2,3,2,18.35135135135135,67.90919087901057,10.2,5,2,4,4,18.35135135135135,67.90919087901057,10.4,23,7,13,21,20.93436293436293,61.25954931361407,37.1,1,2,5.2,3,8,15.8,3,13,16.3
requests,2021-02-20,4,1,3,2,18.35135135135135,67.90919087901057,5.2,6,2,4,3,18.35135135135135,67.90919087901057,10.3,20,5,13,20,21.063513513513513,60.927067235344246,27.0,2,6,10.6,3,7,15.7,3,12,16.2
requests,2021-02-27,3,1,3,2,18.35135135135135,67.90919087901057,5.2,7,3,5,4,18.35135135135135,67.90919087901057,15.4,16,5,12,13,19.2972972972973,65.14650624544944,26.3,1,5,5.5,2,6,10.6,2,11,11.1
requests,2021-03-06,3,1,3,2,18.35135135135135,67.90919087901057,5.2,7,3,5,4,18.35135135135135,67.90919087901057,15.4,13,4,11,12,19.376126126126128,64.91628252598602,21.2,1,5,5.5,2,6,10.6,3,13,16.3
requests,2021-03-13,3,1,3,2,18.35135135135135,67.90919087901057,5.2,7,3,5,4,18.35135135135135,67.90919087901057,15.4,10,4,8,7,18.35135135135135,67.90919087901057,20.7,2,6,10.6,2,11,11.1,3,13,16.3
requests,2021-03-20,7,2,5,6,15.45945945945946,73.24157265279656,10.6,13,4,8,9,16.423423423423422,71.46411206153456,20.9,13,4,8,9,16.423423423423422,71.46411206153456,20.9,1,1,5.1,1,6,5.6,2,8,10.8
requests,2021-03-27,6,1,4,5,14.881081081081081,74.30804900755376,5.5,9,2,6,7,15.87258687258687,72.47980382797,10.7,13,4,8,9,16.423423423423422,71.46411206153456,20.9,1,1,5.1,1,6,5.6,2,8,10.8
requests,2021-04-03,6,1,4,5,14.881081081081081,74.30804900755376,5.5,9,2,6,7,15.87258687258687,72.47980382797,10.7,13,4,8,9,16.423423423423422,71.46411206153456,20.9,1,1,5.1,2,8,10.8,2,8,10.8
requests,2021-04-10,6,1,4,5,14.881081081081081,74.30804900755376,5.5,9,2,6,7,15.87258687258687,72.47980382797,10.7,13,4,8,9,16.423423423423422,71.46411206153456,20.9,1,6,5.6,2,8,10.8,3,34,18.4
requests,2021-04-17,7,2,5,6,15.45945945945946,73.24157265279656,10.6,10,3,7,8,16.18243243243243,71.90847720935007,15.8,14,5,9,10,16.616216216216216,71.10861994328216,26.0,0,5,0.5,1,7,5.7,2,37,13.7
requests,2021-04-24,1,1,1,1,18.35135135135135,67.90919087901057,5.1,8,3,6,7,15.87258687258687,72.47980382797,15.7,11,3,7,8,16.18243243243243,71.90847720935007,15.8,0,5,0.5,1,7,5.7,2,39,13.9
requests,2021-05-01,1,1,1,1,18.35135135135135,67.90919087901057,5.1,7,2,5,6,15.45945945945946,73.24157265279656,10.6,10,3,7,8,16.18243243243243,71.90847720935007,15.8,0,5,0.5,1,7,5.7,4,47,24.7
requests,2021-05-08,3,1,3,6,23.292792792792795,56.59099239917547,5.6,9,2,7,11,19.469287469287472,64.64419994843833,11.1,12,3,9,13,19.2972972972973,65.14650624544944,16.3,1,2,5.2,2,19,11.9,6,45,34.5
requests,2021-05-15,2,0,2,5,24.281081081081084,54.327352703208454,0.5,9,2,7,11,19.469287469287472,64.64419994843833,11.1,12,3,9,13,19.2972972972973,65.14650624544944,16.3,1,2,5.2,2,31,13.1,6,45,34.5
requests,2021-05-22,2,0,2,5,24.281081081081084,54.327352703208454,0.5,3,1,3,6,23.292792792792795,56.59099239917547,5.6,10,3,8,12,19.376126126126128,64.91628252598602,16.2,1,2,5.2,2,34,13.4,6,45,34.5
requests,2021-05-29,2,0,2,5,24.281081081081084,54.327352703208454,0.5,3,1,3,6,23.292792792792795,56.59099239917547,5.6,9,2,7,11,19.469287469287472,64.64419994843833,11.1,1,2,5.2,4,42,24.2,7,56,40.6
requests,2021-06-05,3,1,3,7,22.58687258687259,58.20787789629477,5.7,4,2,4,8,22.057432432432435,59.420542019134245,10.8,10,3,8,13,19.2972972972973,65.14650624544944,16.3,0,0,0.0,5,43,29.3,6,64,36.4
requests,2021-06-12,1,1,1,2,18.35135135135135,67.90919087901057,5.2,3,1,3,7,22.58687258687259,58.20787789629477,5.7,10,3,8,13,19.2972972972973,65.14650624544944,16.3,1,29,7.9,5,43,29.3,7,68,41.8
requests,2021-06-19,1,1,1,2,18.35135135135135,67.90919087901057,5.2,3,1,3,7,22.58687258687259,58.20787789629477,5.7,4,2,4,8,22.057432432432435,59.420542019134245,10.8,1,32,8.2,5,43,29.3,8,71,47.1
requests,2021-06-26,1,1,1,2,18.35135135135135,67.90919087901057,5.2,3,1,3,7,22.58687258687259,58.20787789629477,5.7,4,2,4,8,22.057432432432435,59.420542019134245,10.8,2,39,13.9,5,47,29.7,8,72,47.2
requests,2021-07-03,0,0,0,0,19.824827451139296,65.8420132540996,0.0,3,1,3,7,22.58687258687259,58.20787789629477,5.7,4,2,4,8,22.057432432432435,59.420542019134245,10.8,3,40,19.0,6,54,35.4,8,72,47.2
requests,2021-07-10,6,1,6,26,16.349272349272347,71.60083979932395,7.6,7,2,7,28,16.49227799227799,71.33715059073015,12.8,10,3,10,34,17.69236883942766,68.73488738045579,18.4,4,17,21.7,6,42,34.2,7,46,39.6
requests,2021-07-17,9,1,8,30,17.19279279279279,69.00410036164361,8.0,10,2,9,32,17.265202702702705,68.93566851897904,13.2,12,2,11,37,18.21329437545654,66.96157178711815,13.7,4,13,21.3,7,41,39.1,7,43,39.3
requests,2021-07-24,11,1,10,32,17.2652027027027,68.93566851897904,8.2,12,2,11,34,17.329093799682035,68.87528748133384,13.4,14,2,13,39,18.22037422037422,67.01016763798442,13.9,4,11,21.1,7,40,39.0,8,42,44.2
requests,2021-07-31,13,3,11,40,18.014864864864865,66.64354904233305,19.0,14,4,12,42,18.03088803088803,66.70381770122246,24.2,16,4,14,47,18.69580218516389,65.38717248866777,24.7,3,14,16.4,5,32,28.2,6,34,33.4
requests,2021-08-07,10,4,8,26,22.0010395010395,61.59712301923222,22.6,15,5,13,43,19.75109993714645,65.58069824950347,29.3,16,6,14,45,19.68888888888889,65.68418681081491,34.5,1,24,7.4,3,29,17.9,4,31,23.1
requests,2021-08-14,7,4,6,14,25.133204633204635,58.411157482739426,21.4,15,5,13,43,19.75109993714645,65.58069824950348,29.3,16,6,14,45,19.68888888888889,65.68418681081491,34.5,2,25,12.5,3,30,18.0,4,31,23.1
requests,2021-08-21,4,4,4,11,26.982800982800985,55.82078473830184,21.1,15,5,13,43,19.75109993714645,65.58069824950348,29.3,16,6,14,45,19.68888888888889,65.68418681081491,34.5,3,28,17.8,3,30,18.0,4,32,23.2
requests,2021-08-28,10,3,6,14,33.10810810810811,57.44416484070747,16.4,23,6,17,54,21.927927927927932,64.25852350857828,35.4,24,7,18,56,21.80019305019305,64.38890448609371,40.6,2,18,11.8,3,20,17.0,3,24,17.4
requests,2021-09-04,12,1,6,24,24.403153153153156,64.21034767241724,7.4,27,6,18,67,21.417507059298103,65.08982640099497,36.7,27,6,18,67,21.417507059298103,65.08982640099497,36.7,2,5,10.5,3,7,15.7,5,16,26.6
requests,2021-09-11,13,2,6,25,24.16108108108108,64.35830140068097,12.5,21,6,12,39,24.510048510048513,62.223429225009646,33.9,28,7,18,68,21.37241653418124,65.13128764331874,41.8,1,5,5.5,2,6,10.6,4,16,21.6
requests,2021-09-18,14,3,7,28,23.53861003861004,64.73875384478772,17.8,18,7,11,39,24.51004851004851,62.22342922500964,38.9,29,8,19,71,21.244765892653216,65.24866383637612,47.1,0,2,0.2,1,4,5.4,3,13,16.3
requests,2021-09-25,11,3,7,25,22.975135135135137,65.30852830733765,17.5,18,6,10,33,24.731367731367733,63.24750864788858,33.3,30,8,19,72,21.20457957957958,65.28561560085717,47.2,1,2,5.2,1,6,5.6,3,12,16.2
requests,2021-10-02,7,2,6,18,19.034534534534533,68.36689187769383,11.8,17,5,9,32,25.191722972972975,63.588198799012304,28.2,30,8,19,72,21.20457957957958,65.28561560085717,47.2,1,2,5.2,3,11,16.1,6,23,32.3
requests,2021-10-09,3,1,3,5,18.35135135135135,67.90919087901057,5.5,16,3,7,30,23.192792792792794,64.9501163137359,18.0,25,7,14,47,23.829787234042552,61.847908071453276,39.7,1,1,5.1,3,11,16.1,9,30,48.0
requests,2021-10-16,2,0,2,2,18.35135135135135,67.90919087901057,0.2,16,3,7,30,23.192792792792794,64.9501163137359,18.0,22,7,13,43,23.937146448774357,62.75233728584694,39.3,1,2,5.2,3,11,16.1,9,33,48.3
requests,2021-10-23,2,1,2,2,18.35135135135135,67.90919087901057,5.2,17,4,8,31,23.036617262423714,65.04557033197058,23.1,21,8,12,42,24.07014157014157,62.62955505743829,44.2,0,1,0.1,2,10,11.0,9,33,48.3
requests,2021-10-30,2,1,2,2,18.35135135135135,67.90919087901057,5.2,9,3,7,20,18.966216216216218,68.32112177782551,17.0,19,6,10,34,24.78934817170111,63.84237480371809,33.4,2,8,10.8,5,21,27.1,9,33,48.3
requests,2021-11-06,2,1,2,2,18.35135135135135,67.90919087901057,5.2,5,3,5,7,18.35135135135135,67.90919087901057,15.7,17,4,8,31,23.036617262423718,65.04557033197058,23.1,2,10,11.0,8,26,42.6,9,34,48.4
requests,2021-11-13,1,1,1,1,18.35135135135135,67.90919087901057,5.1,4,2,4,6,18.35135135135135,67.90919087901057,10.6,17,4,8,31,23.036617262423718,65.04557033197058,23.1,2,10,11.0,8,30,43.0,9,37,48.7
requests,2021-11-20,2,1,2,2,18.35135135135135,67.90919087901057,5.2,4,1,4,4,18.35135135135135,67.90919087901057,5.4,18,4,9,32,22.8902027027027,65.13505847406557,23.2,2,9,10.9,9,32,48.2,9,36,48.6
requests,2021-11-27,3,1,3,5,21.810810810810814,55.28207338917921,5.5,5,2,4,7,20.822393822393824,58.88982124341674,10.7,12,4,9,25,19.53513513513514,65.71331210009625,22.5,1,5,5.5,8,28,42.8,11,36,58.6
requests,2021-12-04,8,2,6,9,28.456456456456458,55.39418009558154,10.9,10,3,7,11,26.61916461916462,57.66963660165954,16.1,13,5,9,16,24.035472972972975,60.869497313331735,26.6,4,13,21.3,7,25,37.5,11,32,58.2
requests,2021-12-11,9,2,7,10,27.445945945945947,56.64568117392444,11.0,10,3,8,11,26.61916461916462,57.66963660165954,16.1,13,4,10,16,24.035472972972975,60.869497313331735,21.6,6,19,31.9,7,27,37.7,11,31,58.1
requests,2021-12-18,8,2,6,9,28.456456456456458,55.39418009558153,10.9,10,3,8,11,26.61916461916462,57.66963660165954,16.1,12,3,9,13,25.34719334719335,59.244952644328926,16.3,7,23,37.3,7,27,37.7,11,31,58.1
requests,2021-12-25,7,2,6,6,28.56756756756757,60.45487318370211,10.6,9,2,7,10,27.445945945945947,56.64568117392444,11.0,11,3,8,12,25.930180180180184,58.52293279143879,16.2,7,23,37.3,9,29,47.9,11,50,60.0
requests,2022-01-01,15,3,6,12,16.905405405405407,70.57538176590357,16.2,23,5,10,21,21.855855855855857,64.0691524786227,27.1,25,6,11,23,21.55111633372503,64.40306886126513,32.3,4,12,21.2,8,20,42.0,9,41,49.1
requests,2022-01-08,21,6,6,19,21.314366998577526,66.9878635653796,31.9,30,8,11,29,23.428704566635602,63.42159377522265,42.9,31,9,12,30,23.25945945945946,63.571180345348914,48.0,1,8,5.8,5,12,26.2,6,33,33.3
requests,2022-01-15,24,6,7,22,22.257985257985258,64.02671770455606,32.2,32,8,11,31,24.05754141238012,61.520497108402175,43.1,34,9,13,33,23.711711711711715,61.90769067025723,48.3,1,5,5.5,5,9,25.9,6,30,33.0
requests,2022-01-22,25,7,8,23,22.088131609870743,64.19552088605408,37.3,33,9,12,32,23.879222972972975,61.72014378873369,48.2,34,9,13,33,23.711711711711715,61.90769067025723,48.3,2,6,10.6,4,8,20.8,5,29,27.9
requests,2022-01-29,11,4,5,12,26.959459459459463,58.12513250561765,21.2,28,7,10,25,21.78918918918919,64.4926144854906,37.5,34,9,13,33,23.711711711711715,61.90769067025723,48.3,4,8,20.8,5,29,27.9,5,69,31.9
requests,2022-02-05,9,1,6,11,23.742014742014746,55.56206526464501,6.1,28,7,9,27,22.632632632632635,62.2305390006028,37.7,37,9,14,37,23.933528122717313,60.721117966365405,48.7,4,4,20.4,5,25,27.5,5,65,31.5
requests,2022-02-12,5,1,4,7,26.822393822393824,48.50656491357898,5.7,28,7,9,27,22.632632632632635,62.2305390006028,37.7,37,9,14,37,23.933528122717313,60.721117966365405,48.7,4,4,20.4,5,25,27.5,7,67,41.7
requests,2022-02-19,7,2,3,6,23.292792792792795,56.59099239917547,10.6,32,9,9,29,22.33737185461323,62.62217016463092,47.9,40,11,13,38,23.78662873399716,60.91027777985607,58.8,2,2,10.2,3,23,17.3,5,65,31.5
requests,2022-02-26,9,4,3,8,25.763513513513516,50.931893159257925,20.8,34,11,9,31,23.036617262423718,60.77264921462282,58.1,40,12,12,36,24.431681681681685,60.38884917907377,63.6,1,21,7.1,1,21,7.1,3,65,21.5
requests,2022-03-05,7,4,2,7,26.822393822393824,48.50656491357898,20.7,18,7,6,19,26.908961593172123,54.58144970855077,36.9,35,11,10,32,22.8902027027027,60.995666141634935,58.2,1,21,7.1,1,61,11.100000000000001,3,68,21.8
requests,2022-03-12,6,4,2,4,25.763513513513516,50.931893159257925,20.4,13,5,5,12,25.763513513513516,50.931893159257925,26.2,34,11,9,31,23.036617262423718,60.77264921462282,58.1,1,21,7.1,2,62,16.2,4,76,27.6
requests,2022-03-19,6,4,2,4,25.763513513513516,50.931893159257925,20.4,9,4,3,8,25.763513513513516,50.931893159257925,20.8,34,11,9,31,23.036617262423718,60.77264921462282,58.1,1,21,7.1,3,63,21.3,4,76,27.6
requests,2022-03-26,3,2,2,21,22.63191763191763,61.39506903791051,12.1,10,4,3,27,22.778778778778783,60.327496451524944,22.7,35,11,9,50,22.461081081081083,62.10678769140836,60.0,1,2,5.2,3,44,19.4,4,57,25.7
requests,2022-04-02,2,1,1,21,22.63191763191763,63.497617524224474,7.1,11,5,3,29,23.495806150978563,60.031210802854396,27.9,22,9,6,41,24.509558338826633,59.473334228053396,49.1,0,40,4.0,2,47,14.7,4,63,26.3
requests,2022-04-09,2,1,1,21,22.63191763191763,63.497617524224474,7.1,8,5,2,25,23.132972972972976,61.48710162582984,27.5,15,6,5,33,23.77067977067977,58.92826320969118,33.3,0,40,4.0,3,53,20.3,4,63,26.3
requests,2022-04-16,2,1,1,21,22.63191763191763,63.497617524224474,7.1,8,5,2,25,23.132972972972976,61.48710162582983,27.5,12,6,4,30,23.324324324324323,60.293810138726265,33.0,2,42,14.2,3,55,20.5,4,63,26.3
requests,2022-04-23,2,1,1,21,22.63191763191763,63.497617524224474,7.1,4,3,2,23,23.548766157461813,60.92865908207498,17.3,11,5,3,29,23.495806150978563,60.0312108028544,27.9,2,42,14.2,3,55,20.5,4,64,26.4
requests,2022-04-30,2,0,1,40,18.18716216216216,65.85849114792532,4.0,4,1,1,61,19.717323881258306,65.0457313758316,11.100000000000001,13,5,3,69,20.418331374853114,63.40934433622885,31.9,2,4,10.4,4,23,22.3,4,25,22.5
requests,2022-05-07,2,0,1,40,18.18716216216216,65.85849114792532,4.0,4,1,1,61,19.717323881258306,65.0457313758316,11.100000000000001,10,5,2,65,20.08939708939709,64.1771874855809,31.5,2,7,10.7,4,23,22.3,4,25,22.5
requests,2022-05-14,4,2,3,42,18.9009009009009,64.33925801895295,14.2,6,3,3,63,20.14457314457314,64.05871118737679,21.3,12,7,4,67,20.480032271077047,63.27502055883238,41.7,1,13,6.3,2,21,12.1,2,23,12.3
requests,2022-05-21,4,2,3,42,18.9009009009009,64.33925801895295,14.2,6,3,3,63,20.144573144573144,64.05871118737679,21.3,8,5,4,65,20.545530145530144,63.1324307028269,31.5,1,13,6.3,2,22,12.2,2,23,12.3
requests,2022-05-28,5,2,3,44,18.875921375921376,64.50152769441011,14.4,5,2,3,44,18.875921375921376,64.50152769441011,14.4,7,3,3,65,20.08939708939709,64.1771874855809,21.5,1,11,6.1,2,21,12.1,2,21,12.1
requests,2022-06-04,5,2,3,7,33.10810810810811,51.13651938176556,10.7,7,2,3,47,20.40943070730305,63.66585705509302,14.7,9,3,3,68,21.095786963434023,63.613900729383616,21.8,2,16,11.6,2,18,11.8,2,18,11.8
requests,2022-06-11,9,2,3,14,25.133204633204635,58.41115748273942,11.4,12,3,4,55,20.497297297297294,62.765379103188444,20.5,14,4,4,76,21.087126600284495,62.96770814057999,27.6,1,8,5.8,1,10,6.0,3,11,16.1
requests,2022-06-18,8,1,2,13,25.654885654885657,57.680539529180095,6.3,12,3,4,55,20.497297297297294,62.765379103188444,20.5,14,4,4,76,21.087126600284495,62.96770814057999,27.6,1,8,5.8,1,10,6.0,3,11,16.1
requests,2022-06-25,8,1,2,13,25.654885654885657,57.680539529180095,6.3,12,3,4,55,20.497297297297294,62.765379103188444,20.5,13,4,4,57,20.942152678994788,62.52909753977138,25.7,1,9,5.9,1,10,6.0,3,11,16.1
requests,2022-07-02,10,2,6,16,17.513513513513512,66.69141733771934,11.6,15,4,8,23,22.259694477085784,61.95731795982036,22.3,17,4,8,63,19.673959673959672,64.43425331734733,26.3,0,2,0.2,0,2,0.2,2,3,10.3
requests,2022-07-09,6,1,5,10,14.881081081081081,74.30804900755376,6.0,15,4,8,23,22.259694477085784,61.95731795982036,22.3,17,4,8,63,19.673959673959676,64.43425331734733,26.3,0,2,0.2,1,3,5.3,2,3,10.3
requests,2022-07-16,5,1,5,8,14.013513513513514,75.90776353968957,5.8,13,2,6,21,21.220077220077222,64.62424391413609,12.1,17,4,8,63,19.673959673959676,64.43425331734733,26.3,0,2,0.2,2,3,10.3,2,3,10.3
requests,2022-07-23,6,1,6,9,14.495495495495495,75.01903324405856,5.9,14,2,7,22,21.08968058968059,64.77355968526673,12.2,18,4,9,64,19.65329391891892,64.48854921674831,26.4,0,1,0.1,2,2,10.2,2,6,10.6
requests,2022-07-30,2,0,2,2,18.35135135135135,67.90919087901057,0.2,14,2,8,21,21.220077220077222,64.62424391413609,12.1,17,4,10,25,21.94702702702703,62.433467793355575,22.5,0,0,0.0,2,1,10.1,2,6,10.6
requests,2022-08-06,2,0,2,2,18.35135135135135,67.90919087901057,0.2,12,2,8,18,17.606606606606604,66.82672550897392,11.8,17,4,10,25,21.947027027027026,62.433467793355575,22.5,0,0,0.0,2,1,10.1,2,6,10.6
requests,2022-08-13,2,0,2,2,18.35135135135135,67.90919087901057,0.2,7,1,7,10,14.881081081081081,74.30804900755376,6.0,15,2,8,23,20.970622796709755,64.90989147629908,12.3,2,1,10.1,2,1,10.1,2,6,10.6
requests,2022-08-20,1,0,1,1,18.35135135135135,67.90919087901057,0.1,7,1,7,10,14.881081081081081,74.30804900755376,6.0,15,2,8,23,20.970622796709755,64.90989147629908,12.3,2,1,10.1,2,1,10.1,2,6,10.6
requests,2022-08-27,0,0,0,0,19.824827451139296,65.8420132540996,0.0,7,1,7,10,14.881081081081081,74.30804900755376,6.0,14,2,8,21,21.220077220077222,64.62424391413609,12.1,2,1,10.1,2,6,10.6,2,7,10.7
requests,2022-09-03,0,0,0,0,19.824827451139296,65.8420132540996,0.0,2,0,2,2,18.35135135135135,67.90919087901057,0.2,12,2,8,18,17.606606606606604,66.82672550897392,11.8,2,1,10.1,2,6,10.6,2,7,10.7
requests,2022-09-10,2,2,2,1,18.35135135135135,67.90919087901057,10.1,4,2,4,3,18.35135135135135,67.90919087901057,10.3,9,3,9,11,15.196560196560197,73.72633463223166,16.1,0,0,0.0,0,5,0.5,0,7,0.7000000000000001
requests,2022-09-17,2,2,2,1,18.35135135135135,67.90919087901057,10.1,4,2,4,3,18.35135135135135,67.90919087901057,10.3,9,3,9,11,15.196560196560197,73.72633463223166,16.1,0,0,0.0,0,5,0.5,0,7,0.7000000000000001
requests,2022-09-24,2,2,2,1,18.35135135135135,67.90919087901057,10.1,3,2,3,2,18.35135135135135,67.90919087901057,10.2,9,3,9,11,15.196560196560197,73.72633463223166,16.1,0,5,0.5,0,6,0.6000000000000001,0,7,0.7000000000000001
requests,2022-10-01,2,2,2,1,18.35135135135135,67.90919087901057,10.1,2,2,2,1,18.35135135135135,67.90919087901057,10.1,4,2,4,3,18.35135135135135,67.90919087901057,10.3,0,5,0.5,0,6,0.6000000000000001,0,8,0.8
requests,2022-10-08,1,1,1,0,19.824827451139296,65.8420132540996,5.0,2,2,2,1,18.35135135135135,67.90919087901057,10.1,4,2,4,3,18.35135135135135,67.90919087901057,10.3,0,5,0.5,0,7,0.7000000000000001,0,10,1.0
requests,2022-10-15,0,0,0,0,19.824827451139296,65.8420132540996,0.0,2,2,2,1,18.35135135135135,67.90919087901057,10.1,4,2,4,3,18.35135135135135,67.90919087901057,10.3,0,5,0.5,0,7,0.7000000000000001,0,15,1.5
requests,2022-10-22,3,0,3,4,14.013513513513512,75.90776353968957,0.4,5,2,4,5,14.881081081081081,74.30804900755376,10.5,6,2,5,6,15.45945945945946,73.24157265279656,10.6,0,2,0.2,0,3,0.30000000000000004,1,12,6.2
requests,2022-10-29,4,0,4,5,14.881081081081081,74.30804900755376,0.5,6,2,5,6,15.459459459459458,73.24157265279656,10.6,6,2,5,6,15.459459459459458,73.24157265279656,10.6,0,1,0.1,0,3,0.30000000000000004,1,13,6.3
requests,2022-11-05,4,0,4,5,14.881081081081081,74.30804900755376,0.5,6,2,5,6,15.45945945945946,73.24157265279656,10.6,6,2,5,6,15.459459459459458,73.24157265279656,10.6,0,1,0.1,0,3,0.30000000000000004,1,13,6.3
requests,2022-11-12,4,0,4,5,14.881081081081081,74.30804900755376,0.5,4,0,4,5,14.881081081081081,74.30804900755376,0.5,6,2,5,6,15.459459459459458,73.24157265279656,10.6,0,2,0.2,0,8,0.8,1,13,6.3
requests,2022-11-19,4,0,4,5,14.881081081081081,74.30804900755376,0.5,4,0,4,5,14.881081081081081,74.30804900755376,0.5,6,2,5,6,15.45945945945946,73.24157265279656,10.6,0,2,0.2,0,10,1.0,1,16,6.6
requests,2022-11-26,2,0,2,1,18.35135135135135,67.90919087901057,0.1,6,0,5,6,15.459459459459458,73.24157265279656,0.6000000000000001,8,2,6,7,15.87258687258687,72.47980382797,10.7,0,2,0.2,1,12,6.2,1,15,6.5
requests,2022-12-03,2,0,2,1,18.35135135135135,67.90919087901057,0.1,6,0,5,6,15.45945945945946,73.24157265279656,0.6000000000000001,8,2,6,7,15.87258687258687,72.47980382797,10.7,0,2,0.2,1,12,6.2,1,19,6.9
requests,2022-12-10,2,0,2,2,110.67567567567568,45.23946180512003,0.2,6,0,5,7,42.25096525096525,66.00273837828699,0.7000000000000001,6,0,5,7,42.25096525096525,66.00273837828699,0.7000000000000001,0,3,0.30000000000000004,1,11,6.1,1,18,6.8
requests,2022-12-17,2,0,2,2,110.67567567567568,45.23946180512003,0.2,6,0,5,7,42.25096525096525,66.00273837828699,0.7000000000000001,6,0,5,7,42.25096525096525,66.00273837828699,0.7000000000000001,0,8,0.8,1,11,6.1,1,18,6.8
requests,2022-12-24,0,0,0,1,203.0,22.5697327312295,0.1,2,0,2,2,110.67567567567568,45.23946180512003,0.2,6,0,5,7,42.25096525096525,66.00273837828699,0.7000000000000001,1,11,6.1,1,14,6.4,1,18,6.8
requests,2022-12-31,1,0,1,2,110.67567567567568,45.23946180512003,0.2,3,0,3,3,79.90090090090091,52.796038163083544,0.30000000000000004,7,0,6,8,39.263513513513516,66.24104494087743,0.8,1,10,6.0,1,14,6.4,1,17,6.7
requests,2023-01-07,2,0,2,3,18.35135135135135,67.90919087901057,0.30000000000000004,4,0,4,5,55.28108108108108,58.841299249454345,0.5,8,0,7,10,35.08108108108108,66.57467412850406,1.0,1,8,5.8,1,15,6.5,1,15,6.5
requests,2023-01-14,4,0,4,8,18.35135135135135,67.90919087901057,0.8,6,0,6,10,36.81621621621622,63.37524506423246,1.0,10,0,9,15,29.504504504504506,67.01951304533956,1.5,1,3,5.3,1,10,6.0,1,10,6.0
requests,2023-01-21,6,1,6,11,17.89189189189189,67.56154623216464,6.1,6,1,6,12,33.31756756756757,63.81222844042005,6.2,9,1,9,14,31.17953667953668,64.39750878879012,6.4,0,3,0.30000000000000004,0,7,0.7000000000000001,0,7,0.7000000000000001
requests,2023-01-28,5,1,5,10,17.84594594594595,67.52678176748006,6.0,6,1,6,12,33.31756756756757,63.81222844042005,6.2,8,1,8,13,32.16632016632017,64.1273793972347,6.3,0,4,0.4,0,7,0.7000000000000001,1,14,6.4
requests,2023-02-04,5,1,5,10,17.845945945945946,67.52678176748006,6.0,6,1,6,12,33.31756756756757,63.81222844042005,6.2,8,1,8,13,32.16632016632017,64.1273793972347,6.3,0,7,0.7000000000000001,0,7,0.7000000000000001,1,18,6.8
requests,2023-02-11,3,1,3,5,17.34054054054054,67.14437265594954,5.5,6,1,6,11,17.891891891891895,67.56154623216464,6.1,8,1,8,13,32.16632016632017,64.1273793972347,6.3,0,7,0.7000000000000001,0,7,0.7000000000000001,2,19,11.9
requests,2023-02-18,2,1,2,6,22.45045045045045,55.95364387995795,5.6,6,1,6,14,20.10810810810811,62.78538502227373,6.4,8,1,8,16,31.429054054054056,60.59214462012952,6.6,0,4,0.4,0,4,0.4,2,20,12.0
requests,2023-02-25,0,0,0,3,28.234234234234236,45.27279391934038,0.30000000000000004,5,1,5,13,20.243243243243246,62.391246110217054,6.3,6,1,6,15,32.300900900900906,60.10434153620411,6.5,0,4,0.4,1,10,6.0,3,26,17.6
requests,2023-03-04,4,0,4,7,22.58687258687259,58.20787789629477,0.7000000000000001,9,1,8,17,19.798092209856918,63.68958605581552,6.7,10,1,9,19,29.364153627311524,61.74746771363705,6.9,0,0,0.0,1,11,6.1,3,22,17.2
requests,2023-03-11,4,0,4,7,22.58687258687259,58.20787789629477,0.7000000000000001,8,1,7,15,19.990990990990994,63.12697207938952,6.5,10,1,9,18,19.71771771771772,63.92400854599302,6.8,0,0,0.0,2,12,11.2,3,22,17.2
requests,2023-03-18,4,0,4,7,22.58687258687259,58.20787789629477,0.7000000000000001,6,1,6,10,20.810810810810814,60.735862679579,6.0,10,1,9,18,19.71771771771772,63.92400854599302,6.8,0,0,0.0,2,16,11.6,3,22,17.2
requests,2023-03-25,4,0,4,4,18.35135135135135,67.90919087901057,0.4,4,0,4,7,22.58687258687259,58.20787789629477,0.7000000000000001,10,1,9,18,19.71771771771772,63.92400854599302,6.8,1,4,5.4,3,22,17.2,3,22,17.2
requests,2023-04-01,3,0,3,3,18.35135135135135,67.90919087901057,0.30000000000000004,4,0,4,7,22.58687258687259,58.20787789629477,0.7000000000000001,9,1,8,17,19.798092209856915,63.68958605581552,6.7,1,7,5.7,3,22,17.2,4,23,22.3
requests,2023-04-08,0,0,0,0,19.824827451139296,65.8420132540996,0.0,4,0,4,7,22.58687258687259,58.20787789629477,0.7000000000000001,8,1,7,15,19.990990990990994,63.12697207938952,6.5,1,11,6.1,3,22,17.2,4,24,22.4
requests,2023-04-15,0,0,0,0,19.824827451139296,65.8420132540996,0.0,4,0,4,7,22.58687258687259,58.20787789629477,0.7000000000000001,6,1,6,10,20.810810810810814,60.735862679579,6.0,2,16,11.6,3,22,17.2,4,24,22.4
requests,2023-04-22,3,1,2,3,18.35135135135135,67.90919087901057,5.3,7,1,6,7,18.35135135135135,67.90919087901057,5.7,7,1,6,10,21.31621621621622,61.11827179110951,6.0,2,19,11.9,2,19,11.9,3,21,17.1
requests,2023-04-29,6,1,4,7,18.35135135135135,67.90919087901057,5.7,9,1,6,10,18.35135135135135,67.90919087901057,6.0,10,1,7,14,20.46911196911197,63.05853438765267,6.4,2,15,11.5,3,16,16.6,3,17,16.7
requests,2023-05-06,7,1,4,11,16.773955773955773,70.81776275562112,6.1,7,1,4,11,16.773955773955773,70.81776275562112,6.1,11,1,7,18,19.034534534534536,65.91391864366086,6.8,2,11,11.1,3,13,16.3,4,17,21.7
requests,2023-05-13,9,2,5,15,16.037837837837838,72.17509629803936,11.5,9,2,5,15,16.037837837837838,72.17509629803936,11.5,13,2,8,22,18.12162162162162,67.73098135202972,12.2,1,7,5.7,2,9,10.9,3,13,16.3
requests,2023-05-20,10,2,5,16,16.18243243243243,71.90847720935007,11.6,10,2,5,16,16.182432432432428,71.90847720935007,11.6,14,2,8,20,16.616216216216213,71.10861994328216,12.0,1,6,5.6,2,8,10.8,5,62,31.2
requests,2023-05-27,8,2,4,16,19.888513513513516,63.41982834947375,11.6,13,3,5,22,19.469287469287472,64.64419994843833,17.2,17,3,8,26,19.2972972972973,65.14650624544944,17.6,1,1,5.1,1,2,5.2,4,56,25.6
requests,2023-06-03,6,2,3,11,22.164619164619168,58.47063714125556,11.1,13,3,5,22,19.469287469287472,64.64419994843833,17.2,13,3,5,22,19.46928746928747,64.64419994843833,17.2,1,2,5.2,2,6,10.6,4,60,26.0
requests,2023-06-10,5,1,2,10,22.54594594594595,57.52678176748005,6.0,13,3,5,22,19.469287469287472,64.64419994843833,17.2,13,3,5,22,19.469287469287472,64.64419994843833,17.2,1,2,5.2,2,6,10.6,4,63,26.3
requests,2023-06-17,3,1,1,6,28.234234234234236,45.27279391934038,5.6,13,3,5,22,19.46928746928747,64.64419994843833,17.2,13,3,5,22,19.469287469287472,64.64419994843833,17.2,1,2,5.2,3,55,20.5,5,67,31.7
requests,2023-06-24,0,0,0,0,19.824827451139296,65.8420132540996,0.0,9,2,4,18,19.71771771771772,63.91864640831117,11.8,13,3,5,22,19.469287469287472,64.64419994843833,17.2,1,2,5.2,4,56,25.6,5,67,31.7
requests,2023-07-01,1,1,1,1,18.35135135135135,67.90919087901057,5.1,8,3,4,16,19.888513513513516,63.41982834947375,16.6,14,4,6,23,19.420681551116335,64.78615607585452,22.3,1,5,5.5,3,59,20.9,4,69,26.9
requests,2023-07-08,2,1,2,2,18.35135135135135,67.90919087901057,5.2,8,3,5,13,21.57796257796258,59.9227223316794,16.3,15,4,7,24,19.376126126126128,64.91628252598602,22.4,1,4,5.4,3,61,21.1,5,69,31.9
requests,2023-07-15,2,1,2,2,18.35135135135135,67.90919087901057,5.2,5,2,3,8,25.763513513513516,50.931893159257925,10.8,15,4,7,24,19.376126126126128,64.91628252598602,22.4,1,52,10.2,4,64,26.4,7,72,42.2
requests,2023-07-22,2,1,2,2,18.35135135135135,67.90919087901057,5.2,2,1,2,2,18.35135135135135,67.90919087901057,5.2,12,3,6,21,19.52252252252252,64.48872418983966,17.1,3,54,20.4,4,65,26.5,9,74,52.4
requests,2023-07-29,1,0,1,1,18.35135135135135,67.90919087901057,0.1,2,1,2,2,18.35135135135135,67.90919087901057,5.2,9,3,5,17,19.798092209856918,63.68390849827003,16.7,3,57,20.7,4,68,26.8,9,74,52.4
requests,2023-08-05,4,1,4,4,18.35135135135135,67.90919087901057,5.4,6,2,6,6,18.35135135135135,67.90919087901057,10.6,12,4,9,17,20.818759936406998,61.80189140163967,21.7,2,57,15.7,3,64,21.4,8,73,47.3
requests,2023-08-12,17,1,8,22,19.6990171990172,64.82240947541918,7.2,19,2,10,24,19.58671171171171,65.0796412590518,12.4,23,3,11,31,21.220575414123804,61.337333697170834,18.1,2,39,13.9,6,50,35.0,8,56,45.6
requests,2023-08-19,23,3,10,54,21.713713713713712,65.24884029010956,20.4,25,4,12,56,21.593629343629342,65.34385281114173,25.6,28,5,12,62,22.236268526591108,63.40149227322548,31.2,1,11,6.1,6,20,32.0,8,25,42.5
requests,2023-08-26,23,3,10,54,21.713713713713716,65.24884029010956,20.4,24,3,11,55,21.652579852579848,65.29721030081684,20.5,25,4,12,56,21.593629343629345,65.34385281114173,25.6,1,14,6.4,6,20,32.0,10,33,53.3
requests,2023-09-02,23,2,7,54,21.713713713713712,65.24884029010956,15.4,27,3,11,58,21.481826654240447,65.43231274451652,20.8,29,4,13,60,21.37747747747748,65.51487534899965,26.0,1,10,6.0,6,19,31.9,14,35,73.5
requests,2023-09-09,25,2,7,57,21.536747273589373,65.38885874215698,15.7,29,3,11,61,21.327868852459016,65.55412642326213,21.1,31,4,13,63,21.233376233376234,65.62889037423827,26.3,2,9,10.9,6,17,31.7,14,32,73.2
requests,2023-09-16,9,2,5,12,18.82207207207207,63.61882549033934,11.2,31,4,12,65,21.23160083160083,64.90698601032274,26.5,33,5,14,67,21.145623235175474,64.99660406610447,31.7,3,7,15.7,5,13,26.3,14,32,73.2
requests,2023-09-23,8,1,4,11,18.864864864864863,63.228792273187416,6.1,31,4,12,65,21.23160083160083,64.90698601032273,26.5,33,5,14,67,21.145623235175474,64.99660406610445,31.7,5,9,25.9,9,16,46.6,19,37,98.7
requests,2023-09-30,6,1,4,10,18.916216216216213,62.7607524126051,6.0,29,3,8,64,21.27660472972973,64.86007655924948,21.4,34,4,13,69,21.064629847238542,65.08102687227564,26.9,5,7,25.7,11,24,57.4,21,43,109.3
requests,2023-10-07,5,2,4,8,19.05743243243243,61.47364279600373,10.8,30,4,8,65,21.23160083160083,64.90698601032273,26.5,34,5,12,69,21.064629847238542,65.08102687227564,31.9,4,9,20.9,12,24,62.4,20,42,104.2
requests,2023-10-14,9,3,4,8,19.05743243243243,61.47364279600373,15.8,18,6,7,20,18.633783783783784,65.33497164580783,32.0,39,7,12,72,20.951576576576574,65.19886703922293,42.2,2,6,10.6,11,24,57.4,18,40,94.0
requests,2023-10-21,10,5,4,9,21.645645645645644,60.36372522578717,25.9,18,6,6,20,20.116216216216213,61.939512101857304,32.0,41,9,13,74,21.281957633308984,64.35442726625759,52.4,2,6,10.6,14,28,72.8,16,38,83.8
requests,2023-10-28,8,5,4,6,23.292792792792795,56.59099239917547,25.6,16,6,6,17,20.42766295707472,60.886039376477314,31.7,41,9,13,74,21.281957633308988,64.35442726625759,52.4,4,14,21.4,16,37,83.7,16,38,83.8
requests,2023-11-04,12,5,6,10,14.375675675675677,68.62104338128746,26.0,17,6,7,17,16.344992050874406,65.29943442952316,31.7,41,8,11,74,20.344046749452154,65.36831531898434,47.4,8,15,41.5,16,33,83.3,17,36,88.6
requests,2023-11-11,6,2,4,6,11.725225225225225,69.09561171613872,10.6,16,6,7,17,16.344992050874403,65.29943442952316,31.7,28,8,10,56,20.45511583011583,65.76426944038683,45.6,8,17,41.7,16,34,83.4,17,37,88.7
requests,2023-11-18,6,2,4,5,41.4,73.84684242981025,10.5,16,7,7,14,28.700772200772203,65.17912422722398,36.4,24,8,9,25,24.37297297297297,64.32097816744789,42.5,11,23,57.3,14,33,73.3,15,36,78.6
requests,2023-11-25,10,4,7,13,41.41995841995842,66.70525238718113,21.3,18,9,8,19,35.69559032716928,63.511275548863544,46.9,28,10,10,33,28.50859950859951,63.816924941530324,53.3,12,24,62.4,12,25,62.5,19,41,99.1
requests,2023-12-02,14,8,8,16,56.67567567567568,48.832999772664174,41.6,25,13,10,25,41.9827027027027,55.23489241284183,67.5,31,14,11,35,35.39227799227799,57.38513812705991,73.5,8,18,41.8,9,21,47.1,15,35,78.5
requests,2023-12-09,13,8,7,15,60.38738738738739,46.31079176721143,41.5,22,12,10,23,44.03760282021152,54.132779502740206,62.3,29,14,11,32,36.98986486486487,56.39850818156454,73.2,8,19,41.9,9,22,47.2,16,38,83.8
requests,2023-12-16,22,12,9,21,48.37709137709138,52.48176294201118,62.1,28,14,12,27,40.23223223223223,56.173729336261744,72.7,36,17,12,34,35.727344992050874,58.58985377153356,88.4,4,13,21.3,5,16,26.6,14,62,76.2
requests,2023-12-23,27,12,9,30,27.05945945945946,60.1326218662964,63.0,37,16,13,37,33.517165814463105,61.180859236437385,83.7,47,21,14,46,31.194477085781433,61.020985190875386,109.6,0,1,0.1,3,15,16.5,12,52,65.2
requests,2023-12-30,22,10,7,19,18.351351351351347,67.90919087901057,51.9,36,16,13,36,34.42042042042042,60.47293533038133,83.6,45,21,14,43,32.09050911376493,60.54041270100549,109.3,0,1,0.1,7,17,36.7,12,52,65.2
requests,2024-01-06,20,8,7,18,18.35135135135135,67.90919087901057,41.8,33,16,11,33,37.45864045864046,58.09173673728368,83.3,44,20,14,42,32.41763191763192,60.36496560152918,104.2,1,4,5.4,8,20,42.0,12,54,65.4
requests,2024-01-13,19,7,6,16,18.35135135135135,67.90919087901057,36.6,35,16,11,34,36.89666136724961,58.38048538851094,83.4,41,18,14,40,33.12094594594595,59.98775433765511,94.0,1,3,5.3,9,49,49.9,14,56,75.6
requests,2024-01-20,9,2,3,10,18.35135135135135,67.90919087901057,11.0,31,14,10,32,32.28547297297297,59.201799362472876,73.2,39,16,13,38,33.118065433854916,61.35792059545247,83.8,1,3,5.3,12,51,65.1,14,57,75.7
requests,2024-01-27,2,0,2,1,18.35135135135135,67.90919087901057,0.1,28,12,9,24,28.001126126126128,61.01802923307664,62.4,39,16,13,38,33.118065433854916,61.35792059545247,83.8,7,16,36.6,12,51,65.1,14,58,75.8
requests,2024-02-03,3,1,3,3,32.11711711711712,47.07776762714667,5.3,23,9,8,21,20.317889317889314,64.93327327160144,47.1,36,17,12,36,37.013513513513516,57.173905978105594,88.6,6,17,31.7,11,51,60.1,13,56,70.6
requests,2024-02-10,3,1,3,3,32.11711711711712,47.07776762714667,5.3,23,9,8,20,20.41621621621622,64.78447739123098,47.0,38,17,12,37,36.509130752374,57.46404881326519,88.7,8,16,41.6,11,51,60.1,13,55,70.5
requests,2024-02-17,3,1,3,3,32.11711711711712,47.07776762714667,5.3,13,4,5,13,21.52806652806653,63.10193935934967,21.3,36,15,11,36,31.884384384384386,58.43333537109951,78.6,11,48,59.8,13,54,70.4,13,62,71.2
requests,2024-02-24,23,7,5,16,18.616554054054056,65.27151092114012,36.6,25,7,5,17,18.600953895071545,65.42666856572073,36.7,52,19,11,41,24.82663150955834,61.18967991053856,99.1,5,35,28.5,7,42,39.2,8,63,46.3
requests,2024-03-02,22,6,4,14,15.704633204633206,69.35857590970089,31.4,25,7,5,17,18.600953895071545,65.42666856572073,36.7,45,15,9,35,18.472586872586874,66.7033943268412,78.5,5,37,28.7,7,42,39.2,8,66,46.6
requests,2024-03-09,21,7,3,16,17.679054054054056,63.570028651803284,36.6,24,8,5,19,19.95874822190612,60.96598743738382,41.9,46,16,9,38,19.155049786628734,64.4375891581972,83.8,4,35,23.5,6,39,33.9,7,63,41.3
requests,2024-03-16,24,9,3,46,18.507638072855464,64.11118329711103,49.6,27,10,5,49,19.340871483728627,63.068321113235655,54.9,40,14,7,62,19.133391455972102,64.0833421931562,76.2,4,8,20.8,4,16,21.6,5,33,28.3
requests,2024-03-23,19,9,4,37,25.995617238860483,59.75941771253542,48.7,30,12,6,51,24.36671966083731,61.39857154033496,65.1,32,12,6,52,24.251039501039504,61.523775758386414,65.2,2,6,10.6,2,26,12.6,3,31,18.1
requests,2024-03-30,7,5,2,35,26.995366795366795,59.6280849662526,28.5,30,12,6,51,24.36671966083731,61.39857154033496,65.1,32,12,6,52,24.251039501039504,61.523775758386414,65.2,2,7,10.7,3,31,18.1,3,31,18.1
requests,2024-04-06,8,4,4,34,26.476152623211448,62.02328732367093,23.4,30,11,5,50,23.661081081081083,62.51824454867328,60.0,34,12,6,54,24.03253253253253,61.760272614705826,65.4,2,5,10.5,3,29,17.9,4,30,23.0
requests,2024-04-13,11,5,6,7,57.722007722007724,46.9123054182808,25.7,33,13,7,53,23.68689444161142,61.83963338858628,70.3,36,14,8,56,24.138513513513512,61.04881915136631,75.6,0,3,0.30000000000000004,1,26,7.6,2,27,12.7
requests,2024-04-20,8,2,5,6,21.234234234234236,59.21931913307342,10.6,35,13,7,54,23.588088088088085,61.95203260137192,70.4,38,14,8,57,24.03698435277383,61.1691765500969,75.7,0,13,1.3,1,25,7.5,2,29,12.9
requests,2024-04-27,9,2,5,7,20.822393822393824,60.460729382493014,10.7,16,7,6,42,25.96653796653796,59.766859035626005,39.2,39,14,8,58,23.93895619757689,61.28538369369886,75.8,1,21,7.1,1,24,7.4,2,31,13.1
requests,2024-05-04,7,2,5,5,21.810810810810814,57.481344783885994,10.5,16,7,6,39,25.878031878031877,61.44098699805747,38.9,38,13,7,56,23.401061776061777,62.16478825414472,70.6,1,24,7.4,2,25,12.5,2,33,13.3
requests,2024-05-11,6,2,4,4,25.763513513513516,50.931893159257925,10.4,14,5,6,39,25.878031878031877,61.44098699805747,28.9,36,13,7,55,23.492874692874693,62.06034457005626,70.5,1,24,7.4,2,25,12.5,2,33,13.3
requests,2024-05-18,6,0,4,8,17.71283783783784,54.224361755837435,0.8,14,2,7,14,19.222007722007724,56.36505777465286,11.4,41,13,9,62,22.829991281604187,60.954913782593266,71.2,1,17,6.7,2,18,11.8,2,27,12.7
requests,2024-05-25,16,1,4,21,14.990990990990992,63.126267718710615,7.1,25,3,7,28,16.4488416988417,62.459883134656216,17.8,32,8,8,63,22.30802230802231,60.88666192998754,46.3,0,3,0.30000000000000004,1,10,6.0,1,13,6.3
requests,2024-06-01,18,1,4,24,14.548423423423424,64.15255036104055,7.4,25,3,7,29,15.800559179869525,63.002342502910466,17.9,34,8,8,66,21.814496314496314,61.3616558812313,46.6,1,0,5.0,1,9,5.9,1,10,6.0
requests,2024-06-08,18,1,4,24,14.548423423423424,64.15255036104055,7.4,24,3,6,28,16.15057915057915,62.26388504650019,17.8,33,7,8,63,21.56199056199056,62.47396351728913,41.3,1,1,5.1,1,9,5.9,1,12,6.2
requests,2024-06-15,13,1,2,17,13.282988871224166,69.0456179704285,6.7,19,1,4,25,14.700540540540542,64.30281598175935,7.5,30,5,8,33,23.936936936936938,60.72320388942303,28.3,1,1,5.1,1,10,6.0,1,12,6.2
requests,2024-06-22,6,1,1,5,13.540540540540542,65.60383462882024,5.5,19,1,4,25,14.700540540540542,64.30281598175935,7.5,27,3,7,31,15.965126416739322,63.31891336588466,18.1,1,4,5.4,1,10,6.0,1,19,6.9
requests,2024-06-29,0,0,0,0,19.824827451139296,65.8420132540996,0.0,18,1,4,24,14.548423423423424,64.15255036104055,7.4,27,3,7,31,15.965126416739322,63.31891336588466,18.1,1,9,5.9,1,10,6.0,1,20,7.0
requests,2024-07-06,2,1,2,1,18.35135135135135,67.90919087901057,5.1,20,2,5,25,14.700540540540542,64.30281598175937,12.5,27,4,8,30,15.885585585585586,63.165904115447134,23.0,0,8,0.8,0,11,1.1,0,23,2.3000000000000003
requests,2024-07-13,2,1,2,1,18.35135135135135,67.90919087901057,5.1,18,2,4,24,13.313063063063064,66.98209998099934,12.4,23,2,6,27,14.970970970970972,64.56995486303722,12.7,0,9,0.9,0,11,1.1,0,23,2.3000000000000003
requests,2024-07-20,3,1,2,4,68.33783783783784,42.43651482579146,5.4,14,2,3,16,27.631756756756758,58.737124510213675,11.6,22,2,5,29,22.09878844361603,61.28677444300517,12.9,0,6,0.6000000000000001,0,15,1.5,0,20,2.0
requests,2024-07-27,4,1,2,7,75.47876447876448,38.79756110390302,5.7,6,1,2,10,56.270270270270274,48.55925142993716,6.0,22,2,5,31,28.306887532693985,58.42723020620306,13.1,0,3,0.30000000000000004,0,13,1.3,0,17,1.7000000000000002
requests,2024-08-03,4,0,2,8,66.16891891891892,46.435801156130964,0.8,6,1,3,9,60.85585585585586,48.82173334756203,5.9,24,2,6,33,27.17772317772318,59.971418448273695,13.3,0,3,0.30000000000000004,0,14,1.4000000000000001,0,18,1.8
requests,2024-08-10,4,0,2,8,66.16891891891892,46.435801156130964,0.8,6,1,3,9,60.85585585585586,48.82173334756203,5.9,24,2,6,33,27.17772317772318,59.971418448273695,13.3,0,3,0.30000000000000004,0,15,1.5,1,20,7.0
requests,2024-08-17,6,0,3,9,60.85585585585586,48.82173334756203,0.9,8,1,4,10,56.605405405405406,50.73047910070689,6.0,21,2,5,27,29.32832832832833,62.26223320386494,12.7,0,2,0.2,0,14,1.4000000000000001,2,20,12.0
requests,2024-08-24,4,0,3,3,12.567567567567567,78.57395442658257,0.30000000000000004,8,1,4,10,56.605405405405406,50.73047910070689,6.0,10,1,4,13,46.185031185031185,55.48572135223995,6.3,0,9,0.9,0,14,1.4000000000000001,2,20,12.0
requests,2024-08-31,2,0,2,1,18.35135135135135,67.90919087901057,0.1,7,0,3,10,56.605405405405406,50.73047910070689,1.0,8,1,4,10,56.605405405405406,50.73047910070689,6.0,0,13,1.3,0,17,1.7000000000000002,2,20,12.0
requests,2024-09-07,4,0,2,3,18.35135135135135,67.90919087901057,0.30000000000000004,8,0,3,11,53.12776412776413,52.292180171461766,1.1,10,1,4,12,50.22972972972973,53.593597730424165,6.2,0,12,1.2000000000000002,1,17,6.7,2,18,11.8
requests,2024-09-14,2,0,2,2,18.35135135135135,67.90919087901057,0.2,8,0,3,11,53.12776412776413,52.292180171461766,1.1,10,1,4,12,50.22972972972973,53.593597730424165,6.2,0,12,1.2000000000000002,2,18,11.8,3,18,16.8
requests,2024-09-21,9,0,4,9,12.567567567567567,78.57395442658257,0.9,14,0,5,15,27.054054054054056,69.6482881028764,1.5,17,1,6,19,35.745376955903275,63.91949372875327,6.9,0,5,0.5,2,11,11.1,3,11,16.1
requests,2024-09-28,9,0,4,10,31.61081081081081,72.97353225704725,1.0,12,0,4,11,30.405405405405407,72.51313758631665,1.1,17,1,6,20,44.10810810810811,61.85200567887707,7.0,0,7,0.7000000000000001,2,10,11.0,3,10,16.0
requests,2024-10-05,9,0,4,12,29.121621621621625,70.31207576187693,1.2000000000000002,13,0,4,15,26.96756756756757,69.83149878530367,1.5,17,0,5,23,40.60282021151586,61.69386482733054,2.3000000000000003,1,5,5.5,2,6,10.6,3,6,15.6
requests,2024-10-12,9,0,4,12,29.121621621621625,70.31207576187693,1.2000000000000002,11,0,4,14,27.583011583011587,69.96880649289602,1.4000000000000001,17,0,5,23,40.60282021151586,61.69386482733055,2.3000000000000003,2,6,10.6,2,6,10.6,3,6,15.6
requests,2024-10-19,3,0,3,5,54.61081081081081,54.47954021226023,0.5,11,0,4,14,27.583011583011587,69.96880649289602,1.4000000000000001,16,0,5,20,33.943243243243245,65.85610113022237,2.0,2,6,10.6,3,6,15.6,3,6,15.6
requests,2024-10-26,2,0,2,4,17.513513513513512,62.45699208251793,0.4,11,0,4,14,27.583011583011587,69.96880649289602,1.4000000000000001,15,0,5,17,24.93322734499205,71.48736201060541,1.7000000000000002,2,6,10.6,3,6,15.6,3,6,15.6
requests,2024-11-02,5,1,2,6,17.792792792792792,64.2743916813488,5.6,14,1,4,17,25.95389507154213,69.60534491397506,6.7,18,1,4,20,24.813513513513513,69.35092180873039,7.0,1,1,5.1,2,1,10.1,2,2,10.2
requests,2024-11-09,5,1,2,5,18.351351351351347,67.90919087901057,5.5,14,1,4,17,25.95389507154213,69.60534491397506,6.7,18,1,4,20,24.81351351351351,69.35092180873039,7.0,1,1,5.1,2,1,10.1,2,5,10.5
requests,2024-11-16,7,2,3,6,18.35135135135135,67.90919087901057,10.6,16,2,4,18,25.531531531531535,69.51111413425481,11.8,18,2,4,20,24.813513513513513,69.35092180873039,12.0,1,0,5.0,1,0,5.0,3,7,15.7
requests,2024-11-23,7,2,3,6,18.35135135135135,67.90919087901057,10.6,9,2,3,11,34.83292383292383,61.80480421230587,11.1,18,2,4,20,24.813513513513513,69.35092180873039,12.0,1,0,5.0,1,0,5.0,5,21,27.1
requests,2024-11-30,3,2,2,3,18.35135135135135,67.90919087901057,10.3,7,2,3,7,17.872586872586872,64.79364870958621,10.7,18,2,4,20,24.81351351351351,69.35092180873039,12.0,1,0,5.0,1,1,5.1,5,21,27.1
requests,2024-12-07,2,1,2,1,18.35135135135135,67.90919087901057,5.1,7,2,3,6,18.35135135135135,67.90919087901057,10.6,16,2,4,18,25.531531531531535,69.51111413425481,11.8,1,0,5.0,1,4,5.4,5,21,27.1
requests,2024-12-14,1,1,1,0,19.824827451139296,65.8420132540996,5.0,8,3,4,6,18.35135135135135,67.90919087901057,15.6,17,3,5,18,25.531531531531535,69.51111413425481,16.8,0,0,0.0,1,7,5.7,4,21,22.1
requests,2024-12-21,1,1,1,0,19.824827451139296,65.8420132540996,5.0,8,3,4,6,18.35135135135135,67.90919087901057,15.6,10,3,4,11,34.83292383292383,61.80480421230587,16.1,0,0,0.0,4,21,22.1,4,21,22.1
requests,2024-12-28,1,1,1,0,19.824827451139296,65.8420132540996,5.0,4,3,3,3,18.35135135135135,67.90919087901057,15.3,10,3,4,10,18.016216216216215,65.72831136041351,16.0,0,1,0.1,4,21,22.1,4,21,22.1
requests,2025-01-04,1,1,1,0,19.824827451139296,65.8420132540996,5.0,3,2,3,1,18.35135135135135,67.90919087901057,10.1,8,3,4,6,18.35135135135135,67.90919087901057,15.6,0,4,0.4,4,21,22.1,4,27,22.7
requests,2025-01-11,1,1,1,0,19.824827451139296,65.8420132540996,5.0,1,1,1,0,19.824827451139296,65.8420132540996,5.0,8,3,4,6,18.35135135135135,67.90919087901057,15.6,0,4,0.4,4,21,22.1,4,27,22.7
requests,2025-01-18,0,0,0,0,19.824827451139296,65.8420132540996,0.0,1,1,1,0,19.824827451139296,65.8420132540996,5.0,8,3,4,6,18.35135135135135,67.90919087901057,15.6,4,20,22.0,4,21,22.1,4,27,22.7
requests,2025-01-25,0,0,0,0,19.824827451139296,65.8420132540996,0.0,1,1,1,0,19.824827451139296,65.8420132540996,5.0,8,3,4,6,18.35135135135135,67.90919087901057,15.6,4,21,22.1,4,21,22.1,4,28,22.8
requests,2025-02-01,3,0,3,2,18.35135135135135,67.90919087901057,0.2,4,1,4,2,18.35135135135135,67.90919087901057,5.2,6,2,5,3,18.35135135135135,67.90919087901057,10.3,4,19,21.9,4,25,22.5,4,28,22.8
requests,2025-02-08,5,0,3,4,18.35135135135135,67.90919087901057,0.4,6,1,4,4,18.35135135135135,67.90919087901057,5.4,8,2,5,5,18.351351351351347,67.90919087901057,10.5,4,17,21.7,4,23,22.3,4,27,22.7
requests,2025-02-15,11,2,4,7,20.772200772200772,45.8444545944157,10.7,11,2,4,7,20.772200772200772,45.8444545944157,10.7,12,3,4,7,20.772200772200772,45.8444545944157,15.7,2,14,11.4,2,20,12.0,2,24,12.4
requests,2025-02-22,16,4,7,21,19.158301158301157,60.55427878414561,22.1,16,4,7,21,19.158301158301157,60.55427878414561,22.1,17,5,7,21,19.158301158301157,60.55427878414561,27.1,0,0,0.0,0,7,0.7000000000000001,1,13,6.3
requests,2025-03-01,14,4,7,20,19.19864864864865,60.18653317940236,22.0,16,4,7,21,19.158301158301157,60.55427878414561,22.1,17,5,7,21,19.158301158301157,60.55427878414561,27.1,0,6,0.6000000000000001,0,9,0.9,1,13,6.3
requests,2025-03-08,11,4,5,17,19.348171701112875,58.82371123241268,21.7,16,4,7,21,19.158301158301157,60.55427878414561,22.1,17,5,7,21,19.158301158301157,60.55427878414561,27.1,0,6,0.6000000000000001,0,10,1.0,4,19,21.9
requests,2025-03-15,6,3,4,14,18.35135135135135,67.90919087901057,16.4,16,4,7,21,19.158301158301157,60.55427878414561,22.1,16,4,7,21,19.158301158301157,60.55427878414561,22.1,0,6,0.6000000000000001,0,10,1.0,6,27,32.7
requests,2025-03-22,1,0,1,0,19.824827451139296,65.8420132540996,0.0,16,4,7,21,19.158301158301157,60.55427878414561,22.1,16,4,7,21,19.158301158301157,60.55427878414561,22.1,0,6,0.6000000000000001,1,13,6.3,6,28,32.8
requests,2025-03-29,1,0,1,2,18.35135135135135,67.90919087901057,0.2,15,4,8,22,19.12162162162162,60.88859297027584,22.2,17,4,8,23,19.08813160987074,61.19383635761213,22.3,0,7,0.7000000000000001,1,11,6.1,6,26,32.6
requests,2025-04-05,3,0,3,6,18.35135135135135,67.90919087901057,0.6000000000000001,14,4,7,23,19.08813160987074,61.19383635761213,22.3,19,4,8,27,18.978978978978983,62.1887036941156,22.7,0,4,0.4,2,10,11.0,6,22,32.2
requests,2025-04-12,3,0,3,6,18.35135135135135,67.90919087901057,0.6000000000000001,13,4,7,23,19.08813160987074,61.19383635761213,22.3,19,4,8,27,18.978978978978983,62.1887036941156,22.7,0,4,0.4,6,20,32.0,6,22,32.2
requests,2025-04-19,4,0,4,6,18.35135135135135,67.90919087901057,0.6000000000000001,6,0,5,7,18.35135135135135,67.90919087901057,0.7000000000000001,20,4,8,27,18.978978978978983,62.1887036941156,22.7,0,4,0.4,6,22,32.2,6,24,32.4
requests,2025-04-26,5,0,5,7,18.35135135135135,67.90919087901057,0.7000000000000001,5,0,5,7,18.35135135135135,67.90919087901057,0.7000000000000001,21,4,9,28,18.956563706563706,62.39300680786185,22.8,1,6,5.6,6,21,32.1,6,30,33.0
requests,2025-05-03,6,0,4,4,25.763513513513512,50.931893159257925,0.4,9,0,5,10,21.316216216216215,61.11827179110951,1.0,22,4,8,29,19.958061509785647,60.2415238144873,22.9,2,6,10.6,6,18,31.8,6,28,32.8
requests,2025-05-10,6,0,4,4,25.763513513513516,50.931893159257925,0.4,9,0,5,10,21.316216216216212,61.11827179110951,1.0,20,4,8,27,20.077077077077075,59.67354847637447,22.7,4,14,21.4,6,18,31.8,6,29,32.9
requests,2025-05-17,5,0,3,4,25.763513513513516,50.931893159257925,0.4,9,0,5,10,21.31621621621622,61.11827179110951,1.0,14,2,7,24,19.58671171171171,65.0796412590518,12.4,6,18,31.8,6,18,31.8,6,33,33.3
requests,2025-05-24,5,1,4,6,20.400900900900904,61.939460586007044,5.6,10,1,6,13,19.2972972972973,65.15393074377818,6.3,10,1,6,13,19.297297297297295,65.15393074377818,6.3,5,15,26.5,5,17,26.7,5,32,28.2
requests,2025-05-31,4,1,4,5,17.34054054054054,67.16367635160422,5.5,8,1,5,8,17.719594594594593,67.4432442993816,5.8,11,1,6,14,17.990347490347492,67.64293569065116,6.4,5,14,26.4,5,24,27.4,5,31,28.1
requests,2025-06-07,7,4,6,9,46.48948948948949,56.95735305828643,20.9,13,4,8,13,40.11226611226611,55.10336539704689,21.3,16,4,9,19,33.24039829302987,59.14731028608804,21.9,2,9,10.9,2,20,12.0,2,27,12.7
requests,2025-06-14,14,6,9,17,32.030206677265504,62.71598344068713,31.7,20,6,11,21,30.836550836550835,60.47139481565299,32.1,23,6,12,27,28.06206206206206,62.12423838528801,32.7,0,1,0.1,0,16,1.6,0,23,2.3000000000000003
requests,2025-06-21,14,5,9,15,35.01081081081081,59.88416850751138,26.5,20,6,11,22,30.26904176904177,60.809476454896526,32.2,24,6,12,28,27.715250965250963,62.330843831492395,32.8,0,2,0.2,0,17,1.7000000000000002,0,22,2.2
requests,2025-06-28,14,5,9,15,35.01081081081081,59.88416850751138,26.5,17,6,11,19,32.15078236130868,59.68846891424694,31.9,23,6,11,26,28.43555093555094,61.90174021245253,32.6,0,10,1.0,0,17,1.7000000000000002,0,22,2.2
requests,2025-07-05,10,4,8,12,40.62162162162162,55.2036788212208,21.2,15,6,10,18,31.270270270270267,63.00449496503844,31.8,21,6,11,22,30.26904176904177,60.809476454896526,32.2,0,10,1.0,0,18,1.8,0,22,2.2
requests,2025-07-12,2,0,2,2,16.675675675675677,57.00479328602529,0.2,15,6,10,18,31.270270270270274,63.00449496503844,31.8,21,6,11,22,30.26904176904177,60.809476454896526,32.2,0,15,1.5,0,22,2.2,0,22,2.2
requests,2025-07-19,2,0,2,2,22.175675675675677,51.69818866111346,0.2,17,6,12,20,30.36081081081081,61.873864334645944,32.0,22,6,13,24,29.594594594594597,60.050202472081274,32.4,0,15,1.5,0,20,2.0,0,21,2.1
requests,2025-07-26,3,0,3,9,17.273273273273272,67.8616671242241,0.9,17,5,11,24,28.359234234234236,62.87573048877865,27.4,22,6,13,30,26.76756756756757,62.688476508224326,33.0,0,8,0.8,0,13,1.3,0,14,1.4000000000000001
requests,2025-08-02,5,0,4,10,17.38108108108108,67.86641949970274,1.0,16,4,10,22,30.057739557739556,60.9594700387126,22.2,20,6,12,28,26.309845559845563,64.7408965845614,32.8,0,7,0.7000000000000001,0,12,1.2000000000000002,0,13,1.3
requests,2025-08-09,6,0,5,11,17.46928746928747,67.87030780691255,1.1,11,2,8,15,17.48108108108108,66.42675694707398,11.5,21,6,13,29,26.0354147250699,64.8501481119562,32.9,0,8,0.8,0,11,1.1,0,12,1.2000000000000002
requests,2025-08-16,8,0,5,15,17.704504504504502,67.8806766261387,1.5,8,0,5,15,17.704504504504502,67.8806766261387,1.5,23,6,13,33,25.104013104013102,65.22094117462946,33.3,0,7,0.7000000000000001,0,8,0.8,0,8,0.8
requests,2025-08-23,7,0,3,15,16.037837837837838,72.18153086325759,1.5,9,0,5,17,16.75993640699523,69.77172589829947,1.7000000000000002,23,5,12,32,25.315033783783782,65.13693337136755,28.2,0,5,0.5,0,6,0.6000000000000001,0,6,0.6000000000000001
requests,2025-08-30,4,0,3,7,15.872586872586874,72.49359218200905,0.7000000000000001,9,0,5,17,16.75993640699523,69.77172589829947,1.7000000000000002,22,5,12,31,26.099389712292936,64.01231831883102,28.1,0,5,0.5,0,6,0.6000000000000001,0,6,0.6000000000000001
requests,2025-09-06,4,0,2,7,15.872586872586874,72.49359218200905,0.7000000000000001,10,0,5,18,16.84834834834835,69.6682517305612,1.8,18,2,9,27,16.58258258258258,69.46271344430427,12.7,0,4,0.4,0,5,0.5,0,5,0.5
requests,2025-09-13,6,0,2,7,15.87258687258687,72.49359218200905,0.7000000000000001,14,0,5,22,17.12162162162162,69.34842248482472,2.2,15,0,5,23,17.175088131609872,69.28584719761541,2.3000000000000003,0,1,0.1,0,1,0.1,0,1,0.1
requests,2025-09-20,5,0,2,5,18.35135135135135,67.90919087901057,0.5,12,0,3,20,16.616216216216213,71.11344586719584,2.0,14,0,5,22,17.121621621621617,69.34842248482472,2.2,0,1,0.1,0,1,0.1,0,1,0.1
requests,2025-09-27,5,0,2,5,18.35135135135135,67.90919087901057,0.5,9,0,3,12,16.905405405405403,70.58342497242636,1.2000000000000002,14,0,5,22,17.12162162162162,69.34842248482472,2.2,0,1,0.1,0,1,0.1,0,1,0.1
requests,2025-10-04,4,0,2,4,18.35135135135135,67.90919087901057,0.4,9,0,3,12,16.905405405405403,70.58342497242636,1.2000000000000002,14,0,5,22,17.121621621621617,69.34842248482472,2.2,0,1,0.1,0,1,0.1,0,1,0.1
requests,2025-10-11,0,0,0,0,19.824827451139296,65.8420132540996,0.0,6,0,2,7,15.872586872586874,72.49359218200905,0.7000000000000001,14,0,5,22,17.121621621621617,69.34842248482472,2.2,0,1,0.1,0,1,0.1,0,1,0.1
requests,2025-10-18,2,0,2,1,18.35135135135135,67.90919087901057,0.1,7,0,2,6,18.35135135135135,67.90919087901057,0.6000000000000001,14,0,3,21,16.698841698841697,70.96086229632986,2.1,0,0,0.0,0,0,0.0,0,0,0.0
requests,2025-10-25,2,0,2,1,18.35135135135135,67.90919087901057,0.1,7,0,2,6,18.35135135135135,67.90919087901057,0.6000000000000001,13,0,3,14,17.11196911196911,70.20139153050981,1.4000000000000001,0,0,0.0,0,0,0.0,0,0,0.0
requests,2025-11-01,2,0,2,1,18.35135135135135,67.90919087901057,0.1,7,0,2,6,18.35135135135135,67.90919087901057,0.6000000000000001,11,0,3,13,17.016632016632016,70.37771465754821,1.3,0,0,0.0,0,0,0.0,1,19,6.9
requests,2025-11-08,2,0,2,1,18.35135135135135,67.90919087901057,0.1,5,0,2,4,18.35135135135135,67.90919087901057,0.4,10,0,2,12,16.905405405405403,70.58342497242636,1.2000000000000002,0,0,0.0,0,0,0.0,1,39,8.9
requests,2025-11-15,0,0,0,0,19.824827451139296,65.8420132540996,0.0,2,0,2,1,18.35135135135135,67.90919087901057,0.1,8,0,2,8,16.18243243243243,71.92054201913425,0.8,0,0,0.0,0,0,0.0,2,48,14.8
requests,2025-11-22,0,0,0,0,19.824827451139296,65.8420132540996,0.0,2,0,2,1,18.35135135135135,67.90919087901057,0.1,7,0,2,6,18.35135135135135,67.90919087901057,0.6000000000000001,0,0,0.0,0,0,0.0,2,49,14.9
requests,2025-11-29,0,0,0,0,19.824827451139296,65.8420132540996,0.0,2,0,2,1,18.35135135135135,67.90919087901057,0.1,7,0,2,6,18.35135135135135,67.90919087901057,0.6000000000000001,0,0,0.0,0,0,0.0,2,52,15.2
requests,2025-12-06,0,0,0,0,19.824827451139296,65.8420132540996,0.0,2,0,2,1,18.35135135135135,67.90919087901057,0.1,6,0,2,5,18.35135135135135,67.90919087901057,0.5,0,0,0.0,1,33,8.3,3,58,20.8
requests,2025-12-13,0,0,0,0,19.824827451139296,65.8420132540996,0.0,1,0,1,0,19.824827451139296,65.8420132540996,0.0,2,0,2,1,18.35135135135135,67.90919087901057,0.1,0,0,0.0,1,42,9.2,3,58,20.8
requests,2025-12-20,0,0,0,0,19.824827451139296,65.8420132540996,0.0,0,0,0,0,19.824827451139296,65.8420132540996,0.0,2,0,2,1,18.35135135135135,67.90919087901057,0.1,0,0,0.0,2,49,14.9,3,59,20.9
requests,2025-12-27,0,0,0,0,19.824827451139296,65.8420132540996,0.0,0,0,0,0,19.824827451139296,65.8420132540996,0.0,2,0,2,1,18.35135135135135,67.90919087901057,0.1,0,0,0.0,2,51,15.100000000000001,4,66,26.6
requests,2026-01-03,0,0,0,0,19.824827451139296,65.8420132540996,0.0,0,0,0,0,19.824827451139296,65.8420132540996,0.0,2,0,2,1,18.35135135135135,67.90919087901057,0.1,1,33,8.3,3,57,20.7,7,82,43.2
requests,2026-01-10,0,0,0,0,19.824827451139296,65.8420132540996,0.0,0,0,0,0,19.824827451139296,65.8420132540996,0.0,2,0,2,1,18.35135135135135,67.90919087901057,0.1,1,39,8.9,3,58,20.8,7,84,43.4
requests,2026-01-17,0,0,0,0,19.824827451139296,65.8420132540996,0.0,0,0,0,0,19.824827451139296,65.8420132540996,0.0,0,0,0,0,19.824827451139296,65.8420132540996,0.0,2,49,14.9,3,59,20.9,7,102,45.2
requests,2026-01-24,0,0,0,0,19.824827451139296,65.8420132540996,0.0,0,0,0,0,19.824827451139296,65.8420132540996,0.0,0,0,0,0,19.824827451139296,65.8420132540996,0.0,2,51,15.100000000000001,4,66,26.6,8,108,50.8
requests,2026-01-31,13,1,2,33,23.24160524160524,62.5765533512362,8.3,13,1,2,33,23.24160524160524,62.5765533512362,8.3,13,1,2,33,23.24160524160524,62.5765533512362,8.3,1,23,7.300000000000001,6,49,34.9,8,79,47.9
requests,2026-02-07,15,1,2,39,22.044352044352042,64.21732555147625,8.9,15,1,2,39,22.044352044352042,64.21732555147625,8.9,15,1,2,39,22.044352044352042,64.21732555147625,8.9,2,19,11.9,6,45,34.5,8,104,50.4
requests,2026-02-14,26,2,3,49,26.36403750689465,63.028519229252844,14.9,26,2,3,49,26.364037506894647,63.028519229252844,14.9,26,2,3,49,26.364037506894647,63.028519229252844,14.9,1,10,6.0,5,53,30.3,11,122,67.2
requests,2026-02-21,26,2,3,49,26.36403750689465,63.028519229252844,14.9,26,2,3,49,26.364037506894647,63.028519229252844,14.9,26,2,3,49,26.36403750689465,63.028519229252844,14.9,1,11,6.1,6,56,35.6,11,123,67.3
requests,2026-02-28,27,2,4,52,25.798856548856545,63.341036131244465,15.2,27,2,4,52,25.798856548856545,63.34103613124445,15.2,27,2,4,52,25.798856548856545,63.34103613124445,15.2,5,24,27.4,6,57,35.7,11,120,67.0
requests,2026-03-07,19,2,7,25,27.172972972972975,65.51086509849085,12.5,32,3,7,58,24.93616029822926,63.84134289746665,20.8,32,3,7,58,24.936160298229264,63.84134289746665,20.8,4,26,22.6,6,77,37.7,11,124,67.4
